,conc_ratio,bed_volumes_treated
0,0.01,24390.737946310754
1,0.11444444444444443,58813.50510902848
2,0.21888888888888888,73118.7783995319
3,0.3233333333333333,85437.42804010355
4,0.42777777777777776,98277.98953925475
5,0.5322222222222222,113342.3048038089
6,0.6366666666666666,132891.53958029952
7,0.741111111111111,161172.74256723566
8,0.8455555555555555,208413.09291233768
9,0.95,308604.3602274932
