,conc_ratio,bed_volumes_treated
0,0.01,7187.454307795792
1,0.245,36507.49629340196
2,0.48,51657.15563354971
3,0.715,66807.55234117729
4,0.95,102478.27136450355
