,conc_ratio,bed_volumes_treated
0,0.01,38720.56461745658
1,0.11444444444444443,50471.539301943456
2,0.21888888888888888,55354.96119310129
3,0.3233333333333333,59560.20527370364
4,0.42777777777777776,63943.61553362056
5,0.5322222222222222,69086.15342877172
6,0.6366666666666666,75759.71800161028
7,0.741111111111111,85414.1342761211
8,0.8455555555555555,101540.67413834172
9,0.95,135743.18629328752
