,conc_ratio,bed_volumes_treated
0,0.01,24390.737946310754
1,0.245,76251.27583684026
2,0.48,105416.03378848716
3,0.715,152898.95048154888
4,0.95,308604.3676312623
