bv,cb,conc_in,c_norm,conc_units,compound,resin,vel_bed,bed_depth,t_breakthru,n,A,k_T,r,BV50
20329.67033,534.2778846,910.9,0.586538462,ng/L,pfba,purolite,0.00615,0.981,3242830.34,2,15.27908244,0.99,9.48603E-07,17394
24450.54945,611.3540385,910.9,0.671153846,ng/L,pfba,purolite,0.00615,0.981,3900160.815,2,19.81215728,0.99,9.48603E-07,17394
28021.97802,691.9336538,910.9,0.759615385,ng/L,pfba,purolite,0.00615,0.981,4469847.226,2,21.96693374,0.99,9.48603E-07,17394
31593.40659,776.0167308,910.9,0.851923077,ng/L,pfba,purolite,0.00615,0.981,5039533.637,2,20.71280711,0.99,9.48603E-07,17394
39010.98901,860.0998077,910.9,0.944230769,ng/L,pfba,purolite,0.00615,0.981,6222728.491,2,21.6228453,0.99,9.48603E-07,17394
42582.41758,898.6378846,910.9,0.986538462,ng/L,pfba,purolite,0.00615,0.981,6792414.902,2,8.575756666,0.99,9.48603E-07,17394