{
  "fs.FeedWater": {
    "x": 911.9569286013607,
    "y": 351.3298377744497
  },
  "fs.CL": {
    "x": -361.77687453952643,
    "y": 344.9099366780476
  },
  "fs.MX1": {
    "x": -338.5873915102349,
    "y": -137.61014585961664
  },
  "fs.R1": {
    "x": -228.72312355938325,
    "y": -303.2388179243176
  },
  "fs.R2": {
    "x": -130.1035106279217,
    "y": -300.98193373683335
  },
  "fs.R3": {
    "x": -23.499895935934457,
    "y": -305.40599287032126
  },
  "fs.R4": {
    "x": 91.71827440356286,
    "y": -308.3654877166393
  },
  "fs.R5": {
    "x": 214.1142601157852,
    "y": -307.29818072464593
  },
  "fs.R6": {
    "x": 337.38111058456957,
    "y": -310.5947829229458
  },
  "fs.R7": {
    "x": 468.3699443845417,
    "y": -310.12035323496167
  },
  "fs.SP1": {
    "x": 473.3937767239504,
    "y": -167.0002890752129
  },
  "fs.CL2": {
    "x": 474.4227014070989,
    "y": -15.820365444101785
  },
  "fs.MX2": {
    "x": -73.09305574492885,
    "y": -224.00262874293188
  },
  "fs.SP2": {
    "x": -57.498739859349975,
    "y": -29.898830852430756
  },
  "fs.P1": {
    "x": -250.64150464682345,
    "y": -33.354641247224244
  },
  "fs.thickener": {
    "x": 689.3036361539934,
    "y": 107.23864911981283
  },
  "fs.MX3": {
    "x": 692.2607804755462,
    "y": 354.07474035392266
  },
  "fs.MX4": {
    "x": -209.7128965853078,
    "y": 88.40845025511977
  },
  "fs.translator_asm2d_adm1": {
    "x": -78.60288985173891,
    "y": 225.61146348116452
  },
  "fs.AD": {
    "x": 90.6888231782386,
    "y": 217.70407250476487
  },
  "fs.translator_adm1_asm2d": {
    "x": 278.8009808111416,
    "y": 222.7581792572611
  },
  "fs.dewater": {
    "x": 451.07268961212833,
    "y": 223.82074590985707
  },
  "fs.genericNP": {
    "x": 445.7970504324975,
    "y": 304.43380273921815
  },
  "fs.Treated": {
    "x": 924.6356257371108,
    "y": -11.403834073915629
  },
  "fs.Sludge": {
    "x": 462.5052502529243,
    "y": 145.48186059449236
  }
}