,OCWD,Serrano Water District,Anaheim,Fullerton F-3A/1,Fullerton F-5/1,Santa Ana,Tustin,Orange,Garden Grove,IRWD
freund_k,4.123624779685724,6.845803789048152,3.232207468019827,8.83442821314219,4.875379320877043,0.006373112189636916,10.407609947044188,1.5496823000050273,3.3343877345535886,2.489892763662732
freund_ninv,0.8251178778464491,0.7985894356127022,0.7610730404125164,0.8020440175485564,0.7539055129005601,0.457874274759958,0.8014422209743863,0.7017403771579619,0.7092771337159494,0.720088978504398
ds,2.9955301321194677e-15,1.1829434051491874e-14,1.6342698754390227e-14,9.058683593337462e-15,5.053457785348381e-15,5.423610981809496e-16,8.204571762467528e-15,4.2288293914401696e-15,9.075016638390361e-16,4.038939741901099e-15
