,Day,Time,LMP,bypass_pretreatment_flow,excess_solar_power,power_from_grid,intake.op_mode,intake.startup,intake.shutdown,intake.energy_intensity,intake.power_consumption,intake.recovery,intake.feed_flowrate,intake.product_flowrate,intake.reject_flowrate,intake.feed_cost,intake.chemical_cost,pretreatment.op_mode,pretreatment.startup,pretreatment.shutdown,pretreatment.power_consumption,pretreatment.feed_flowrate,pretreatment.product_flowrate,pretreatment.reject_flowrate,pretreatment.inlet_flowrate,pretreatment.leftover_flow,pretreatment.uf_pumps[1].op_mode,pretreatment.uf_pumps[1].startup,pretreatment.uf_pumps[1].shutdown,pretreatment.uf_pumps[1].energy_intensity,pretreatment.uf_pumps[1].power_consumption,pretreatment.uf_pumps[1].recovery,pretreatment.uf_pumps[1].feed_flowrate,pretreatment.uf_pumps[1].product_flowrate,pretreatment.uf_pumps[1].reject_flowrate,pretreatment.uf_pumps[2].op_mode,pretreatment.uf_pumps[2].startup,pretreatment.uf_pumps[2].shutdown,pretreatment.uf_pumps[2].energy_intensity,pretreatment.uf_pumps[2].power_consumption,pretreatment.uf_pumps[2].recovery,pretreatment.uf_pumps[2].feed_flowrate,pretreatment.uf_pumps[2].product_flowrate,pretreatment.uf_pumps[2].reject_flowrate,pretreatment.uf_pumps[3].op_mode,pretreatment.uf_pumps[3].startup,pretreatment.uf_pumps[3].shutdown,pretreatment.uf_pumps[3].energy_intensity,pretreatment.uf_pumps[3].power_consumption,pretreatment.uf_pumps[3].recovery,pretreatment.uf_pumps[3].feed_flowrate,pretreatment.uf_pumps[3].product_flowrate,pretreatment.uf_pumps[3].reject_flowrate,reverse_osmosis.op_mode,reverse_osmosis.startup,reverse_osmosis.shutdown,reverse_osmosis.power_consumption,reverse_osmosis.feed_flowrate,reverse_osmosis.product_flowrate,reverse_osmosis.reject_flowrate,reverse_osmosis.inlet_flowrate,reverse_osmosis.leftover_flow,reverse_osmosis.ro_skid[1].op_mode,reverse_osmosis.ro_skid[1].startup,reverse_osmosis.ro_skid[1].shutdown,reverse_osmosis.ro_skid[1].energy_intensity,reverse_osmosis.ro_skid[1].power_consumption,reverse_osmosis.ro_skid[1].recovery,reverse_osmosis.ro_skid[1].feed_flowrate,reverse_osmosis.ro_skid[1].product_flowrate,reverse_osmosis.ro_skid[1].reject_flowrate,reverse_osmosis.ro_skid[2].op_mode,reverse_osmosis.ro_skid[2].startup,reverse_osmosis.ro_skid[2].shutdown,reverse_osmosis.ro_skid[2].energy_intensity,reverse_osmosis.ro_skid[2].power_consumption,reverse_osmosis.ro_skid[2].recovery,reverse_osmosis.ro_skid[2].feed_flowrate,reverse_osmosis.ro_skid[2].product_flowrate,reverse_osmosis.ro_skid[2].reject_flowrate,reverse_osmosis.ro_skid[3].op_mode,reverse_osmosis.ro_skid[3].startup,reverse_osmosis.ro_skid[3].shutdown,reverse_osmosis.ro_skid[3].energy_intensity,reverse_osmosis.ro_skid[3].power_consumption,reverse_osmosis.ro_skid[3].recovery,reverse_osmosis.ro_skid[3].feed_flowrate,reverse_osmosis.ro_skid[3].product_flowrate,reverse_osmosis.ro_skid[3].reject_flowrate,reverse_osmosis.ro_skid[4].op_mode,reverse_osmosis.ro_skid[4].startup,reverse_osmosis.ro_skid[4].shutdown,reverse_osmosis.ro_skid[4].energy_intensity,reverse_osmosis.ro_skid[4].power_consumption,reverse_osmosis.ro_skid[4].recovery,reverse_osmosis.ro_skid[4].feed_flowrate,reverse_osmosis.ro_skid[4].product_flowrate,reverse_osmosis.ro_skid[4].reject_flowrate,posttreatment.op_mode,posttreatment.startup,posttreatment.shutdown,posttreatment.energy_intensity,posttreatment.power_consumption,posttreatment.feed_flowrate,posttreatment.product_flowrate,posttreatment.reject_flowrate,posttreatment.chemical_cost,brine_discharge.op_mode,brine_discharge.startup,brine_discharge.shutdown,brine_discharge.feed_flowrate,brine_discharge.power_consumption,brine_discharge.brine_cost,power_generation.op_mode,power_generation.startup,power_generation.shutdown,power_generation.power_utilized,power_generation.power_curtailed,num_skids_online,net_power_consumption,water_revenue,demand_response_revenue,emissions_cost,energy_cost
0,1,1,0.1016,4.3130782620855866e-05,0.0002466295200651205,1084.3401592041243,,,,0,1.0447420824584938e-13,1,2072.801224645913,2072.801224645913,1.4745820613108426e-13,331.6481959433461,68.81700065824431,0.33340741276028135,,,309.83804716587434,2072.8011815151303,1989.8889749402463,82.9120406225103,2072.8010155627567,0.00016595237394420695,0.8463317043996824,0.2939922443325507,0.05150574994229332,0.15570471818491244,103.4115238945392,0.96,691.8244909073103,664.1515112710179,27.67297963629248,0.7837027216589031,0.27483355024625716,0.07285376303105252,0.15570607091231986,103.27943963499794,0.96,690.9348427420713,663.2974490323884,27.637393709682854,0.7311959667026069,0.2573916287040153,0.09105073810655312,0.15570780954843513,103.14708363633723,0.96,690.0416819133748,662.4400146368398,27.601667276534968,,,,616.9245203966383,1989.8889749402463,1840.6471337195965,149.24180250323533,1989.888936222832,3.871741402744802e-05,0.7834291571471264,0.2637410625300929,0.09957412823378008,0.3351689827699286,154.2332516763962,0.9249999335211923,497.4764104552055,460.1656465994264,37.31076385577909,0.7834291571470525,0.2637410625300929,0.09957412823378008,0.3351680854884402,154.23219214174142,0.9249999335209215,497.4743247359506,460.1637173091196,37.31060742683099,0.7834259117242014,0.27426948101446347,0.073657594106854,0.3351669127769303,154.23080737382932,0.9249999335205675,497.4715987730529,460.1611957934444,37.31040297960853,0.7834189408718456,0.27426831310988004,0.07365888521320009,0.3351647632850517,154.2282692046714,0.9249999335199189,497.466602258623,460.1565740176063,37.310028241016724,0.7362589374699071,,,0.101,185.90536050567925,1840.6471337195965,1840.6471042680876,2.945150897884863e-05,57.06006114530749,0.2637410625300929,,,232.15395442545142,0.0004932590389137186,99.82620040294411,,,,28.32850875262648,0.0002466273735222045,3.1337031668902258,1084.3401592041243,0.0,-0.0,0.0,110.16896017513903
1,1,2,0.1016,4.319075334394296e-05,0.0002466396171176991,1074.9678521466471,,,,0,1.0447370765384108e-13,1,2058.6061402339105,2058.6061402339105,1.4745819809502078e-13,329.3769824374257,68.34572385576583,0.33340741275628155,,,307.7429804064764,2058.606097043157,1976.2616929914448,82.34423720797687,2058.605930199422,0.00016684373526478825,0.8454584275810396,0.04769932672932858,0.0485726035479713,0.15571624412366408,102.71241757261511,0.96,687.0965983045917,659.612734372408,27.48386393218369,0.7817701104871772,0.06437687139421541,0.06630948256594135,0.1557196225131647,102.58108593162244,0.96,686.2031651560573,658.7550385498149,27.4481266062423,0.7278861931193906,0.076566638109061,0.07987641169227724,0.15572339822118422,102.44947690223889,0.96,685.3061667387727,657.8939200692218,27.412246669550875,,,,610.0274786281655,1976.2616929914448,1828.0418825322238,148.21976628453055,1976.2616488167544,4.4174690514124044e-05,0.7780563287043247,0.005042134302807377,0.010414962745609045,0.3337055376232693,152.5070118385137,0.9249999278318257,494.06569416970973,457.0107314511624,37.05496271854734,0.7780563287042509,0.0050421343028073835,0.010414962745609038,0.3337054773623918,152.50694083201145,0.9249999278318058,494.06555335405176,457.0106011966791,37.05495215737269,0.7780561096231632,0.0628961896032661,0.0682659917043043,0.33370539860416154,152.5068480297465,0.9249999278317798,494.0653693143336,457.01043095994015,37.05493835439345,0.7780556390422979,0.06290033591445297,0.06826363774400065,0.3337052542442893,152.5066779278938,0.924999927831732,494.06503197865914,457.01011892444205,37.054913054217074,0.7312168031670998,,,0.101,184.6322301357546,1828.0418825322238,1828.0418510427162,3.148950745206231e-05,56.66929835849894,0.26878319683290025,,,230.56412234745886,0.0004932792330187763,99.1425726094073,,,,27.43557694259949,0.00024663740051168633,3.112224406074037,1074.9678521466474,0.0,-0.0,0.0,109.21673377809934
2,1,3,0.1016,4.257769400270241e-05,0.000246614557476174,1086.451478895464,,,,0,1.0447323988091633e-13,1,2073.309496958233,2073.309496958233,1.4745817912002774e-13,331.7295195133173,68.83387529901334,0.33340741279717034,,,309.9133760270697,2073.309454380539,1990.3769244747498,82.93237185311467,2073.3092963278646,0.0001580526746089809,0.8461334837719775,0.049693261774950176,0.049018205584012355,0.15570469303383525,103.41439184004332,0.96,691.8437892553999,664.170037685184,27.67375157021598,0.7835634161746377,0.06879398645785176,0.06700068077039129,0.15570578472882693,103.30452129028396,0.96,691.1039081268211,663.4597518017482,27.64415632507288,0.7312618363820071,0.08397412158289815,0.08059847832028158,0.1557071429643199,103.19446289674246,0.96,690.3615989456435,662.7471349878177,27.614463957825816,,,,617.1724356948251,1990.3769244747498,1841.098503441857,149.27838269172622,1990.3768861335832,3.8341166620904504e-05,0.7836137946393917,0.21152851709415496,0.2059710511590879,0.3352198538439266,154.29332414633953,0.9249999416032151,497.5946450951203,460.2750176550588,37.31962744006153,0.783613794639318,0.21152851709415496,0.20597105115908787,0.3352197617917998,154.293215440545,0.9249999416031905,497.5944311604312,460.2748197654717,37.319611394959516,0.7836134642787566,0.07105528492360064,0.06549793026800729,0.3352196429007446,154.29307504026173,0.9249999416031589,497.5941548503495,460.27456417864653,37.319590671702976,0.7836127597097338,0.0710558160001254,0.0654986953326896,0.3352194278365365,154.29282106767886,0.9249999416031017,497.5936550276821,460.2741018426799,37.3195531850022,0.7834293486030376,,,0.101,185.95094884762756,1841.098503441857,1841.0984772165464,2.6225310548643916e-05,57.07405360669757,0.21657065139696235,,,232.2108616890122,0.0004932291137359731,99.85067052627524,,,,26.586021517729517,0.00024661227048461415,3.1344538132672,1086.4514788954643,0.0,-0.0,0.0,110.38347025577914
3,1,4,0.1016,4.263997670647502e-05,0.00013098117152600424,1088.5095283493897,,,,0,1.0447201540197603e-13,1,2073.3102710016597,2073.3102710016597,1.4745816552448134e-13,331.7296433602655,68.8339009972551,0.33340741279301633,,,309.91349074267964,2073.310228361683,1990.3776666694596,82.93240277789421,2073.3100694473537,0.00015891432932880377,0.8466370673840856,0.049223560060664286,0.04871997644855613,0.15570469270166756,103.4144298536604,0.96,691.844045042976,664.1702832412569,27.67376180171903,0.784099460218102,0.06749993096239894,0.06696388691893468,0.15570578430302492,103.30455952922998,0.96,691.1041658340672,663.4599992007045,27.644166633362705,0.7316284504628798,0.08154094392121033,0.08117432984033769,0.15570714244322886,103.19450135978929,0.96,690.3618585703106,662.7473842274982,27.614474342812485,,,,617.1728076356754,1990.3776666694596,1841.099179970774,149.2784460810478,1990.377626051822,4.061763744493792e-05,0.7836137976708464,0.010415029432088602,0.010415026400633926,0.33521987160843053,154.29334500470472,0.9249999376364099,497.59468812774355,460.2750554863716,37.31963264137195,0.7836137976707727,0.010415029432088595,0.010415026400633933,0.3352198115477151,154.2932740780642,0.9249999376363932,497.5945485430388,460.2749263705201,37.31962217251867,0.7836135794151421,0.06756757418430065,0.06756745904791515,0.3352197324375058,154.29318065558724,0.9249999376363713,497.5943646861223,460.27475630287296,37.31960838324932,0.783613108360395,0.06756775901184316,0.06756741036118193,0.3352195861456773,154.29300789731923,0.9249999376363309,497.59402469491744,460.2744418110095,37.31958288390788,0.7780564534737564,,,0.101,185.9510171770482,1841.099179970774,1841.0991537454627,2.6225311335281896e-05,57.074074579093995,0.22194354652624357,,,232.21095834186764,0.0002619623427088871,99.85071208700309,,,,24.528180149527742,0.00013098047225816004,3.1344542831171562,1088.5095283493897,0.0,-0.0,0.0,110.592568080298
4,1,5,0.1016,4.257555716730899e-05,0.00013873968361698618,1088.509490532443,,,,0,1.0447595186898469e-13,1,2082.660429463434,2082.660429463434,1.4745823299298852e-13,333.2256687141494,69.144326258186,0.33340741279731284,,,311.30544258053766,2082.6603868878765,1999.3538197100565,83.30640915458572,2082.660228864642,0.000158023234599966,0.8480778827447086,0.04935997367538242,0.04791915831475941,0.15570295427845124,103.86807899807873,0.96,694.8867227625402,667.0912538520386,27.795468910501647,0.7862683430048198,0.06776597049546972,0.06559708770875183,0.15570295649118232,103.76852917210715,0.96,694.2207156723645,666.4518870454699,27.76882862689456,0.7344335486551107,0.0820091520078614,0.07920405381563055,0.15570317165119935,103.66883441035179,0.96,693.5527904297377,665.8106788125481,27.742111617189522,,,,621.7449296173426,1999.3538197100565,1849.4021239251751,149.95165670317243,1999.3537806283477,3.908170884090253e-05,0.7871480041169596,0.20597098556724722,0.20243677912113406,0.33618717151464306,155.43644944177564,0.9249999384021238,499.83887021914927,462.35092416370026,37.487946055449015,0.7871480041168859,0.20597098556724722,0.20243677912113406,0.3361870798590661,155.4363410516991,0.9249999384020989,499.8386579401873,462.350727805661,37.48793013452629,0.7871476738511911,0.06796710630680161,0.06443301187075262,0.3361869600692844,155.43619939068896,0.9249999384020663,499.8383805008764,462.35047117429923,37.48790932657712,0.7871469644491217,0.06796716575407497,0.06443330966534824,0.33618674050058184,155.4359397331789,0.9249999384020067,499.8378719681348,462.3500007815147,37.487871186620005,0.7836139850006641,,,0.101,186.78961451644273,1849.4021239251751,1849.4020976998643,2.622531094141863e-05,57.331465841680426,0.2163860149993358,,,233.25817374033525,0.00027747936684899835,100.30101470834416,,,,31.33091240093055,0.00013873906944451692,3.1485906465341587,1088.5094905324427,0.0,-0.0,0.0,110.59256423809619
5,1,6,0.1016,4.2575556168957404e-05,0.00024662952047714,1084.340041434757,,,,0,1.0448613990449413e-13,1,2102.4257865182326,2102.4257865182326,1.4745828606861033e-13,336.3881258429172,69.80053611240533,0.3334074127973129,,,314.27867918313933,2102.425743942676,2018.3285624826754,84.0970234367782,2102.4255859194536,0.00015802322274688797,0.8500577172539052,0.04927383617352778,0.047294001664331176,0.15571460643964885,104.87201918701906,0.96,701.5506711342852,673.4886442889139,28.062026845371378,0.7897260329583119,0.06796473511881412,0.06450704516532209,0.1557122611053341,104.75963611372659,0.96,700.8094300164288,672.7770528157716,28.032377200657226,0.7395261680149303,0.08269197163171009,0.07759935227189046,0.15571017128514977,104.64702388239368,0.96,700.0654847687396,672.06286537799,28.002619390749597,,,,631.4833456901137,2018.3285624826754,1866.9537672736585,151.37475547905052,2018.328522752709,3.972996630466294e-05,0.7946180821940036,0.010415093420079834,0.0029450153430357613,0.3382427473503117,157.87097983465188,0.9249999423916704,504.5824086909431,466.7386989709727,37.84370971997048,0.7946180821939299,0.010415093420079834,0.0029450153430357604,0.33824268697148807,157.87090821743135,0.9249999423916548,504.582269861831,466.73857055404414,37.84369930778687,0.794617866195562,0.0694717265739714,0.06200153422960046,0.33824260805475337,157.87081461182126,0.9249999423916347,504.58208840842997,466.7384027096484,37.84368569878152,0.7946174022203054,0.06947202141416314,0.06200158364297938,0.3382424633948508,157.8706430262091,0.9249999423915977,504.58175579150503,466.7380950389934,37.84366075251167,0.7836139210126729,,,0.101,188.56233049463953,1866.9537672736585,1866.9537410483465,2.6225312085257902e-05,57.87556678548341,0.21638607898732706,,,235.47188744666343,0.0004932590397377576,101.25291160206527,,,,49.98505382169579,0.000246628304205236,3.178471432803801,1084.340041434757,0.0,-0.0,0.0,110.16894820977132
6,1,7,0.1016,4.2534691720472266e-05,0.00013765451292515365,1088.5094961457041,,,,0,1.0448473971977672e-13,1,2102.5210090425817,2102.5210090425817,1.4745827799196067e-13,336.4033614468131,69.80369750021372,0.33340741280003844,,,314.2931052436941,2102.52096650789,2018.4199766843058,84.10083236184622,2102.520809046152,0.00015746173798967297,0.8509624889349994,0.048323059693909376,0.04741828801281529,0.15571471207787488,104.87680594374491,0.96,701.5822166079844,673.518927943665,28.06328866431945,0.7906173016779046,0.0660744020317147,0.06518313331212204,0.15571235615195614,104.76444474646375,0.96,700.8411704831951,672.8075236638673,28.033646819327878,0.7401002179459545,0.0796652744135967,0.07909122448257257,0.15571025556529902,104.6518545534854,0.96,700.0974219549723,672.0935250767735,28.00389687819888,,,,631.5305010037517,2018.4199766843058,1867.0383189170275,151.38161866373625,2018.4199375807636,3.910354213672405e-05,0.7946543599306034,0.20243671438694003,0.20240043665034027,0.3382527490946999,157.88284318477022,0.9249999388902782,504.6054068365758,466.7599704875366,37.84543634903921,0.7946543599305297,0.20243671438694003,0.20240043665034027,0.33825265732991344,157.88273433808598,0.9249999388902539,504.6051958490626,466.75977532408757,37.845420524975054,0.7946540316921109,0.06451838698496214,0.06448222148841327,0.33825253740743555,157.88259209221383,0.9249999388902221,504.60492012069477,466.7595202753481,37.845399845346684,0.7946533266816387,0.06451842908799096,0.06448250462665772,0.3382523176174282,157.88233138868173,0.924999938890164,504.6044147744304,466.7590528300551,37.8453619443753,0.7871481921929802,,,0.101,188.57087021061977,1867.0383189170275,1867.038292691716,2.6225311415659645e-05,57.87818788642785,0.21285180780701984,,,235.48255888912786,0.0002753090254713321,101.25750032232497,,,,45.885393275899844,0.0001376541001573409,3.1786160782348825,1088.5094961457041,0.0,-0.0,0.0,110.59256480840354
7,1,8,0.1016,4.2448575155475713e-05,0.00024234403203649793,1088.4959072716536,,,,0,1.0448620744932265e-13,1,2109.3935998094876,2109.3935998094876,1.4745827890809258e-13,337.50297596951805,70.03186751367498,0.3334074128057821,,,315.3369629547886,2109.3935573609124,2025.0176650300202,84.37573604291755,2109.393401072938,0.00015628797433680323,0.8517193393756635,0.04792431351773019,0.04716746307706609,0.15572408084824368,105.23981179289046,0.96,703.9682196471751,675.809490861288,28.158728785887078,0.7918082158317321,0.06576152673464083,0.06457061258081326,0.15572048766807142,105.11237619176687,0.96,703.1320038406257,675.0067236870007,28.125280153625013,0.741796719949202,0.07966537017931877,0.07796886817607117,0.1557172190821013,104.98477497013128,0.96,702.2931775851371,674.2014504817316,28.09172710340547,,,,634.9402614441449,2025.0176650300202,1873.141187007375,151.87643833235785,2025.0176253397326,3.9690287794320975e-05,0.7972515865010156,0.002945080408310282,0.0003478538378982163,0.33897097166594164,158.73520912013527,0.9249999425033075,506.254684006128,468.28555359769854,37.96913040842952,0.7972515865009417,0.0029450804083102906,0.00034785383789820765,0.33897091120211265,158.7351373257617,0.9249999425032922,506.2545453351012,468.28542532699896,37.96912000810226,0.7972513707563599,0.06498095435473857,0.06238361529048955,0.33897083217862384,158.73504349377322,0.9249999425032721,506.2543640982988,468.28525768295697,37.969106415341834,0.7972509073422547,0.06498124456348588,0.06238366390286988,0.33897068733253377,158.7348715044747,0.9249999425032354,506.25403190020467,468.2849503997204,37.96908150048426,0.7946182052047498,,,0.101,189.1872598877449,1873.141187007375,1873.1411607820644,2.6225310594643938e-05,58.067376797228626,0.2053817947952503,,,236.2522827394491,0.0004846880628983832,101.58848157796311,,,,50.96930404711964,0.00024234288035476697,3.189005451100572,1088.4959072716538,0.0,-0.0,0.0,110.59118417879999
8,1,9,0.1016,4.244815654282445e-05,0.0002466371873264297,1079.7212348264266,,,,0,1.0448714330357336e-13,1,2112.459241028707,2112.459241028707,1.4745819444705969e-13,337.99347856459315,70.13364680215307,0.33340741280581,,,315.8042395299027,2112.4591985805505,2027.96068060632,84.4983616919301,2112.45904229825,0.00015628230014418207,0.8521998875864362,0.047632825357311705,0.047152277146538975,0.15572885348457535,105.3936432027799,0.96,704.9756197798844,676.7765949886889,28.199024791195455,0.7925289070203223,0.06536129922199273,0.06464060803340252,0.15572492305012325,105.26810657280919,0.96,704.1536802989145,675.987533086958,28.1661472119566,0.7427236683812295,0.07912938680915642,0.07820243837712891,0.1557213071663905,105.14248975431363,0.96,703.3297422194513,675.1965525306732,28.13318968877805,,,,636.4651637084961,2027.96068060632,1875.8634778243563,152.09716445786844,2027.9606422822246,3.832409546566365e-05,0.7984105338623156,0.20240037281269857,0.2012414254513985,0.33929201779225304,159.11650674050009,0.9249999426583504,506.99057675369454,468.9662544254914,38.024322328203134,0.7984105338622418,0.20240037281269857,0.2012414254513985,0.3392919261454711,159.1163978686198,0.9249999426583272,506.990366800929,468.9660602191836,38.02430658174538,0.7984102093870922,0.06410573000348271,0.06294689137275038,0.33929180762996825,159.11625707803876,0.9249999426582973,506.9900952947591,468.96580907597684,38.024286218782265,0.7984095168351514,0.06410577941629132,0.06294716992339458,0.33929159292682315,159.11600202133747,0.9249999426582431,506.9896034328419,468.96535410370416,38.02424932913769,0.7946545467789912,,,0.101,189.46221126026,1875.8634778243563,1875.8634515990454,2.622531073055945e-05,58.15176781255504,0.20534545322100883,,,236.5956331473614,0.0004932743734362614,101.73612225336541,,,,62.01111958379301,0.00024663620698710286,3.193640793946801,1079.7212348264266,0.0,-0.0,0.0,109.69967745836493
9,1,10,0.1016,4.241829807217745e-05,0.00016398878529271085,1088.5093183149193,,,,0,1.0448638123898595e-13,1,2112.461044381748,2112.461044381748,1.4745826335638542e-13,337.99376710107964,70.13370667347402,0.33340741280780145,,,315.8045147798829,2112.4610019634497,2027.9624122417163,84.49843384340488,2112.4608460851214,0.0001558783283718746,0.8523273427553216,0.047348249797069676,0.047220794628184175,0.1557288564745856,105.39373501374449,0.96,704.9762203656669,676.7771715510402,28.19904881462669,0.7926356298686711,0.06489511626206189,0.0647883934137131,0.1557249258072257,105.26819832128616,0.96,704.1542815508071,675.9881102887749,28.166171262032286,0.7427817397493801,0.078490095954952,0.07843202458680142,0.15572130968961745,105.14258144485221,0.96,703.330344168647,675.1971304019012,28.133213766745907,,,,636.4660584467126,2027.9624122417163,1875.8650735018623,152.09729860880898,2027.9623721106711,4.0131045266505394e-05,0.7984109402561076,0.0003479177751504357,0.0003475113813584099,0.33929214709485184,159.11666026778676,0.9249999404819113,506.9908739164774,468.9665281976138,38.02434571886364,0.7984109402560339,0.000347917775150426,0.00034751138135841967,0.33929208634590097,159.1165881009985,0.9249999404818956,506.99073474733746,468.96639946615966,38.02433528117779,0.7984107225927786,0.06318687051305101,0.0631863573073646,0.3392920062957056,159.11649300528384,0.924999940481875,506.9905513611324,468.9662298339204,38.02432152721202,0.7984102526977661,0.06318714820502053,0.06318641234240586,0.3392918581981323,159.1163170726435,0.9249999404818366,506.99021208572395,468.96591600416843,38.02429608155553,0.7972517094121511,,,0.101,189.4623724236881,1875.8650735018623,1875.8650472765519,2.622531036969697e-05,58.15181727855773,0.20274829058784902,,,236.59584122686772,0.00032797757004757525,101.73621172755311,,,,53.2241193017197,0.00016398828029749285,3.193642855802686,1088.5093183149195,0.0,-0.0,0.0,110.5925467407958
10,1,11,0.1016,4.240498779363283e-05,0.00024661491677526555,1086.426141653464,,,,0,1.0448654554594929e-13,1,2112.4788738185007,2112.4788738185007,1.4745826239027623e-13,337.9966198109601,70.13429861077422,0.3334074128086892,,,315.8072355302314,2112.4788314135126,2027.9795286861852,84.49914702859105,2112.4786757147767,0.000155698736041924,0.8523424359011692,0.04724909880402624,0.047234005658178736,0.15572888610765248,105.39464464426581,0.96,704.9821707144346,676.7828838858571,28.19928682857744,0.7926398665146618,0.0647939850010781,0.06478974835508744,0.15572495306919124,105.26910521859661,0.96,704.1602246450278,675.9938156592267,28.166408985801084,0.742783708135953,0.0784088676380692,0.07840689925149637,0.15572133458196707,105.14348566736898,0.96,703.3362803553141,675.2028291411016,28.13345121421254,,,,636.4749374854982,2027.9795286861852,1875.880912268983,152.09857806233848,2027.9794903313216,3.835486351349592e-05,0.798417952280993,0.20124136171663304,0.20123434969174764,0.3392940740841774,159.1189495182387,0.9249999426584947,506.9952874764238,468.97061184381903,38.02467563260476,0.7984179522809192,0.20124136171663304,0.20123434969174764,0.3392939825761243,159.11884081083457,0.9249999426584716,506.99507784297026,468.97041793287485,38.02465991009543,0.7984176286454588,0.06313980469987596,0.06313289864719575,0.33929386442710474,159.11870045519592,0.9249999426584418,506.9948071783114,468.97016756806585,38.024639610245586,0.7984169385910158,0.06313985813282437,0.06313317223957461,0.33929365082122526,159.118446701229,0.9249999426583879,506.99431783361604,468.96971492422335,38.0246029093927,0.7984107205082166,,,0.101,189.46397213916728,1875.880912268983,1875.8808860436727,2.6225310221175897e-05,58.15230828033847,0.20158927949178346,,,236.5978320760912,0.0004932298323341527,101.73706779271922,,,,55.320743346182,0.00024661381800114937,3.193670471798387,1086.426141653464,0.0,-0.0,0.0,110.38089599199193
11,1,12,0.1016,4.240498282316643e-05,0.00024663344207125206,1082.8069837693026,,,,0,1.0448685823989654e-13,1,2112.477391132803,2112.477391132803,1.4745823060225447e-13,337.9963825812485,70.13424938560907,0.3334074128086895,,,315.80700927606085,2112.4773487278203,2027.978105307985,84.49908772116612,2112.4771930291513,0.00015569866903276423,0.8523409550823611,0.047235611449871984,0.047237092268680086,0.1557288836496509,105.39456921160165,0.96,704.9816772745361,676.7824101835546,28.199267090981504,0.7926401659340568,0.06478890747134246,0.06478860805194733,0.15572495080129972,105.26902979581801,0.96,704.1597303861762,675.9933411707292,28.16638921544704,0.7427757728878392,0.07842435933516027,0.078432294583274,0.15572133250568337,105.14341026864122,0.96,703.335785368439,675.2023539537014,28.13343141473758,,,,636.4741987109649,2027.978105307985,1875.8795944509027,152.09847121153626,2027.978065662439,3.964554611527643e-05,0.7984171223520053,0.0003475750301053705,0.00034840495909297764,0.3392938611709722,159.11869658707042,0.9249999426587535,506.9947997187799,468.97016066815763,38.02463905062226,0.7984171223519315,0.0003475750301053587,0.0003484049590929894,0.3392938002481476,159.11862421354735,0.9249999426587382,506.9946601521469,468.9700315690223,38.02462858312457,0.7984169032375206,0.06314997516278291,0.06315070057072113,0.3392937194978616,159.11852828591864,0.9249999426587178,506.99447516321334,468.9698604542591,38.024614708954275,0.7984164284866314,0.06315026302919238,0.06315077313357684,0.3392935691035579,159.11834962442845,0.9249999426586798,506.9941306282988,468.96954175946365,38.02458886883517,0.7984110632532616,,,0.101,189.46383903954117,1875.8795944509027,1875.8795682255925,2.6225310221073755e-05,58.15226742797798,0.20158893674673842,,,236.59766720854168,0.0004932668829259431,101.73699689967293,,,,58.93880315758937,0.0002466324106293848,3.193667576428089,1082.8069837693024,0.0,-0.0,0.0,110.01318955096114
12,1,13,0.1016,4.240490302372721e-05,0.0002466369875018906,1079.9678279634759,,,,0,1.0448712130623998e-13,1,2112.4757208319006,2112.4757208319006,1.4745819976071272e-13,337.99611533310406,70.1341939316191,0.33340741280869485,,,315.8067543923787,2112.4756784269975,2027.9765018202286,84.49902090917614,2112.475522729404,0.00015569759322732604,0.8523265950253783,0.04723296397072989,0.0472473240277126,0.1557288808775797,105.39448413638927,0.96,704.9811207576395,676.7818759273339,28.19924483030557,0.7926278000122298,0.06479945761899467,0.06481182354082173,0.15572494824654845,105.26894482845337,0.96,704.1591735793221,675.9928066361492,28.166366943172875,0.7428241463592565,0.07835183781036005,0.07830346433894281,0.1557213301695187,105.14332542753607,0.96,703.335228392443,675.2018192567454,28.133409135697693,,,,636.4733679050307,2027.9765018202286,1875.8781124663528,152.0983510504932,2027.9764635168463,3.830338213286518e-05,0.7984167633218467,0.20123428624232537,0.20123464527248391,0.3392937444804823,159.11855796412502,0.9249999426587839,506.99453239529254,468.96991339396254,38.024619001329995,0.798416763321773,0.20123428624232537,0.20123464527248391,0.33929365277501883,159.11844902225891,0.9249999426587607,506.99432230935594,468.9697190644715,38.024603244884446,0.7984164386016,0.06312990995200912,0.06313037458792965,0.33929353416657493,159.11830812091284,0.9249999426587308,506.9940505919005,468.9694677258256,38.02458286607484,0.7984157454482782,0.06312990344604934,0.06313058648440248,0.3392933192396549,159.11805279773395,0.9249999426586766,506.9935582202973,468.9690122820934,38.024545938203914,0.7984181387275693,,,0.101,189.46368935910166,1875.8781124663528,1875.8780862410426,2.6225310220116977e-05,58.15222148645694,0.20158186127243072,,,236.59747889326485,0.000493273973787185,101.7369159241039,,,,61.77672360399656,0.0002466360034422182,3.193665710693498,1079.9678279634759,0.0,-0.0,0.0,109.72473132108915
13,1,14,0.1016,4.2404911899008896e-05,0.00024663465370328125,1082.076187235178,,,,0,1.0448690557322309e-13,1,2112.2069308960217,2112.2069308960217,1.474582230553491e-13,337.9531089433635,70.12527010574793,0.3334074128086943,,,315.7657415467254,2112.20688849111,2027.718463481661,84.48826931173609,2112.206732793397,0.00015569771285307802,0.8524651149700523,0.04722921884829352,0.04709069890361956,0.15572843521756782,105.38074853258864,0.96,704.8912608761639,676.6956104411173,28.195650435046623,0.7924403701534114,0.06472799314558242,0.06491542300440077,0.15572453888856735,105.25526724180685,0.96,704.0695330319037,675.9067517106275,28.162781321276206,0.7422413062389208,0.07879422001673632,0.07937706013707194,0.1557209575734266,105.12972577232986,0.96,703.2459388853295,675.1161013299162,28.129837555413257,,,,636.3395686178367,2027.718463481661,1875.6394257725212,152.07899807498683,2027.718423847508,3.9634153186336134e-05,0.7983148949292654,0.00034846830856795244,0.0004503367011493056,0.33926552619160083,159.08503662581109,0.9249999426516226,506.92988460260796,468.910114185806,38.01977041680196,0.7983148949291917,0.00034846830856796073,0.0004503367011492973,0.3392654654547457,159.08496447619908,0.9249999426516072,506.92974544828667,468.909985468059,38.01975998022764,0.7983146784317587,0.06320944895167738,0.06331120912151866,0.3392653860738967,159.08487017930355,0.9249999426515872,506.92956357863136,468.90981723862814,38.019746340003216,0.7983142133986414,0.06321002004421053,0.06331155209384737,0.3392652405716628,159.08469733652296,0.9249999426515505,506.929230217982,468.909508880028,38.019721337954,0.7984172454491067,,,0.101,189.43958200302464,1875.6394257725212,1875.639399547211,2.6225310209576316e-05,58.144822198948155,0.2015827545508933,,,236.56737565109833,0.0004932693061899893,101.72397152997229,,,,59.46944483636854,0.00024663363146024294,3.1932586816888575,1082.0761872351782,0.0,-0.0,0.0,109.93894062309407
14,1,15,0.1016,4.240491527465096e-05,7.276770008683412e-05,1088.5097044375327,,,,0,1.0448612284588382e-13,1,2107.815612169703,2107.815612169703,1.4745828597845052e-13,337.2504979471525,69.97947832403415,0.333407412808694,,,315.0967357619301,2107.8155697647876,2023.5027975043486,84.31261656268128,2107.81541406703,0.00015569775795812866,0.8537499775703429,0.0474646661897394,0.04617980358944887,0.15572086372853053,105.12627877629684,0.96,703.2233046361797,675.0943724507325,28.128932185447212,0.794600462077632,0.06485348513924157,0.06269339321502099,0.1557184149117564,105.03297473448792,0.96,702.6102130808301,674.5058045575969,28.104408523233246,0.7447172391526063,0.07552822450277707,0.07305229158909163,0.15571609170165948,104.93748225114535,0.96,701.9818963500201,673.9026204960193,28.079275854000816,,,,634.1562744834335,2023.5027975043486,1871.739909519557,151.7628474120952,2023.5027569316526,4.057269619680864e-05,0.796655468308331,0.2012345815818523,0.20289400820278677,0.3388059501096856,158.5392867439369,0.9249999304957129,505.87611088283694,467.9353674060657,37.940743476771225,0.7966554683082572,0.2012345815818523,0.20289400820278677,0.3388058583469007,158.53917781164884,0.9249999304956871,505.8759003078504,467.9351726242047,37.94072768364566,0.7966551406936209,0.06268109110309918,0.06434062884123712,0.3388057384170425,158.53903544203916,0.9249999304956532,505.8756250956527,467.93491805292393,37.94070704272878,0.7966544369861475,0.06267979429858594,0.06433957071107996,0.3388055185916767,158.53877448580866,0.9249999304955914,505.87512064531234,467.9344514363628,37.940669208949544,0.7984169501095797,,,0.101,189.04573086147528,1871.739909519557,1871.739883294247,2.622531004176379e-05,58.023937195106264,0.20158304989042025,,,236.07557317769815,0.00014553540006776545,101.51249646641021,,,,49.78925497240621,7.276759378891828e-05,3.1866205142963566,1088.509704437533,0.0,-0.0,0.0,110.59258597085332
15,1,16,0.1016,4.240608622052559e-05,0.000238373569624157,1088.5026988793063,,,,0,1.0448618401493042e-13,1,2109.0047829556324,2109.0047829556324,1.4745828222857908e-13,337.4407652729012,70.018958794127,0.3334074128086159,,,315.2777003543555,2109.0047405495466,2024.6444014425608,84.36018339344022,2109.0045848360014,0.00015571354512454826,0.8543901230427013,0.047754505250888,0.04711435977852952,0.15572289284822174,105.1989438194217,0.96,703.7002147914083,675.5522061997518,28.148008591656364,0.8020663696955723,0.06797256856906657,0.06050666095112628,0.1557199506126718,105.09226591587138,0.96,702.9999039835582,674.8799078242158,28.1199961593424,0.7646469280582396,0.09650138750266737,0.07657169859703403,0.15571726083639603,104.98649061906244,0.96,702.304466061035,674.2122874185935,28.092178642441453,,,,634.7470313294292,2024.6444014425608,1872.7959194293562,151.84844381836268,2024.644363247719,3.819484205058638e-05,0.7971049748395053,0.00045040015945231994,8.936282779758525e-07,0.33893036192191284,158.68699078916072,0.9249999424221433,506.1615408593907,468.19939615123974,37.96214470815092,0.7971049748394315,0.00045040015945230335,8.936282779924867e-07,0.3389302642912599,158.68687487001347,0.9249999424221186,506.1613169162186,468.1991890038059,37.96212791241268,0.7971046255891349,0.06306739694196557,0.0626179120464516,0.33893013620962886,158.68672279573607,0.924999942422086,506.1610231251073,468.1989172470284,37.96210587807888,0.7971038736863384,0.06307390324868435,0.06262446654849332,0.3389299004513127,158.68644287451895,0.9249999424220262,506.1604823470023,468.1984170272821,37.96206531972018,0.7983150182586954,,,0.101,189.15238786236498,1872.7959194293562,1872.795893204046,2.6225310098346555e-05,58.05667350231005,0.20168498174130461,,,236.20873403804143,0.0004767471381118749,101.56975563635781,,,,50.6751357875511,0.00023837244889904813,3.18841844895441,1088.502698879306,0.0,-0.0,0.0,110.59187420613752
16,1,17,0.1016,4.2425149125901326e-05,0.0002465094607230021,1088.058258603138,,,,0,1.04486167884923e-13,1,2109.0059759793357,2109.0059759793357,1.4745827095283112e-13,337.44095615669374,70.01899840251394,0.3334074128073445,,,315.27788190878096,2109.005933554187,2024.6455464799694,84.36023110333217,2109.0057775833016,0.00015597088521669312,0.8381034467499673,0.04383377560441238,0.06012045189714637,0.15572289459528105,105.19900478150252,0.96,703.7006146861166,675.5525900986719,28.148024587444706,0.7781331860135232,0.05863514719948761,0.0825683308815367,0.15571995221705323,105.09232645275237,0.96,703.0003016934866,674.8802896257471,28.12001206773948,0.7285339388552232,6.246910100815944e-06,0.036119236113117244,0.15571726229906763,104.98655067452603,0.96,702.3048612036985,674.2126667555505,28.09219444814799,,,,634.7476242995797,2024.6455464799694,1872.7969790903344,151.84852942474672,2024.6455085150808,3.796488869395915e-05,0.7971055165321825,0.20289397718062444,0.2028934354879472,0.3389305060103992,158.6871618738373,0.9249999425647578,506.16187130447184,468.19970188510683,37.96216941936503,0.7971055165321087,0.2028939771806244,0.20289343548794722,0.33893039798856484,158.6870336169726,0.9249999425647305,506.1616235263435,468.19947269033844,37.96215083600506,0.7971051320450667,0.06639861264142088,0.06639810618548903,0.338930257395333,158.6868666873516,0.9249999425646948,506.161301036513,468.1991743872457,37.96212664926726,0.7971043082466943,0.06637036462956658,0.06636993006921071,0.3389300008805152,158.68656212141818,0.9249999425646298,506.1607126477527,468.19863012764336,37.96208252010937,0.7966556226599234,,,0.101,189.1524948881238,1872.7969790903344,1872.7969528650242,2.622531030472707e-05,58.056706351800365,0.20334437734007677,,,236.20886714342717,0.0004930189202306659,101.56981287167368,,,,51.12048202172736,0.0002465082726364512,3.1884204733560524,1088.0582586031383,0.0,-0.0,0.0,110.54671907407882
17,1,18,0.15246,4.241999814023929e-05,5.528238518589857e-05,497.8993146012714,,,,0,1.0446961315491858e-13,1,1150.6466498833822,1150.6466498833822,1.4745646673035853e-13,184.10346398134118,38.201468776128294,0.3334074128076881,,,175.74701862833,1150.646607463384,1104.6205934997672,46.02585806249032,1150.6464515622574,0.0001559011265662014,0.7897906767548892,0.040372949903156936,0.08868571989823501,0.15907701182429668,87.92406481112788,0.96,575.7435751479867,552.7138321420673,23.02974300591945,0.6709361635487626,0.04849955334611059,0.15569657581087123,0.15912526958602913,87.82139954767646,0.96,574.8969020873122,551.9010260038197,22.995876083492526,1.521816176947002e-05,2.7248690916329074e-06,0.7285214455625454,0.2709980165319803,0.0015542695256681469,0.96,0.005974326958637571,0.005735353880292067,0.00023897307834550323,,,,261.77347894656367,1104.6205934997672,1021.773867791171,82.84668845181002,1104.620556242981,3.725678626326996e-05,0.45243889566356815,7.933717015428572e-07,0.34466741424031594,0.2562909808496687,65.54806893902474,0.9249998673149042,276.4934886170854,255.756440284239,20.737048332846413,0.45243889566349416,7.933717014895645e-07,0.344667414240316,0.2562224845608037,65.4733079240913,0.9249998672042844,276.2519643642107,255.5330303518176,20.718934012393117,0.44617537886764214,0.0367951475941421,0.3877249007715666,0.2561682973055142,65.4141634288365,0.9249998671228977,276.0607983900278,255.35620182861678,20.704596561411037,0.43939125830855075,0.0364407113153403,0.3941537612534839,0.2560984628572222,65.33793865461111,0.9249998670127527,275.8143048716571,255.12819532649763,20.68610954515946,0.7971052294476741,,,0.101,103.19916064690828,1021.773867791171,1021.7738415658613,2.622530976715235e-05,31.674989901526303,0.20289477055232596,,,128.87265241639466,0.00011056477031067429,55.415240539049705,,,,42.82050946768616,5.5282313845563006e-05,1.790444428503255,497.89931460127144,0.0,0.0,0.0,75.90972950410985
18,1,19,0.15246,4.241999274305093e-05,5.6645548118417276e-05,497.8993114671365,,,,0,1.044534001150586e-13,1,1109.412899573403,1109.4128995734027,1.4745593863417952e-13,177.50606393174448,36.83250826583698,0.33340741280768843,,,170.8085073668104,1109.41285715341,1065.036193202275,44.37650805009481,1109.4127012523695,0.0001559010404324709,0.7650049775246502,0.05355313450425349,0.07833883373449255,0.16034887682043933,85.45488610516276,0.96,555.1364507480129,532.9309927180924,22.205458029920493,0.6389509076809006,0.07418218202656716,0.1061674378944292,0.16040664221476925,85.35260985194154,0.96,554.2723628409066,532.1014683272703,22.17089451363631,9.484802864425837e-06,1.926358688625131e-06,7.659717593669311e-06,0.2709987092993468,0.0010114097061152843,0.96,0.0038876634502331225,0.0037321569122237973,0.00015550653800932505,,,,249.66117704281274,1065.036193202275,985.1582988660018,79.87785691558231,1065.036155781584,3.742069090700653e-05,0.4193117156253713,0.20289347021899753,0.2360206502571944,0.25342342837314397,62.41642197813591,0.9249998636384075,266.2627655614177,246.29302183629665,19.969743725121074,0.4193117156252974,0.2028934702189976,0.23602065025719435,0.25342330265432,62.4162845827276,0.9249998636381859,266.2623115331602,246.29260186016134,19.969709672998867,0.4193090086023303,0.07431482517780805,0.10118119544311989,0.25342219966022617,62.41507914368781,0.9249998636362414,266.25832809510734,246.28891717998795,19.96941091511942,0.4193023382596608,0.07610505178674247,0.09619397183563243,0.25342065529513397,62.41339133826143,0.9249998636335194,266.2527505918988,246.28375798955582,19.96899260234296,0.7971057364093009,,,0.101,99.50098818546618,985.1582988660018,985.1582726406917,2.6225310113097457e-05,30.539907264846057,0.20289426359069906,,,124.25447103167103,0.00011329109617266018,53.42942254361854,,,,22.071531064597227,5.6645402772737916e-05,1.6772347781126598,497.89931146713656,0.0,0.0,0.0,75.90972902627963
19,1,20,0.15246,4.527977617397619e-05,3.929012487837517e-05,497.89934626803205,,,,0,1.0445410026275168e-13,1,1108.976319327751,1108.9763193277508,1.4745592420089855e-13,177.43621109244017,36.81801380168133,0.3334074126169514,,,170.756594628515,1108.9762740479748,1064.6170281800155,44.35904284083397,1108.9760710208493,0.000203027125372513,0.7611749506767581,0.06989643197001512,0.07372645881790718,0.16036369660157884,85.42857765120567,0.96,554.9142580635333,532.717687740992,22.19657032254133,0.6382059266919755,0.10149310183511266,0.10223808282403765,0.1604209205783084,85.32744073604076,0.96,554.0595980017803,531.8972140817091,22.16238392007121,5.646865844920478e-06,1.4620204168063556e-06,5.299957436311713e-06,0.27099926463593466,0.0005762412685716491,0.96,0.0022149555358948656,0.002126357314459071,8.859822143579455e-05,,,,249.53456924259226,1064.6170281800155,984.7705417474839,79.84644485373427,1064.6169866012183,4.15787970495922e-05,0.4360806945844432,0.23318682975175375,0.21641785079268186,0.2535314097341747,62.534431009031366,0.9249998397833485,266.65257003315594,246.65358455848738,19.998985474668572,0.43608069458436943,0.2331868297517538,0.21641785079268183,0.25347723081391305,62.47522282015422,0.9249998396744838,266.45704198691254,246.4727211180313,19.984320868881234,0.4296660656031348,0.11908499794104489,0.10872794094024035,0.25331747013582095,62.30062112616939,0.9249998393621011,265.87994305935354,245.9389046195066,19.941038439846935,0.4230279379183303,0.11502028227748898,0.11129468261881943,0.2532476357746162,62.22429428723727,0.9249998392251787,265.62743152179615,245.70533145145865,19.92210007033752,0.5639197000292487,,,0.101,99.46182471649588,984.7705417474839,984.7705155221722,2.6225311777818264e-05,30.527886794172,0.4360802999707513,,,124.2056007784534,7.858024972587606e-05,53.408408334734965,,,,21.853760189945746,3.929005425557315e-05,1.7248553926902779,497.89934626803205,0.0,0.0,0.0,75.90973433202417
20,1,21,0.15246,4.725538661572568e-05,3.439000217952802e-05,497.89935441125374,,,,0,1.0446938481921882e-13,1,1125.321926131912,1125.3219261319118,1.4745586519954732e-13,180.05150818110593,37.36068794757948,0.3334074124851856,,,172.6995721917955,1125.3218788765253,1080.3087638499776,45.01286516041582,1125.3216290103935,0.000249866131902688,0.7646936713183978,0.07427317817677222,0.07075445753513249,0.15983868210133212,86.39182878426206,0.96,563.0144539097224,540.4938757533336,22.520578156388932,0.6431221735434477,0.10426115273360013,0.099344905882128,0.1598834414497417,86.3070572184418,0.96,562.3045375264516,539.8123560253935,22.492181501058116,6.563081347860443e-06,2.774870322091309e-06,1.8586548191513402e-06,0.2709991243270219,0.0006861890916466701,0.96,0.0026375742193767023,0.0025320712506016344,0.00010550296877506804,,,,252.7367681785185,1080.3087638499776,992.317234762114,87.99149011731379,1080.308724879428,3.8970549676780493e-05,0.5806883672432597,0.34750105724500124,0.20289338458618478,0.2617075753735181,72.18629246227563,0.9134617121179951,301.9590805400309,275.8280586996722,26.131021840358684,0.580688367243186,0.34750105724500124,0.20289338458618475,0.2617072886596347,72.18599697165848,0.9134614751354585,301.9582536356727,275.8272317953685,26.131021840304157,0.39058471801597433,0.09339424086935118,0.13247558845651167,0.24595852840719162,54.232458996567544,0.9249998067233385,238.37228996256462,220.49432214357188,17.877967818992737,0.38063394347202684,0.09123977705270554,0.13363377149900904,0.24586730431080392,54.13201974801685,0.9249998064774168,238.01910074115963,220.16762212350145,17.851478617658206,0.41931211300324506,,,0.101,100.22404071097353,992.317234762114,992.3172085367922,2.622532187908713e-05,30.761834277625535,0.580687886996755,,,133.00446772898792,6.878000433540259e-05,57.19192112346481,,,,27.76112984004041,3.438995958967418e-05,1.9325953959744466,497.89935441125374,0.0,0.0,0.0,75.90973557353975
21,1,22,0.15246,4.7017501465246356e-05,3.9933006134005534e-05,497.8993451520741,,,,0,1.0447059010205226e-13,1,1135.938803574492,1135.938803574492,1.4745616665352396e-13,181.75020857191876,37.71316827867314,0.3334074125010516,,,173.9714748888473,1135.9387565569905,1090.5009726731846,45.437540528049375,1135.938513201234,0.00024335575670781,0.7766056905287361,0.07545686310775371,0.06354484389741545,0.15951063905209778,87.02991369868468,0.96,568.3392696657567,545.6056988791264,22.733570786630285,0.6576106775706875,0.10328159028442944,0.08879308625718964,0.159555664551225,86.94050662631437,0.96,567.5951899950206,544.8913823952198,22.70380759980083,1.0309035513415907e-05,5.399735982727396e-06,1.6537818171719237e-06,0.2709986542284955,0.0010545638482519814,0.96,0.00405354045658691,0.003891398838323434,0.0001621416182634765,,,,257.02994756179515,1090.5009726731846,1004.0172801926055,86.48365293751166,1090.5009331301173,3.954306712090591e-05,0.5639305296902526,0.2164178535576732,0.2331756911106803,0.2639458779549374,74.38730599717499,0.9173941405647417,307.2047911689666,281.8278753718149,25.376915797151696,0.5639305296901788,0.21641785355767318,0.23317569111068032,0.26383911328286425,74.27670687800027,0.9173120063440292,306.899643607477,281.5227278238323,25.376915783644712,0.39081701136952174,0.09850600824610185,0.0982737148925544,0.2459591918874562,54.233187599986586,0.9249998238325093,238.3748450196394,220.49668964926818,17.878155370371235,0.380854259988962,0.09756464105035173,0.09734432453341653,0.2458679665596545,54.132747086633294,0.9249998236030593,238.02165333403426,220.16998734769024,17.851665986344017,0.4360810891973255,,,0.101,101.40574529945317,1004.0172801926055,1004.017253967288,2.6225317648411705e-05,31.12453568597077,0.5639189108026744,,,131.92130625144742,7.986601223611815e-05,56.726161688122396,,,,34.507942397040054,3.993295993905025e-05,1.8995323307389151,497.89934515207403,0.0,0.0,0.0,75.90973416188523
22,1,23,0.1016,4.414482946811132e-05,0.0002466437520524755,922.5454502604778,,,,0,1.044739605800211e-13,1,1837.966963356539,1837.966963356539,1.4745815822646864e-13,294.07471413704627,61.0205031834371,0.3334074126926482,,,277.55895981718584,1837.9669192117096,1764.448067682956,73.51866948678989,1837.9667371697458,0.00018204196369571486,0.8030086982245788,0.07970412796368109,0.0533011202678384,0.1572630038819809,92.66202793651401,0.96,613.7676591729186,589.2169528060018,24.550706366916774,0.7201868217483385,0.12828942408166988,0.06571327990401885,0.1573059681728249,92.52047920517447,0.96,612.6626999057855,588.1561919095541,24.506507996231463,0.6469154092250384,0.6469068976536965,1.7974641714675456e-06,0.1573503637466394,92.37645267549735,0.96,611.5363780910418,587.0749229674002,24.461455123641663,,,,509.17735134419496,1764.448067682956,1632.1142863978648,132.3337398552395,1764.4480262531044,4.142985150390804e-05,0.6946658874727343,0.13073637140176128,1.013619279652789e-06,0.31197433749420184,127.29463318526578,0.9249999218531496,441.1126645585518,408.02918024509495,33.0834843134568,0.6946658874726604,0.1307363714017613,1.0136192796416832e-06,0.3119742084074042,127.29448568609422,0.9249999218530928,441.1123359520682,408.0288762840983,33.08345966796991,0.6946653762171799,0.35289704783002507,0.04904868298236688,0.311974039696073,127.29429291055827,0.9249999218530185,441.11190647613455,408.0284790188605,33.08342745727406,0.6946642780548851,0.36221008536324667,0.04840006729732364,0.31197373045622,127.29393956227666,0.9249999218528825,441.1111192663499,408.0277508498111,33.08336841653871,0.6528457750405654,,,0.101,164.84354292618434,1632.1142863978648,1632.1142557531177,3.0644747180249834e-05,50.595542878333816,0.3471542249594345,,,205.85252556145767,0.0004932875028882881,88.5165859914268,,,,29.03514375834248,0.0002466416575231186,2.7786614292174603,922.5454502604777,0.0,0.0,0.0,93.73061774646453
23,1,24,0.1016,4.386016027795933e-05,0.0002466436219942523,965.2864707632926,,,,0,1.0447377799755747e-13,1,1902.794754217553,1902.794754217553,1.4745815561921736e-13,304.4471606748085,63.17278584002276,0.3334074127116346,,,286.00731670081717,1902.7947103573927,1826.6827517382783,76.11178132242836,1902.7945330607065,0.00017729668619268407,0.8221552340666533,0.07046144507554622,0.051314909233471775,0.15654253261520684,95.4719421279482,0.96,635.2902182886851,609.8786095571377,25.41160873154744,0.7538682585033362,0.10124386300338176,0.06756242624838409,0.15657180939434595,95.33580312625266,0.96,634.2656998131315,608.8950718206062,25.370627992525293,0.7026474460951349,0.05573629270720335,4.255837106968753e-06,0.1566016631239397,95.1995714466163,0.96,633.2386149588899,607.9090703605343,25.32954459835562,,,,537.599594322406,1826.6827517382783,1689.6813723532787,137.00133825041064,1826.6827106036892,4.11345887948276e-05,0.7191675743842598,0.1933910090961252,0.16888932218459973,0.31816648837966066,134.40016757879337,0.9249999261201924,456.67125663812794,422.42087865148375,34.25037798664415,0.719167574384186,0.1933910090961252,0.16888932218459973,0.318166371809673,134.40003323922545,0.9249999261201469,456.6709674881261,422.4206111877326,34.25035630039349,0.7191671245198521,0.10056462238050293,0.07606287407783074,0.3181662194577282,134.39985766323883,0.9249999261200873,456.6705895813408,422.42026162395695,34.25032795738387,0.7191661582234343,0.1002890769361676,0.07578719676761832,0.31816594020407285,134.39953584114838,0.924999926119978,456.6698968960945,422.41962089010536,34.250276005989114,0.6758726195021135,,,0.101,170.65781860768115,1689.6813723532787,1689.6813423116755,3.0041603090139578e-05,52.38012254295164,0.3241273804978865,,,213.1132346091913,0.000493287242771843,91.63869088195226,,,,28.978998798476592,0.0002466415234079476,2.876668431511732,965.2864707632926,0.0,0.0,0.0,98.07310542955052
24,1,25,0.1016,4.3630531218443536e-05,0.0002466434216467773,1000.5761358311331,,,,0,1.0447474605790108e-13,1,1955.7047284722182,1955.704728472218,1.474581966808873e-13,312.91275655555495,64.92939698527765,0.33340741272695,,,293.14538931386886,1955.704684841687,1877.4763307888447,78.22818044953523,1955.7045112383796,0.0001736033071780721,0.8305116071058969,0.05976469219354168,0.05140831915429803,0.1561181541035166,97.8492452136416,0.96,652.8792098703424,626.7640414755286,26.115168394813697,0.7606118522882565,0.0786024244122268,0.07185883062730658,0.15613783791625735,97.71520964472396,0.96,651.9026910558744,625.8265834136394,26.076107642234987,0.7009689134884468,0.09785878115850745,0.09953731376519544,0.15615805183924192,97.58093445550332,0.96,650.9226103121631,624.8857058996766,26.036904412486546,,,,561.5317216941829,1877.4763307888447,1736.665440806505,140.8108490889886,1877.4762898954934,4.089335131940989e-05,0.7391646751509597,0.11194269492995539,0.0919455941632554,0.3233391930413555,140.38311793662723,0.9249999321713284,469.36946494376645,434.1667232362767,35.20274170748976,0.739164675150886,0.1119426949299554,0.09194559416325539,0.32333911237336355,140.38302429122126,0.9249999321713008,469.3692689415355,434.16654193421334,35.202727007322146,0.7391643702092865,0.09217522367622653,0.07217797798679214,0.3233390069438892,140.3829019008609,0.9249999321712646,469.36901277525254,434.16630498040206,35.202707794850475,0.739163715202455,0.0922227730055894,0.0722252160265687,0.3233388136969137,140.38267756547353,0.9249999321711986,469.3685432349391,434.16587065561293,35.2026725793262,0.6946662959739194,,,0.101,175.40320952145703,1736.665440806505,1736.6654122993698,2.850713533566467e-05,53.836628665001655,0.30533370402608057,,,219.03914256954184,0.000493286842076895,94.186831304903,,,,29.50492462863952,0.0002466413604816918,2.9566574357135873,1000.5761358311332,0.0,0.0,0.0,101.65853540044311
25,1,26,0.1016,4.333474530175787e-05,0.00024664264537416545,1046.9964933548295,,,,0,1.0447569981840383e-13,1,2024.6840785479783,2024.684078547978,1.474582111002504e-13,323.94945256767653,67.21951140779288,0.3334074127466778,,,302.81915246876497,2024.6840352132328,1943.696511552088,80.98735464800379,2024.6838662000916,0.0001690131411408067,0.8384708713280744,0.056639540757104055,0.04868027653492657,0.15578688642287244,101.07224202539386,0.96,675.8180220466314,648.7853011647661,27.03272088186531,0.7724709521130914,0.07766367859575336,0.06580457877091846,0.15579535129480282,100.93981219068284,0.96,674.8958606580421,647.9000262317204,26.995834426321718,0.7167675380360384,0.09206530755815515,0.0762666830105635,0.1558042592173123,100.80709825268828,0.96,673.9699834954183,647.0111841556015,26.95879933981675,,,,593.7509118651672,1943.696511552088,1797.9191122006778,145.77735877300447,1943.6964709736824,4.057840554862333e-05,0.7652355104413382,0.1688894744865552,0.14281863919617677,0.3302435393366419,148.43789698360982,0.9249999364870515,485.9244589169383,449.4800936356728,36.44436528126548,0.7652355104412645,0.1688894744865552,0.14281863919617674,0.3302434673417736,148.43781257510855,0.9249999364870298,485.92428853243587,449.47993603000833,36.444352502427535,0.7652352453562958,0.08963552786958283,0.06356465272257356,0.33024337324771047,148.43770225699677,0.9249999364870014,485.9240658474646,449.4797300464102,36.44433580105435,0.7652346759603941,0.08962727339396848,0.06355631263602948,0.3302432007779965,148.43750004945213,0.9249999364869494,485.92365767684356,449.47935248858647,36.444305188257076,0.7191678305834893,,,0.101,181.58983033226846,1797.9191122006778,1797.919084498638,2.770203964144195e-05,55.735492478221005,0.28083216941651057,,,226.76482503619889,0.000493285289531679,97.50887476556552,,,,31.16414123930601,0.0002466406939918074,3.0609409421992924,1046.9964933548297,0.0,0.0,0.0,106.37484372485066
26,1,27,0.1016,4.3096295000431827e-05,0.00020209556115697417,1088.508688751737,,,,0,1.0447520999476743e-13,1,2080.980980041582,2080.980980041582,1.4745821694282964e-13,332.9569568066531,69.08856853738051,0.33340741276258157,,,311.0547751974631,2080.980936945287,1997.7415406422294,83.23923086009302,2080.9807715023226,0.000165442964513789,0.8452234497640317,0.05424578966835285,0.04749321123239552,0.15570293423023776,103.79694394681256,0.96,694.4109123299064,666.6344758367101,27.776436493196336,0.7836529935510682,0.075380683563819,0.06419864212584213,0.155703122273381,103.68499171033272,0.96,693.6611040376537,665.9146598761475,27.746444161506126,0.7326680161702565,0.0927816588941824,0.07688118075996447,0.15570358105834745,103.57283954031779,0.96,692.9087551347624,665.1924049293718,27.71635020539055,,,,620.9220570685217,1997.7415406422294,1847.910767473907,149.8307332549536,1997.7415007288607,3.991336875379562e-05,0.7865130751270822,0.09194567669651889,0.07066811201077491,0.3360131547503753,155.23068676025463,0.9249999395816676,499.4357133003519,461.97800462775257,37.4577086725993,0.7865130751270084,0.0919456766965189,0.0706681120107749,0.3360130818875391,155.23060061594387,0.9249999395816478,499.43554444179375,461.97784843358664,37.45769600820714,0.7865128124158677,0.08255872279973712,0.06128115574016523,0.33601298665903956,155.2304880291591,0.924999939581622,499.43532375107134,461.97764429466883,37.457679456402516,0.7865122481188463,0.08256055470466776,0.061282982546215475,0.3360128121098869,155.2302816631641,0.9249999395815747,499.4349192356437,461.977270117899,37.457649117744666,0.739164848816926,,,0.101,186.63898751486465,1847.910767473907,1847.9107407410538,2.6732853276642032e-05,57.28523379169112,0.2608351511830741,,,233.07007385756376,0.000404191121497096,100.22013175875242,,,,30.107737315794974,0.00020209420502567013,3.1460512107888046,1088.5086887517373,0.0,-0.0,0.0,110.59248277717649
27,1,28,0.1016,4.278933194063452e-05,0.0001584831715220802,1088.5093642770555,,,,0,1.0447521211397468e-13,1,2081.033040072835,2081.033040072835,1.4745821825215076e-13,332.96528641165355,69.09029693041812,0.3334074127830548,,,311.06254280094896,2081.032997283503,1997.7915228236839,83.24131345098687,2081.032836274671,0.00016100883191551258,0.8474653995326269,0.050500464933167094,0.048258515164571955,0.15570293306161492,103.79953321749609,0.96,694.4282399962092,666.6511103963609,27.777129599848383,0.785702441691617,0.06858462479059066,0.06653517665004194,0.15570311488290223,103.68758090922168,0.96,693.6784589163002,665.9313205596482,27.74713835665203,0.7338593653364367,0.08207852076477319,0.0808871715985929,0.155703567405291,103.57542867423122,0.96,692.9261373621615,665.209091867675,27.717045494486452,,,,620.9475560614437,1997.7915228236839,1847.9570008199025,149.8344823384736,1997.7914831583764,3.9665307444044006e-05,0.7865327536262746,0.14281866189496387,0.1427989833957715,0.3360185467283432,155.23706160978006,0.9249999393823041,499.4482090971345,461.98956313944973,37.45864595768479,0.7865327536262008,0.14281866189496387,0.14279898339577152,0.33601847382323713,155.23697541481727,0.9249999393822844,499.44804014386006,461.98940685767127,37.45863328618879,0.7865324907679879,0.06742708551071494,0.06740740715859476,0.3360183785395679,155.23686276192143,0.9249999393822587,499.4478193295218,461.98920260440894,37.458616725112826,0.786531926155244,0.06742691035870442,0.06740723232230668,0.336018203889441,155.23665627492502,0.9249999393822116,499.4474145878597,461.98882821837253,37.45858636948721,0.7652356614085172,,,0.101,186.6436570828102,1847.9570008199025,1847.9569745945873,2.6225315331460325e-05,57.28666702541698,0.23476433859148277,,,233.07590446941532,0.0003169663425418221,100.22263892184858,,,,30.14486711766143,0.0001584823385705821,3.1461299241757072,1088.5093642770557,0.0,-0.0,0.0,110.59255141054884
28,1,29,0.1016,4.254202684674955e-05,0.0001749808809916924,1088.509205425094,,,,0,1.0447864480064495e-13,1,2087.4640708977026,2087.4640708977026,1.4745822089322476e-13,333.9942513436324,69.30380715380373,0.33340741279954916,,,312.0242071094987,2087.464028355676,2003.9653159616332,83.49855483173471,2087.463870793368,0.00015756230772468458,0.848598500082323,0.04911035074779867,0.047977250198102596,0.15570388799371082,104.1194042681942,0.96,696.5639341244334,668.7013767594561,27.862557364977324,0.7871355042432923,0.06714948779309662,0.06571642524142128,0.1557033091763317,104.00813329984616,0.96,695.8221125408297,667.9892280391965,27.832884501633178,0.7356515561508321,0.08114811763243936,0.07935592681804396,0.1557029927904493,103.8966695414584,0.96,695.077824128105,667.2747111629808,27.80311296512421,,,,624.1025091898815,2003.9653159616332,1853.6677610204838,150.29751553603626,2003.9652765565202,3.9405113032379016e-05,0.7889633770068254,0.07066811336249015,0.06823748998193928,0.3366853499708186,156.02579945619257,0.9249999402214094,500.99165546724043,463.41725135862237,37.574404108618076,0.7889633770067517,0.07066811336249015,0.06823748998193929,0.3366852773204098,156.0257134788483,0.9249999402213901,500.99148750256234,463.4170959912955,37.574391511266846,0.7889631156865239,0.06686853646497659,0.06443791154644062,0.33668518236958617,156.02560111033193,0.9249999402213649,500.99126798020177,463.4168929331124,37.57437504708936,0.7889625543772281,0.06686876914600991,0.06443814092402593,0.33668500832948106,156.02539514450868,0.9249999402213186,500.99086560651557,463.4165207374536,37.574344869061974,0.786513224742546,,,0.101,187.22044386306888,1853.6677610204838,1853.6677347951731,2.6225310745297116e-05,57.463700591634996,0.21348677525745402,,,233.79617854022172,0.0003499617613710187,100.53235677229533,,,,34.83847967999756,0.00017498000243762335,3.155852424077329,1088.509205425094,0.0,-0.0,0.0,110.59253527118955
29,1,30,0.1016,4.25418009634584e-05,0.0002466377513303667,1078.9416187738484,,,,0,1.044863325343585e-13,1,2098.6023981476615,2098.6023981476615,1.4745826320453505e-13,335.77638370362587,69.67359961850237,0.3334074127995643,,,313.70025652288376,2098.6023556058603,2014.6581101247843,83.94408792186604,2098.6021980466503,0.0001575592103266123,0.8497439640280222,0.04881251497418782,0.0476670510284885,0.15571072938165803,104.67851567242542,0.96,700.2736479696672,672.2627020508804,28.0109459187867,0.7891309549611386,0.0671451639472404,0.06514971322939402,0.15570884242236557,104.56681762360417,0.96,699.5348925815116,671.553496878251,27.9813957032605,0.738584457622154,0.08148631425302225,0.07855341278170035,0.1557072113170207,104.45492322685418,0.96,698.7936574954716,670.8419111956529,27.95174629981884,,,,629.5917604768058,2014.6581101247843,1863.5585995476351,151.0994716031602,2014.658071150795,3.897398928406191e-05,0.7931731425594173,0.1427989833121742,0.13858921775958224,0.3378439692843396,157.3981142806496,0.9249999422895745,503.66485606752815,465.88996279575036,37.77489327177777,0.7931731425593436,0.1427989833121742,0.13858921775958227,0.3378438959088124,157.39802729828432,0.9249999422895556,503.6646871187378,465.88980651811954,37.774880600618225,0.7931728797176935,0.06760867301877771,0.0633989089876081,0.3378438000157984,157.39791362277901,0.924999942289531,503.66446632286574,465.88960228193827,37.77486404092748,0.7931723151604443,0.06760881397448225,0.06339905319126599,0.3378436242603316,157.3977052750929,0.9249999422894858,503.6640616416634,465.8892279518267,37.774833689836704,0.7865329033253358,,,0.101,188.21941855431115,1863.5585995476351,1863.5585733223238,2.6225311300750877e-05,57.77031658597669,0.21346709667466435,,,235.04366726612793,0.0004932755014441298,101.068776924435,,,,52.570556693405166,0.0002466365948290786,3.1726914799968986,1078.9416187738484,0.0,-0.0,0.0,109.620468467423
30,1,31,0.1016,4.251373135603137e-05,0.0002466340159724967,1082.4827053743634,,,,0,1.044860677204487e-13,1,2098.6106645193454,2098.6106645193454,1.4745828685763357e-13,335.7777063230953,69.67387406204227,0.33340741280143643,,,313.7015054476399,2098.610622005614,2014.666046237516,83.94441859322976,2098.610464830746,0.00015717486806393245,0.8501265326833052,0.04822643818646177,0.0478438695311788,0.15571073689925954,104.6789321354382,0.96,700.2764001964476,672.2653441885898,28.011056007857878,0.7895032706824567,0.06604085345087586,0.0656685377295578,0.15570884897609466,104.56723393216406,0.96,699.5376481743409,671.5561422473673,27.981505926973608,0.7388190439015032,0.07976249986572165,0.07952791358637237,0.15570721690124115,104.45533938003761,0.96,698.7964164599572,670.844559801559,27.951856658398263,,,,629.5958463126356,2014.666046237516,1863.5659403887632,151.1000668066435,2014.666007195407,3.904210907260433e-05,0.7931762631755095,0.06823749085754949,0.0682343702414573,0.33784483013438577,157.39913476836452,0.9249999422897335,503.6668381907614,465.8917962597068,37.7750419310546,0.7931762631754358,0.06823749085754949,0.0682343702414573,0.337844757182065,157.39904828757656,0.9249999422897147,503.66667021692086,465.89164088390453,37.775029333016306,0.7931760018175141,0.06488874978384292,0.06488562768402226,0.3378446618232745,157.39893524521935,0.9249999422896902,503.6664506517753,465.8914377861452,37.775012865630075,0.7931754403792346,0.06488891973656302,0.06488579451777278,0.3378444870077134,157.39872801147519,0.9249999422896452,503.6660481359493,465.8910654590068,37.77498267694249,0.7889635258302764,,,0.101,188.2201599792651,1863.5659403887632,1863.5659141634524,2.6225310912728787e-05,57.77054415205166,0.21103647416972368,,,235.04459318102474,0.0004932680307284266,101.06917506784063,,,,49.03554626722391,0.00024663277609226065,3.172703968547694,1082.4827053743634,0.0,-0.0,0.0,109.98024286603531
31,1,32,0.1016,4.246520499369279e-05,0.00024662868854486607,1084.5650138453302,,,,0,1.0448542707843426e-13,1,2098.6112055449935,2098.6112055449935,1.474582847234628e-13,335.777792887199,69.67389202409379,0.33340741280467295,,,313.70158729035893,2098.6111630797886,2014.6665663035014,83.94444026264603,2098.6110065661474,0.000156513641051469,0.8501881861108055,0.04793710831602336,0.04787545488852312,0.1557107373832427,104.67895894053828,0.96,700.2765773393842,672.2655142458087,28.01106309357543,0.7895102036778512,0.06568194707871589,0.06567501408332144,0.15570884940569674,104.56726121355646,0.96,699.5378287523516,671.5563156022574,27.98151315009414,0.7387977625672172,0.07942794086110183,0.07944922219538787,0.15570721727382092,104.4553671362642,0.96,698.7966004744115,670.844736455435,27.95186401897645,,,,629.5961140822792,2014.6665663035014,1863.5664214775638,151.10010581403793,2014.6665272916016,3.901189961812658e-05,0.7931764705441405,0.13858921688498801,0.138589009516357,0.3378448871562528,157.3992023645172,0.9249999422896592,503.6669694844948,465.8919177063653,37.77505177812955,0.7931764705440668,0.13858921688498804,0.138589009516357,0.33784481390751603,157.39911553233793,0.9249999422896404,503.66680082818584,465.8917616992797,37.77503912890615,0.7931762081742407,0.06460597248727576,0.0646057661305492,0.3378447181898423,157.3990020645363,0.9249999422896158,503.6665804367506,465.8915578372024,37.775022599548194,0.7931756446647861,0.06460610547074305,0.06460590118519155,0.33784454277544373,157.39879412088777,0.9249999422895707,503.6661765421704,465.8911842347164,37.77499230745403,0.7931732922574625,,,0.101,188.22020856923396,1863.5664214775638,1863.5663952522534,2.6225310329090635e-05,57.77055906580448,0.2068267077425375,,,235.04465377909904,0.000493257375873218,101.06920112501258,,,,46.953635982606286,0.00024662739371796575,3.172704793927234,1084.5650138453302,0.0,-0.0,0.0,110.19180540668555
32,1,33,0.1016,4.2465169041929544e-05,9.540565210546129e-05,1088.5096520683583,,,,0,1.044831123728072e-13,1,2098.6049930004433,2098.6049930004433,1.474582549674042e-13,335.77679888007094,69.67368576761473,0.33340741280467534,,,313.7006487089033,2098.6049505352744,2014.6606022612366,83.94419176088502,2098.604794022122,0.00015651315267171514,0.8503046840578832,0.04790881467731052,0.04779231673023283,0.15571073170475577,104.67864438944898,0.96,700.2744986074318,672.2635186631345,28.01097994429732,0.7896293714699255,0.0656795653690818,0.06556039757700742,0.15570884448002006,104.56694835530958,0.96,699.5357579110254,671.5543275945843,27.981430316441056,0.7388766889617315,0.07942434051630733,0.07934541412179302,0.15570721309778648,104.45505596414476,0.96,698.7945375036645,670.8427560035178,27.951781500146637,,,,629.5930350367563,2014.6606022612366,1863.5608883198208,151.09967346817245,2014.6605617879934,4.0473243184217694e-05,0.7931741181428908,0.06823437111534324,0.06823672351659292,0.3378442372130519,157.39843164151281,0.9249999348108587,503.66547624189064,465.89053269022895,37.77494355166169,0.7931741181428171,0.06823437111534324,0.06823672351659292,0.33784416438575615,157.3983453090107,0.9249999348108386,503.66530855557545,465.89037758038825,37.774930975187225,0.7931738572431679,0.06454768551132903,0.06455003644240177,0.3378440691966753,157.39823246793284,0.9249999348108124,503.66508938073366,465.8901748436607,37.77491453707301,0.7931732968116572,0.06454796347019538,0.0645503113233243,0.3378438947049855,157.3980256182999,0.9249999348107644,503.6646876097936,465.88980320554305,37.77488440425052,0.7931764119996686,,,0.101,188.2196497203019,1863.5608883198208,1863.5608620945104,2.622531032844291e-05,57.77038753791444,0.20682358800033127,,,235.04397439278014,0.00019081130402887777,101.06890898889546,,,,43.003967614559464,9.540544053651874e-05,3.1726953903405333,1088.5096520683583,0.0,-0.0,0.0,110.5925806501452
33,1,34,0.1016,4.246516708428252e-05,0.0002465037154115968,1088.076747443224,,,,0,1.0448483834634376e-13,1,2102.1590102989016,2102.1590102989016,1.474582791536376e-13,336.3454416478243,69.79167914192354,0.33340741280467545,,,314.23826751460854,2102.1589678337346,2018.072458867784,84.08635245282447,2102.158811320608,0.00015651312641118469,0.8506015840735438,0.04795649788769226,0.047659597872031605,0.15571430451174834,104.85821916941048,0.96,701.4597148110017,673.4013262185615,28.058388592440135,0.7901970381988495,0.06584737048652366,0.06527970375759976,0.1557119972232413,104.74615757068128,0.96,700.7204502448405,672.6916322350469,28.028818009793646,0.7397647789283375,0.0797618971306113,0.0788738071640053,0.155709944589124,104.63389077451679,0.96,699.9786462647662,671.9795004141755,27.999145850590693,,,,631.3512401373388,2018.072458867784,1866.7168721557912,151.35554777101677,2018.0724199268082,3.894097567567167e-05,0.7945173732178875,0.13858900889618678,0.13724575382119017,0.33821492894768207,157.83798422146262,0.9249999423824293,504.5184426881503,466.67953041741197,37.83891227073834,0.7945173732178137,0.13858900889618678,0.13724575382119014,0.33821485560144565,157.83789722672063,0.9249999423824106,504.5182740265962,466.67937440547473,37.83889962112149,0.7945171108221415,0.06512335799754533,0.06378010441857175,0.3382147597462075,157.83778353444293,0.924999942382386,504.5180536049495,466.6791705154518,37.838883089497685,0.7945165472209414,0.06512297912276917,0.0637797287134849,0.33821458405887844,157.83757515471262,0.9249999423823411,504.517649607112,466.67879681745274,37.838852789659256,0.79317661998847,,,0.101,188.53840408773493,1866.7168721557912,1866.7168459304808,2.622531047558521e-05,57.86822303682953,0.20682338001153,,,235.4420078552946,0.0004930074296079119,101.24006337777669,,,,46.051903807603445,0.0002465023965568108,3.1780684044787844,1088.0767474432241,0.0,-0.0,0.0,110.54859754023154
34,1,35,0.1016,4.2465193564923293e-05,0.0002466246433693716,1085.3848412292405,,,,0,1.0448604396256702e-13,1,2102.16788047829,2102.16788047829,1.474582874641524e-13,336.3468608765264,69.79197363187922,0.3334074128046737,,,314.23961103129017,2102.167838013096,2018.080974239626,84.08670725998438,2102.1676814996104,0.00015651348613241798,0.8507156804014763,0.047823260197358046,0.04770916386942562,0.15571431425265858,104.85866718703753,0.96,701.4626679895471,673.4041612699651,28.05850671958187,0.790317106822618,0.06556538455442303,0.06544531593065447,0.15571200593104084,104.7466054101423,0.96,700.7234069706407,672.694470691815,28.028936278825608,0.739846118750757,0.07928884412632106,0.07920750430390161,0.15570995225771675,104.63433843411032,0.96,699.9816065394225,671.9823422778455,27.99926426157689,,,,631.3556322911094,2018.080974239626,1866.7247488070857,151.3561864139665,2018.0809352210524,3.9018573387584935e-05,0.7945207219178042,0.06823672438792747,0.06823337568801069,0.33821585390349074,157.83908129691866,0.9249999423847131,504.5205696431708,466.6814978518356,37.83907179133521,0.7945207219177305,0.06823672438792747,0.06823337568801069,0.3382157809783226,157.838994801482,0.9249999423846944,504.5204019504185,466.68134273603994,37.839059214378544,0.7945204609925777,0.0643485521897291,0.0643452020192929,0.3382156856523852,157.83888173684585,0.92499994238467,504.5201827466231,466.6811399725296,37.83904277409354,0.7945199004745537,0.06435120707445528,0.06434785382084302,0.3382155108916587,157.83867445586282,0.9249999423846254,504.5197808808397,466.6807682466805,37.8390126341592,0.7931742667158858,,,0.101,188.53919962951568,1866.7247488070857,1866.7247225817753,2.622531047627791e-05,57.868467213019656,0.20682573328411424,,,235.44300138302845,0.0004932492855222688,101.24049059470224,,,,48.75034159660367,0.0002466233963267139,3.178081805302666,1085.3848412292405,0.0,-0.0,0.0,110.27509986889082
35,1,36,0.1016,4.244973363073676e-05,0.00024662787236381467,1084.7633233496051,,,,0,1.0448609090254509e-13,1,2102.1689025719434,2102.1689025719434,1.4745828778762808e-13,336.347024411511,69.79200756538853,0.3334074128057048,,,314.2397658753527,2102.16886012221,2018.0819556657896,84.08674815274135,2102.168703818531,0.00015630367886473387,0.8507308931309142,0.047736557866331214,0.04772134513689321,0.1557143153657259,104.85871836877226,0.96,701.4630053607881,673.4044851463566,28.058520214431503,0.7903140434862173,0.06544973530786964,0.06545279864427031,0.1557120069349155,104.74665702547912,0.96,700.7237477442167,672.694797834448,28.028949909768734,0.7398338589043663,0.07917836245324618,0.07919062229963686,0.15570995314957173,104.63439048110132,0.96,699.9819507135262,671.9826726849851,27.999278028541116,,,,631.3561385136674,2018.0819556657896,1866.7256566369135,151.35626002167177,2018.0819166585852,3.900720422273299e-05,0.7945211119859095,0.1372457529509034,0.1372453628827982,0.33821596138369164,157.83920877757504,0.9249999423847955,504.5208167957494,466.68172646799826,37.83909032775117,0.7945211119858357,0.1372457529509034,0.1372453628827982,0.33821588804085545,157.83912178673475,0.9249999423847768,504.5206481426244,466.68157046385784,37.83907767876654,0.7945208496333874,0.06427692765542817,0.06427653901461843,0.33821579220732007,157.83900812002702,0.9249999423847524,504.52042777168157,466.68136662073607,37.839061150945525,0.794520286186756,0.06426560542378627,0.06426521971158401,0.3382156165953211,157.83879982933058,0.9249999423847074,504.52002394852997,466.6809930843214,37.839030864208546,0.7945175226611693,,,0.101,188.5392913203283,1866.7256566369135,1866.7256304116033,2.6225310301407206e-05,57.86849535574432,0.20548247733883088,,,235.44311585666145,0.0004932557435111232,101.24053981836441,,,,49.37261224335899,0.0002466266410136777,3.1780833597918887,1084.7633233496053,0.0,-0.0,0.0,110.21195365231988
36,1,37,0.1016,4.244969538093494e-05,0.00024663095020446797,1083.8869617547393,,,,0,1.0448615308660751e-13,1,2102.1635269258772,2102.1635269258772,1.4745828463208435e-13,336.3461643081404,69.79182909393913,0.3334074128057074,,,314.23895165015045,2102.163484476182,2018.076795046101,84.08653312692087,2102.163328173022,0.00015630316028323365,0.8507852164200691,0.047729071495889445,0.04767474820673453,0.15571430943129924,104.8584454599122,0.96,701.4612064427386,673.402758185029,28.058448257709532,0.7903581532012769,0.06544091405002204,0.06539680433496248,0.15571200165690735,104.74638561926592,0.96,700.7219558696224,672.6930776348376,28.028878234784898,0.7398746849525404,0.07913887005821017,0.07909804401003609,0.15570994852511458,104.63412057097236,0.96,699.9801658606607,671.9809592262343,27.99920663442645,,,,631.353476699825,2018.076795046101,1866.7208830908341,151.35587297727318,2018.0767560681074,3.897799371407066e-05,0.7945190750151281,0.06823337655766941,0.06823541352845075,0.33821539920787785,157.83854198949646,0.9249999423847038,504.51952406157744,466.6805306889174,37.83899337266008,0.7945190750150544,0.0682333765576694,0.06823541352845076,0.33821532645174474,157.83845569460686,0.9249999423846853,504.5193567572572,466.6803759324214,37.83898082483582,0.7945188147022114,0.06406689013394076,0.06406892506511686,0.33821523135138476,157.83834289759972,0.9249999423846609,504.51913807183377,466.68017364840506,37.83896442342874,0.7945182555157252,0.06412035001844514,0.0641223806894759,0.33821505701336707,157.838136118122,0.9249999423846164,504.518737177439,466.67980282109045,37.83893435634853,0.7945208704914272,,,0.101,188.53880919217428,1866.7208830908341,1866.720856865524,2.6225310300767178e-05,57.86834737581586,0.20547912950857283,,,235.44251375719358,0.0004932618991923995,101.24028091559323,,,,50.24501568025979,0.0002466297402145007,3.178075220248119,1083.8869617547396,0.0,-0.0,0.0,110.12291531428151
37,1,38,0.1016,4.2449690252196275e-05,8.452105134752023e-05,1088.5096790735317,,,,0,1.0448458190996912e-13,1,2102.1342121619023,2102.1342121619023,1.474582692485464e-13,336.34147394590434,69.79085584377515,0.3334074128057077,,,314.23451150474375,2102.134169712212,2018.0486528727565,84.08536053636486,2102.134013409121,0.00015630309074658708,0.851854529660133,0.047776375017945114,0.04670706177788131,0.15571427693616666,104.85694984890192,0.96,701.4513477830768,673.3932938717537,28.058053911323086,0.7903150402447797,0.06555186925374035,0.06559498221023752,0.15571197290289573,104.74490565780313,0.96,700.7121847651395,672.6836973745338,28.02848739060555,0.7395327322922974,0.07946535995628676,0.07980731261652974,0.15570992345835402,104.63265599803869,0.96,699.9704808609049,671.9716616264686,27.998819234436223,,,,631.3389506210369,2018.0486528727565,1866.694831125766,151.35378093284464,2018.0486120586106,4.081414598782943e-05,0.7945079968351239,0.1372453620109992,0.13725644019100347,0.3382123381553319,157.83491101282596,0.9249999330896362,504.512489117107,466.6740186762098,37.838470440897204,0.79450799683505,0.1372453620109992,0.13725644019100347,0.3382122651614878,157.83482443637888,0.9249999330896159,504.5123212643652,466.6738634124246,37.83845785194058,0.7945077356896253,0.06514421888978766,0.06515529790237372,0.33821216976225216,157.83471128538673,0.9249999330895893,504.51210188931697,466.6736604905063,37.83844139881067,0.7945071747575301,0.0649000188616714,0.06491109961986652,0.3382119949011743,157.83450388644542,0.9249999330895406,504.5116997878213,466.67328854662514,37.83841124119619,0.7945212614313315,,,0.101,188.5361779437024,1866.694831125766,1866.6948049004557,2.6225310299540732e-05,57.867539764898744,0.2054787385686686,,,235.43925095835618,0.0001690421025521643,101.23887791209316,,,,45.60021455910524,8.452089475752675e-05,3.1780309041173296,1088.5096790735317,0.0,-0.0,0.0,110.59258339387083
38,1,39,0.1016,4.2449714897652035e-05,0.00018056839044477895,1088.50913364211,,,,0,1.0448607999593669e-13,1,2107.0243630740974,2107.0243630740974,1.4745828640100892e-13,337.1238980918556,69.95320885406004,0.33340741280570607,,,314.97647742648195,2107.0243206243827,2022.7431977481187,84.28096657283838,2107.0241643209574,0.00015630342533752166,0.858170321126914,0.048825141587477375,0.04250935012069632,0.15572019156627795,105.101326482584,0.96,703.0594254873054,674.9370484678132,28.12237701949221,0.7997025773553429,0.06498335994011822,0.05559582282955507,0.15571740327553998,104.9923249167474,0.96,702.3428519938028,674.2491379140506,28.093714079752132,0.7460841812724512,0.07731939004017481,0.07076794106002096,0.15571484559919627,104.88282602715053,0.96,701.6218868398491,673.5570113662551,28.064875473594036,,,,633.763419173139,2022.7431977481187,1871.0373020751517,151.70585632705524,2022.743158402207,3.9345911783959e-05,0.7963562389448311,0.06823541474167277,0.06638717263196546,0.33872317275628117,158.44102743011092,0.9249999409481064,505.6861234586036,467.75963433748524,37.9264891211184,0.7963562389447574,0.06823541474167277,0.06638717263196546,0.33872310012362794,158.4409412177687,0.9249999409480877,505.68595673478205,467.7594801179506,37.926476616831465,0.7963559795479774,0.0600445727105934,0.05819632885224124,0.3387230051918054,158.44082853712982,0.9249999409480631,505.68573882451454,467.75927855095364,37.92646027356089,0.7963554223541139,0.061227262375807896,0.059379014779224006,0.33872283117719987,158.44062198812955,0.9249999409480182,505.68533938430676,467.75890906876225,37.92643031554448,0.794519223247328,,,0.101,188.97476750959035,1871.0373020751517,1871.0372758498413,2.6225310503742462e-05,58.00215636432971,0.20548077675267198,,,235.98693092083096,0.000361136780237459,101.4743802959573,,,,49.206072172271845,0.00018056772815293066,3.18542387979168,1088.50913364211,0.0,-0.0,0.0,110.59252797803838
39,1,40,0.1016,4.2449842548045675e-05,8.043428327337891e-05,1088.509688299671,,,,0,1.0448636840422705e-13,1,2112.294095026553,2112.294095026553,1.4745826239567282e-13,337.9670552042485,70.12816395488154,0.3334074128056976,,,315.77891809958055,2112.2940525767103,2027.8021404206916,84.49175585086236,2112.2938962715534,0.00015630515649051198,0.8648992809124159,0.050022121881164526,0.04329316209566268,0.15572727097391625,105.34430165280075,0.96,704.6527359577387,676.466626519429,28.18610943830962,0.8205266422194164,0.08072107289870248,0.05989700803462891,0.15572467433374307,105.25980670818444,0.96,704.0992858505125,675.9353144164919,28.163971434020578,0.7714579411239639,0.09876574739915903,0.07339198754764638,0.15572220709859033,105.17480973859537,0.96,703.5418744633026,675.4001994847705,28.141674978532166,,,,636.3830780042381,2027.8021404206916,1875.7168082063474,152.08529450215133,2027.8021027084988,3.771219278702861e-05,0.8320884557073872,0.13725643969901144,0.10152422293645541,0.3394190102119632,159.26738115232394,0.9249999325772987,507.2814426032394,469.23530020571127,38.046142397528094,0.8320884557073134,0.13725643969901144,0.10152422293645541,0.33931549014522605,159.14439086206912,0.9249999325486249,507.04435153647165,469.01599097039747,38.02836056607415,0.8241664594449478,0.08408649062851097,0.05627601073154067,0.339234103042849,159.04770940550006,0.9249999325276054,506.8578914306522,468.84351537443763,38.014376056214594,0.8134160417599255,0.07960233372450487,0.06254171431869324,0.3391296098407985,158.92359658434498,0.9249999324995437,506.6184171381355,468.622001655801,37.996415482334505,0.7945081455593158,,,0.101,189.4473976288411,1875.7168082063474,1875.7167819810365,2.622531074425731e-05,58.147221054396766,0.20549185444068419,,,236.57715674035992,0.00016086856641736437,101.72817739835476,,,,53.0999467358385,8.043416149870418e-05,3.3017594126195737,1088.5096882996709,0.0,-0.0,0.0,110.59258433124658
40,1,41,0.1016,4.2428588615330435e-05,0.00017782760092593502,1088.5091703097246,,,,0,1.0448643818531112e-13,1,2114.3356988708506,2114.3356988708506,1.474582644631176e-13,338.2937118193361,70.19594520251225,0.3334074128071151,,,316.0906859186904,2114.335656442262,2029.762080407884,84.57342001699523,2114.335500424879,0.0001560173830934208,0.8264160866758753,0.036406327491948276,0.07488952172848881,0.1557311203383044,105.46182553977746,0.96,705.4214214343059,677.2045645769336,28.216856857372292,0.7676308934021404,2.6374606876484913e-05,0.05292212342415244,0.1557278757170374,105.36333709797158,0.96,704.7773280048206,676.5862348846279,28.191093120192797,0.7296125781036062,1.5098785265114342e-05,0.041860461805622765,0.15572484548985174,105.26552328094137,0.96,704.1367509857527,675.9712809463225,28.165470039430144,,,,637.3999565456229,2029.762080407884,1877.5297711444243,152.23227295871402,2029.7620441031384,3.630474546443729e-05,0.8243104923370344,0.06638717363478158,0.07416513700513437,0.3396736408627548,159.56998265956565,0.9249999410987118,507.86425437181174,469.774405380067,38.08984899174475,0.8243104923369605,0.06638717363478155,0.0741651370051344,0.33954056491516094,159.4118221260509,0.9249999410646496,507.55972566772897,469.49271632943896,38.06700933828998,0.811110997772476,4.9822823288382094e-05,0.013105284495760195,0.3394365254854327,159.2881928721237,0.9249999410386862,507.32154556427923,469.27239973461343,38.049145829665775,0.8024986228716625,2.9612495129421377e-05,0.010947031383392475,0.33930334157175335,159.1299588878826,0.9249999410047532,507.01651849931824,468.9902497003048,38.0262687990135,0.796356386666207,,,0.101,189.63050688558687,1877.5297711444243,1877.529744919114,2.6225310572767333e-05,58.203422905477154,0.203643613333793,,,236.80579793435405,0.0003556552012194169,101.82649311177224,,,,54.612512522977795,0.00017782702220722372,3.2622306053181336,1088.5091703097246,0.0,-0.0,0.0,110.59253170346801
41,1,42,0.15246,4.0995243380559104e-05,5.519876280294532e-05,1.4753784655959012e-05,,,,0,1.0447027335263717e-13,1,93.31641195140178,93.3164119514017,1.4745659926944833e-13,14.930625912224283,3.098104876786539,0.3334074129027139,,,21.690330296630822,93.31637095615832,89.58358340711591,3.732649308629829,93.31623271574576,0.00013824041256950097,0.23453518235513993,0.024792330643772415,0.6166732349645079,0.24211163305978892,21.679984417020375,0.96,93.27646431382333,89.5454057412704,3.7310585725529326,6.556752041389552e-05,1.2819312624589155e-05,0.7675781451943512,0.2709917453764485,0.00646836110773946,0.96,0.024863768985049134,0.02386921822564717,0.0009945507594019659,3.7106506724814114e-05,6.91108750796045e-06,0.7295823826843894,0.27099505171495825,0.003877518502707373,0.96,0.01490463293736432,0.014308447619869748,0.0005961853174945735,,,,17.264421332538323,89.58358340711591,82.86459563988723,6.718953648824937,89.58354928871216,3.411840375727456e-05,0.07454874246671232,0.008157976518483729,0.7579197263888058,0.20835232597860362,8.621333489335736,0.9249991210679542,44.733694915188835,41.378628478671686,3.355066436517147,0.07454874246663841,0.008157976518483696,0.7579197263888058,0.20835176858556528,8.62057515894142,0.9249987859487623,44.72989601881659,41.37509951301972,3.354796505796868,0.00012337490084738807,2.3874933568260307e-05,0.8110114978051969,0.20309713902548188,0.014215150204484033,0.924414696265163,0.07571480464232036,0.06999187813620748,0.005722926506112879,7.218565919416804e-05,1.3025880438292002e-05,0.8024394630929067,0.20299395080718027,0.008297534056683719,0.9238808820741741,0.044243550064406806,0.040875770059597825,0.003367780004808983,0.9254548498467348,,,0.101,8.369324159628611,82.86459563988723,82.86456941446689,2.6225420341238437e-05,2.5688024648365038,0.07454515015326531,,,10.451704296522392,0.00011039752554495257,4.494232847504629,,,,47.32422663130155,5.519869844990339e-05,0.14929304549339228,1.4753784663014569e-05,0.0,2123.9999704924307,0.0,2.249362008647511e-06
42,1,43,0.15246,4.072271578469821e-05,5.845185766269758e-05,1.4537531146527399e-05,,,,0,1.0446718553961494e-13,1,61.28361545607992,61.28361545607984,1.4745600934896388e-13,9.805378472972787,2.034616033141853,0.33340741292089054,,,14.800388454906743,61.28357473336406,58.8321019636902,2.4513375818204244,61.28343954551063,0.00013518785342995682,0.15265280674248008,0.032152954607526645,0.11403533022018648,0.25156050690702114,14.79264852538727,0.96,61.25368830770817,58.80354077539984,2.450147532308326,4.837197978799569e-05,1.0600527054157672e-05,2.7796067680057504e-05,0.2709936540609058,0.0049727216020968735,0.96,0.0191145373992905,0.01834995590331888,0.0007645814959716207,2.4759017537184905e-05,5.0999328027385325e-06,1.7447421990367743e-05,0.2709964686425065,0.0027672079173756926,0.96,0.01063670040316613,0.010211232387039484,0.00042546801612664605,,,,11.233828044430116,58.8321019636902,54.41947278091016,4.412595359642644,58.83206814055281,3.382313738020675e-05,0.048963391415634376,0.040800770865317075,0.066386121916395,0.20643473138969903,5.610935963376077,0.9249987198675488,29.384033738268716,27.180193592443427,2.2038401458252905,0.04896339141556056,0.040800770865317096,0.06638612191639497,0.20643408573401453,5.609988095352565,0.9249983868571775,29.37917229200033,27.175686977299392,2.203485314700938,7.394011641872582e-05,4.064713918021804e-06,5.349949834668405e-05,0.20300420410554004,0.00850098081014711,0.9239351923919658,0.04532340131604841,0.04187588551480182,0.003447515801246588,3.862502116850164e-05,2.2950623743768165e-06,3.5855700400043215e-05,0.20275091476212176,0.004403004891326207,0.922579300433659,0.02353870896771654,0.0217163256525477,0.0018223833151688395,0.9510412526161992,,,0.101,5.496366750871927,54.41947278091016,54.419446555427314,2.6225482851331784e-05,1.6870036562082151,0.04895874738380081,,,6.864033712799231,0.00011690371525706278,2.9515344965036694,,,,31.530744068250666,5.84517493387062e-05,0.09803934796878216,1.4537531144406946e-05,0.0,2123.9999709249378,0.0,2.2163919985995672e-06
43,1,44,0.15246,4.063674442528416e-05,3.7600370488790464e-05,1.6863382418342948e-05,,,,0,1.0445835882885923e-13,1,51.043511442372385,51.043511442372306,1.474559542392364e-13,8.16696183077958,1.694644579886763,0.3334074129266245,,,12.480069697358601,51.043470805627884,49.00160309913613,2.041733462464011,51.04333656160014,0.00013424402773998243,0.12956737074528057,0.03942829514362309,0.0625137311408226,0.2546815356116822,12.475648591158857,0.96,51.02634257032116,48.98528886750831,2.0410537028128517,2.9390538153825208e-05,7.706880862867165e-06,2.6688322497037646e-05,0.27099629209713466,0.0029055498992013582,0.96,0.01116847191861172,0.01072173304186725,0.00044673887674446974,1.4700124947225377e-05,3.884132153299158e-06,1.3943024743258681e-05,0.27099806593568326,0.0015155563005420614,0.96,0.0058255193603706104,0.005592498585955786,0.0002330207744148243,,,,9.33066614177853,49.00160309913613,45.32621319620608,3.6753564447363947,49.001569640942485,3.345819364897078e-05,0.04081788656951682,1.0140380864451139e-05,0.008155645226981995,0.20585726501328838,4.665223655895133,0.9249982029799252,24.49996035454506,22.66241930103359,1.837541053511469,0.04081788656944307,1.0140380864468635e-05,0.008155645226981978,0.20585635128484456,4.663816105201486,0.9249978566156852,24.49268632534213,22.655682353701778,1.8370039716403552,9.926301561104619e-06,1.745757215371126e-06,6.575957207299234e-05,0.2007816648951253,0.00103867630209043,0.9109527626200118,0.005678848918141805,0.005173163110464318,0.0005056858076774866,5.640312817041522e-06,9.681951073928565e-07,3.395290345885298e-05,0.20000976993611247,0.0005877043798188844,0.9057573339159097,0.0032441121371511476,0.002938378360258035,0.00030573377689311276,0.9591890887538184,,,0.101,4.577947532816815,45.32621319620608,45.3261869706867,2.622551938966114e-05,1.4051126090823887,0.040810911246181525,,,5.717190227658017,7.520074094930516e-05,2.458391797892947,,,,26.388779309683073,3.760031692766322e-05,0.08165133975333803,1.6863382415423917e-05,0.0,2123.9999662732353,0.0,2.5709912835005663e-06
44,1,45,0.15246,4.080172723096975e-05,3.935363682049403e-05,1.653303702758354e-05,,,,0,1.0446941544619586e-13,1,61.12163629048546,61.121636290485384,1.4745600843367978e-13,9.779461806477673,2.0292383248441173,0.33340741291562076,,,14.763929230015822,61.12159548875815,58.676601048718084,2.44485837702992,61.12145942574801,0.0001360630101453742,0.1476396990558354,0.05622095361673764,0.03814862530618279,0.25160773696363126,14.757745200545155,0.96,61.0976889505982,58.65378139257427,2.443907558023928,3.895325326526307e-05,1.825809987283139e-05,8.695384761393533e-06,0.27099493054610585,0.003972466719818787,0.96,0.015269607288000113,0.014658822996480107,0.0006107842915200058,2.0074610842281787e-05,9.706594405895837e-06,4.332108510839424e-06,0.27099717772914117,0.002211562750847211,0.96,0.008500867861811139,0.008160833147338694,0.0003400347144724456,,,,10.955921939586503,58.676601048718084,53.59875622709971,5.07781303708365,58.676569264183364,3.1784534721124746e-05,0.05641360660067659,0.05640027657473996,0.040804556543580166,0.20440687170421312,5.477548972328476,0.9134627333426497,29.335935580778447,26.79728390078177,2.5386516799966756,0.05641360660060294,0.056400276574739984,0.040804556543580145,0.2044064970471363,5.477410224350426,0.9134608758692426,29.335305912799438,26.796654232997945,2.5386516798014926,6.040583507861343e-06,1.3967452713476078e-06,5.28246332458965e-06,0.20006256621395163,0.0006233136178139988,0.9061274680288236,0.003438361097072186,0.0031155934348079594,0.0003227676622642263,3.291547320241157e-06,7.647722133175053e-07,3.113537710116308e-06,0.19937110877461306,0.00033942928978610704,0.9010751124713345,0.0018894095084039985,0.0017024998851863887,0.00018690962321761,0.9435895830443957,,,0.101,5.413474378937072,53.59875622709971,53.59873000163386,2.622546585423585e-05,1.6615614430400911,0.05641041695560441,,,7.5227702258415245,7.870727361001384e-05,3.2347911971118553,,,,31.133427076412907,3.9353587091802074e-05,0.11283654533210764,1.6533037021304763e-05,0.0,2123.999966933926,0.0,2.520626825225387e-06
45,1,46,0.15246,4.080399213470687e-05,3.0102483702416493e-05,1.898407957637617e-05,,,,0,1.0447018482645856e-13,1,61.3612120420996,61.361212042099524,1.4745602018658531e-13,9.817793926735936,2.0371922397977067,0.3334074129154697,,,14.817799685853954,61.36117123810739,58.906593743893545,2.4544414059955644,61.361035149889105,0.00013608821828691456,0.15841313975495502,0.05225213037377821,0.041478689674658606,0.2515374745991231,14.809667788450426,0.96,61.32977721996116,58.87658613116271,2.4531910887984467,5.158563962297037e-05,2.2549031321615285e-05,9.916644963908222e-06,0.27099349994348815,0.005093487877988023,0.96,0.019578759419237982,0.01879560904246846,0.0007831503767695213,2.906957203880678e-05,1.3795813995859148e-05,4.800852799334608e-06,0.27099612254799144,0.003038409525539686,0.96,0.011679170508709627,0.011212003688361243,0.00046716682034838463,,,,10.999588963362081,58.906593743893545,53.808772722352806,5.097790954163669,58.906563676516484,3.0067377059981215e-05,0.05663655153272851,0.0002233875335018066,4.4260144993890857e-07,0.20442041893356278,5.499451613331874,0.9134609748022913,29.45134365183018,26.902653081438068,2.54869057039211,0.05663655153265492,0.00022338753350186475,4.426014499373318e-07,0.20442027264964227,5.499397268923807,0.9134602502128925,29.451097056864345,26.902406486607482,2.548690570256862,4.6793550638065284e-06,1.4975198689553707e-06,2.858748313020318e-06,0.19947151079393874,0.000471492560456654,0.9018377777344253,0.0026209910847035714,0.002363708775205417,0.0002572823094981544,2.6487874304507506e-06,8.709910510005104e-07,1.5137509408093897e-06,0.19903622604155638,0.0002685885459445025,0.8984463597958318,0.0015019767372481056,0.001349445532049598,0.00015253120519850735,0.9433763358917583,,,0.101,5.434686044957633,53.808772722352806,53.8087464968876,2.6225465207115337e-05,1.668071954392937,0.05662366410824177,,,7.552329456993783,6.020496738670985e-05,3.247501666507327,,,,31.252146017545286,3.0102454716392412e-05,0.11328043120787769,1.8984079577928214e-05,0.0,2123.999962031841,0.0,2.894312772214311e-06
46,1,47,0.1016,4.597230760530747e-05,0.0002466439968855227,672.4963020777463,,,,0,1.0447500077828895e-13,1,1440.9169021116245,1440.9169021116243,1.4745816114574513e-13,230.5467043378599,47.83844115010593,0.3334074125707622,,,218.81769085010282,1440.9168561393167,1383.279972868985,57.636665536207666,1440.9166384051928,0.0002177341238919495,0.8069592710613055,0.671588776495008,0.023042645188657545,0.15572401785920845,105.23767361110193,0.96,703.9542017041018,675.7960336359378,28.15816806816405,0.7354525371579481,0.7354109057463416,9.954228016313487e-06,0.155719458546913,105.07356508417273,0.96,702.8770284546023,674.7619473164182,28.115081138184067,0.06745166583743216,0.06742798404111058,5.387775717227592e-06,0.25996131826032853,8.50645215482817,0.96,34.08540824648863,32.72199191662909,1.3634163298595499,,,,355.13575191561415,1383.279972868985,1279.5337981982618,103.74613243342077,1383.2799306316824,4.2237302392572776e-05,0.5445994387218285,0.4879630338672615,1.4667816157445344e-07,0.2775510681771746,88.78412735331963,0.9249999005003712,345.82050552693175,319.8839332033999,25.936572323531827,0.5445994387217546,0.4879630338672614,1.4667816162195066e-07,0.27755098217664415,88.78403286454156,0.9249999005002972,345.82024464049505,319.8836918834464,25.9365527570487,0.5445990310292647,0.5445953471107428,9.954365418792538e-07,0.2775508696568587,88.78390923906947,0.9249999005002005,345.81990330651286,319.88337614951337,25.93652715699947,0.544598155637527,0.5445960674789124,5.606288158477706e-07,0.27755066324888217,88.78368245868343,0.9249999005000232,345.8192771577429,319.8827969619021,25.936480195840776,0.5118135785992368,,,0.101,129.23291361802444,1279.5337981982618,1279.533767471889,3.07263728823565e-05,39.66554774414612,0.4881864214007633,,,161.38291690561147,0.0004932879925543802,69.39465426941294,,,,30.690794237984623,0.0002466420153759554,2.178396064110375,672.4963020777463,0.0,0.0,0.0,68.32562429109903
47,1,48,0.1016,4.597085231288952e-05,0.0002466439940136759,678.3587159479257,,,,0,1.0447157588614463e-13,1,1441.2200363802933,1441.220036380293,1.4745812604890888e-13,230.59520582084693,47.84850520782574,0.3334074125708592,,,218.88938768366015,1441.219990409441,1383.5709817996394,57.64879090831842,1441.2197727079574,0.00021770148332144468,0.84734921363273,0.07758275629581277,0.037192813724388304,0.15572403844756444,105.23837283259031,0.96,703.9587858547858,675.8004344205943,28.158351434191484,0.7827912379432219,0.04735951779433686,2.0817009063121463e-05,0.15571947680369883,105.0742637718996,0.96,702.8816198355573,674.7663550421349,28.11526479342236,0.08961415278931,0.022174329190027188,1.1842238149356561e-05,0.25986853401958226,8.576751079170235,0.96,34.37936701761442,33.004192336909846,1.3751746807045777,,,,355.24115542899995,1383.5709817996394,1279.8029731853478,103.76796635146614,1383.5709395368144,4.2262824846442854e-05,0.5447147725072515,0.00011573447163679354,4.0068621383380245e-07,0.2775751775783659,88.81061690930076,0.9249998945584752,345.8936404971167,319.9515809882801,25.942059508836582,0.5447147725071777,0.0001157344716368284,4.0068621385207745e-07,0.27757502823415725,88.81045282173537,0.9249998945583394,345.8931875213663,319.95116198571174,25.94202553565457,0.5447140731416183,0.00011689856384796634,1.8564514942116207e-06,0.2775748334071663,88.81023876132672,0.9249998945581623,345.89259659121944,319.95061537532695,25.94198121589249,0.5447125699981913,0.00011546315444187303,1.0487937776038174e-06,0.27757447678801284,88.80984693663704,0.9249998945578382,345.89151492711176,319.94961483602924,25.94190009108251,0.5119212316611016,,,0.101,129.26010029172016,1279.8029731853478,1279.8029408248835,3.236046437004822e-05,39.67389216874579,0.4880787683388983,,,161.41687785392622,0.0004932879868106866,69.40925747718828,,,,25.03266738843551,0.00024664156449102155,2.178856188154239,678.3587159479258,0.0,0.0,0.0,68.92124554030924
48,1,49,0.1016,4.3828818854814556e-05,0.00024664358974040826,972.737088529921,,,,0,1.0447438355419323e-13,1,1909.9835509857708,1909.9835509857708,1.474581996663829e-13,305.5973681577234,63.41145389272759,0.3334074127137249,,,289.7497925649769,1909.9835071569519,1833.5839971564317,76.39933321485137,1909.9833303712828,0.00017678566899261634,0.8425125409158333,0.04987924016540175,0.05471591288229849,0.15572404498606926,105.23859482332163,0.96,703.960241233801,675.8018315844489,28.158409649352024,0.766074182140691,0.07222780894975889,0.08894486475228974,0.1557194826118132,105.07448596924472,0.96,702.8830799813733,674.7677567821182,28.11532319925498,0.5703680770735118,0.4992444791349733,0.01849055485077152,0.1644603356065732,79.4367117724105,0.96,503.14000915610876,483.0144087898644,20.125600366244356,,,,540.8120388474189,1833.5839971564317,1696.0650317352006,137.51892519083376,1833.5839569260343,4.023039740585625e-05,0.7218848385518526,0.3214581443220334,0.14428807827743229,0.3188630758378882,135.20333209338807,0.9249999299616516,458.3966804825324,424.0168973409961,34.37978314153635,0.7218848385517789,0.3214581443220334,0.14428807827743229,0.31886293291335444,135.20316722121936,0.9249999299615989,458.3963269636876,424.0165703360652,34.37975662762245,0.7218842969609905,0.2430482840608784,0.06587806024150619,0.3188627508666184,135.20295721925154,0.9249999299615317,458.3958766771445,424.0161538210136,34.379722856130925,0.7218831506585757,0.24304884406705016,0.06587826340666575,0.31886242586784613,135.2025823135599,0.9249999299614118,458.3950728026699,424.0154102371259,34.37966256554401,0.67842612120633,,,0.101,171.30256820525526,1696.0650317352006,1696.0650029978965,2.8737303998586645e-05,52.57801598379122,0.3215738787936702,,,213.91837120220552,0.0004932871782641553,91.98489961694838,,,,29.128051018498105,0.0002466415018964247,2.887537124723198,972.737088529921,0.0,0.0,0.0,98.83008819463997
49,1,50,0.1016,4.382881401004285e-05,0.0002466435788453149,975.0573582386534,,,,0,1.0447316716742858e-13,1,1909.9846396422606,1909.9846396422604,1.4745816829694732e-13,305.59754234276176,63.411490036123055,0.33340741271372526,,,289.74987370133033,1909.9845958134465,1833.5850422667422,76.39937676111431,1909.9844190278563,0.0001767855901707444,0.8388711179035904,0.047879654860971725,0.05152107787321455,0.1557240424963676,105.23851029866672,0.96,703.9596870877411,675.8012996042315,28.15838748350966,0.7635944398689378,0.06725083882794103,0.06973058109969418,0.15571948043063238,105.07440252969128,0.96,702.8825316679179,674.7672304012011,28.11530126671672,0.6330964524588374,0.09684990031364635,0.03412152492832065,0.16446013512262345,79.43696087297229,0.96,503.14220027219733,483.0165122613094,20.125688010887924,,,,540.8125183029376,1833.5850422667422,1696.065982399403,137.51901756059624,1833.584999959999,4.2306742820947186e-05,0.7218848298297532,0.00011541305648763471,0.0001154217785869637,0.318863098982218,135.20335873062123,0.9249999222487927,458.39674134404555,424.01695010234204,34.379791241703515,0.7218848298296794,0.00011541305648759165,0.00011542177858693682,0.3188630014455014,135.20324621606218,0.9249999222487528,458.39650009042975,424.01672694274794,34.379773147681796,0.7218844502736177,0.0805072189198718,0.08050706560724469,0.31886287167125577,135.20309651356862,0.9249999222486999,458.39617909827956,424.0164300250097,34.379749073269906,0.721883626248689,0.08050762264839678,0.08050714705828356,0.3188626292298209,135.20281684268556,0.9249999222486008,458.39557942724434,424.01587532930336,34.37970409794102,0.6784264426214787,,,0.101,171.3026642223397,1696.065982399403,1696.065950861788,3.1537614943218586e-05,52.57804545438149,0.32157355737852106,,,213.91851199488246,0.0004932871564739687,91.98496015779945,,,,26.8084379186897,0.00024664131029884437,2.887537736181739,975.0573582386534,0.0,0.0,0.0,99.06582759704717
50,1,51,0.1016,4.330218912294885e-05,0.0002466421214881961,1057.920107579646,,,,0,1.0447297592228668e-13,1,2032.3337485550912,2032.3337485550912,1.4745816058321036e-13,325.1733997688146,67.47348045202902,0.3334074127488492,,,304.49292609931047,2032.333705252902,1951.0401952645514,81.29334146935632,2032.3335367339075,0.00016851899447179917,0.8405843508657747,0.05171787101089665,0.05000463804871242,0.1557240609514334,105.23913672672543,0.96,703.9637939521624,675.805242194076,28.1585517580865,0.7700627988045784,0.07577821811915215,0.06930985918351168,0.1557194968660363,105.07503112183383,0.96,702.886662373041,674.7711958781193,28.11546649492166,0.681648983386461,0.13510445520084435,0.08655192427322086,0.15684336835099738,94.1787582507512,0.96,625.4830804087043,600.4637571923562,25.019323216348162,,,,597.3962601758503,1951.0401952645514,1804.7120241417565,146.32813179419418,1951.0401559359507,3.932860080675098e-05,0.768126978892579,0.27799943268676225,0.23175728362393647,0.3310204664450759,149.34929648333556,0.9249999384436626,487.76050429603634,451.1784364490834,36.58206784695292,0.7681269788925053,0.27799943268676225,0.23175728362393647,0.331020366251338,149.34917888181823,0.9249999384436335,487.76026785671485,451.1782177427114,36.58205011400343,0.7681266152227076,0.10542604551625415,0.05918388056716417,0.33102023767053473,149.34902796125826,0.9249999384435962,487.75996442886367,451.17793707194954,36.582027356914125,0.76812584252262,0.1054262801292328,0.05918406385530173,0.3310200066895163,149.34875684943825,0.9249999384435291,487.75941935433565,451.1774328780119,36.581986476323706,0.7218851542567502,,,0.101,182.27591443831741,1804.7120241417565,1804.7119971188538,2.7022902708657837e-05,55.94607274839445,0.2781148457432499,,,227.6215829172433,0.0004932842417597454,97.87728065441462,,,,26.24573306019568,0.0002466398043192034,3.072506415530412,1057.9201075796457,0.0,0.0,0.0,107.48468293009202
51,1,52,0.1016,4.330218965490424e-05,0.0002466421709396263,1057.140728405137,,,,0,1.0447347794218902e-13,1,2032.334066362169,2032.3340663621689,1.4745817226732e-13,325.1734506179471,67.47349100322401,0.33340741274884916,,,304.4929524026164,2032.3340230599792,1951.0405003593378,81.29335418163913,2032.3338545409767,0.0001685190025284744,0.842607048414323,0.051442052763014404,0.049419355214466054,0.15572405934487218,105.23908220516518,0.96,703.9634365100866,675.8048990496832,28.158537460403448,0.7729174642913813,0.07191365566960019,0.06905899018279725,0.15571949548099578,105.07497816109587,0.96,702.8863143504079,674.7708617763915,28.115452574016366,0.6869991194968934,0.09367178884344722,0.08832165273301477,0.15684333456374683,94.17889203635536,0.96,625.4841036804825,600.4647395332631,25.019364147219317,,,,597.3964070342934,1951.0405003593378,1804.7122968494562,146.3281614739011,1951.0404583233574,4.203598039855862e-05,0.7681266959353079,0.00011552480903377162,0.00011580776630489061,0.3310204141273159,149.34923498774822,0.9249999348554866,487.76038243990297,451.17832198199744,36.58206045790552,0.7681266959352341,0.00011552480903374752,0.0001158077663048753,0.3310203580048188,149.34916911446496,0.9249999348554694,487.76025000082296,451.1781994758487,36.58205052497425,0.768126488512444,0.0721080072192656,0.07210813392952925,0.33102028389365923,149.3490821271568,0.9249999348554466,487.760075111667,451.17803770337974,36.582037408287285,0.7681260401350123,0.07210838063319146,0.07210818302079916,0.3310201464508549,149.34892080492338,0.9249999348554044,487.75975077096433,451.1777376882303,36.582013082734036,0.7218850425042039,,,0.101,182.27594198179509,1804.7122968494562,1804.7122684170697,2.8432386596429424e-05,55.94608120233314,0.278114957495796,,,227.621629426097,0.0004932843406626054,97.87730065322171,,,,27.02531294007937,0.00024663992062838613,3.0725059205179983,1057.140728405137,0.0,0.0,0.0,107.40549800596192
52,1,53,0.1016,4.2755555628974796e-05,0.00012769981869321494,1088.509542859029,,,,0,1.0447579733698865e-13,1,2082.086505419006,2082.086505419006,1.4745822791194704e-13,333.13384086704093,69.12527197991098,0.33340741278530767,,,311.30291802354577,2082.08646266345,1998.802850046539,83.28345208527243,2082.0863021318114,0.00016053163854222723,0.8455289268108155,0.05121685020968054,0.04829497181318807,0.15572409709972734,105.24036294752537,0.96,703.9718329536171,675.8129596354723,28.158873318144693,0.7805222724978325,0.07319788215711807,0.06559307395066685,0.15571952935417052,105.07627277026049,0.96,702.8948215827869,674.7790287194755,28.11579286331145,0.7185240004370141,0.10629623124795796,0.07477135030783717,0.15579233282549582,100.98628230575994,0.96,675.2196475954073,648.210861691591,27.008785903816293,,,,621.4636447243022,1998.802850046539,1848.8924754696266,149.91033543653168,1998.8028109061581,3.914038089860882e-05,0.7869311730833366,0.2317572857918407,0.21295280864381205,0.33612772335822194,155.36615024201694,0.9249999376534501,499.7011710606719,462.2235520764775,37.477618984194365,0.7869311730832628,0.23175728579184074,0.21295280864381205,0.3361276223889462,155.36603084808687,0.9249999376534225,499.70093716124774,462.22333571951094,37.47760144173682,0.7869308091897919,0.07894252547772014,0.06013820480037224,0.3361274904323895,155.36587481241054,0.9249999376533863,499.7006314784031,462.2230529628807,37.47757851552245,0.7869300275781547,0.07894249231706119,0.06013850487391878,0.3361272485752134,155.36558882178792,0.9249999376533201,499.70007120583534,462.2225347107573,37.477536495078034,0.7681271893991255,,,0.101,186.7381400224323,1848.8924754696266,1848.8924492443123,2.622531438364019e-05,57.315666739558424,0.23187281060087447,,,233.19389564305516,0.000255399637060285,100.27337512651373,,,,30.995543010707255,0.00012769929274269272,3.1477231829345462,1088.509542859029,0.0,-0.0,0.0,110.59256955447734
53,1,54,0.1016,4.2755560508524644e-05,0.0002466411830660195,1067.723457070849,,,,0,1.044862822330475e-13,1,2082.251530714123,2082.251530714123,1.4745826759743296e-13,333.1602449142597,69.13075081970888,0.3334074127853073,,,311.3268186953753,2082.2514879585624,1998.9612743297812,83.29005309707426,2082.2513274268554,0.0001605317073472929,0.8475546049412528,0.050062704778563887,0.04803702664812656,0.1557241494165597,105.24213581907196,0.96,703.9834555029979,675.824117282878,28.15933822011992,0.7834035471269273,0.06938805736845179,0.06650678273935695,0.15571957617436286,105.07806007428232,0.96,702.9065661906133,674.7903035429887,28.11626264762455,0.7220545057740516,0.08647101766693698,0.08294051232989955,0.15579102799086902,101.00662280202104,0.96,675.3613057332441,648.3468535039143,27.01445222932979,,,,621.5445195919326,1998.9612743297812,1849.0390254453605,149.92220881284817,1998.9612342582088,4.007157248970756e-05,0.7869931351111789,0.00011590123197462488,5.3939204132294814e-05,0.3361447329020093,155.38626403319245,0.9249999418480854,499.74057132062336,462.25999941070563,37.480571909917735,0.7869931351111051,0.00011590123197463242,5.393920413228747e-05,0.33614467625414163,155.38619704668199,0.9249999418480706,499.7404401014896,462.259878033007,37.480562068482556,0.7869929309571017,0.0670261546370019,0.06696403286969214,0.33614460221611164,155.38610949618862,0.9249999418480511,499.7402685997419,462.2597193938907,37.48054920585122,0.7869924924324024,0.06702651523612835,0.06696405038188065,0.3361444665041584,155.38594901586947,0.9249999418480155,499.7399542363538,462.2594286077572,37.48052562859665,0.7681268129761846,,,0.101,186.7529415699814,1849.0390254453605,1849.038999220046,2.6225314403129278e-05,57.320209788806174,0.23187318702381535,,,233.21237096236996,0.0004932823649154017,100.28131951381908,,,,51.90156270998838,0.00024664001161744383,3.147971693611788,1067.723457070849,0.0,-0.0,0.0,108.48070323839825
54,1,55,0.1016,4.2537196150270576e-05,0.00013726244054597673,1088.5094981463865,,,,0,1.0448485564039619e-13,1,2102.780882210548,2102.780882210548,1.474582794722122e-13,336.4449411536877,69.8123252893902,0.3334074127998714,,,314.3386892452183,2102.7808396733517,2018.6694548901949,84.11122728709155,2102.7806821772865,0.00015749606545786788,0.8495624906826517,0.04944766188845514,0.04743977614705629,0.1557242267720403,105.2447532670722,0.96,704.0006143703781,675.840589795563,28.160024574815182,0.7882771050668301,0.06923205525352424,0.06435849731362143,0.1557196459668094,105.0807197380568,0.96,702.9240426336952,674.8070809283474,28.116961705347823,0.7358125376261226,0.08912706733100195,0.07536903547893092,0.15570332989949054,104.01321624008928,0.96,695.8560251732132,668.0217841662846,27.834241006928554,,,,631.6592133668365,2018.6694548901949,1867.2690863859257,151.40032959285986,2018.6694159787853,3.891140961389576e-05,0.79475266337484,0.21295271922995296,0.2051931909662919,0.3382798950250917,157.9150429349744,0.9249999388734272,504.66781835801766,466.8177011325522,37.85011722546545,0.7947526633747661,0.21295271922995296,0.2051931909662919,0.3382797941102705,157.91492323024406,0.9249999388734005,504.66758635462406,466.8174865294138,37.85009982521025,0.7947523025215767,0.06906280913217076,0.06130343756769567,0.3382796622758537,157.9147668488478,0.9249999388733655,504.6672832668887,466.81720617325954,37.850077093629174,0.7947515276251471,0.06906279946141702,0.06130376426867233,0.3382794207506182,157.91448035277023,0.9249999388733017,504.666727999255,466.81669255069994,37.850035448555,0.7869313795380724,,,0.101,188.5941777249785,1867.2690863859257,1867.2690601606141,2.6225311468979085e-05,57.885341677963694,0.21306862046192757,,,235.5116645538688,0.0002745248807151339,101.27001575816358,,,,46.082993977968115,0.0001372620318867859,3.1790091568963295,1088.5094981463867,0.0,-0.0,0.0,110.59256501167286
55,1,56,0.1016,4.2536482633874395e-05,0.00024661234098881764,1086.5951090015392,,,,0,1.0448596541817624e-13,1,2102.8313195411292,2102.8313195411292,1.474582863430642e-13,336.4530111265807,69.81399980876549,0.333407412799919,,,314.3463060467941,2102.831277004647,2018.7178747376277,84.11324478073455,2102.8311195183624,0.00015748628440161446,0.850384726070209,0.048483800665311994,0.0476615652777547,0.15572427821001578,105.24649117760947,0.96,704.01200701339,675.8515267328544,28.160480280535616,0.7893664910698955,0.0667314032892015,0.06564201728613613,0.15571969186222764,105.08246575944436,0.96,702.9355152436426,674.8180946338969,28.11742060974577,0.7368663839422616,0.08144094090148987,0.08038709458535097,0.15570334715326856,104.01734910974028,0.96,695.8835972613294,668.0482533708763,27.835343890453167,,,,631.684199572,2018.7178747376277,1867.313880937107,151.40395388545286,2018.71783482256,3.991506748877372e-05,0.794771326582267,5.4029143666753015e-05,3.536593623964756e-05,0.3382850737563236,157.9211860689527,0.9249999424022022,504.6797226256947,466.82871436032696,37.85100826536772,0.7947713265821933,5.402914366675649e-05,3.536593623964404e-05,0.3382850164382707,157.9211180780062,0.9249999424021875,504.6795908537669,466.828592471294,37.85099838247293,0.7947711215385094,0.06477293983713504,0.06475412082020239,0.3382849415076507,157.9210291949576,0.9249999424021684,504.6794185912068,466.8284331284261,37.85098546278067,0.7947706810422445,0.06477328178287967,0.0647541283657823,0.33828480412418827,157.92086623008348,0.9249999424021332,504.6791027518916,466.82814097706006,37.850961774831546,0.7869932516263802,,,0.101,188.5987019746478,1867.313880937107,1867.3138547117956,2.622531146093261e-05,57.886730309050314,0.21300674837361971,,,235.51730734304914,0.0004932246807612823,101.27244215751114,,,,48.03483842892451,0.00024661107548812854,3.1790844557452145,1086.5951090015392,0.0,-0.0,0.0,110.39806307455638
56,1,57,0.1016,4.2447027565783534e-05,0.0002460588065948518,1088.4061193749164,,,,0,1.0448517830105622e-13,1,2103.3314323316686,2103.3314323316686,1.474582833352699e-13,336.53302917306695,69.8306035534114,0.33340741280588526,,,314.42141512764044,2103.331389884641,2019.1979842729381,84.13324934470576,2103.3312336176436,0.0001562669970216572,0.850551857241962,0.04791960807998181,0.047752476908228716,0.15572437777466586,105.24984930558887,0.96,704.0340199783374,675.8726591792038,28.16136079913353,0.7894998188518522,0.06577399424376751,0.06564066646181081,0.1557197815123798,105.08586960690116,0.96,702.9578801360436,674.8395649306019,28.11831520544172,0.7370894512238472,0.07993811815022703,0.07971505086864138,0.1557036849816369,104.08569621515045,0.96,696.339333503263,668.4857601631325,27.85357334013051,,,,631.9319567055419,2019.1979842729381,1867.7579838396805,151.43996225016144,2019.1979460898417,3.818309625507915e-05,0.7949607226396991,0.2051931030749701,0.20500370701753812,0.33833736903001554,157.98322134169632,0.9249999424061803,504.7999363610536,466.9399120606181,37.860024300435505,0.7949607226396253,0.2051931030749701,0.20500370701753812,0.3383372698114899,157.98310363922616,0.924999942406155,504.79970830337743,466.9397011072679,37.86000719610947,0.7949603713351207,0.06412671931740208,0.06393746952079081,0.3383371421738882,157.98295222336444,0.9249999424061224,504.79941492322143,466.9394297306241,37.859985192597364,0.7949596238463992,0.06412673830227586,0.06393779549812113,0.3383369122798421,157.982679501255,0.9249999424060636,504.7988865021892,466.9389409411701,37.85994556101911,0.7947528677813632,,,0.101,188.64355636780775,1867.7579838396805,1867.75795761437,2.622531031828408e-05,57.900497499030095,0.20524713221863686,,,235.5733184503015,0.0004921176119788049,101.29652693362965,,,,46.59154700249228,0.0002460575077238779,3.1798414404608444,1088.4061193749164,0.0,-0.0,0.0,110.58206172849151
57,1,58,0.1016,4.2446813773947994e-05,0.0002465909152614896,1087.3664277401417,,,,0,1.0448586247755649e-13,1,2103.3311949575827,2103.3311949575827,1.4745828494606113e-13,336.5329911932132,69.83059567259174,0.3334074128058996,,,314.42137863528137,2103.331152510769,2019.197756396802,84.13323984986683,2103.330996246669,0.00015626409950981514,0.850578653434492,0.04779196142327317,0.04776516523074321,0.1557243769097602,105.24982016685313,0.96,704.0338289746722,675.8724758156853,28.161353158986895,0.7895268584798416,0.06569695510020566,0.06566991547221626,0.1557197807741538,105.08584161420085,0.96,702.9576962151514,674.8393883665453,28.11830784860604,0.737122400560523,0.079939965356657,0.07990701601998118,0.15570368509858967,104.08571685422739,0.96,696.3394710568454,668.4858922145714,27.853578842273887,,,,631.9318382475519,2019.197756396802,1867.7577715339064,151.43994501648143,2019.197716550388,3.984641443093455e-05,0.7949602689502668,3.5453211004439474e-05,3.5906900436712746e-05,0.33833726674572545,157.9831000026355,0.9249999424151779,504.79970125266544,466.93969458991455,37.860006662750905,0.794960268950193,3.545321100444285e-05,3.5906900436709385e-05,0.338337208675077,157.98303111370646,0.924999942415163,504.79956777496153,466.93957112303866,37.85999665192289,0.7949600587899012,0.06416923279533486,0.06416954534055433,0.3383371313691257,157.98293940604,0.9249999424151434,504.79939008410423,466.93940675899586,37.859983325108345,0.7949596021768767,0.06416954771399666,0.06416956938351921,0.3383369866488895,157.98276772516996,0.9249999424151064,504.7990574386566,466.9390990619573,37.859958376699275,0.7947714437140254,,,0.101,188.64353492492455,1867.7577715339064,1867.757745308596,2.6225310315903166e-05,57.900490917551096,0.20522855628597456,,,235.5732933848869,0.0004931818293068376,101.29651615550137,,,,47.631063840360746,0.00024658963924963876,3.179840198867238,1087.366427740142,0.0,-0.0,0.0,110.4764290583984
58,1,59,0.1016,4.244463354489275e-05,9.726389066946846e-05,1088.5096470646997,,,,0,1.0448511249971873e-13,1,2103.3320394061293,2103.3320394061293,1.4745828246665705e-13,336.53312630498067,69.8306237082835,0.333407412806045,,,314.4215062093928,2103.3319969614954,2019.1985670978625,84.13327362907764,2103.3318407269403,0.00015623455542462057,0.8506000695770101,0.047773065833141774,0.04775164969062367,0.1557243777315438,105.24984785281029,0.96,704.034010455412,675.8726500371955,28.161360418216507,0.7895296597470123,0.06567220045154758,0.06566939918437695,0.1557197815357963,105.08587049482557,0.96,702.9578859699875,674.839570531188,28.118315438799534,0.7371092109243338,0.07988741626748123,0.07990060590367047,0.15570368550102762,104.08578786175696,0.96,696.3399443015405,668.486346529479,27.853597772061594,,,,631.9322493286725,2019.1985670978625,1867.7585071413407,151.44002039264305,2019.1985275339841,3.956387830008645e-05,0.794960940448928,0.2050036220580715,0.20500295055941029,0.33833742854162474,157.9832916918032,0.9249999352082097,504.8000762857355,466.94003785740466,37.86003842833083,0.7949609404488542,0.2050036220580715,0.20500295055941029,0.33833733057093535,157.98317546962565,0.9249999352081829,504.79985109630815,466.9398295571854,37.86002153912273,0.7949605934534357,0.06413645072862946,0.06413591606509496,0.33833720446662113,157.98302587268324,0.9249999352081485,504.7995612405404,466.9395614406016,37.85999979993878,0.7949598549131017,0.06413647757761444,0.0641362248413894,0.33833697722285183,157.98275629456032,0.9249999352080863,504.7990389113999,466.9390782861492,37.85996062525073,0.7949609247309241,,,0.101,188.64360922127543,1867.7585071413407,1867.7584809160305,2.622531029184729e-05,57.900513721381564,0.20503907526907594,,,235.57340225554296,0.00019452778114973163,101.29656296988347,,,,46.488009486312734,9.726368726547526e-05,3.1798423292643196,1088.5096470647,0.0,-0.0,0.0,110.59258014177348
59,1,60,0.1016,4.244463981225887e-05,0.0002466126237762234,1086.577909606826,,,,0,1.0448601808662006e-13,1,2103.3989848930537,2103.3989848930537,1.474582873997161e-13,336.5438375828886,69.8328462984494,0.3334074128060446,,,314.43163665464755,2103.398942448414,2019.2628347652228,84.13595144855101,2103.3987862137737,0.00015623464034768137,0.8507196960682255,0.047787399705136215,0.047667773213920836,0.1557244607092848,105.25264071050361,0.96,704.0523171979686,675.8902245100497,28.162092687918783,0.7896913343181746,0.06567935404605807,0.06551767947489565,0.15571985503369895,105.08865444496409,0.96,702.9761770358908,674.8571299544552,28.119047081435646,0.7372588566441889,0.0798428070658848,0.07969316134602974,0.15570371153164167,104.09034149917986,0.96,696.3702919799146,668.515480300718,27.85481167919658,,,,631.965426309404,2019.2628347652228,1867.8179690448978,151.444825895054,2019.2627949399518,3.98252710093119e-05,0.7949858841827221,3.599108887964222e-05,1.1047355085497106e-05,0.3383443428874134,157.99149443898165,0.9249999424173525,504.8159658434283,466.95473933653136,37.86122650689692,0.7949858841826484,3.599108887963778e-05,1.1047355085501473e-05,0.33834428485790147,157.99142559814163,0.9249999424173377,504.8158324635855,466.95461596017697,37.86121650340852,0.794985676653604,0.06406795660372577,0.06404287340355745,0.33834420900649026,157.991335615059,0.9249999424173183,504.8156581203697,466.9544546927026,37.861203427667085,0.7949852308521815,0.06406828422517538,0.06404290828609556,0.3383440699549451,157.99117065722183,0.9249999424172828,504.81533851256853,466.954159055487,37.8611794570815,0.7949603868530489,,,0.101,188.64961487353472,1867.8179690448978,1867.8179428195876,2.6225310294600073e-05,57.902357040391834,0.20503961314695113,,,235.58088583882628,0.0004932252463360911,101.2997809106953,,,,48.469508068630375,0.0002466113696269364,3.179942675871156,1086.5779096068263,0.0,-0.0,0.0,110.39631561605353
60,1,61,0.1016,4.244463061697054e-05,0.00015321604124704229,1088.5094031781655,,,,0,1.0448601440582663e-13,1,2105.9693220608624,2105.9693220608624,1.4745828710832438e-13,336.95509152973807,69.91818149242063,0.3334074128060452,,,314.8185790104164,2105.969279616232,2021.7303584464473,84.23876493526878,2105.969123381716,0.00015623451599905828,0.8509966830019202,0.047820046142080144,0.04754305920838544,0.1557247403175442,105.26201315286811,0.96,704.1137467558791,675.9491968856439,28.164549870235223,0.7903678455872207,0.06588016088596275,0.06520364961691671,0.15572010448161913,105.09805904922865,0.96,703.0379616517072,674.9164431856389,28.121518466068334,0.7390150259387918,0.08043270721576011,0.07867653792115713,0.15570725952218548,104.45850680831961,0.96,698.8174149741299,670.8647183751646,27.952696598965215,,,,633.2398258175149,2021.7303584464473,1870.1004240252876,151.6298956270016,2021.7303196522892,3.8794158231412526e-05,0.7959576890396116,0.20500287141686166,0.20403106655997216,0.3386129287249401,158.31018222839333,0.9249999398272963,505.4330167704997,467.52551009944114,37.907506671058606,0.7959576890395379,0.20500287141686166,0.20403106655997216,0.33861283360710814,158.3100693451362,0.9249999398272715,505.4327983491735,467.5253080597149,37.90749028945855,0.7959573494777717,0.06447934584578335,0.06350767302161564,0.3386127094404271,158.30992198751824,0.924999939827239,505.43251322217867,467.52504431724543,37.90746890493321,0.7959566206413069,0.06447931480370023,0.06350792501457482,0.3386124821592154,158.30965225646713,0.9249999398271797,505.4319913104371,467.5245615488859,37.90742976155122,0.7949611374942587,,,0.101,188.88014282655405,1870.1004240252876,1870.1003977999771,2.622531039973555e-05,57.97311314478391,0.2050388625057413,,,235.86876802636976,0.00030643208202458145,101.423570251339,,,,48.429604124443244,0.00015321555675594227,3.183829348198228,1088.5094031781655,0.0,-0.0,0.0,110.5925553629016
61,1,62,0.1016,4.244434382298654e-05,0.00024662232634338347,1085.7172731599182,,,,0,1.0448622549832609e-13,1,2105.994509742189,2105.994509742189,1.474582694131246e-13,336.95912155875027,69.91901772344069,0.3334074128060643,,,314.8224036552649,2105.9944672978454,2021.7545386245267,84.23977244268866,2105.994311067215,0.00015623063028923328,0.851400379648231,0.047721151969274754,0.04731745532296397,0.15572477724969835,105.26324670620089,0.96,704.1218311915936,675.95695794393,28.16487324766374,0.7905162173925868,0.06548861820866876,0.06534024640330266,0.1557201371713707,105.09928652572253,0.96,703.0460250867537,674.9241840832835,28.121841003470216,0.7387221349387355,0.079934655484214,0.08022754648427027,0.1557072779352476,104.45987042334144,0.96,698.826454788868,670.8733965973133,27.953058191554707,,,,633.2523248226343,2021.7545386245267,1870.1227951871424,151.63170369402877,2021.754498881171,3.9743355570705606e-05,0.795966882064925,1.1124948298151087e-05,1.9319229847358887e-06,0.33861549039065686,158.31322244222184,0.9249999424866472,505.43889799992195,467.53095158044215,37.90794641947981,0.7959668820648513,1.1124948298159647e-05,1.9319229847273244e-06,0.33861543102213393,158.31315198500704,0.9249999424866321,505.43876167180787,467.53082547693685,37.907936194871,0.7959666698098292,0.06389939640334527,0.06389007607128777,0.3386153533429764,158.31305979715637,0.9249999424866123,505.4385832968877,467.530660480136,37.907922816751736,0.7959662135718031,0.06389996567062724,0.06389037274013103,0.338615210772881,158.312890598249,0.924999942486576,505.43825591255364,467.53035764962743,37.90789826292622,0.7949860036348403,,,0.101,188.8824023139014,1870.1227951871424,1870.122768961832,2.6225310397519198e-05,57.973806650801414,0.2050139963651598,,,235.87158454972737,0.0004932446514703155,101.42478135638277,,,,51.24059749886005,0.0002466211399576556,3.183866647511409,1085.7172731599185,0.0,-0.0,0.0,110.30887495304769
62,1,63,0.1016,4.243316962849506e-05,0.000246618087351808,1086.172227571195,,,,0,1.0448619382317538e-13,1,2106.022733353177,2106.022733353177,1.4745828063650525e-13,336.9636373365083,69.91995474732548,0.3334074128068096,,,314.8266896421946,2106.0226909200073,2021.7816334470376,84.24090139362669,2106.0225348406643,0.00015607934296757035,0.852963618241891,0.04791276448472536,0.04634952589106532,0.15572481901189922,105.26464035640348,0.96,704.1309646957629,675.9657261079323,28.165238587830597,0.7932381817826075,0.0656448849916949,0.06292292060167412,0.1557201741686957,105.10067436868354,0.96,703.0551418176868,674.9329361449794,28.122205672707484,0.7421629919776687,0.07683247623911359,0.0733916192001805,0.15570729829551866,104.46137491710759,0.96,698.8364283272144,670.8829711941258,27.953457133088605,,,,633.2663286234935,2021.7816334470376,1870.147858855004,151.63373588351448,2021.7815947385184,3.8708519247144464e-05,0.7959777418616129,0.2040310100376387,0.204020150240951,0.33861848292772856,158.31677392517176,0.9249999424873375,505.4457697349732,467.53730793531827,37.908461799654944,0.795977741861539,0.2040310100376387,0.204020150240951,0.3386184029961864,158.31667906381932,0.9249999424873172,505.4455861898509,467.53713815608046,37.90844803377049,0.7959774544803211,0.0639332144653764,0.06392242979488452,0.3386182975016823,158.31655386480938,0.9249999424872903,505.4453439449586,467.5369140795554,37.90842986540322,0.7959768334277975,0.06393203196244307,0.06392141210644874,0.3386181019349238,158.31632176969293,0.9249999424872405,505.4448948687356,467.5364986840498,37.90839618468581,0.7959578650140631,,,0.101,188.8849337443554,1870.147858855004,1870.1478326296935,2.622531027335792e-05,57.974583624505115,0.20404213498593687,,,235.87474464414043,0.0004932361734872063,101.42614019698038,,,,50.80646429310914,0.0002466168908645855,3.1839097716312703,1086.1722275711954,0.0,-0.0,0.0,110.3550983212334
63,1,64,0.1016,4.243306214179769e-05,0.00024660320758904304,1087.0227246080253,,,,0,1.0448613306687762e-13,1,2106.0254016604385,2106.0254016604385,1.4745828647042e-13,336.9640642656702,69.92004333512656,0.33340741280681674,,,314.82709488420375,2106.025359227376,2021.7841950235077,84.2410081259796,2106.0252031494874,0.0001560778887425679,0.8534276000512315,0.04797137235135297,0.047507390542012515,0.1557248230121136,105.26477377957707,0.96,704.1318390958427,675.966565532009,28.165273563833715,0.8003872926805454,0.06830253109499379,0.061153420197055997,0.15572017771634017,105.10080737104757,0.96,703.0560154998359,674.9337748798424,28.122240619993462,0.7619962568704433,0.09729100311417299,0.07745773822139838,0.15570730017649193,104.46151373357915,0.96,698.8373485538089,670.8838546116565,27.953493942152424,,,,633.2676529794516,2021.7841950235077,1870.1502291362133,151.6339280690313,2021.7841572052448,3.781826290608461e-05,0.7959790728109049,1.9791004362954994e-06,6.481511443127293e-07,0.33861883039660234,158.3171862952561,0.9249999424871744,505.4465676199633,467.53804597880577,37.90852164115751,0.795979072810831,1.979100436291284e-06,6.4815114431695e-07,0.33861871384348863,158.31704797199885,0.9249999424871448,505.44629998180477,467.53779841350956,37.90850156829523,0.7959786603401314,0.06338299845700913,0.06338179259719877,0.33861856376394756,158.31686986018076,0.9249999424871066,505.44595535754155,467.5374796360666,37.90847572147498,0.7959777823166813,0.06338910381837762,0.06338815492949382,0.3386182932778368,158.31654885201587,0.9249999424870378,505.4453342459351,467.53690510783156,37.90842913810357,0.795967010861925,,,0.101,188.88517314275754,1870.1502291362133,1870.150202910903,2.622531027230776e-05,57.97465710322261,0.20403298913807502,,,235.87504267164636,0.0004932064139618232,101.42626834880794,,,,49.95793620800908,0.00024660199091626326,3.1839145882785487,1087.0227246080253,0.0,-0.0,0.0,110.44150882017537
64,1,65,0.1016,4.24329378871079e-05,0.00019214328330157117,1088.5089381120642,,,,0,1.0448369196382307e-13,1,2100.2725115439225,2100.2725115439225,1.4745826639483986e-13,336.0436018470276,69.72904738325823,0.333407412806825,,,313.9533390728795,2100.2724691109847,2016.2614205133864,84.01089252139111,2100.2723130347777,0.00015607620714777596,0.8368174756099711,0.04400654312151789,0.06061666756277827,0.1557142018500944,104.85348586782077,0.96,701.4285133571976,673.3713728229096,28.057140534287964,0.7758355067143012,0.05892830658134667,0.08348009254759083,0.15571126481244194,104.70769843478261,0.96,700.4664648654533,672.4478062708353,28.0186585946181,0.7250137825492853,6.444526096691551e-06,0.0369889188472547,0.15570641036762364,104.39215477027614,0.96,698.3773348121268,670.4422414196417,27.93509339248505,,,,630.4175716872006,2016.2614205133864,1865.041658808771,151.21972228891687,2016.2613810976877,3.9415698648562066e-05,0.7938043275603295,0.20402014937675939,0.2061948946273347,0.33801809565892776,157.60455704523437,0.9249999411254319,504.06566378114246,466.2607093209085,37.80495446023391,0.7938043275602557,0.20402014937675936,0.20619489462733473,0.33801802653395985,157.60447508082572,0.9249999411254141,504.06550471669385,466.26056218629395,37.80494253039992,0.7938040800863552,0.06592280758480018,0.06809738783857648,0.3380179361906622,157.6043679569555,0.9249999411253905,504.0652968263867,466.26036988776025,37.804926938626465,0.7938035485187085,0.06589586137317734,0.0680700951711501,0.33801777059582316,157.6041716041851,0.9249999411253476,504.0649157734647,466.26001741380816,37.80489835965656,0.7959778715228044,,,0.101,188.3692075396859,1865.041658808771,1865.041632583461,2.6225310051082773e-05,57.8162914230719,0.20402212847719567,,,235.23072288425473,0.00038428656586476153,101.14921084022953,,,,44.231756617551,0.0001921424490016481,3.175216283725649,1088.5089381120645,0.0,-0.0,0.0,110.59250811218573
65,1,66,0.15246,4.2432936581150454e-05,5.512570219625206e-05,497.8993149564992,,,,0,1.0446907002253143e-13,1,1146.2944544702864,1146.2944544702862,1.4745638843951145e-13,183.40711271524583,38.056975888413504,0.3334074128068251,,,175.2200433081312,1146.2944120373497,1100.4424857228698,45.851770238452936,1146.294255961323,0.00015607602676649646,0.7897869080303768,0.0407876936873669,0.08781826126696125,0.15920152267241852,87.66086191379316,0.96,573.5711335798342,550.6282882366409,22.942845343193348,0.6706213291714659,0.04896214147951612,0.15417631902235146,0.1592510991902598,87.55756604517185,0.96,572.7169132738097,549.8082367428573,22.90867653095243,1.5869549986962826e-05,2.9810365377804682e-06,0.7250008940358361,0.2709979385854648,0.0016153491661896116,0.96,0.006209107678938495,0.005960743371780955,0.00024836430715753985,,,,260.48233705071743,1100.4424857228698,1017.90911796947,82.53333048635818,1100.4424484558283,3.726704176489394e-05,0.45069025671189394,4.0075778541576587e-07,0.3431144716062211,0.2559948011929334,65.22478781844356,0.9249998667037439,275.44814957473164,254.78950164041964,20.65864793431197,0.4506902567118198,4.007577853628943e-07,0.34311447160622116,0.2559266291518628,65.1503730290672,0.924999866592436,275.2071798806194,254.5666046748535,20.640575205765888,0.44448142017022163,0.037024681590711546,0.3863473415068451,0.2558727083670513,65.09151322657546,0.9249998665105135,275.01648805170277,254.39021473601525,20.626273315687502,0.4377345436342736,0.03664866611714646,0.39271767100158134,0.25580322440974723,65.01566297663123,0.9249998663997145,274.7706309487744,254.16279691818158,20.60783403059282,0.7959794498654552,,,0.101,102.80882091491648,1017.90911796947,1017.9090917441603,2.6225309811838117e-05,31.55518265705357,0.2040205501345448,,,128.38520665009943,0.00011025140433172725,55.20563885954275,,,,40.6120516943726,5.5125627400602545e-05,1.783596477228209,497.8993149564991,0.0,0.0,0.0,75.90972955826787
66,1,67,0.15246,4.245795527459217e-05,6.844119385149346e-05,497.89928062666866,,,,0,1.0446763683412497e-13,1,1125.3721162653096,1125.3721162653096,1.4745594675915285e-13,180.05953860244955,37.36235426000828,0.33340741280515646,,,172.70585101062605,1125.3720738073544,1080.3570406966276,45.01487669569286,1125.3719173923205,0.00015641503371905405,0.76698594193404,0.05423784599963068,0.07703881209596737,0.1598282059040924,86.41174627619249,0.96,563.1811681497609,540.6539214237704,22.527246725990416,0.6433828129372284,0.07588054996088837,0.1031190661951258,0.15989092053530576,86.29294330566918,0.96,562.1862849316877,539.6988335344201,22.48745139726757,1.0814329498133593e-05,2.285728127527444e-06,7.340948616356681e-06,0.2709985178535538,0.0011614287643659286,0.96,0.00446431087199386,0.004285738437114105,0.0001785724348797549,,,,254.31734092466414,1080.3570406966276,999.330090264939,81.02691248287239,1080.3570027478115,3.7948816054605594e-05,0.4253389100395536,0.20619513074446275,0.23154647741680306,0.2544880608710482,63.57959308609675,0.9249998729342496,270.0900955232484,249.83330403980412,20.256791483444292,0.42533891003947966,0.20619513074446283,0.231546477416803,0.25448798752950863,63.57951297845626,0.9249998729341308,270.08983305885914,249.83306126024527,20.25677179861386,0.42533828382447725,0.07735853263163939,0.0965016689773838,0.25448778613794454,63.579293007560814,0.9249998729338044,270.0891123462044,249.83239460104306,20.256717745161303,0.42533682832917713,0.07927929845839324,0.09167701376348976,0.25448746464246846,63.578941852550294,0.9249998729332836,270.08796181949964,249.8313303638467,20.25663145565294,0.7938044684977518,,,0.101,100.93233911675885,999.330090264939,999.3300640396291,2.62253100032534e-05,30.97923279821311,0.20619553150224817,,,126.04189581064674,0.00013688238760930295,54.1980151985781,,,,30.056455748961948,6.84410380520708e-05,1.7013529322326877,497.89928062666877,0.0,0.0,0.0,75.90972432434191
67,1,68,0.15246,4.5481594989978667e-05,3.894275381114773e-05,497.89934686626214,,,,0,1.0445382173735845e-13,1,1116.2022696777804,1116.2022696777801,1.474560185315887e-13,178.59236314844486,37.057915353302306,0.3334074126034909,,,171.6133958753414,1116.2022241961852,1071.5539363656299,44.64808068190128,1116.2020170475312,0.0002071486539295014,0.7624734942336163,0.06940600473799839,0.0739184524384221,0.1601281720604013,85.85253790127274,0.96,558.4884023202845,536.1488662274731,22.339536092811436,0.6407374584188154,0.10034721136997847,0.10299256588839154,0.160178878380366,85.76018705553399,0.96,557.7110358501927,535.402594416185,22.30844143400768,6.698717035817244e-06,1.8713932711659628e-06,5.987005733482304e-06,0.2709991438144076,0.0006709185346723334,0.96,0.0025788770539276465,0.0024757219717705405,0.0001031550821571059,,,,251.64927645258496,1071.5539363656299,991.1871753205934,80.36671934440793,1071.5538946650013,4.170062873038407e-05,0.45144527488941455,0.24523369363967346,0.21912732878981236,0.25471174300329513,63.8239010475915,0.9249998372770678,270.8898430352106,250.57306072758027,20.316782307630376,0.45144527488934083,0.24523369363967348,0.21912732878981234,0.2547069675012616,63.818686620416,0.9249998252756543,270.8727932879903,250.55728646331946,20.315506824670848,0.4323821705348928,0.11782561392298617,0.11078172721257061,0.253092652066452,62.05489035444818,0.9249998380725784,265.0664851268546,245.18645582080802,19.88002930604661,0.42280264289853414,0.11237472190788048,0.11490890733852346,0.25299834294361073,61.95179843012928,0.9249998378884656,264.7247732149457,244.8703723088856,19.854400906060086,0.5485711756158638,,,0.101,100.10990470737994,991.1871753205934,991.1871490952815,2.6225311922695583e-05,30.726802434938396,0.45142882438413623,,,125.01491343384497,7.78855075919647e-05,53.75641277655333,,,,25.473346997305708,3.8942694292096526e-05,1.7580753632121822,497.89934686626214,0.0,0.0,0.0,75.90973442323033
68,1,69,0.15246,4.7169610187080796e-05,4.70227024912801e-05,497.89933203429507,,,,0,1.0445319542878173e-13,1,1121.5667235535607,1121.5667235535605,1.474561035114747e-13,179.4506757685697,37.236015221978214,0.3334074124909065,,,172.2518575736699,1121.5666763839504,1076.7037717415735,44.862657155898965,1121.5664288974724,0.0002474864778855164,0.7637629689273151,0.07315488253598221,0.07186540784228343,0.15995409634925714,86.17429775399192,0.96,561.1915889776885,538.743925418581,22.44766355910754,0.6415937855349128,0.10215739795677534,0.10130107084067798,0.16000658871276313,86.07648564793075,0.96,560.3707110099566,537.9558825695583,22.414828440398328,8.676260180097112e-06,3.557396773148838e-06,1.5798536288689927e-06,0.2709986292060118,0.001074171747202857,0.96,0.004128909827384054,0.003963753434288691,0.000165156393095362,,,,251.48426037136034,1076.7037717415735,989.0549464211948,87.64878803832762,1076.7037344595224,3.728205124892275e-05,0.5746612492029621,0.3294271726785771,0.20621119836502946,0.2607687399079096,71.18071568949415,0.9134616577803439,298.82470483834487,272.96491026735646,25.859794570988427,0.5746612492028885,0.32942717267857713,0.2062111983650294,0.26076852382154075,71.18049344159981,0.9134614764678209,298.82407875087904,272.96428417991433,25.85979457096468,0.3927626153884674,0.09352261639468346,0.13314217154110888,0.24630358190361853,54.612247144013836,0.9249998381618308,239.70531429594044,221.72737693027568,17.977937365664747,0.3827594011119219,0.09236170887326207,0.13240495065987426,0.2462114009893442,54.510804096252556,0.9249998379457204,239.34963657435807,221.39837504364831,17.95126153070977,0.4253391336817494,,,0.101,99.89454958854068,989.0549464211948,989.054920195876,2.622531887814765e-05,30.66070333905704,0.5746608663182505,,,132.51155587120704,9.404540493833751e-05,56.97996902461903,,,,25.731476567383417,4.702261658243039e-05,1.9248445149062399,497.899332034295,0.0,0.0,0.0,75.90973216194864
69,1,70,0.15246,4.606822133364968e-05,3.1387189211047854e-05,497.8993591048789,,,,0,1.044697016929171e-13,1,1118.1326683631592,1118.1326683631592,1.4745588448443935e-13,178.90122693810548,37.12200458965689,0.33340741256436507,,,171.84285067419904,1118.1326222949378,1073.4071062968724,44.72529609570307,1118.1324023925756,0.00021990236228333474,0.7737833463656298,0.0748066878838611,0.06478631044554635,0.16006812763593786,85.96268680705867,0.96,559.4147113888457,537.0381229332919,22.376588455553822,0.6523049937895709,0.10176479767429986,0.09105358941964176,0.1601134418163033,85.87947990980493,0.96,558.7150620079643,536.3664595276457,22.348602480318636,6.899151279169013e-06,1.6919664221791744e-06,3.4690753231072423e-06,0.2709991271750578,0.0006839573354409866,0.96,0.0026289957653287998,0.0025238359347156476,0.0001051598306131522,,,,253.32932101653182,1073.4071062968724,992.901270647791,80.50579476266027,1073.4070654104512,4.088642111655572e-05,0.4952938425512445,0.1658517310903127,0.24521913774203039,0.2623011474104504,72.10430676131107,0.9249997981977365,297.1798624586601,274.8913128026917,22.28854965596842,0.49529384255117087,0.16585173109031273,0.24521913774203036,0.26230002415037657,72.10309347696555,0.9249996430059186,297.17618433921774,274.8878644236375,22.288319915580274,0.3928693817296548,0.09976636475369174,0.09965959841250435,0.24630306310985217,54.61168101582845,0.9249997938970976,239.70334579551712,221.72554545729804,17.977800338219076,0.38293839531286156,0.09879794292965301,0.0986189487287134,0.2462108838808923,54.51023976242676,0.9249997936407205,239.3476728170562,221.3965479641637,17.95112485289251,0.5047210962311103,,,0.101,100.28302833542689,992.901270647791,992.9012444224783,2.622531270776926e-05,30.77993939008152,0.4952789037688898,,,125.23120403831864,6.27743784023926e-05,53.849417736477015,,,,27.55593508284653,3.138715346981631e-05,1.7663954621449316,497.89935910487895,0.0,0.0,0.0,75.90973628912984
70,1,71,0.1016,4.4254068498164314e-05,0.0002466437816394013,908.5166289989239,,,,0,1.044729643335298e-13,1,1813.3117746245614,1813.3117746245614,1.4745814078854346e-13,290.12988393992987,60.20195091753544,0.33340741268536234,,,274.4238865677558,1813.3117303704928,1740.779084598167,72.53246185825712,1813.311546456424,0.00018391406904549903,0.8007134497763156,0.08039902837616389,0.05346892496547806,0.15759518762422564,91.61916905256729,0.96,605.5808928458747,581.3576571320397,24.22323571383506,0.7159930020283076,0.12949562705944814,0.06580761882071133,0.15764383033260781,91.47546615273221,0.96,604.4444854457839,580.2667060279525,24.1777794178314,0.6407841759627958,0.6407788229411415,1.5461296249581444e-06,0.15769404613610716,91.3292513624563,0.96,603.2861681647653,579.1547214381746,24.131446726590653,,,,498.6228191269787,1740.779084598167,1610.2204671416127,130.558575914414,1740.779043056027,4.154214015261967e-05,0.6853496077499616,0.19006004127094836,4.2760722313180306e-06,0.30966189958383805,124.65648962947823,0.9249999151617625,435.19653245573153,402.55675560024486,32.63977685548666,0.6853496077498878,0.1900600412709483,4.276072231360983e-06,0.3096615554829618,124.65609767361359,0.9249999151615943,435.1956476685461,402.55593717210024,32.639710496445836,0.6853482311105545,0.34210094013281894,0.04962209075191919,0.3096611057534279,124.6555853993161,0.9249999151613746,435.1944912761943,402.55486750917726,32.63962376701701,0.6853452741480773,0.35137772448260157,0.04897084564738583,0.30966028141959395,124.65464642457076,0.9249999151609718,435.1923716555549,402.5529068600904,32.63946479546452,0.6440882276387389,,,0.101,162.6322671813029,1610.2204671416127,1610.2204345660587,3.257555398477213e-05,49.91683448139,0.3559117723612611,,,203.0911561444339,0.0004932875620621396,87.32919714210658,,,,27.163083808457284,0.000246641542715455,2.7413927207584816,908.516628998924,0.0,0.0,0.0,92.30528950629066
71,1,72,0.1016,4.3744035572233113e-05,0.00024664352393138233,985.4819818408322,,,,0,1.0447256717041471e-13,1,1929.482214236529,1929.4822142365288,1.4745813567207178e-13,308.71715427784466,64.05880951265276,0.3334074127193797,,,289.5788031936367,1929.4821704924932,1852.3027152750308,77.17927980312636,1929.481995078157,0.00017541433614492248,0.8221958007563892,0.07235667239937078,0.05087432141929726,0.15631001562987548,96.66128524534928,0.96,644.16114598586,618.3947001464255,25.76644583943446,0.7544810245803522,0.10516899089605353,0.06668096834400908,0.15633433198230934,96.52632458958028,0.96,643.1617003499317,617.4352323359344,25.726468013997273,0.7033796207109483,0.06259812127240721,2.6765242546793105e-06,0.1563592036002383,96.39119335870714,0.96,642.1591487423653,616.4727827926707,25.686365949694625,,,,549.5871623845154,1852.3027152750308,1713.379851295645,138.92282510804657,1852.3026764036915,3.887133952676474e-05,0.729254759203759,0.12458785642861721,0.08068270497481975,0.32076235505786477,137.39719146849353,0.9249999328524715,463.0765198306759,428.34574974893144,34.730770081744495,0.7292547592036852,0.1245878564286172,0.08068270497481976,0.3207621716776116,137.39697936254558,0.9249999328524078,463.07606970077524,428.34533337877406,34.73073632200121,0.7292540850919437,0.11516168387567088,0.07125582989428178,0.3207619464015166,137.39671879803544,0.9249999328523295,463.0755167318101,428.3448218824822,34.730694849327946,0.7292526882858567,0.1149080867072758,0.0710006725694964,0.3207615607665846,137.39627275544083,0.9249999328521955,463.0745701404301,428.3439462854572,34.730623854972926,0.6853521023004344,,,0.101,173.05136498086017,1713.379851295645,1713.3798233769537,2.791869128644922e-05,53.11477539016499,0.3146478976995656,,,216.10221544523947,0.0004932870466461041,92.92395264145297,,,,26.736088648750755,0.00024664124924552843,2.9170162917852447,985.4819818408323,0.0,0.0,0.0,100.12496935502854
72,1,73,0.1016,4.374405214479756e-05,0.0002466435340666116,983.7027669318687,,,,0,1.0447413561186286e-13,1,1929.4782443013394,1929.4782443013394,1.4745818802411747e-13,308.71651908821434,64.05867771080446,0.33340741271937857,,,289.5782676040372,1929.4782005572872,1852.2989041369774,77.17912100570743,1929.4780251426846,0.00017541460263549382,0.829898161919915,0.05939119502222122,0.05168883385869546,0.15631004751011587,96.66110638715402,0.96,644.159822675967,618.3934297689283,25.766392907038707,0.7584742485021289,0.07690650744925794,0.07291328352748122,0.156334364494716,96.526146060381,0.96,643.1603770410653,617.4339619594226,25.72641508164262,0.696197892550702,0.09397888953456171,0.10116061769480802,0.15635923674699714,96.39101515650222,0.96,642.1578254256523,616.4715124086262,25.686313017026112,,,,549.5853546334154,1852.2989041369774,1713.376302103107,138.92255862958473,1852.298860732692,4.340428512967335e-05,0.7292523045659763,0.19006157584339192,0.19006403048117462,0.32076178003624756,137.39652626045276,0.9249999222185386,463.0751133125109,428.34444379541355,34.730669517097354,0.7292523045659025,0.19006157584339192,0.19006403048117462,0.3207617012225242,137.39643510098134,0.924999922218507,463.07491985391226,428.3442648462102,34.73065500770209,0.7292519980065363,0.07890519910120362,0.07890728618661098,0.32076159534494453,137.396312638261,0.9249999222184645,463.07465996343944,428.3440244475234,34.73063551591604,0.729251327816398,0.0789427993555061,0.07894415982496479,0.32076139476076254,137.39608063372026,0.9249999222183841,463.07416760282933,428.34356901396006,34.73059858886925,0.6853505677279909,,,0.101,173.05100651241384,1713.376302103107,1713.3762702778624,3.182524458118712e-05,53.114665365196316,0.31464943227200914,,,216.10179860887416,0.0004932870669165626,92.9237734018159,,,,28.512601748598854,0.00024664140114438895,2.917007934954813,983.7027669318686,0.0,0.0,0.0,99.94420112027785
73,1,74,0.1016,4.321413084278235e-05,0.00024664076350060997,1070.3290987680418,,,,0,1.0447392403837138e-13,1,2053.081964772031,2053.081964772031,1.4745821445418844e-13,328.49311436352497,68.16232123043143,0.33340741275472235,,,306.9332671907171,2053.0819215579,1970.958484190185,82.1232701745912,2053.081754364776,0.00016719312411011053,0.8393432872108684,0.05759830984965551,0.04815318455870211,0.1557235874602936,102.44322089207242,0.96,685.2634862168584,657.852946768184,27.410539448674385,0.7754700749802603,0.08082821657795779,0.06383239009982623,0.1557277888540265,102.3111858722559,0.96,684.3618132288854,656.9873406997299,27.374472529155444,0.722907212759289,0.0988548541657957,0.07214553395720863,0.15573239842582223,102.1788604263888,0.96,683.4564549190326,656.1181967222711,27.33825819676137,,,,607.3571899254242,1970.958484190185,1823.1364440694263,147.8220019484766,1970.958446017903,3.8172282025506355e-05,0.7759691907306882,0.08068325717396792,0.03396637100925599,0.3331389118114662,151.83962110619302,0.9249999398784976,492.7402551477233,455.78470638735956,36.95554876036372,0.7759691907306144,0.08068325717396792,0.033966371009255994,0.33313876990893787,151.83945403733586,0.9249999398784581,492.739922872085,455.7843990323947,36.95552383969032,0.7759686851848667,0.10357073090336137,0.05685404372503096,0.33313859060942375,151.83924293920958,0.9249999398784081,492.73950302829707,455.7840106768915,36.95549235140559,0.7759676220705872,0.10356296477811283,0.05684667052392359,0.3331382754126412,151.83887184268573,0.9249999398783203,492.73876496979756,455.78332797278057,36.955436997017,0.7292551669826403,,,0.101,184.13678085101205,1823.1364440694263,1823.1364173774762,2.6691950075456027e-05,56.51722976615221,0.27074483301735985,,,229.94538020143094,0.0004932815257845867,98.8765134866153,,,,28.098879121400785,0.0002466385992135831,3.1038746887167563,1070.3290987680416,0.0,-0.0,0.0,108.74543643483304
74,1,75,0.1016,4.321416264438004e-05,0.00024664051968346104,1071.5636268345622,,,,0,1.0447338129103058e-13,1,2053.0757341997696,2053.0757341997696,1.4745819901619867e-13,328.4921174719632,68.16211437543237,0.33340741275472024,,,306.9323556858655,2053.0756909856073,1970.9525028403261,82.12302095168035,2053.075523792007,0.00016719360014029916,0.8434912530543833,0.053067009452700035,0.04891904360918511,0.15572359669108643,102.44291648226142,0.96,685.2614093377902,657.8509529642786,27.410456373511607,0.7798901452895324,0.0720190765243992,0.06759900621512714,0.1557277989798583,102.31088203702555,0.96,684.35973636935,656.9853469145759,27.374389454774075,0.7261294368671343,0.08617570307039076,0.08295347896254555,0.1557324094503037,102.17855716657857,0.96,683.4543780848666,656.1162029614719,27.33817512339466,,,,607.3541752784574,1970.9525028403261,1823.13089742996,147.82156239677127,1970.952459826731,4.3013595327950846e-05,0.7759659949083009,0.1900642683321788,0.19006746415456613,0.3331380959119661,151.83866037689472,0.924999935102591,492.7383467731289,455.7829387877022,36.9554079854267,0.775965994908227,0.1900642683321788,0.19006746415456613,0.3331380470617361,151.83860286317028,0.9249999351025764,492.73823238625556,455.7828329798446,36.95539940641099,0.7759658154932576,0.07094829565016757,0.07095116534177669,0.33313798245769416,151.8385268017315,0.924999935102557,492.73808111048993,455.78269304976163,36.95538806072829,0.775965427079748,0.07095024663845781,0.07095244162929706,0.3331378622170418,151.8383852366609,0.9249999351025209,492.73779955685654,455.78243261265123,36.955366944205295,0.7292524744938533,,,0.101,184.13622064042596,1823.13089742996,1823.1308688425495,2.8587410408902706e-05,56.51705782032876,0.2707475255061467,,,229.94469816362013,0.0004932810381502912,98.87622021035665,,,,26.859864691744463,0.00024663825553771434,3.103863232389534,1071.5636268345625,0.0,-0.0,0.0,108.87086448639151
75,1,76,0.1016,4.266421744031363e-05,0.00013053859717372887,1088.5095303542341,,,,0,1.044735750619323e-13,1,2077.04742114703,2077.04742114703,1.4745819211166674e-13,332.3275873835248,68.9579743820814,0.3334074127913995,,,310.46874566489447,2077.0473784828127,1993.9653304620135,83.08188876925064,2077.047219231264,0.0001592515484717143,0.8460197756750673,0.050905896494328806,0.04837737387364491,0.15570344693790092,103.59959923468742,0.96,693.0883761734503,665.3648411265123,27.723535046938007,0.783816431094561,0.06985933932308011,0.06593305351805155,0.15570409700274393,103.489644581499,0.96,692.3498814795371,664.6558862203556,27.69399525918151,0.7319940207620589,0.08480855411712813,0.07894397022220351,0.15570501117663083,103.37950184870805,0.96,691.6089615782768,663.9446031151457,27.66435846313112,,,,618.9975664199845,1993.9653304620135,1844.4177710454674,149.54752111132666,1993.965292156794,3.830521945926673e-05,0.7850269928562643,0.03396624350083983,0.02490524555287636,0.33560621981557626,154.7497179916137,0.9249999377123483,498.49196412612923,461.1050357667757,37.38692835935351,0.7850269928561905,0.03396624350083982,0.02490524555287637,0.3356060792593413,154.7495519131834,0.9249999377123097,498.49163791600625,461.10473402241297,37.38690389359326,0.7850264914220034,0.0725863376930735,0.06352566176432761,0.3356058992820891,154.749339255719,0.9249999377122601,498.49122021532474,461.10434764928397,37.386872566040786,0.7850254267097111,0.07258586638032,0.06352586675035693,0.33560557598913127,154.74895725946834,0.9249999377121711,498.4904698993339,461.1036536069948,37.38681629233911,0.7759694881669814,,,0.101,186.2861948755922,1844.4177710454674,1844.4177448201553,2.6225311927665044e-05,57.17695090240949,0.22403051183301861,,,232.6295170753263,0.0002610771940066512,100.0306923423903,,,,27.24336822202814,0.000130537971861864,3.1401059038441694,1088.5095303542344,0.0,-0.0,0.0,110.59256828399019
76,1,77,0.1016,4.266425746711092e-05,0.0002466295795934297,1084.3230747314942,,,,0,1.0447607417791667e-13,1,2077.056508957893,2077.056508957893,1.4745823139352873e-13,332.3290414332629,68.95827609740205,0.33340741279139685,,,310.47009769691425,2077.0564662936354,1993.974054759868,83.08225228166128,2077.056307041529,0.0001592521061611433,0.8474864965198029,0.04968151220407007,0.04821479135933442,0.15570344480539178,103.60005122019737,0.96,693.0914094798583,665.3677531006639,27.7236563791944,0.7853293938134442,0.06784323437202698,0.06633027165314373,0.1557040938037384,103.49009525785435,0.96,692.3529107471461,664.6587943172602,27.694116429885913,0.7330150917391601,0.08163139153666873,0.08061032055956754,0.15570500691046282,103.37995121886253,0.96,691.6119868145248,663.9475073419438,27.664479472580975,,,,619.0020109191314,1993.974054759868,1844.4258467234226,149.54816728730887,1993.9740140107315,4.0749136407312094e-05,0.7850295939459506,0.190067660578758,0.19006505948907162,0.3356069825013463,154.75061928935315,0.924999941706135,498.4937324473401,461.1066734546632,37.387058992676856,0.7850295939458769,0.190067660578758,0.19006505948907165,0.33560693356535326,154.75056146749657,0.9249999417061221,498.4936188745046,461.1065683997906,37.38705047471399,0.7850294164766567,0.0669972986871444,0.06699437363249122,0.3356068691457639,154.75048535051707,0.924999941706105,498.4934693666163,461.1064301049941,37.387039261622164,0.785029033685954,0.06699792457998442,0.06699431760374153,0.3356067502044975,154.7503448117646,0.9249999417060736,498.49319332227054,461.1061747639747,37.38701855829585,0.7759660959204022,,,0.101,186.2870105190657,1844.4258467234226,1844.4258204981106,2.622531192890813e-05,57.1772012484261,0.22403390407959786,,,232.63052920767606,0.0004932591579703364,100.0311275593007,,,,31.43678429235466,0.0002466276453449936,3.1401176380544387,1084.3230747314944,0.0,-0.0,0.0,110.1672243927198
77,1,78,0.1016,4.2559205571550976e-05,0.00024662663277568293,1085.0290801643057,,,,0,1.0448489970535144e-13,1,2098.151668044134,2098.151668044134,1.4745828012992864e-13,335.7042668870614,69.65863537906526,0.33340741279840347,,,313.63220969706634,2098.1516254849284,2014.2254089792477,83.92605870746868,2098.1514676867164,0.00015779821184473865,0.8493367045272135,0.049389400895941654,0.04753919288853098,0.15571052187426906,104.6669408163342,0.96,700.1971481309804,672.1892622057412,28.007885925239194,0.7886794661470204,0.06809131448380273,0.06474124215022647,0.15570849022879402,104.54409949177922,0.96,699.3844939171591,671.4091141604728,27.975379756686372,0.738187359928571,0.08288221615805445,0.0777099479686435,0.15570677039678432,104.4211693889529,0.96,698.5698256385768,670.6270326130337,27.942793025543118,,,,629.3690135384519,2014.2254089792477,1863.1583523126228,151.06701912436154,2014.2253714369845,3.754226351719978e-05,0.7930033941548531,0.024905054967112015,0.016931254758209602,0.3377971211873887,157.34258051702093,0.9249999422773408,503.5569784083572,465.7901759610826,37.766802447274664,0.7930033941547793,0.02490505496711202,0.0169312547582096,0.3377969794842554,157.34241254779772,0.9249999422773043,503.5566520799437,465.78987410730053,37.766777972643176,0.7930028958491829,0.0698176780299699,0.06184419865744364,0.33779679942528745,157.34219911315324,0.924999942277258,503.5562374215715,465.7894905483069,37.76674687326462,0.7930018443787604,0.0698175083288642,0.061844697636057745,0.3377964807432787,157.34182136047988,0.9249999422771761,503.555503527112,465.78881169593296,37.766691831179074,0.78502728445413,,,0.101,188.1789935835749,1863.1583523126228,1863.1583260873113,2.6225311537398516e-05,57.75790892169131,0.21497271554587002,,,234.993184158611,0.0004932532643348719,101.04706918820273,,,,46.15187653468453,0.00024662531546631035,3.172011528537576,1085.029080164306,0.0,-0.0,0.0,110.23895454469346
78,1,79,0.1016,4.255917652218401e-05,0.0002466278923953091,1084.758695195425,,,,0,1.0448506669769808e-13,1,2098.144420129681,2098.144420129681,1.4745828216538304e-13,335.70310722074896,69.65839474830541,0.3334074127984054,,,313.6311150586527,2098.1443775705043,2014.2184509817844,83.92576879090775,2098.144219772692,0.00015779781249468234,0.8499877052324493,0.04849836173076344,0.0478473610255277,0.15571051536307207,104.66657510678307,0.96,700.1947308997057,672.1869416637176,28.007789235988266,0.789363536742614,0.06638574059493109,0.06570166999933763,0.15570848465943646,104.54373461047354,0.96,699.3820779308246,671.4067948135915,27.975283117232983,0.7386451563015328,0.08011180741674954,0.07965401104378775,0.15570676577071008,104.42080534139612,0.96,698.5674109421618,670.6247145044754,27.942696437686497,,,,629.3654305115509,2014.2184509817844,1863.1519133164604,151.0664970435339,2014.218410359994,4.0621790321428875e-05,0.7929998379874688,0.19006525075802227,0.1900688069254066,0.33779619172356506,157.34147876843568,0.9249999422771231,503.55483794138615,465.7881960291483,37.76664191223788,0.792999837987395,0.19006525075802227,0.1900688069254066,0.3377961420483173,157.3414198854608,0.9249999422771104,503.5547235438084,465.788090211389,37.76663333241941,0.7929996567556129,0.06523855219411037,0.06524179128768041,0.33779607533227723,157.3413408030456,0.9249999422770931,503.5545699028049,465.787948093461,37.7666218093439,0.7929992606359226,0.06523909395720244,0.06524167770004023,0.33779594900047416,157.34119105460897,0.9249999422770606,503.55427897199473,465.78767898246207,37.766599989532715,0.7850296942748656,,,0.101,188.17834324496252,1863.1519133164604,1863.1518870911489,2.6225311536535742e-05,57.75770931281028,0.2149703057251343,,,234.99237524072015,0.0004932557835741118,101.04672135350967,,,,46.4169335034174,0.0002466265825982891,3.1719985933663994,1084.758695195425,0.0,-0.0,0.0,110.21148343185517
79,1,80,0.1016,4.2467157754615596e-05,0.0001810770329567033,1088.5091265000017,,,,0,1.0448289493617659e-13,1,2098.144721099181,2098.144721099181,1.4745825379677285e-13,335.70315537586896,69.65840474049281,0.3334074128045427,,,313.63116071640775,2098.144678632023,2014.2187412081776,83.92578088367418,2098.1445220918517,0.0001565401712156956,0.8499315895797743,0.04797804260406309,0.04803415825673799,0.15571051563051966,104.66659013136695,0.96,700.1948302079813,672.187036999662,28.007793208319306,0.7892296942058364,0.06571938507092928,0.06585322760770686,0.15570848489164424,104.54374982738162,0.96,699.3821786866953,671.4068915392274,27.97528714746788,0.7385210572138731,0.07947791613919457,0.07960201522685428,0.15570676596655364,104.42082075765917,0.96,698.5675131971751,670.6248126692881,27.942700527886995,,,,629.3655797570825,2014.2187412081776,1863.1521812786957,151.06652215182467,2014.2187034305202,3.7777657441031866e-05,0.7930007521191598,0.01693106348,0.01693014934830903,0.3377963911278478,157.34171508161236,0.9249999407242157,503.55529782875914,465.7886206429669,37.76667718579217,0.7930007521190859,0.01693106348,0.01693014934830903,0.33779625021746285,157.34154805225958,0.9249999407241788,503.55497332513545,465.78832047711575,37.76665284801971,0.793000261488827,0.06468726746031747,0.0646866627271034,0.33779607457909744,157.3413398578402,0.9249999407241329,503.5545688459487,465.7879463338689,37.76662251207984,0.7929992357855865,0.06468715642110821,0.06468718127144435,0.33779576826449703,157.3409767653704,0.9249999407240529,503.5538634306769,465.787293824744,37.766569605932936,0.7930036857619778,,,0.101,188.17837030914828,1863.1521812786957,1863.1521550533853,2.6225310331871468e-05,57.757717619639564,0.20699631423802228,,,234.99240950562452,0.00036215406525762873,101.04673608741854,,,,42.666527513735204,0.0001810762647956915,3.172001001512659,1088.5091265000017,0.0,-0.0,0.0,110.59252725240016
80,1,81,0.1016,4.246720306283579e-05,0.0002466344502146151,1082.211731364709,,,,0,1.0448461826845384e-13,1,2093.657272368482,2093.657272368482,1.4745827025708356e-13,334.98516357895716,69.50942144263361,0.33340741280453967,,,312.95446116262366,2093.657229901279,2009.910790426073,83.74628293441968,2093.6570733604926,0.0001565407864289424,0.8495655131073572,0.047839590155462346,0.048205666627879486,0.15570677878819422,104.42182919119573,0.96,698.5742020184733,670.6312339377344,27.94296808073892,0.788547149677063,0.06551272881152302,0.06619527334029643,0.1557055727847536,104.31825272957055,0.96,697.8866886384359,669.9712210928984,27.915467545537442,0.7374894278680888,0.07914880520094113,0.08018043454672551,0.1557045889474636,104.21437924185737,0.96,697.1961827035835,669.3083353954403,27.887847308143318,,,,627.1507609085243,2009.910790426073,1859.1673272979474,150.7434224943258,2009.9107497922732,4.063379964349148e-05,0.7913039003967857,0.19006899806033256,0.19176584978270667,0.33732894113825174,156.78780810305105,0.9249999421567084,502.47791699059974,464.7920441513281,37.685872839271624,0.7913039003967118,0.19006899806033256,0.19176584978270667,0.3373288918089579,156.78774967000936,0.9249999421566957,502.47780320260944,464.7919388974372,37.68586430517223,0.7913037225134624,0.06411048894113229,0.0658070279164968,0.3373288268184524,156.7876726854775,0.9249999421566788,502.4776532888381,464.79180022719896,37.685853061639115,0.7913033386632674,0.06411100550791361,0.06580690263023269,0.3373287067429323,156.7875304499863,0.9249999421566477,502.477376310226,464.7915440219832,37.685832288242835,0.7929999384596675,,,0.101,187.7759000570927,1859.1673272979474,1859.1673010726374,2.62253101579104e-05,57.63418714623637,0.20700006154033257,,,234.4898147550585,0.0004932688992126592,100.83062034467514,,,,45.67013066688108,0.0002466331189190293,3.1652148619702274,1082.211731364709,0.0,-0.0,0.0,109.95271190665444
81,1,82,0.1016,4.246718799494124e-05,8.067142291680173e-05,1088.5096877767305,,,,0,1.0448116715227596e-13,1,2093.649515577311,2093.649515577311,1.4745822844873445e-13,334.98392249236974,69.50916391716673,0.33340741280454067,,,312.9532934375663,2093.649473110123,2009.9033439067598,83.74597266278164,2093.6493165695415,0.00015654058168956123,0.8494378602069702,0.04800215485843447,0.04812980775882151,0.15570677381889672,104.421438548142,0.96,698.5716109402904,670.6287465026787,27.94286443761163,0.7884031417242625,0.06584833821764745,0.06599234617044793,0.1557055686756301,104.31786348434302,0.96,697.8841030143024,669.9687388937303,27.915364120572082,0.737387851154235,0.07969021660651072,0.07979179332036442,0.15570458569872261,104.21399140508126,0.96,697.1936026149485,669.3058585103506,27.887744104597935,,,,627.1469272397297,2009.9033439067598,1859.1604202367128,150.74288442723673,2009.9033046639493,3.9242810665600466e-05,0.7913017734482264,0.01692995697870025,0.01693208392725946,0.33732830194764885,156.7870506150204,0.9249999320478318,502.47644698501034,464.79067931677054,37.685767668239805,0.7913017734481527,0.01692995697870026,0.01693208392725945,0.33732816207290006,156.78688492647865,0.9249999320477923,502.47612433484596,464.79038086537054,37.685743469475455,0.7913012839893322,0.06505686604182069,0.06505930456595087,0.3373279872323479,156.78667781926478,0.9249999320477428,502.4757210285679,464.7900078070658,37.685713221502034,0.7913002579689133,0.0650567465002816,0.06505982719463567,0.3373276799927107,156.7863138789659,0.9249999320476557,502.4750123155252,464.78935224750575,37.68566006801944,0.7930010449609671,,,0.101,187.77520244390803,1859.1604202367128,1859.1603940114028,2.6225310157485836e-05,57.6339730273381,0.20699895503903282,,,234.48896502532733,0.0001613428457034459,100.83025496089074,,,,39.365977358742335,8.067125766488381e-05,3.165205088854625,1088.5096877767305,0.0,-0.0,0.0,110.59258427811582
82,1,83,0.1016,4.2486739425180305e-05,0.0002466319110952719,1083.5227784827357,,,,0,1.0448388073463566e-13,1,2093.657284572443,2093.657284572443,1.4745826512532537e-13,334.9851655315909,69.50942184780511,0.3334074128032367,,,312.9544629567166,2093.6572420857037,2009.9108018679683,83.74628341116538,2093.6570852791338,0.00015680657016783615,0.8495364498442695,0.04812351831931998,0.04802492868202068,0.1557067787951286,104.42182973614624,0.96,698.5742056330405,670.6312374077188,27.942968225321692,0.788521931667382,0.06599178833383862,0.06587299839071906,0.1557055727910117,104.31825332214987,0.96,697.8866925747285,669.9712248717393,27.915467702989105,0.7374760849605575,0.07979713732640059,0.0797089035200781,0.1557045889529661,104.21437989842048,0.96,697.1961870713649,669.3083395885102,27.887847482854575,,,,627.1507667753166,2009.9108018679683,1859.1673378656435,150.74342335126073,2009.9107612169043,4.065106404563637e-05,0.7913039043506879,0.19176604215340254,0.19176391125094114,0.33732894225696514,156.78780942822243,0.9249999421566651,502.4779195711579,464.79204653832255,37.68587303283539,0.791303904350614,0.19176604215340254,0.19176391125094114,0.337328892986128,156.78775106442558,0.9249999421566524,502.4778059180103,464.7919414091611,37.68586450884917,0.7913037266799702,0.0650954600570487,0.06509301736641081,0.3373288280737261,156.78767417241122,0.9249999421566356,502.4776561844012,464.7918029055729,37.685853278828255,0.7913033432922808,0.06509598222968463,0.06509289690631717,0.3373287081445382,156.78753211025742,0.9249999421566045,502.4773795433351,464.79154701258716,37.6858325307479,0.7913040008678973,,,0.101,187.77590112443002,1859.1673378656435,1859.1673116403333,2.6225310367241944e-05,57.63418747383495,0.20869599913210277,,,234.4898161255401,0.0004932638209739977,100.83062093398225,,,,44.35909226945953,0.000246630540463545,3.165214878673553,1083.522778482736,0.0,-0.0,0.0,110.08591429384595
83,1,84,0.1016,4.248676107448981e-05,0.00024662209257601077,1085.7469267579143,,,,0,1.0448404158492457e-13,1,2097.307490503605,2097.307490503605,1.4745826696371985e-13,335.5691984805768,69.63060868471969,0.3334074128032352,,,313.50471518271365,2097.307448016844,2013.4149995615792,83.8922916483993,2097.3072912099788,0.00015680686540667045,0.8498379144973554,0.048190455952424265,0.04788899129933833,0.15570958814561917,104.61280938316739,0.96,699.8392182431998,671.8456495134717,27.993568729728068,0.7890917505934095,0.0661591191373799,0.06558930021135247,0.15570786051061972,104.50162727222394,0.96,699.1031883998924,671.1390608638966,27.96412753599573,0.7383461795727683,0.08013082598685962,0.07926073137464885,0.15570638769072792,104.39027852732235,0.96,698.3648845668863,670.4302891842108,27.934595382675493,,,,628.9519677109047,2013.4149995615792,1862.408723636469,151.0062384197494,2013.4149620562182,3.750536101551353e-05,0.7926843351791348,0.016931892545336353,0.015551461716889363,0.3377091576364016,157.23831872600215,0.9249999422546309,503.35437569203145,465.6027684487449,37.75160724328654,0.792684335179061,0.01693189254533635,0.015551461716889365,0.33770901590597596,157.23815074599435,0.9249999422545945,503.35404919976156,465.60246644339577,37.75158275636581,0.7926838369853235,0.06566389722002097,0.06428378691466759,0.33770883601876056,157.23793754231127,0.9249999422545481,503.35363480872144,465.60208313168425,37.75155167703721,0.7926827864658834,0.06566377291903308,0.06428432974543043,0.3377085180610696,157.23756069659694,0.9249999422544662,503.3529023557038,465.601405612644,37.751496743059825,0.7913020653012611,,,0.101,188.1032810872834,1862.408723636469,1862.4086974111585,2.6225310519515998e-05,57.73467043273054,0.20869793469873887,,,234.89863628558146,0.0004932441839355724,101.00641360280002,,,,44.813777089264036,0.00024662073596495865,3.170735293809403,1085.7469267579143,0.0,-0.0,0.0,110.31188775860409
84,1,85,0.1016,4.2486738168624085e-05,0.00024663807191479105,1078.4335582954384,,,,0,1.0448629749616826e-13,1,2097.3005409731636,2097.3005409731636,1.4745826613284378e-13,335.5680865557062,69.63037796030903,0.33340741280323677,,,313.50366624424777,2097.3004984864256,2013.408328012677,83.89201366719496,2097.300341679872,0.0001568065533956865,0.8499668891885225,0.04805516530828325,0.04792619061711619,0.15570958229578732,104.61245880958911,0.96,699.836899266656,671.8434232959899,27.99347597066623,0.7892088686102213,0.0658869831384737,0.06576986512166186,0.15570785548202504,104.50127762763142,0.96,699.1008718975586,671.1368370216562,27.96403487590237,0.7384721744716514,0.07959391611723686,0.07946792121835383,0.15570638348410265,104.38992980702723,0.96,698.3625705156575,670.4280676950311,27.93450282062637,,,,628.9485336298153,2013.408328012677,1862.4025496064867,151.0057378221238,2013.4082874286105,4.058406653952876e-05,0.7926808910523021,0.19176410275127412,0.1917675468781068,0.3377082594812081,157.2372542260462,0.9249999422546704,503.352306685793,465.60085461811366,37.75145206767932,0.7926808910522284,0.19176410275127412,0.1917675468781068,0.3377082098903924,157.23719545069727,0.9249999422546576,503.3521924473268,465.60074894753257,37.75144349979419,0.7926807101762742,0.06487481562004241,0.06487794242909173,0.33770814334254484,157.23711657777287,0.9249999422546406,503.3520391462454,465.6006071440325,37.75143200221287,0.7926803150448783,0.06487529509503663,0.06487776651604175,0.337708017455176,157.23696737529906,0.9249999422546081,503.35174914924534,465.60033889680795,37.75141025243742,0.7913040047033896,,,0.101,188.10265751025517,1862.4025496064867,1862.4025233811763,2.6225310518957027e-05,57.73447903780109,0.20869599529661048,,,234.89786078543415,0.0004932761426129754,101.00608013773667,,,,52.12203900309455,0.00024663690545342226,3.1707228073256832,1078.4335582954382,0.0,-0.0,0.0,109.56884952281654
85,1,86,0.1016,4.247083173637104e-05,9.581358359025651e-05,1088.5096509804875,,,,0,1.0448257532323319e-13,1,2097.30125417046,2097.30125417046,1.474582495254969e-13,335.5682006672736,69.63040163845926,0.33340741280429764,,,313.5037739249777,2097.3012116996283,2013.4090129051433,83.89204220438116,2097.3010551095244,0.00015659010361799205,0.8503143005313225,0.047986871211604484,0.04763945986880437,0.15570958288737166,104.61249426946873,0.96,699.8371338274414,671.8436484743438,27.993485353097707,0.7892071612019671,0.06571528334714716,0.06571699075540137,0.15570785599814213,104.50131352204762,0.96,699.1011097095734,671.1370653211903,27.964044388382987,0.7380214174828451,0.07992050631288783,0.08037126330169406,0.1557063839221913,104.38996613346131,0.96,698.3628115725097,670.4282991096093,27.934512462900457,,,,628.9488792322782,2013.4090129051433,1862.4031697932248,151.0058042642084,2013.4089740574332,3.884771007320711e-05,0.7926819281405427,0.015551270205234367,0.015550233116993774,0.33770849155005517,157.2375290259142,0.9249999348320398,503.35284452426356,465.6013483824657,37.75149614179791,0.7926819281404689,0.015551270205234365,0.015550233116993778,0.33770835350218553,157.2373654106604,0.9249999348320017,503.3525265144425,465.60105422338273,37.75147229105979,0.7926814513455207,0.06477747401564554,0.06477673284639907,0.3377081842971703,157.23716486779554,0.924999934831955,503.3521367301908,465.60069367295176,37.75144305723901,0.7926804628871705,0.06477760351952039,0.06477745567722816,0.33770789325924944,157.23681992790807,0.9249999348318747,503.35146628853647,465.6000735144248,37.75139277411167,0.7926846270434915,,,0.101,188.1027201491157,1862.4031697932248,1862.4031435679144,2.622531033847113e-05,57.73449826358997,0.2073153729565085,,,234.89795401244183,0.00019162716699690818,101.00612022534997,,,,42.046009766634654,9.581336534452944e-05,3.170725770513703,1088.5096509804875,0.0,-0.0,0.0,110.59258053961753
86,1,87,0.1016,4.247087408175118e-05,0.00024663083283342084,1083.9278332270117,,,,0,1.0448520280070977e-13,1,2097.308712392884,2097.308712392884,1.4745828302277983e-13,335.5693939828614,69.63064925144376,0.33340741280429487,,,313.5048996446721,2097.30866992201,2013.416172798077,83.89234053325326,2097.3085133313307,0.000156590679263089,0.8522052834408209,0.04829303819619998,0.04640205528670168,0.15570958916708585,104.61287058285609,0.96,699.8396230661373,671.8460381434917,27.99358492264553,0.7922869671587701,0.06602035380508839,0.0629405478482854,0.15570786139521758,104.50168876117868,0.96,699.1035957818241,671.1394519505511,27.964143831272995,0.7416511405968463,0.07691080221801709,0.07328107910401584,0.15570638843616627,104.39034030063732,0.96,698.3652944833691,670.4306827040344,27.934611779334745,,,,628.9525697178125,2013.416172798077,1862.4098059653538,151.00632617582406,2013.4161321411777,4.065689921876762e-05,0.7926839703903094,0.19176773839122294,0.1917656961414563,0.33770910813323185,157.23826005446,0.9249999422547667,503.3542616557644,465.60266296527277,37.751598690491605,0.7926839703902355,0.1917677383912229,0.1917656961414563,0.33770905892299263,157.23820173010003,0.924999942254754,503.3541482943395,465.6025581059549,37.75159018838457,0.7926837932089953,0.06468803481759133,0.0646856929541167,0.3377089941051895,157.2381249075401,0.9249999422547374,503.3539989790738,465.6024199893344,37.75157898973941,0.7926834109415798,0.06468748552989147,0.06468453747548225,0.3377088743946564,157.2379830257123,0.9249999422547065,503.3537232119999,465.6021649047915,37.75155830720846,0.7926809914035428,,,0.101,188.10339040250074,1862.4098059653538,1862.4097797400434,2.622531033923512e-05,57.734703984925964,0.20731900859645727,,,234.89877606216112,0.0004932616644503062,101.00647370672928,,,,46.6337664304709,0.00024662952909827024,3.1707351449311196,1083.927833227012,0.0,-0.0,0.0,110.12706785586438
87,1,88,0.1016,4.247086056132418e-05,0.00014925076437983828,1088.5094296880823,,,,0,1.0448594999142039e-13,1,2105.3190174752294,2105.3190174752294,1.474582850302432e-13,336.85104279603667,69.89659138017763,0.33340741280429576,,,314.7174485222941,2105.318975004369,2021.1060656773177,84.21275273655502,2105.3188184138726,0.00015659049621551658,0.853567952761519,0.04851193509978316,0.04714926577908502,0.15571810321682084,105.02059303364973,0.96,702.5287928430379,674.4276411293164,28.101151713721553,0.8010338096938434,0.06919750413581817,0.06045066160074487,0.15571536557479182,104.9059595408984,0.96,701.7742968721276,673.7033249972424,28.07097187488517,0.7635015570347933,0.09829710937731057,0.07644669293936364,0.1557128874719148,104.79089594774595,0.96,701.0157286987071,672.9750995507588,28.04062914794829,,,,632.9172378894698,2021.1060656773177,1869.5229547893618,151.58307422308982,2021.1060290124517,3.6664866059759525e-05,0.7957189156938886,0.01555004375812276,0.012515098454543471,0.3385460028773457,158.23076032146872,0.9249999396140003,505.2793154901764,467.3833363166166,37.89597917355982,0.7957189156938148,0.015550043758122752,0.01251509845454348,0.33854511991107633,158.22971254413463,0.9249999396137688,505.27728743644985,467.381460366925,37.895827069524856,0.7957161807871306,0.06526390844891024,0.062231520870774916,0.338544415453306,158.22887659597387,0.9249999396135841,505.27566938803477,467.37996367214544,37.89570571588931,0.7957114416702239,0.06526858195249574,0.06224055122385166,0.3385435827180989,158.22788842789257,0.9249999396133658,505.27375669779093,467.37819443367505,37.89556226411585,0.7926822178506543,,,0.101,188.82181843372555,1869.5229547893618,1869.5229285640512,2.6225310683758668e-05,57.95521159847022,0.20731778214934568,,,235.79593232068228,0.00029850152831416076,101.39225089789339,,,,47.947522909699984,0.00014925030001714854,3.182865453845058,1088.5094296880825,0.0,-0.0,0.0,110.59255805630916
88,1,89,0.1016,4.247084048176263e-05,0.0002466258345895329,1085.1811223605873,,,,0,1.0448617893112331e-13,1,2105.306939421034,2105.306939421034,1.474582681088955e-13,336.84911030736544,69.89619038877832,0.3334074128042971,,,314.71561496840957,2105.3068969501933,2021.0944707455712,84.21226961439888,2105.3067403599703,0.00015659022325228638,0.8375278394753631,0.04417973807946628,0.06021985136562216,0.1557180879042179,105.01998155346774,0.96,702.5247714670573,674.423780608375,28.100990858682323,0.7772246131360911,0.05902756283268691,0.08283675939043925,0.15571535169685422,104.9053483704805,0.96,701.7702709577574,673.6994601194469,28.070810838310358,0.7273106594386567,6.486285901088984e-06,0.036197383882037665,0.15571287503880307,104.79028504446134,0.96,701.0116979351553,672.9712300177491,28.0404679174062,,,,632.9112492067534,2021.0944707455712,1869.5122330027043,151.58219865085502,2021.094431653559,3.909201227023102e-05,0.7957071592724803,0.19176588575814568,0.1917776421795541,0.3385436721167867,158.22799461235667,0.9249999424684185,505.2739607932791,467.3783846645731,37.895576128706,0.7957071592724063,0.19176588575814565,0.1917776421795541,0.33854359934215283,158.2279082541343,0.9249999424684,505.27379363869284,467.3782300465811,37.89556359211175,0.7957068897178177,0.06698026294056217,0.0669895540098751,0.33854349943278855,158.22778969642266,0.9249999424683745,505.2735641588211,467.3780177777001,37.89554638112102,0.7957062897806151,0.0669537608031456,0.06695891269275435,0.3385433030377992,158.22755664383973,0.9249999424683245,505.273113062766,467.37760051384976,37.89551254891625,0.7926840704837316,,,0.101,188.82073553327314,1869.5122330027043,1869.5122067773937,2.6225310682939306e-05,57.95487922308383,0.20731592951626843,,,235.79457605341747,0.0004932516679625798,101.39166770296951,,,,51.26721722535121,0.0002466246487863949,3.1828274980433195,1085.1811223605873,0.0,-0.0,0.0,110.25440203183567
89,1,90,0.15246,4.243590221882875e-05,5.52177848463923e-05,497.89931474785527,,,,0,1.0446960763519226e-13,1,1150.2146014076563,1150.2146014076561,1.4745645848118483e-13,184.034336225225,38.18712476673419,0.33340741280662733,,,175.69467521165487,1150.214558971754,1104.2058267413724,46.0085761142239,1150.2144028555963,0.00015611615766035822,0.7899198563381097,0.040606880736808154,0.08821486387406154,0.15908928630366828,87.89787187004605,0.96,575.5276507003919,552.5065446723762,23.021106028015687,0.6711081277246872,0.04872871972345498,0.1548452051348589,0.1591376587504985,87.79517711855605,0.96,574.6805012499678,551.6932811999692,22.987220049998758,1.597846005971556e-05,3.0064571130089045e-06,0.7272976874357101,0.27099792470880013,0.0016262230527592293,0.96,0.00625090523643109,0.006000869026973847,0.0002500362094572434,,,,261.6451700793964,1104.2058267413724,1021.3902084726349,82.81558100198149,1104.2057894746165,3.726675593522879e-05,0.45225047518647205,0.012512713862286631,0.35596939794829485,0.2562614865026958,65.51587723104892,0.9249998672127071,276.3895055757758,255.66025595657837,20.729249619197386,0.452250475186398,0.012512713862286588,0.3559693979482949,0.25619306385665913,65.4411958517338,0.9249998671020607,276.1481823829509,255.43703200470523,20.71115037824567,0.44600258337083226,0.036931574353189944,0.3866358807001754,0.2561389380892176,65.38211787455948,0.9249998670206372,275.95718700188536,255.26036128013305,20.696825721752283,0.43922713230584354,0.03657013160297365,0.3930492890777452,0.2560691831621782,65.3059791220542,0.9249998669104708,275.7109145140044,255.03255923121824,20.678355282786143,0.7957214003795677,,,0.101,103.16041105573613,1021.3902084726349,1021.3901822473251,2.6225309782344932e-05,31.66309646265168,0.2042785996204323,,,128.82426304417348,0.00011043556963180453,55.3944331089946,,,,42.60110725228669,5.5217713305977e-05,1.7897306660495458,497.89931474785527,0.0,0.0,0.0,75.90972952645802
90,1,91,0.15246,4.243606644506801e-05,6.965531855260137e-05,497.8992770162092,,,,0,1.0445634289357002e-13,1,1116.0303170495708,1116.0303170495706,1.4745597230232664e-13,178.56485072793134,37.05220652604575,0.33340741280661634,,,171.5932614308466,1116.0302746135042,1071.3889137553292,44.641204739805424,1116.0301184951347,0.000156118369393759,0.7659541385190892,0.053811185780527654,0.07777690359954817,0.16012688880278947,85.85488296027532,0.96,558.5081332618082,536.1678079313358,22.34032533047234,0.6408779629849886,0.0747790463652026,0.10500921110490122,0.16019154928369977,85.73720376266282,0.96,557.5174698796725,535.2167710844856,22.30069879518692,1.0937525348202271e-05,2.32635539502177e-06,7.367290106535053e-06,0.27099850090745964,0.0011747079084894704,0.96,0.00451535365415564,0.004334739507989414,0.000180614146166226,,,,251.58700199272448,1071.3889137553292,991.034573480743,80.3543022833826,1071.3888757641257,3.7991203648100834e-05,0.42180805253003667,0.19177998050627607,0.22222240316271138,0.2538632104275526,62.896989161556675,0.9249998725013018,267.848004826818,247.75937031453475,20.088634512283264,0.4218080525299628,0.1917799805062761,0.22222240316271133,0.25386314047841524,62.896912734637816,0.9249998725011863,267.847753163808,247.7591375262516,20.08861563755638,0.4218074691414039,0.0754258875033087,0.09962100173273708,0.2538629564566382,62.89671167113836,0.9249998725008826,267.8470910895305,247.75852510754802,20.088565981982484,0.42180611773908744,0.07725485755499742,0.09467587212175355,0.25386266060856505,62.89638842539164,0.9249998725003944,267.84602668396906,247.75754053240863,20.088486151560463,0.7957073056314373,,,0.101,100.09449192155505,991.034573480743,991.0345472554329,2.6225310067287493e-05,30.722071777903032,0.20429269436856268,,,124.99561367576833,0.00013931063700816545,53.748113880580384,,,,25.3756872948726,6.965512740038385e-05,1.687229691940491,497.89927701620917,0.0,0.0,0.0,75.90972377389126
91,1,92,0.15246,4.542158597935475e-05,3.907928366769294e-05,497.899346631531,,,,0,1.0445282750594323e-13,1,1113.0338798744463,1113.033879874446,1.4745599914194362e-13,178.0854207799114,36.952724811831615,0.3334074126074933,,,171.23732706009866,1113.0338344528602,1068.5122834014958,44.52134514172903,1113.033628543225,0.0002059096350814905,0.7619489159894358,0.06968889918816856,0.07369412171782201,0.16023086721710292,85.66612295845287,0.96,556.9185656810229,534.6418230537819,22.276742627240928,0.6397097303092057,0.10109159825157532,0.1022598309273582,0.16028406012169857,85.57052085073475,0.96,556.1124365818002,533.8679391185282,22.244497463272022,6.8346110104304635e-06,1.925371602815397e-06,6.028285940587223e-06,0.270999128076555,0.0006832509110577344,0.96,0.002626280401970217,0.0025212291858914084,0.0001050512160788087,,,,250.71560785190604,1068.5122834014958,988.3736507173808,80.13859100804761,1068.5122417254286,4.16760673014822e-05,0.4468828238586927,0.2550993182798672,0.2300245469512111,0.2539634116929564,63.00646988906068,0.9249998389974763,268.2083768862745,248.09270543757833,20.115671448696162,0.44688282385861894,0.2550993182798672,0.23002454695121108,0.2539475294232618,62.98911795875356,0.9249998358974099,268.1512829626693,248.03989273614908,20.111390226520264,0.43337566309215936,0.12014867981306178,0.10858048586230626,0.25341696180710027,62.40935707718645,0.9249998390582119,266.23942800264433,246.2714280533964,19.967999949247922,0.42444644659380604,0.11489990426412272,0.1122595754094041,0.2533266579402063,62.31066292690536,0.9249998388833173,265.9131538738402,245.96962449025696,19.943529383583265,0.5531207012138568,,,0.101,99.82573872245547,988.3736507173808,988.3736244920689,2.62253118807775e-05,30.6395831722388,0.44687929878614324,,,124.66004947274195,7.815856730484209e-05,53.603821273279046,,,,23.87944424078027,3.907921972888374e-05,1.7515877574032772,497.899346631531,0.0,0.0,0.0,75.90973438744322
92,1,93,0.15246,4.721982354086743e-05,5.054304655328061e-05,497.89932491357496,,,,0,1.0446902093572961e-13,1,1127.331334951593,1127.331334951593,1.4745591129706633e-13,180.3730135922549,37.427400320392884,0.3334074124875575,,,172.93989906029503,1127.3312877317692,1082.2377973024556,45.093241554269085,1127.3310388567245,0.00024887504482971385,0.7642477907545332,0.07375710278631711,0.07145822802121964,0.15977137150378248,86.52031163079049,0.96,564.0893219299933,541.5257490527935,22.563572877199785,0.6430683742462174,0.10354036471474819,0.10018172077773652,0.15982467494810165,86.41846594018091,0.96,563.2374061362701,540.7079098908193,22.529496245450854,8.771695748136256e-06,3.491708876229999e-06,1.5546241385242082e-06,0.27099856882200823,0.0011214893236294763,0.96,0.004310790461091537,0.004138358842647875,0.00017243161844366167,,,,253.19223281733863,1082.2377973024556,994.1315888499428,88.10617089322903,1082.2377597431719,3.7559283812486205e-05,0.5781921866530376,0.3230924147797388,0.1917830519853939,0.26131803656379354,71.76903477117703,0.9134617693117911,300.66117005814516,274.6424843646666,26.018685693478563,0.578192186652964,0.3230924147797388,0.19178305198539383,0.2613177241731389,71.76871308924358,0.9134615094960443,300.6602673784806,274.64158168503116,26.01868569344942,0.39430577452812193,0.0935198745805934,0.13258976314463086,0.24655257416525392,54.88619239486159,0.9249998434770584,240.66442807227423,222.61455829734945,18.04986977492478,0.3842111190726842,0.09210415152491762,0.13233947904603946,0.24644540329369402,54.768292562056445,0.9249998432320127,240.25189423427176,222.2329645028955,18.018929731376275,0.4218082669403939,,,0.101,100.40729047384421,994.1315888499428,994.1315626246218,2.6225320962429364e-05,30.818079254348223,0.578191733059606,,,133.19952345192658,0.00010108609305546924,57.27579508432843,,,,28.640249067042618,5.054295738284779e-05,1.934901266906808,497.899324913575,0.0,0.0,0.0,75.90973107632364
93,1,94,0.15246,4.6865475731157924e-05,2.9220461412146512e-05,497.899362362089,,,,0,1.0446314065821039e-13,1,1118.3134656466234,1118.3134656466234,1.4745594414011062e-13,178.93015450345973,37.1280070594679,0.3334074125111911,,,171.86433472417733,1118.3134187811477,1073.5806522660805,44.732527177753376,1118.3131794438343,0.0002393373133813906,0.7737076102664525,0.07459345670773554,0.06513363719581622,0.1600633330863419,85.97151968154476,0.96,559.4889510805597,537.1093930373373,22.379558043222403,0.6523752613013399,0.10112714200432375,0.09182025494920126,0.16010651982511212,85.892158293277,0.96,558.8217039498878,536.4688357918923,22.35286815799551,6.636651839755912e-06,1.5614975384654518e-06,3.6965414468457894e-06,0.27099916189627876,0.0006567493555516269,0.96,0.0025244133865431656,0.002423436851081439,0.00010097653546172691,,,,251.53989439049107,1073.5806522660805,988.2545435208772,85.32606770387962,1073.580611224757,4.104132355143998e-05,0.5531427430453764,0.2300210080738541,0.2550704516815153,0.2616971523161742,71.98523283255706,0.9170179667705906,299.96222898570164,275.0707533324353,24.891475653266383,0.5531427430453028,0.2300210080738541,0.2550704516815153,0.26161038261137337,71.89578858030548,0.9169485646080341,299.71156442965616,274.82008880019936,24.891475629456814,0.3887492661286786,0.09688405452132577,0.10244056292076908,0.2456329987147223,53.87398716881126,0.9249997783760306,237.11049634946144,219.32715657388243,17.783339775578995,0.37888031165310265,0.09599364551927751,0.10132445293885908,0.24555211028555343,53.784885808817265,0.9249997781380986,236.79632145993756,219.03654481436013,17.759776645577432,0.44688657714640717,,,0.101,99.8137088956086,988.2545435208772,988.254517295562,2.622531513030101e-05,30.63589084914719,0.5531134228535929,,,130.05870901374755,5.844092280721632e-05,55.92524487591144,,,,25.318663309572305,2.922042769716756e-05,1.8739150638724604,497.89936236208894,0.0,0.0,0.0,75.90973678572409
94,1,95,0.1016,4.4292368786259847e-05,0.00024664379068171086,903.7663089435815,,,,0,1.0447255179549333e-13,1,1804.6960160605329,1804.6960160605329,1.4745813422096724e-13,288.7513625696853,59.91590773320969,0.3334074126828079,,,273.3377522643881,1804.695971768164,1732.5079557031595,72.18783148763178,1804.6957871907914,0.00018457737264829802,0.7996734390360438,0.07993377907301313,0.0539679503034219,0.15771875112887068,91.25808793651552,0.96,602.7216649050822,578.612798308879,24.108866596203278,0.7142227851717723,0.1283127098903765,0.06646518601994413,0.15776948829422788,91.11348163187238,0.96,601.5730780774658,577.5101549543671,24.06292312309868,0.6381501221631573,0.6381449814908233,1.4959795058527644e-06,0.1578219112414009,90.96618269600019,0.96,600.4010442082434,576.3850024399136,24.016041768329814,,,,494.9671900600446,1732.5079557031595,1602.5696740226833,129.9382400991368,1732.50791412182,4.158133946300214e-05,0.6820926151092387,0.1289510798947874,1.207830925147042e-06,0.30885901433819274,123.74243643579383,0.9249999154176896,433.1284274695705,400.64375877434964,32.484668695220876,0.682092615109165,0.12895107989478735,1.2078309251943968e-06,0.3088587339146982,123.74211735611243,0.9249999154175518,433.12770386487114,400.6430894400042,32.48461442486695,0.6820914892679271,0.3430484835512134,0.049706260411964964,0.3088583674101731,123.7417003293698,0.9249999154173717,433.12675813535776,400.6422146402063,32.48454349515144,0.6820890710036434,0.3522568588535248,0.04904809950298406,0.30885769562397847,123.74093593876849,0.9249999154170415,433.12502465202084,400.6406111681233,32.48441348389755,0.6410279120313586,,,0.101,161.85953707629105,1602.5696740226833,1602.5696416668004,3.2355882918553364e-05,49.679659894703185,0.3589720879686415,,,202.12618981635987,0.0004932875801467585,86.91426162103474,,,,26.39891038851307,0.0002466414869301075,2.728365790489974,903.7663089435816,0.0,0.0,0.0,91.82265698866787
95,1,96,0.1016,4.3783880237538435e-05,0.0002466435699705153,976.8807243181489,,,,0,1.0447364857597245e-13,1,1920.3093673185858,1920.3093673185858,1.474581642216499e-13,307.24949877097373,63.75427099497705,0.3334074127167222,,,288.34474168210653,1920.3093235347055,1843.4967815787813,76.81236589911605,1920.3091474778976,0.00017605680802863682,0.8208802446301113,0.07249502580724738,0.051288220213179886,0.15638569165674057,96.25033094878312,0.96,641.1121141761656,615.467629609119,25.644484567046657,0.7525616862089661,0.10550023142579894,0.06716133038860506,0.15641168759347324,96.11497241111266,0.96,640.1041026324172,614.4999385271204,25.60416410529672,0.7009972648866206,0.0628497130719972,2.570348533781594e-06,0.15643825301102696,95.9794383222108,0.96,639.0929306693148,613.5292134425422,25.56371722677267,,,,545.4477632630188,1843.4967815787813,1705.2343596121939,138.2623825431563,1843.4967421553501,3.94234312323517e-05,0.7257876317927041,0.18895505208544774,0.14526003540198235,0.3198670474238544,136.36229072004315,0.9249999311735673,460.87493171483334,426.30928011584336,34.56565159898997,0.7257876317926303,0.18895505208544772,0.14526003540198237,0.3198668900353222,136.3621089067074,0.9249999311735108,460.87454399563507,426.3089214755856,34.56562252004946,0.7257870438079668,0.11560256835795693,0.07190701381791716,0.3198666931007114,136.36188141027486,0.92499993117344,460.8740588561983,426.30847272160736,34.565586134590944,0.7257858113128894,0.11533250750597102,0.07163576719672496,0.3198663475426288,136.3614822259934,0.9249999311733159,460.8732075886834,426.30768529915747,34.56552228952593,0.6820938680197649,,,0.101,172.2286703208316,1705.2343596121939,1705.2343311870004,2.842519364415949e-05,52.86226514797801,0.31790613198023515,,,215.0748600747776,0.0004932871387243696,92.48218983215438,,,,29.14119087851693,0.00024664148306854846,2.903148118706191,976.880724318149,0.0,0.0,0.0,99.25108159072391
96,1,97,0.1016,4.37838777338803e-05,0.0002466435817377854,974.4503429477442,,,,0,1.04475820502239e-13,1,1920.3099131195677,1920.3099131195677,1.4745822252586679e-13,307.24958609913085,63.75428911556965,0.33340741271672236,,,288.3448149067041,1920.3098693356899,1843.497305547765,76.81238773115702,1920.3096932789224,0.00017605676754766075,0.8285092423874877,0.05975252220191194,0.05212352444453554,0.15638568700859218,96.25035540198466,0.96,641.1122961114164,615.4678042669598,25.6444918444567,0.7564556406534011,0.07740270501958814,0.0735087505751532,0.1564116828576404,96.11499681960125,0.96,640.1042845685387,614.5001131857971,25.60417138274162,0.6935968240662929,0.09453300824388976,0.10193344906421752,0.15643824818742863,95.97946268511818,0.96,639.0931125989671,613.5293880950084,25.563724503958696,,,,545.4479999730786,1843.497305547765,1705.2348261936816,138.2624365271462,1843.4972627208278,4.282693728221856e-05,0.7257871882382865,0.12895096622080035,0.128951409775218,0.31986697371746353,136.3622054998517,0.9249999230685308,460.8747539259126,426.30911192569727,34.565642000215355,0.7257871882382126,0.12895096622080035,0.12895140977521796,0.3198668869351857,136.36210525001647,0.9249999230684961,460.8745401418495,426.30891417543927,34.56562596641022,0.7257868504524696,0.07986015930750477,0.07986035266300195,0.3198667706857708,136.3619709601208,0.9249999230684496,460.8742537667614,426.3086492784834,34.565604488278005,0.7257861141034303,0.07989985639955421,0.07989955360901335,0.3198665519359623,136.36171826308959,0.924999923068362,460.87371488630436,426.3081508140617,34.56556407224264,0.6820939816937519,,,0.101,172.22871744556187,1705.2348261936816,1705.2347948051163,3.1388565409985526e-05,52.86227961200413,0.3179060183062481,,,215.07494225768377,0.0004932871622589097,92.48222517080401,,,,31.57192930834444,0.0002466416555528279,2.9031473410323994,974.4503429477442,0.0,0.0,0.0,99.00415484349081
97,1,98,0.1016,4.325551265753587e-05,0.0002466414580647904,1065.5686375434652,,,,0,1.0447254922577744e-13,1,2043.3212865062412,2043.3212865062412,1.4745816099314754e-13,326.9314058409986,67.83826671200721,0.3334074127519624,,,305.51013861912276,2043.3212432507285,1961.5882324190068,81.73284301745868,2043.3210754364654,0.00016781426311203703,0.8379118799257086,0.05797535949333418,0.048572721955113266,0.15574053316705802,101.96900435176657,0.96,682.0171390609086,654.7364534984722,27.280685562436357,0.7732860759562429,0.08129534746764797,0.06446491216480621,0.1557461800829033,101.83680879230103,0.96,681.1082564091186,653.8639261527538,27.244330256364726,0.7200537317565175,0.09936698272756099,0.07291007503733633,0.15575224721862765,101.70432547505519,0.96,680.1956799664382,652.9878527677806,27.207827198657593,,,,602.6577847440909,1961.5882324190068,1814.4689595720006,147.11923411553454,1961.588193687535,3.873147158893692e-05,0.7722798624753309,0.14526105208446868,0.0987683778474242,0.33214025667429165,150.66470614512772,0.924999939034683,490.3975680824647,453.6177205790367,36.779847503427995,0.772279862475257,0.14526105208446866,0.0987683778474242,0.3321401433427702,150.66457290742667,0.9249999390346508,490.3973017392932,453.61747421160345,36.779827527689754,0.7722794551457784,0.10440093460301023,0.05790832990970141,0.3321399992255159,150.66440347664647,0.9249999390346098,490.3969630456595,453.61716091999284,36.779802125666684,0.7722785943436584,0.10439288815705491,0.05790040791682682,0.3321397429732003,150.66410221489,0.9249999390345368,490.3963608201177,453.6166038613676,36.77975695875011,0.7257879816947309,,,0.101,183.26136491677207,1814.4689595720006,1814.4689326557198,2.6916280694638693e-05,56.24853774673201,0.27421201830526903,,,228.8521860362583,0.0004932829149129406,98.40643999559106,,,,25.861390660893537,0.00024663910646282987,3.089117774440025,1065.5686375434652,0.0,-0.0,0.0,108.26177357441607
98,1,99,0.1016,4.325552109396717e-05,0.0002466416717922886,1063.55854194099,,,,0,1.0447393874637733e-13,1,2043.3203578951818,2043.3203578951816,1.4745817886727915e-13,326.9312572632291,67.83823588212003,0.3334074127519618,,,305.51000368096607,2043.3203146396606,1961.5873409522596,81.73280587301086,2043.3201468252705,0.00016781439009151152,0.842433527745136,0.05355735281096584,0.04903570499153847,0.15574053502305474,101.96895928656036,0.96,682.0168295156468,654.736156335021,27.280673180625925,0.7781169146411001,0.07262542100614988,0.06779458232129265,0.15574618207333726,101.83676381271175,0.96,681.107946870617,653.8636289957923,27.24431787482466,0.7235702235703905,0.08676486153065129,0.08324836971677842,0.1557522493440098,101.70428058169398,0.96,680.1953704390068,652.9875556214465,27.207814817560276,,,,602.6573332283,1961.5873409522596,1814.4681242298993,147.11917429946274,1961.5872985293624,4.2422897134146676e-05,0.7722789656606087,0.12895157204340502,0.12895246885812714,0.33214004736380076,150.66445997290091,0.9249999353025496,490.3970778386057,453.6172652732697,36.779812565336,0.772278965660535,0.12895157204340502,0.12895246885812714,0.3321399942363239,150.6643975138345,0.9249999353025337,490.39695298234545,453.61714978122916,36.77980320111629,0.7722787697574451,0.07152805563014196,0.07152874101847523,0.33213992389037156,150.66431481195647,0.9249999353025125,490.39678766046273,453.61699685848794,36.77979080197477,0.7722783455428865,0.07152989804244621,0.07153014684321812,0.33213979299852026,150.66416092960804,0.9249999353024729,490.39648004794833,453.6167123169127,36.779767731035676,0.7257873758721264,,,0.101,183.26128054721985,1814.4681242298993,1814.4680958391903,2.839070921779684e-05,56.24851185112688,0.27421262412787367,,,228.85209424160118,0.0004932833423679349,98.40640052388851,,,,27.870815440510228,0.00024663948977425755,3.089115046621475,1063.55854194099,0.0,-0.0,0.0,108.05754786120457
99,1,100,0.1016,4.270713892200778e-05,0.0001298398252698142,1088.509533488713,,,,0,1.0447447904576187e-13,1,2079.174984991112,2079.174984991112,1.4745820654996958e-13,332.667997598578,69.02860950170492,0.3334074127885368,,,310.7855077314589,2079.1749422839735,1996.0077911354472,83.16699129731032,2079.1747824327576,0.0001598512155463835,0.8459389198601569,0.05158433588195163,0.048078943766930705,0.15570306918878113,103.70488677869788,0.96,693.7944402164261,666.042662607769,27.751777608657083,0.7839215968623094,0.0710797194760523,0.06527503725484292,0.15570346776855096,103.5952323705139,0.96,693.0590688343552,665.336706080981,27.722362753374224,0.7323883333011411,0.0866583818279605,0.07784027209720992,0.15570412743000955,103.48538858224715,0.96,692.3212733819762,664.6284224466972,27.69285093527902,,,,620.0379874652527,1996.0077911354472,1846.3070466661966,149.70070573345015,1996.0077523996467,3.873580040788562e-05,0.7858308771471573,0.09876832715810609,0.08521641567155765,0.3358262697066847,155.00976621978006,0.9249999377240136,499.0024665778352,461.57725050862666,37.42521606920851,0.7858308771470834,0.09876832715810609,0.08521641567155763,0.33582615561756113,155.00963137115048,0.9249999377239823,499.00220200180144,461.57700577579635,37.425196226005106,0.7858304661862578,0.07548256713709073,0.061930870708278046,0.3358260068905442,155.0094555819961,0.9249999377239414,499.00185709931276,461.5766867409954,37.42517035831735,0.7858295848248104,0.07548217400690546,0.06193093472498158,0.33582573506223384,155.0091342923261,0.9249999377238668,499.0012267206972,461.57610364077806,37.42512307991918,0.772280100798489,,,0.101,186.47701171328586,1846.3070466661966,1846.3070204408837,2.6225312890144743e-05,57.235518446652094,0.2277198992015111,,,232.86780469901282,0.00025967965020246085,100.13315602057551,,,,28.791362940760095,0.00012983923990501155,3.143321805305309,1088.5095334887133,0.0,-0.0,0.0,110.59256860245324
100,1,101,0.1016,4.270715123681643e-05,0.0002466333633148556,1082.8487817396222,,,,0,1.0447846051466748e-13,1,2079.1995508036516,2079.1995508036516,1.4745822064349336e-13,332.6719281285843,69.02942508668123,0.33340741278853603,,,310.7891680227575,2079.1995080965003,1996.0313743153074,83.16797392980455,2079.199348245112,0.00015985138807656784,0.8477547914100346,0.04989609621043194,0.048080224660554255,0.15570306619923918,103.70611143096356,0.96,693.8026465645872,666.0505407020038,27.75210586258348,0.7857950827573149,0.06806889855995818,0.0661954126649527,0.15570346190710105,103.59645246102268,0.96,693.0672574123658,665.3445671158712,27.722690296494694,0.7336473700957928,0.08179369410894267,0.08053465731429087,0.15570411869959344,103.48660413077124,0.96,692.3294442681589,664.6362664974325,27.693177770726376,,,,620.0500106684921,1996.0313743153074,1846.3288676899476,149.70246628774137,1996.031333977689,4.0337618639015304e-05,0.7858396004706177,0.1289525970426606,0.12894387371920013,0.3358286915053264,155.01262881655754,0.9249999417647626,499.0080809994767,461.5824458646619,37.4256351348148,0.7858396004705439,0.1289525970426606,0.12894387371920013,0.3358286382656223,155.01256588920262,0.9249999417647485,499.0079575361167,461.58233166105407,37.42562587506261,0.7858394082393768,0.06704248895634617,0.06703354690322727,0.33582856860019433,155.01248354725828,0.9249999417647302,499.0077959813157,461.5821822228634,37.42561375845229,0.7858389950302169,0.06704298259846724,0.06703357239306071,0.3358284407350815,155.0123324154736,0.9249999417646965,499.0074994607798,461.5819079413681,37.42559151941167,0.7722790757992333,,,0.101,186.47921563668473,1846.3288676899476,1846.3288414646347,2.6225312892440277e-05,57.236194898388376,0.22772092420076667,,,232.87054948762884,0.0004932667254131508,100.13433627968041,,,,34.470352488400714,0.00024663159928841076,3.143357604210755,1082.8487817396224,0.0,-0.0,0.0,110.01743622474561
101,1,102,0.1016,4.2549912400900033e-05,0.00024654317063337446,1087.9073739205903,,,,0,1.0448392245992999e-13,1,2099.8018331065214,2099.8018331065214,1.4745826788333198e-13,335.96829329704343,69.71342085913652,0.33340741279902325,,,313.8815469985279,2099.801790556609,2015.8095675706343,83.99206531544318,2099.8016328860776,0.00015767053157125414,0.8496230315196752,0.04932501976520684,0.04745677965556625,0.1557118897371822,104.740612031331,0.96,700.6838359193827,672.6564824826072,28.02735343677538,0.7890923290317284,0.0679415626870119,0.06464431641259834,0.15570983185555995,104.62728173988226,0.96,699.934939968826,671.9375423700731,27.997397598753047,0.738722312806186,0.082665981957524,0.07759103924713076,0.1557080350137734,104.5136532273146,0.96,699.1828569978687,671.2155427179539,27.96731427991476,,,,630.184766685289,2015.8095675706343,1864.6236986678991,151.18583099663294,2015.8095296645324,3.7906101907657076e-05,0.7936268304825495,0.08521629116920233,0.07742906115727057,0.3379690941313424,157.54645597026257,0.9249999423201072,503.9528954539509,466.15639922695556,37.79649622699531,0.7936268304824757,0.08521629116920233,0.07742906115727057,0.33796898016100324,157.5463208404649,0.9249999423200779,503.9526331500287,466.1561565958279,37.796476554200765,0.7936264287246212,0.06946490569146513,0.06167788520622066,0.3379688348001768,157.5461484923299,0.9249999423200406,503.9522986004196,466.15584713744,37.79645146297963,0.793625578488519,0.06946483687133774,0.061678253413035636,0.3379685757791499,157.54584138223166,0.9249999423199741,503.95170246013305,466.1552957076758,37.79640675245725,0.785831111788137,,,0.101,188.32699356545785,1864.6236986678991,1864.6236724425878,2.6225311490616128e-05,57.80333465870488,0.21416888821186292,,,235.1780029934021,0.0004930863400510781,101.1265412871629,,,,44.486672958195086,0.00024654180491744614,3.174505668178165,1087.9073739205903,0.0,-0.0,0.0,110.53138919033198
102,1,103,0.1016,4.2549811318135845e-05,0.00013653029944474298,1088.509501844242,,,,0,1.0448354545176455e-13,1,2099.799065324703,2099.799065324703,1.4745826513941009e-13,335.9678504519525,69.71332896878013,0.33340741279903,,,313.88112848898584,2099.799022774892,2015.8069105015184,83.99195460422997,2099.798865105748,0.00015766914360751825,0.8503377826995958,0.04841713359422562,0.04770238241430501,0.15571188703205796,104.74047204321347,0.96,700.6829116128208,672.655595148308,28.027316464512893,0.7898253800980649,0.06626311232389352,0.06553006125755713,0.15570982948572892,104.62714223790071,0.96,699.9340173820052,671.936656686725,27.9973606952802,0.7392070624871099,0.07995880934494473,0.07947405966402096,0.15570803297936325,104.51351420787168,0.96,699.1819361109223,671.2146586664853,27.96727744443687,,,,630.1833925545917,2015.8069105015184,1864.6212307910077,151.18563868816375,2015.8068694791716,4.1022346655745357e-05,0.7936252488675819,0.1289439990137048,0.1289455806286724,0.3379686905358278,157.54597732279072,0.9249999387455369,503.9519681330051,466.1555396537224,37.796428479282625,0.7936252488675081,0.1289439990137048,0.1289455806286724,0.33796863674671396,157.54591354735453,0.9249999387455226,503.95184433663724,466.1554251420826,37.79641919455462,0.7936250547711486,0.06503621889648749,0.06503759284996011,0.33796856562111866,157.54582921680642,0.9249999387455037,503.9516806400886,466.15527372277563,37.796406917312986,0.7936246347593794,0.06503662559882419,0.06503756932796377,0.33796843341660116,157.54567246763997,0.9249999387454685,503.95137636944054,466.1549922724271,37.7963840970135,0.7858397098170928,,,0.101,188.3267443098918,1864.6212307910077,1864.6212045656964,2.622531148892232e-05,57.803258154521245,0.2141602901829071,,,235.17770308986334,0.0002730605985166755,101.12641232864122,,,,43.88217310012516,0.00013652987484669921,3.1745001872656182,1088.5095018442423,0.0,-0.0,0.0,110.59256538737499
103,1,104,0.1016,4.245998175029212e-05,0.00013934171920845355,1088.5094873693276,,,,0,1.0448441951442885e-13,1,2101.5610150685234,2101.5610150685234,1.4745826836337507e-13,336.2497624109638,69.77182570027499,0.3334074128050213,,,314.1477252915069,2101.5609726085418,2017.4983835191977,84.0624326466333,2101.560816165831,0.00015644271054309232,0.8505753331933648,0.0479466805221474,0.0477091300283785,0.15571374132095248,104.83198668847807,0.96,701.2867663923988,673.2352957367028,28.051470655695994,0.7901128430298743,0.06569207887203356,0.06540461594022419,0.15571142101747137,104.7160365061268,0.96,700.5215415871326,672.5006799236473,28.020861663485274,0.739602441034761,0.0794588912921076,0.07906351274445637,0.15570937116040956,104.59970209690205,0.96,699.7525081862999,671.7624078588478,27.990100327452026,,,,631.055177845029,2017.4983835191977,1866.1858460034148,151.3124990134581,2017.498345016873,3.850232480183568e-05,0.7942917356541425,0.07742893617117498,0.07676244938461434,0.3381526045339596,157.76406552157147,0.9249999389654664,504.3751119370924,466.5469477575108,37.828164179581634,0.7942917356540687,0.07742893617117498,0.07676244938461434,0.33815248989178154,157.76392955878254,0.9249999389654361,504.3748482568174,466.5467038532572,37.82814440356022,0.7942913265990397,0.06463534123419,0.06396906940629897,0.3381523407469965,157.76375267678876,0.9249999389653966,504.3745052194047,466.5463865436514,37.82811867575329,0.7942904503726279,0.06463529235199304,0.06396947673874454,0.3381520687438024,157.76343008788626,0.9249999389653245,504.37387960355824,466.5458078489953,37.82807175456296,0.7936270648151201,,,0.101,188.4847704463449,1866.1858460034148,1866.1858197781044,2.6225310391052505e-05,57.85176122610586,0.20637293518487976,,,235.3750388477085,0.0002786834380285848,101.21126670451464,,,,45.17860423871036,0.0001393412896404472,3.1771652482798785,1088.5094873693279,0.0,-0.0,0.0,110.59256391672369
104,1,105,0.1016,4.246000067442632e-05,0.0002464887613807069,1088.1184584234743,,,,0,1.0448457871327149e-13,1,2101.578283293994,2101.578283293994,1.474582686547743e-13,336.25252532703905,69.77239900536061,0.33340741280502006,,,314.1503397060705,2101.5782408339933,2017.514961015385,84.06312337564108,2101.578084391026,0.00015644296744676432,0.850691286421427,0.04781273066671661,0.04769677743865434,0.1557137598781962,104.83286163291541,0.96,701.2925358665084,673.240834431848,28.05170143466034,0.7902301988138672,0.06554975399455537,0.06543239821056232,0.1557114374264985,104.7169079943718,0.96,700.5272977820085,672.5062058707281,28.021091911280383,0.7396838494008667,0.0792800488568449,0.07919864049073927,0.15570938541958654,104.60057007878329,0.96,699.7582507425093,671.7679207128089,27.99033002970036,,,,631.0637284520016,2017.514961015385,1866.2011854622788,151.31373533606182,2017.5149207983407,4.02170444082357e-05,0.7942977053553603,0.12894570568279307,0.1289397359815753,0.3381542859361578,157.7660597420634,0.9249999423666564,504.37897771577684,466.5505253180466,37.82845239773021,0.7942977053552865,0.12894570568279307,0.1289397359815753,0.33815423230305225,157.7659961343669,0.9249999423666426,504.37885435884647,466.5504112128862,37.82844314596022,0.7942975131749282,0.06434876556444982,0.06434257898856122,0.33815416205566234,157.76591282249828,0.9249999423666246,504.3786927887835,466.5502617605782,37.82843102820526,0.7942970998397085,0.06434917992315697,0.06434253045607641,0.33815403298966834,157.7657597530731,0.9249999423665916,504.3783959349338,466.5499871707677,37.82840876416613,0.793625358146032,,,0.101,188.48631973169014,1866.2011854622788,1866.2011592369684,2.6225310391989215e-05,57.85223674933064,0.20637464185396803,,,235.37696761405851,0.0004929775215462796,101.21209607404516,,,,45.5826689325709,0.000246487429104907,3.1771900237252835,1088.1184584234745,0.0,-0.0,0.0,110.55283537582498
105,1,106,0.1016,4.245232808552097e-05,0.00022667515672216364,1088.5070079077366,,,,0,1.0448509587124469e-13,1,2103.3005845633743,2103.3005845633743,1.474582822723721e-13,336.52809353013987,69.82957940750403,0.33340741280553177,,,314.41128340117126,2103.300542111046,2019.168370341299,84.13201543088749,2103.3003857721865,0.00015633885977455153,0.8508401231107436,0.04779012931362876,0.04764129262431207,0.1557158505196173,104.92710918389943,0.96,701.9135926229592,673.8370489180409,28.07654370491841,0.7904940521836565,0.06556837506357577,0.06530452169378652,0.1557131500308447,104.8037101179157,0.96,701.10026899593,673.0562582360928,28.04401075983718,0.7400787554183945,0.07936695250740303,0.07897204648987524,0.1557107645835952,104.68046409935612,0.96,700.2865241532969,672.275063187165,28.0114609661319,,,,631.9166726003104,2019.168370341299,1867.7305904627176,151.4377419510967,2019.1683324138144,3.792748437891795e-05,0.7949491911675616,0.07676232463447404,0.07611083882227268,0.3383341748552995,157.97943210340395,0.9249999420454731,504.79259454199945,466.9331206963335,37.859473845665946,0.7949491911674879,0.07676232463447404,0.07611083882227268,0.3383340610056776,157.97929704476417,0.9249999420454439,504.79233285123803,466.9328786323796,37.85945421885843,0.794948790505192,0.0645476730316246,0.06389639570136088,0.3383339159761145,157.97912499771266,0.9249999420454067,504.791999491204,466.9325702743487,37.85942921685533,0.7949479428982575,0.06454763820783156,0.06389679514928256,0.3383336575709224,157.97881845442964,0.9249999420453405,504.79140552937304,466.932020859656,37.859384669717,0.794291969682733,,,0.101,188.6407896367345,1867.7305904627176,1867.7305642374074,2.6225310376404733e-05,57.89964830434425,0.20570803031726712,,,235.5698639871072,0.00045335031241669477,101.2950415144561,,,,46.46241775594863,0.00022667405136636063,3.179795115738499,1088.507007907737,0.0,-0.0,0.0,110.59231200342603
106,1,107,0.1016,4.245226149974126e-05,0.0002466180853228782,1086.1724098407692,,,,0,1.0448604807526236e-13,1,2103.2994963198744,2103.2994963198744,1.474582869455922e-13,336.5279194111799,69.82954327781982,0.3334074128055362,,,314.41111843636725,2103.299453867613,2019.1673256284696,84.13197190118635,2103.299297529656,0.00015633795672711004,0.8508707226638512,0.047717715886567244,0.04768711633345966,0.15571584924809537,104.9270542453589,0.96,701.9132308412387,673.836701607589,28.076529233649616,0.7905463671798352,0.06543645039314795,0.0653841353969693,0.15571314889699792,104.80365513172868,0.96,701.0999062626719,673.0559100121649,28.043996250506904,0.7401250673047883,0.07915019545278226,0.07910388356638845,0.15571076358811956,104.6804090592797,0.96,700.2861604257456,672.2747140087158,28.011446417029827,,,,631.9161326610226,2019.1673256284696,1867.7296227949014,151.4376626852397,2019.167285480141,4.014832880503222e-05,0.7949482540193741,0.12893986079742434,0.12894079794561186,0.3383339496506824,157.97916495823384,0.9249999424147901,504.79207673356234,466.9326419099875,37.859434823574816,0.7949482540193004,0.12893986079742434,0.12894079794561186,0.338333895475595,157.97910069090105,0.9249999424147763,504.79195220851466,466.93252672431856,37.85942548419609,0.7949480571735605,0.06413981527174038,0.06414054860337186,0.3383338229377705,157.9790146400559,0.9249999424147578,504.79178547545627,466.9323724962398,37.85941297921645,0.7949476278447772,0.06414020269372628,0.06414051774720658,0.3383336861513658,157.97885237183186,0.9249999424147228,504.7914710626076,466.9320816643553,37.85938939825235,0.7942978145681018,,,0.101,188.64069190228506,1867.7296227949014,1867.729596569591,2.622531037560007e-05,57.89961830664194,0.20570218543189836,,,235.5697434123269,0.0004932361694293468,101.29498966730056,,,,48.79627301316048,0.00024661683952087243,3.179792193057012,1086.1724098407692,0.0,-0.0,0.0,110.35511683982214
107,1,108,0.1016,4.2444766302696234e-05,0.00024662341032805817,1085.5710147102711,,,,0,1.0448609551187472e-13,1,2103.3019097590154,2103.3019097590154,1.4745828741119204e-13,336.52830556144244,69.8296234039993,0.33340741280603614,,,314.41148430344083,2103.3018673142487,2019.1696426347785,84.13206844311581,2103.3017110778947,0.00015623635417805217,0.8507048682183006,0.04765445912796422,0.047820313573514864,0.15571585207669908,104.9271764569733,0.96,701.9140356297619,673.8374742045713,28.07656142519053,0.7903524463395122,0.06537816361855804,0.06557208445888102,0.15571315141184502,104.80377708581067,0.96,701.1007107698176,673.056682339025,28.044028430792682,0.7399795263606979,0.07916711460152319,0.07931265554561362,0.1557107657893403,104.68053076065686,0.96,700.2869646783149,672.2754860911823,28.0114785871326,,,,631.9173296515281,2019.1696426347785,1867.7317681474522,151.43783663255056,2019.1696047800026,3.785477584080861e-05,0.79494969361948,0.07611071400607411,0.0761092744059682,0.3383343137747073,157.97959691484476,0.9249999424149734,504.7929136962378,466.93341610050663,37.85949759573116,0.7949496936194063,0.07611071400607411,0.0761092744059682,0.3383341998058178,157.97946171469158,0.9249999424149443,504.79265173145933,466.9331737830869,37.85947794837243,0.7949492922955085,0.06433490705473807,0.06433367193279013,0.33833405443109527,157.97928925814568,0.9249999424149071,504.7923175782145,466.93286469133596,37.859452886878564,0.7949484428048499,0.06433489021552424,0.06433407525545157,0.3383337952242819,157.97898176384604,0.924999942414841,504.79172177409095,466.93231357252256,37.85940820156839,0.7949494251965016,,,0.101,188.64090858289268,1867.7317681474522,1867.731741922142,2.6225310292097877e-05,57.89968481257102,0.20505057480349845,,,235.57001160051897,0.0004932468194396542,101.29510498822316,,,,49.399447697820314,0.0002466221796916903,3.1797971223392447,1085.5710147102711,0.0,-0.0,0.0,110.29401509456355
108,1,109,0.1016,4.244477801308036e-05,0.0001004629261183782,1088.5096381526832,,,,0,1.0448251203105757e-13,1,2096.9998465712365,2096.9998465712365,1.4745824323840803e-13,335.5199754513979,69.62039490616505,0.33340741280603536,,,313.4582207006212,2096.9998041264585,2013.119661974349,83.87998591559801,2096.9996478899466,0.00015623651225740398,0.8503919520162639,0.04758396611490628,0.047896882316942946,0.15570896306355136,104.57444485860628,0.96,699.5853755054723,671.6019604852534,27.98341502021894,0.7896010437875702,0.06511545355666024,0.06586685610860216,0.15570764163631085,104.48624152641567,0.96,699.0012421970198,671.0411925091389,27.960049687880822,0.7387396518151907,0.07851484325439892,0.07975471779990602,0.15570647579350286,104.39753431559924,0.96,698.4130301874548,670.4765089799564,27.936521207498256,,,,628.8000198866335,2013.119661974349,1862.1355188511432,150.98410146845083,2013.1196203195939,4.165475485813633e-05,0.7925672711505198,0.12894092252154335,0.1313233449905035,0.3376769375948382,157.2001319466017,0.9249999354512167,503.28015191279957,465.53410803321816,37.74604387958143,0.7925672711504461,0.12894092252154332,0.13132334499050352,0.3376768840892476,157.20006853433586,0.924999935451202,503.2800286425872,465.53399400827226,37.74603463431492,0.7925670793667908,0.06312165261160094,0.06550386554031858,0.337676814159895,157.19998565742077,0.9249999354511828,503.27986753403957,465.53384498286647,37.74602255117311,0.7925666674201461,0.06312199707394998,0.06550377245865369,0.3376766859829509,157.1998337482752,0.9249999354511476,503.27957223016756,465.53357182678616,37.74600040338138,0.7949483634723826,,,0.101,188.07568740396545,1862.1355188511432,1862.1354926258332,2.622531005178916e-05,57.72620108438544,0.20505163652761746,,,234.86419770889194,0.0002009258520349004,100.99160501482353,,,,41.82459122731509,0.0001004626849073171,3.170268289087903,1088.5096381526837,0.0,-0.0,0.0,110.59257923631262
109,1,110,0.1016,4.2444760263254216e-05,0.00014037681579779038,1088.509481847112,,,,0,1.0448496285213982e-13,1,2103.034107773346,2103.034107773346,1.4745828083935287e-13,336.48545724373537,69.82073237807508,0.33340741280603653,,,314.37085177728414,2103.0340653285857,2018.9125527286205,84.1213563636925,2103.0339090923135,0.00015623627232314673,0.8510181888077623,0.047917599196429336,0.047291362404931044,0.15571526266798436,104.90141961551795,0.96,701.744390545003,673.6746149232029,28.069775621800094,0.7903205406575763,0.06579815887222368,0.06507866200221771,0.1557128756235238,104.79031377615982,0.96,701.0118875081389,672.9714120078133,28.040475500325567,0.7395771890692856,0.08023933709686495,0.07940179984277011,0.15571074026244652,104.67911838560639,0.96,700.2776310391712,672.2665257976043,28.011105241566842,,,,631.7846509453979,2018.9125527286205,1867.493952649436,151.4185615858537,2018.91251423529,3.849333049101283e-05,0.7948484898162635,0.07610914978259833,0.07382793111685465,0.3383063569850376,157.94643261417843,0.9249999390671539,504.72865154896846,466.8739719282426,37.85467962072589,0.7948484898161898,0.07610914978259833,0.07382793111685464,0.3383062428688834,157.9462972448536,0.9249999390671237,504.7283892200007,466.87372927394813,37.85465994605256,0.7948480828568393,0.06547332128247005,0.06319231779242157,0.33830609440801945,157.94612113444077,0.9249999390670846,504.72804793963365,466.8734135896096,37.854634350024035,0.7948472111182348,0.06547351646680745,0.06319297276871892,0.33830582365146644,157.94579995192507,0.9249999390670129,504.7274255266872,466.872837857636,37.85458766905123,0.7949499276958584,,,0.101,188.61688921759307,1867.493952649436,1867.493926424126,2.6225310281327067e-05,57.89231253213252,0.20505007230414166,,,235.54002511294738,0.0002807536312014678,101.28221079856738,,,,46.26333122360995,0.0001403763900507967,3.1793922736075273,1088.5094818471123,0.0,-0.0,0.0,110.59256335566658
110,1,111,0.1016,4.247218336670912e-05,0.0002466145443530807,1086.4523926591753,,,,0,1.0448600547606325e-13,1,2103.0512489980756,2103.0512489980756,1.4745828617086127e-13,336.4881998396921,69.8213014667361,0.3334074128042075,,,314.37344965520776,2103.051206525892,2018.929007920716,84.12204199669665,2103.0510499174125,0.0001566084797837374,0.8530409888694335,0.04815867594719595,0.04613587588552474,0.15571528232742074,104.90228836588952,0.96,701.7501135054678,673.680108965249,28.070004540218765,0.7935456413519966,0.06583411621327394,0.06260901551885362,0.15571289325034177,104.7911797367539,0.96,701.0176011369721,672.9768970914931,28.040704045478936,0.7432969087064393,0.07665302416716406,0.07293330453001043,0.1557107558582319,104.67998155256436,0.96,700.2833352749726,672.2720018639737,28.01133341099896,,,,631.7931448947261,2018.929007920716,1867.5091788348802,151.41978885039143,2018.9289676852716,4.023544431074018e-05,0.7948544155461299,0.131323469844948,0.13131754411508165,0.3383080268911465,157.948413643859,0.9249999424081072,504.7324888438235,466.87752311203735,37.85496573178613,0.7948544155460562,0.131323469844948,0.13131754411508162,0.33830797335808055,157.94835014055369,0.9249999424080936,504.7323657833301,466.8774092810812,37.85495650224894,0.7948542238269511,0.06429970272043024,0.06429356175031836,0.3383079032413962,157.9482669650291,0.9249999424080756,504.7322046007866,466.8772601872286,37.85494441355796,0.7948538114825895,0.06429895226413943,0.06429235189978462,0.3383077744148517,157.94811414528434,0.9249999424080427,504.7319084573313,466.87698625453294,37.85492220279839,0.7925673803724537,,,0.101,188.6184270623229,1867.5091788348802,1867.5091526095696,2.6225310597454352e-05,57.89278454388129,0.20743261962754633,,,235.54193978002647,0.0004932290874897868,101.28303410541137,,,,48.33336879671335,0.0002466132866499816,3.1794168664017266,1086.4523926591753,0.0,-0.0,0.0,110.3835630941722
111,1,112,0.1016,4.244592431936713e-05,0.00015137205501284783,1088.509415780653,,,,0,1.0448625000768955e-13,1,2110.2074703036187,2110.2074703036187,1.4745827103786568e-13,337.633195248579,70.05888801408014,0.33340741280595887,,,315.4608746520968,2110.2074278576947,2025.7989807414222,84.408290864226,2110.207271605648,0.00015625204624670737,0.8543769923563422,0.04824690692463975,0.04691090343773101,0.15572494600434347,105.26887025695748,0.96,704.1586848986606,675.992337502714,28.16634739594649,0.8021371338527482,0.06877060193873398,0.06017910943798235,0.1557216188686129,105.1537702340239,0.96,703.4037927612761,675.2676410508251,28.136151710451017,0.7648323141027814,0.09767461457583436,0.07613920917949223,0.15571854825358336,105.03823416111538,0.96,702.6447939457114,674.5390021878829,28.105791757828502,,,,635.3448569426787,2025.7989807414222,1873.863901070317,151.93504262201884,2025.798943692336,3.704908630256726e-05,0.7975616479510501,0.07382780750982716,0.07112057510490694,0.33905663280259346,158.83692889519625,0.9249999398534703,506.4511157081706,468.46725156878074,37.98386413938988,0.7975616479509764,0.07382780750982716,0.07112057510490694,0.33905627709004466,158.83650647155608,0.9249999398533777,506.45030014090474,468.46649716906194,37.983802971842806,0.797560505325796,0.06447527047425068,0.06176898897540584,0.33905589564689437,158.83605349198666,0.9249999398532784,506.44942557815,468.46568819851615,37.98373737963384,0.7975582858426375,0.06448052154415174,0.06177604718410373,0.339055318480935,158.83536808393973,0.9249999398531282,506.4481022651105,468.46446413395813,37.98363813115233,0.7948487226452247,,,0.101,189.26025400810204,1873.863901070317,1873.8638748450064,2.6225310598875318e-05,58.08978093317983,0.20515127735477515,,,236.34343920656622,0.00030274410956742564,101.62767885882346,,,,51.557023938389186,0.0001513716108130751,3.19024208707046,1088.509415780653,0.0,-0.0,0.0,110.59255664331434
112,1,113,0.1016,4.2445857525968506e-05,0.00024662888016724024,1084.5153737713442,,,,0,1.044865143721729e-13,1,2110.202543796212,2110.202543796212,1.474582621152824e-13,337.6324070073939,70.05872445403423,0.33340741280596337,,,315.46012411629835,2110.2025013503544,2025.7942512952445,84.40809380396844,2110.2023450992133,0.00015625114111585882,0.8385236925552201,0.04396144653590342,0.05981474633702556,0.15572493847992225,105.26861996497158,0.96,704.1570446833257,675.9907628959927,28.166281787333002,0.7785755746367062,0.05873393392960439,0.08229549314564635,0.15572161192797962,105.1535200616662,0.96,703.4021506376494,675.2660646121434,28.136086025505943,0.7288537189154086,5.997461233317898e-06,0.035984592648606116,0.15571854190081855,105.0379840896606,0.96,702.643149778238,674.5374237871085,28.105725991129496,,,,635.3424093674789,2025.7942512952445,1873.859530427146,151.93468223327943,2025.7942126604255,3.8634819051017584e-05,0.7975575641492944,0.13131766799393266,0.13132175179568853,0.3390556913969204,158.83581103412493,0.9249999425984847,506.44895608609085,468.4652553086965,37.983700777394304,0.7975575641492205,0.13131766799393269,0.13132175179568853,0.33905560801718954,158.83571201729742,0.9249999425984636,506.44876491496,468.4650784754008,37.98368643955919,0.7975572562774121,0.06646530844068578,0.0664685574890696,0.3390554933658859,158.83557586422276,0.9249999425984347,506.44850204499465,468.4648353206833,37.983666724311405,0.7975565727044783,0.06643997862889368,0.06644169176705288,0.3390552698682968,158.83531045183392,0.924999942598378,506.44798961438,468.46436132236545,37.983628292014544,0.7948545244962403,,,0.101,189.25981257314177,1873.859530427146,1873.8595042018353,2.6225310597838356e-05,58.08964544324152,0.20514547550375983,,,236.3428833432352,0.0004932577591179644,101.62743983759114,,,,55.54771217221424,0.0002466277857612773,3.190228957280405,1084.5153737713442,0.0,-0.0,0.0,110.18676197516857
113,1,114,0.15246,4.241474572659504e-05,5.5627314380152236e-05,497.89931381564895,,,,0,1.0447094083540225e-13,1,1163.1673293500007,1163.1673293500007,1.4745665737906887e-13,186.10677269600012,38.617155334420026,0.3334074128080384,,,177.27135816138224,1163.1672869352549,1116.640445860843,46.52668524420191,1163.1671311050452,0.00015583020981110578,0.791271778908534,0.04044962707798855,0.08770154072467468,0.15873135398059293,88.68548154430604,0.96,581.9940901736985,558.7143265667505,23.279763606947988,0.6740712590865657,0.04869859260196994,0.15320290815211038,0.15877599574904872,88.58442416115332,0.96,581.1674579598783,557.9207596414831,23.246698318395186,1.4103155685930914e-05,2.108723342486601e-06,0.7288417244830652,0.2709981464609221,0.001452455922865835,0.96,0.005582971468294093,0.005359652609562329,0.00022331885873176402,,,,265.5048321262795,1116.640445860843,1032.8922314731933,83.74817714129784,1116.6404086144912,3.7246351985738925e-05,0.45747944842968036,0.07111989764657528,0.4111980133661892,0.2571463646352414,66.48155212866905,0.9249998689545433,279.4982481333525,258.5358428963755,20.962405236976984,0.4574794484296066,0.07111989764657527,0.4111980133661892,0.2570774268454229,66.40632864530149,0.9249998688465763,279.25686289318264,258.31256155070025,20.944301342482362,0.45108169740903503,0.03691979288234726,0.3833953517507244,0.25702288878988916,66.3468168604847,0.9249998687673179,279.0658023165292,258.1358305202358,20.929971796293405,0.44418914304593277,0.03656102022789904,0.3899284498864446,0.2569526163968834,66.27013449182428,0.9249998686598725,278.8194952714268,257.90799650588167,20.911498765545094,0.797562434359492,,,0.101,104.32211537879253,1032.8922314731933,1032.8922052478836,2.6225309663794465e-05,32.019659175669,0.20243756564050797,,,130.27496827190726,0.00011125462869841652,56.01823635692012,,,,49.19915873274848,5.562725151582139e-05,1.8102297373142548,497.899313815649,0.0,0.0,0.0,75.90972938433384
114,1,115,0.15246,4.241480140175315e-05,5.5644157560441925e-05,497.8993137771587,,,,0,1.0445601536390172e-13,1,1112.5062359147971,1112.5062359147971,1.4745594642051544e-13,178.00099774636757,36.93520703237127,0.3334074128080347,,,171.17480209426662,1112.5061934999958,1068.0057961622886,44.500241506761995,1112.5060376690503,0.00015583094529149537,0.7661180653171529,0.05321938981222035,0.07837310340360143,0.16024536579360918,85.64000134961123,0.96,556.698375003615,534.4304400034704,22.267935000144572,0.6406004831558129,0.07349657178471243,0.10696734771546529,0.16030444019836837,85.53406146647279,0.96,555.8048210266122,533.5726281855477,22.232192841064496,7.231397250348681e-06,1.8702021777082884e-06,8.74196061329052e-06,0.2709990565778406,0.0007392781826116321,0.96,0.0028416388231936713,0.0027279732702659245,0.00011366555292774683,,,,250.56055795470263,1068.0057961622886,987.9051778385169,80.10057781882024,1068.0057556573372,4.050495123751183e-05,0.4204759892186695,0.13132237135426758,0.16832583056527847,0.25362834242313864,62.64035493167756,0.924999863161646,267.00214968012864,246.97695191798428,20.025197762144337,0.42047598921859575,0.13132237135426758,0.16832583056527844,0.2536282766490419,62.64028305706219,0.9249998631615303,267.00191255962494,246.97673258151994,20.025179978104994,0.42047546104091504,0.07326846662550507,0.10387470299362501,0.2536281141902423,62.640105530268784,0.9249998631612446,267.00132688301153,246.97619083065644,20.02513605235512,0.4204742395644178,0.07508722548804599,0.0988021289695609,0.2536278478030194,62.63981443569408,0.9249998631607763,267.00036653457215,246.97530250835638,20.025064026215794,0.7975577309991572,,,0.101,99.77842296169023,987.9051778385169,987.9051516132068,2.6225310082326963e-05,30.625060512994025,0.20244226900084286,,,124.6009284706451,0.00011128831505895841,53.57839924237739,,,,23.614636165973522,5.564402647505136e-05,1.6819016790425982,497.89931377715874,0.0,0.0,0.0,75.90972937846561
115,1,116,0.15246,4.508221605866625e-05,4.7306675094703675e-05,497.89933147577483,,,,0,1.0445713473929444e-13,1,1112.8736443751054,1112.8736443751052,1.4745593026609318e-13,178.05978310001686,36.9474049932535,0.33340741263012796,,,171.21839690614723,1112.8735992928891,1068.3584641710684,44.514936007127915,1112.8734001781966,0.00019911469269058658,0.7615754711324675,0.06936629147179098,0.0739088856564764,0.1602333807880006,85.66159089806564,0.96,556.8803667083196,534.6051520399867,22.275214668332787,0.6391974400055948,0.1008641766806553,0.10226721983087349,0.16029217051572853,85.55600043757278,0.96,555.989937015523,533.750339534902,22.239597480620976,7.556661791326999e-06,2.759292219163906e-06,2.4340276781855393e-06,0.2709989719794461,0.0008055705088161714,0.96,0.0030964543538827744,0.0029725961797274635,0.00012385817415531093,,,,250.66750095734153,1068.3584641710684,988.2313876799967,80.12703759010365,1068.3584252701005,3.8900967986493075e-05,0.42092352982996173,0.28960025841043013,0.2891527177991378,0.2537032302470247,62.72218766360783,0.9249998543606645,267.2720448112386,247.22660252507268,20.0454422861659,0.420923529829888,0.28960025841043013,0.2891527177991378,0.2536931417499615,62.71116389695445,0.9249998543420519,267.2356969116435,247.19298071826697,20.04271619337654,0.420777283352131,0.1128590692177787,0.11255724690656278,0.25361626552128197,62.627158685109286,0.9249998542000263,266.9586154064332,246.9366803283916,20.0219350780416,0.4205384261193541,0.11203221666898545,0.11196803011404922,0.2535978095720006,62.606990711669944,0.9249998541659145,266.89206814078506,246.87512410826545,20.0169440325196,0.5790773702353024,,,0.101,99.81137015567968,988.2313876799967,988.231361454685,2.622531159749442e-05,30.635173018079897,0.4209226297646977,,,124.64208380572735,9.461335014464892e-05,53.59609603646276,,,,23.79807846341892,4.730658107936193e-05,1.683162769131335,497.89933147577483,0.0,0.0,0.0,75.90973207679663
116,1,117,0.15246,4.723879850669441e-05,3.9755734099769005e-05,497.89934546094497,,,,0,1.0446856890986855e-13,1,1120.7608949086841,1120.7608949086841,1.4745585568671496e-13,179.32174318538947,37.20926171096831,0.3334074124862919,,,172.15570198455882,1120.7608476698856,1075.9301743361727,44.830423930673966,1120.7605982668472,0.00024940303850293596,0.7635030055046692,0.07366259736501599,0.07173506299281428,0.15998170958516877,86.12275828172973,0.96,560.7591441301621,538.3287783649556,22.430365765206517,0.6414653380305468,0.10306410349785622,0.10079620547290408,0.16003050135484168,86.03215544213033,0.96,559.9984242180782,537.598487249355,22.399936968723186,7.555921239855362e-06,2.479788312097226e-06,2.4805288635688906e-06,0.2709989940692167,0.0007882606987465823,0.96,0.0030299186067014295,0.002908721862433372,0.00012119674426805726,,,,252.95555217689702,1075.9301743361727,989.6878398674339,86.2422947440104,1075.9301346114444,3.9724728473731344e-05,0.5795247410241153,0.28992355023673794,0.13132233904258436,0.2648501944704672,75.42901401102019,0.9161127447742798,310.87744189343704,284.79878658139216,26.078655312044862,0.5795247410240417,0.289923550236738,0.13132233904258434,0.26474819262324956,75.32316450568543,0.9160343950619133,310.58735679145985,284.50870149234345,26.0786552991164,0.37267175477097975,0.08828696588865459,0.1363924944698058,0.24316589828923177,51.151171098884845,0.9249998154311654,227.41089426244514,210.35503521979803,17.055859042647125,0.36314599897728606,0.08439631344162518,0.14178874058369317,0.24307642237675764,51.052202561306586,0.9249998151747483,227.05444166410234,210.0253165739003,17.029125090202005,0.42047619135283204,,,0.101,99.95847182661083,989.6878398674339,989.6878136421129,2.6225320921766328e-05,30.68032303589045,0.579523808647168,,,131.0728318635324,7.951146816792763e-05,56.36131770131893,,,,27.17049979432406,3.9755675945275726e-05,1.8948672357964227,497.89934546094486,0.0,0.0,0.0,75.90973420897568
117,1,118,0.15246,4.723241116118541e-05,3.3381444598774427e-05,497.89935601170794,,,,0,1.0446981476182888e-13,1,1122.8152886055684,1122.8152886055682,1.474558827860332e-13,179.6504461768909,37.27746758170487,0.3334074124867179,,,172.40059507831418,1122.815241373157,1077.9023924621235,44.912599685921826,1122.8149921480458,0.0002492251112120436,0.7731182484807781,0.07498740350560583,0.06537216052949682,0.15991776549289435,86.24240287932136,0.96,561.762703822984,539.2921956700646,22.470508152919376,0.6524107136271888,0.10249053744334959,0.09154516184670763,0.15996320749077658,86.15727077421454,0.96,561.0487465477847,538.6067966858733,22.441949861911375,9.076410850796402e-06,3.928346467931811e-06,2.4078568569908126e-06,0.27099882413294213,0.0009214247782868332,0.96,0.003541777276905329,0.0034001061858291155,0.00014167109107621317,,,,252.93104723087376,1077.9023924621235,989.8659699681401,88.03638369363604,1077.9023536617763,3.8800347346506254e-05,0.5994666652844169,0.2891520448234039,0.26921012056310223,0.2646740132061053,75.36525169966968,0.9134616214336926,311.72350151263817,284.7474551307226,26.976046381915555,0.5994666652843434,0.2891520448234039,0.26921012056310223,0.2646737980351112,75.3650285297028,0.9134614516182539,311.7228898140618,284.7468434321899,26.9760463818719,0.3728684563955908,0.09874534762001565,0.09854864599540462,0.24316471626628092,51.14986625090036,0.9249997938373649,227.40620381648225,210.35069164758386,17.05551216889839,0.36331323102590857,0.09772596293965004,0.09755873089102754,0.24307524329014543,51.050900750600924,0.924999793560425,227.04975851859402,210.02097975764383,17.028778760950196,0.4209244049398582,,,0.101,99.97646296678217,989.8659699681401,989.8659437428196,2.6225320604653093e-05,30.685845069012345,0.5790755950601418,,,132.94909563763713,6.676288917526243e-05,57.168111124183966,,,,27.408849408596044,3.3381403954453754e-05,1.9351150179902599,497.899356011708,0.0,0.0,0.0,75.909735817545
118,1,119,0.1016,4.437021579511135e-05,0.00024664381745489447,888.197215369976,,,,0,1.0447496415502035e-13,1,1787.2299969704218,1787.2299969704218,1.474581754843556e-13,285.9567995152675,59.336035899418,0.33340741267761576,,,271.15029808506534,1787.229952600206,1715.7405759968444,71.48919066653528,1787.2297666633797,0.0001859368261395223,0.7975692898113395,0.07945064372865619,0.054999602398094906,0.15798110889489428,90.53121669815197,0.96,596.9280212476937,573.0509003977859,23.8771208499078,0.7107409818159436,0.12636426828933467,0.06803400010057985,0.15803628661138963,90.38453167212229,0.96,595.752759343448,571.9226489697102,23.8301103737379,0.6327634275583979,0.6327561103874324,1.7592398853231394e-06,0.15809348736843912,90.23454971479111,0.96,594.5489860722382,570.7670266293486,23.781959442889573,,,,487.6079310948103,1715.7405759968444,1587.0598514534906,128.68068288257302,1715.7405343360635,4.1660780837774116e-05,0.6754902215687963,0.07602396587895413,4.095945748560745e-07,0.3072401393415876,121.90238255442154,0.924999916766511,428.9360487179063,396.76580936221944,32.17023935568687,0.6754902215687225,0.07602396587895409,4.095945748996275e-07,0.30723996349909266,121.90218290186922,0.9249999167664245,428.9355916959173,396.76538661688056,32.170205079036755,0.6754895105133959,0.3522320941557973,0.04961104003799219,0.3072397336793103,121.9019219632729,0.9249999167663113,428.93499438416166,396.7648341035078,32.170160280653896,0.6754879831884569,0.3610659127204312,0.048891160557882916,0.30723931243040764,121.90144367524661,0.9249999167661039,428.93389953807844,396.76382137088297,32.1700781671955,0.6348239892976419,,,0.101,160.29304499680256,1587.0598514534906,1587.0598198211153,3.1632375325855964e-05,49.19885539505821,0.365176010702358,,,200.1699912124804,0.0004932876336931256,86.07309622136657,,,,30.854798738153516,0.00024664184648378966,2.7019579368393716,888.1972153699761,0.0,0.0,0.0,90.24083708158956
119,1,120,0.1016,4.3875065695503815e-05,0.00024664363090430255,963.0593527124798,,,,0,1.0447376518870552e-13,1,1899.3793437397176,1899.3793437397173,1.4745815500924118e-13,303.90069499835477,63.05939421215862,0.33340741271064045,,,285.5543447130179,1899.3792998646518,1823.403957431188,75.9751648929663,1899.3791223241544,0.0001775404972002187,0.8180652679424932,0.07269809741403783,0.05220211928288403,0.15657500554766776,95.32109544316364,0.96,634.1549049030747,608.7887087069518,25.366196196123006,0.7484091318216638,0.10589363443284718,0.06822548442712703,0.15660492562956602,95.18483654626728,0.96,633.1274128432492,607.8023163295192,25.32509651373004,0.6958300095145624,0.06307024056714394,3.6586109793716998e-06,0.15663544339510102,95.04841272358695,0.96,632.0968045778304,606.8129323947172,25.283872183113267,,,,536.0776404710539,1823.403957431188,1686.6484875840401,136.75542870119395,1823.4039162852343,4.1145953674877594e-05,0.717876710268574,0.24931656864405735,0.20693007994427964,0.3178362518963733,134.01967858035408,0.9249999259738158,455.8515579527092,421.6626573613046,34.18890059140459,0.7178767102685002,0.24931656864405735,0.20693007994427964,0.3178361355048446,134.0195445083058,0.92499992597377,455.8512688556262,421.66238994650337,34.18887890912286,0.7178762604858729,0.11557326469430869,0.07318651472183171,0.3178359833860891,134.01936928189895,0.9249999259737102,455.8508910178805,421.6620404465893,34.18885057129121,0.7178752943650868,0.11526090051092854,0.07287358933429865,0.317835704559792,134.01904810049507,0.9249999259736005,455.85019845901826,421.661399829643,34.188798629375285,0.6746594654769886,,,0.101,170.35149724598804,1686.6484875840401,1686.6484575363397,3.004770043263541e-05,52.28610311510524,0.3253405345230115,,,212.7307086628802,0.0004932872605919434,91.47420472503848,,,,28.92486964847161,0.0002466415283895084,2.8715049753880337,963.05935271248,0.0,0.0,0.0,97.84683023558794
120,1,121,0.1016,4.386441879239252e-05,0.0002466436212540498,965.4680005471978,,,,0,1.0447395506812433e-13,1,1901.8185970343707,1901.8185970343704,1.4745818217840007e-13,304.29097552549933,63.1403774215411,0.33340741271135055,,,285.8777605903842,1901.8185531699517,1825.7456407715133,76.07273503214644,1901.8183758036596,0.0001773662921391564,0.8255571556177447,0.06053481282514519,0.05304292514989372,0.15655170022946627,95.42903361715737,0.96,634.9675104483646,609.56881003043,25.398700417934563,0.7522188599149466,0.07854121903327392,0.074731490939991,0.15658120402729658,95.29265682987656,0.96,633.9406112912731,608.5829868396221,25.357624451650924,0.6882244402279746,0.09588904978276495,0.10349461906935278,0.1566113137886857,95.15607014335025,0.96,632.910254064022,607.593843901461,25.316410162560953,,,,537.1643240554167,1825.7456407715133,1688.8145447433053,136.93105488489158,1825.745599628197,4.1143316390176044e-05,0.7187986264319824,0.07515754274220203,0.07423562657879354,0.3180720568218404,134.2913483282987,0.9249999261054711,456.4369755679244,422.20416867213476,34.23280689578962,0.7187986264319087,0.07515754274220203,0.07423562657879355,0.3180719409661883,134.29121482957456,0.9249999261054257,456.43668807904464,422.20390274492155,34.23278533412307,0.7187981791525458,0.08252832689401701,0.08160640822734408,0.3180717895478922,134.29104035258385,0.9249999261053664,456.43631234338415,422.2035551894363,34.23275715394786,0.7187972184084307,0.08257379705793241,0.08165187301458852,0.31807151200562234,134.29072054495956,0.9249999261052577,456.4356236378437,422.2029181368127,34.23270550103104,0.6755258886137406,,,0.101,170.57026901907386,1688.8145447433053,1688.814514709753,3.0033552282574266e-05,52.35325088704246,0.32447411138625937,,,213.00390495832565,0.000493287241291438,91.59167913208003,,,,28.14509304853953,0.000246641460471654,2.875192650424868,965.4680005471979,0.0,0.0,0.0,98.09154885559529
121,1,122,0.1016,4.3350228004852e-05,0.00024664262018536616,1047.6969564383853,,,,0,1.044737698384241e-13,1,2021.0498907189076,2021.0498907189074,1.4745817896617056e-13,323.3679825150252,67.09885637186774,0.33340741274564517,,,302.2983849517315,2021.0498473686794,1940.2076909949897,80.84198712479123,2021.0496781197812,0.00016924889818919003,0.8347720581688917,0.05873663015209427,0.04952172760094736,0.15579806831119453,100.89865343155216,0.96,674.6089032455865,647.624547115763,26.984356129823468,0.7684596608290106,0.08214935760124999,0.06590855668718607,0.15580708846413932,100.76622856730395,0.96,673.6845060064901,646.7371257662304,26.947380240259612,0.7136558366633207,0.1001378371044132,0.07470644066906715,0.1558165570903142,100.63350295287539,0.96,672.7562688677044,645.8460181129963,26.910250754708155,,,,592.0241927094179,1940.2076909949897,1794.6919531577905,145.5156972460461,1940.2076504038369,4.059115279507531e-05,0.7638619586154367,0.20696549083704963,0.16190215865359533,0.3298752467673528,148.00621676921833,0.9249999363647115,485.05225356335114,448.6733036796597,36.3789498836915,0.763861958615363,0.20696549083704963,0.16190215865359533,0.32987517491552965,148.0061325732128,0.9249999363646896,485.0520832843283,448.67314617156387,36.37893711276447,0.7638616936941718,0.1054720312944773,0.060408516752851374,0.32987508100839213,148.006022532791,0.9249999363646612,485.0518607371491,448.6729403154235,36.378920421725674,0.7638611246501261,0.10546319217787738,0.060399285936181886,0.3298749088812681,148.00582083419573,0.9249999363646091,485.05145281900815,448.67256299114365,36.37888982786446,0.7178769664207484,,,0.101,181.26388726893686,1794.6919531577905,1794.6919254514273,2.7706363381543123e-05,55.63545054789151,0.28212303357925167,,,226.35779601858167,0.0004932852391540806,97.33385228799011,,,,27.89024841956033,0.00024664043967133266,3.0554467355750976,1047.6969564383855,0.0,0.0,0.0,106.44601077413995
122,1,123,0.1016,4.3339169341908666e-05,0.0002466425756044178,1048.8805094463396,,,,0,1.0447429918715561e-13,1,2023.6453683526227,2023.6453683526224,1.4745818606133144e-13,323.78325893641966,67.18502622930707,0.33340741274638275,,,302.6701782656113,2023.6453250134532,1942.6993496956766,80.94580623731994,2023.6451559329964,0.00016908045667952872,0.8399803502482331,0.054625113861628494,0.04941682178228694,0.15579000455304545,101.02268649771506,0.96,675.4731499217764,648.4542239249054,27.018925996871054,0.7742215290513086,0.07406453998434175,0.06830267176204377,0.15579863473266706,100.89015032773568,0.96,674.5495990495718,647.5676150875889,26.981983961982902,0.7182011159033753,0.08838126248393308,0.08383598324387839,0.15580770905997338,100.75734144016054,0.96,673.622406961648,646.677510683182,26.944896278465993,,,,593.2570522355453,1942.6993496956766,1796.9967374951725,145.7025716135541,1942.6993091087268,4.05869497561667e-05,0.7648429252479869,0.07423562800283649,0.0732546613702863,0.3301382234771923,148.31443154128578,0.9249999364645292,485.67516755577384,449.2494991314904,36.425668424283494,0.7648429252479132,0.07423562800283649,0.07325466137028629,0.33013815169925037,148.3143473999131,0.9249999364645075,485.6749976181754,449.2493419392121,36.42565567896332,0.7648426608584629,0.07353402051869876,0.07255305335440765,0.3301380578887177,148.31423743094751,0.9249999364644792,485.6747755173316,449.24913649593196,36.425639021399704,0.7648420929564715,0.07353573333015166,0.07255476502380626,0.33013788593872595,148.31403586339889,0.9249999364644272,485.6743684174457,449.2487599285381,36.4256084889076,0.7187988811601139,,,0.101,181.49667048701244,1796.9967374951725,1796.9967097967497,2.7698422917623612e-05,55.70689886235035,0.28120111883988613,,,226.64848947541623,0.0004932851499921844,97.45885047442896,,,,28.544131469554944,0.00024664044505542194,3.0593706043108346,1048.8805094463398,0.0,0.0,0.0,106.56625975974809
123,1,124,0.1016,4.280539508195966e-05,0.00016752595332655108,1088.5092854108052,,,,0,1.0447326800706795e-13,1,2076.2519993839896,2076.2519993839896,1.4745818445095105e-13,332.2003199014383,68.93156637954846,0.33340741278198355,,,310.3504374179138,2076.251956578594,1993.2017235284072,83.05007181368372,2076.251795342091,0.0001612365033853837,0.84503019063114,0.05289630938104294,0.04784646899813607,0.15570365658951932,103.55898321058535,0.96,692.8157193427161,665.1030905690073,27.71262877370869,0.7828685913612708,0.07327703191251654,0.06462996960255428,0.15570439398791194,103.45021045673307,0.96,692.0847455390132,664.4013557174526,27.683389821560556,0.7313193372040021,0.08979976601711037,0.07668154471648356,0.15570539053593596,103.34124375059537,0.96,691.3513304603616,663.6972772419472,27.654053218414465,,,,618.6088848613288,1993.2017235284072,1843.7114373148715,149.49024662672736,1993.2016839415992,3.958680804981456e-05,0.7847257449403109,0.1619022625079736,0.14201944281564963,0.33552384639521915,154.65239309506617,0.9249999396292758,498.30075873037276,460.92817174281714,37.372586987555614,0.7847257449402372,0.1619022625079736,0.14201944281564963,0.3355237737397076,154.65230725706104,0.9249999396292562,498.3005900581242,460.9280157209877,37.372574337136555,0.7847254825189891,0.08028274579852024,0.060399924137993936,0.33552367878220113,154.65219507063827,0.9249999396292305,498.30036961096755,460.9278118073683,37.37255780359929,0.7847249188447709,0.08028256573300177,0.060399739844702434,0.3355235047298299,154.65198943856328,0.9249999396291835,498.2999655421345,460.9274380436986,37.3725274984359,0.7638621094891899,,,0.101,186.21485516880205,1843.7114373148715,1843.7114110895563,2.622531522103498e-05,57.15505455676102,0.23613789051081008,,,232.54042705792958,0.0003350519060918032,99.99238363490971,,,,26.665394615098872,0.00016752490112816469,3.1389018912443083,1088.5092854108054,0.0,-0.0,0.0,110.5925433977378
124,1,125,0.1016,4.279392119199618e-05,0.00016788899319321394,1088.5092818664202,,,,0,1.0447491054784817e-13,1,2080.239859377571,2080.239859377571,1.4745821746948732e-13,332.83837750041135,69.06396333133536,0.33340741278274877,,,310.94422879396643,2080.23981658365,1997.0300692894268,83.20958622039294,2080.23965550982,0.00016107382967784804,0.8475244114596395,0.05053069991288027,0.04803647908438077,0.1557029703664764,103.75706932129859,0.96,694.1439863904437,666.378226934826,27.765759455617786,0.7857170177517993,0.06894008575261158,0.06609165936208314,0.15570324311548622,103.64813741069553,0.96,693.4140075857514,665.6774472823213,27.73656030343011,0.7337839462926316,0.0828284306580759,0.08036382156944645,0.15570377270047786,103.53902206197228,0.96,692.6816615336247,664.9743950722797,27.70726646134504,,,,620.5591657032595,1997.0300692894268,1847.2526571700485,149.77737253964503,1997.030029709693,3.9579733639754905e-05,0.7862329676247015,0.07325466167254793,0.07174743898815729,0.3359364147678983,155.1399636471109,0.924999939754867,499.257845142769,461.813476679206,37.44436846356297,0.7862329676246278,0.07325466167254793,0.07174743898815729,0.3359363420117169,155.13987763851105,0.9249999397548474,499.2576764852849,461.81332067103364,37.44435581425128,0.7862327052265986,0.06836809425211746,0.06686087154450798,0.3359362469226607,155.13976522915374,0.9249999397548219,499.2574560574739,461.81311677530897,37.44433928216492,0.7862321416022034,0.06836831770066683,0.06686109494323425,0.335936072629193,155.13955918848384,0.924999939754775,499.2570520241654,461.81274304449954,37.444308979665855,0.7648430758194785,,,0.101,186.5725183741749,1847.2526571700485,1847.252630944733,2.6225315380645177e-05,57.2648323722715,0.2351569241805215,,,232.9870673590083,0.00033577798582269355,100.18443896437357,,,,29.567134671959835,0.00016788804016816132,3.144930782078131,1088.5092818664202,0.0,-0.0,0.0,110.59254303762829
125,1,126,0.1016,4.256269227279189e-05,0.00024663678239160696,1080.2069561581518,,,,0,1.0448610300676698e-13,1,2096.022683290823,2096.022683290823,1.4745828750625197e-13,335.3636293265317,69.58795308525532,0.3334074127981709,,,313.3108803992435,2096.0226407281307,2012.181583566696,83.84089931527907,2096.0224828819755,0.00015784615497387453,0.8491885052610383,0.049358438933045576,0.04769434513164689,0.1557085548704435,104.54832140046088,0.96,699.4124475012183,671.4359496011696,27.976497900048717,0.7883919671072663,0.06777520325593064,0.06510025390046358,0.15570697456555785,104.43702544610595,0.96,698.6749853470656,670.7279859331828,27.94699941388269,0.737728280901547,0.08223264483130382,0.07828831022238847,0.1557056502303379,104.32553355267666,0.96,697.9350500336914,670.0176480323437,27.917402001347664,,,,628.3175874538754,2012.181583566696,1861.2678124666825,150.9137321061675,2012.18154457285,3.899384593875578e-05,0.7921981301245588,0.14201944393705226,0.1360542814371951,0.3375752031188214,157.07957028578707,0.9249999422203588,503.0457234383728,465.31726511469344,37.72845832367938,0.7921981301244849,0.14201944393705226,0.1360542814371951,0.3375751300288432,157.07948367590163,0.9249999422203399,503.04555498784146,465.3171092979522,37.728445689889284,0.7921978680512867,0.0686806980770336,0.06271553525234556,0.33757503450521076,157.0793704826836,0.9249999422203152,503.0453348343842,465.3169056560045,37.72842917837968,0.7921973051308514,0.06868084331557471,0.06271567978692683,0.3375748594187867,157.0791630095031,0.9249999422202702,503.0449313122516,465.3165323980325,37.72839891421914,0.7847258943903999,,,0.101,187.98804905913494,1861.2678124666825,1861.2677862413711,2.62253114665209e-05,57.69930218646716,0.21527410560960022,,,234.75473920329637,0.0004932735635666198,100.94453785741743,,,,49.41030066444811,0.00024663555189225486,3.1687914334311817,1080.2069561581516,0.0,-0.0,0.0,109.74902674566822
126,1,127,0.1016,4.2545263653260696e-05,0.00013578970472971248,1088.5095055351005,,,,0,1.0448208015154546e-13,1,2096.0309506847925,2096.0309506847925,1.4745824074961653e-13,335.3649521095668,69.58822756273511,0.33340741279933334,,,313.31212714453187,2096.030908139529,2012.1895205114984,83.84123002131265,2096.030750532811,0.00015760671789266819,0.8498188917671592,0.04848797368753508,0.04785758718141418,0.15570856125561594,104.54873712566084,0.96,699.4151999588272,671.4385919604741,27.976607998353153,0.7890093637711031,0.06635684741443298,0.06573945075059624,0.15570697998720842,104.43744102817273,0.96,698.677741228752,670.7306315796018,27.947109649150146,0.7381273228684541,0.08009597282018907,0.07969693085328192,0.15570565468279995,104.3259489906983,0.96,697.9378093452319,670.0202969714226,27.91751237380935,,,,628.3216641188817,2012.1895205114984,1861.2751460724437,150.91433461104918,2012.1894806834928,3.9828005683592125e-05,0.7922012534101904,0.0717474390009658,0.07174431571533413,0.3375760630420407,157.08058915372476,0.9249999385943969,503.04770688438936,465.3190979781123,37.728608906277024,0.7922012534101166,0.0717474390009658,0.07174431571533413,0.33757599008039757,157.08050269580525,0.9249999385943773,503.0475387301423,465.31894243543434,37.72859629470798,0.7922009917919313,0.0653122717837746,0.06530914804312998,0.33757589472111227,157.08038969719348,0.9249999385943519,503.0473189561235,465.31873914446754,37.728579811655905,0.7922004298364537,0.06531243444730886,0.06530930974170661,0.3375757199287065,157.08018257215818,0.9249999385943052,503.0469161128376,465.31836651442933,37.72854959840828,0.7862331170619821,,,0.101,187.98878975331684,1861.2751460724437,1861.2751198471324,2.6225311210869036e-05,57.699529528245755,0.21376688293801807,,,234.75567323094253,0.00027157940909064806,100.94493948930528,,,,41.113482850743566,0.00013578925642903516,3.1688039284486917,1088.509505535101,0.0,-0.0,0.0,110.5925657623662
127,1,128,0.1016,4.247643374504874e-05,0.00017723538157511103,1088.5091778522603,,,,0,1.0448306036249534e-13,1,2098.7640001474942,2098.7640001474942,1.47458262256285e-13,335.8022400235991,69.67896480489681,0.33340741280392405,,,313.7246728073686,2098.7639576710603,2014.813248964585,83.95055204019107,2098.763801004776,0.00015666628443090466,0.8502268983107245,0.04813994990353279,0.04773194335996741,0.15571087913694504,104.68677488452131,0.96,700.3282265341144,672.3150974727498,28.01312906136455,0.7895715263673676,0.06598177720471733,0.06541961460845279,0.1557089712018501,104.57495664907728,0.96,699.5887627325175,671.6052122232168,27.983550509300752,0.7388635219501511,0.0798127649004916,0.07907656581879458,0.15570731954289582,104.46294127377001,0.96,698.8468117381442,670.8929392686184,27.95387246952577,,,,629.6716342316433,2014.813248964585,1863.7020992321866,151.11111037922768,2014.813209611414,3.9353170871844595e-05,0.79323421759308,0.13605428161994926,0.13502131743705964,0.3378608131967048,157.4180819361267,0.9249999406107257,503.7036391331659,465.9258362835848,37.77780284958108,0.7932342175930063,0.13605428161994926,0.13502131743705964,0.33786074015702544,157.4179953497608,0.9249999406107066,503.7034709676304,465.9256807304649,37.77779023716554,0.7932339559602448,0.06508943128002813,0.0640564671117146,0.3378606446974396,157.4178821852767,0.9249999406106816,503.70325118275025,465.9254774294512,37.77777375329905,0.793233393979642,0.06508959039990858,0.06405662625672025,0.33786046972479383,157.41767476047917,0.9249999406106358,503.7028483278678,465.9251047886858,37.77774353918199,0.7921982793790849,,,0.101,188.23391202245085,1863.7020992321866,1863.7020730068762,2.6225310461876826e-05,57.77476507619778,0.20780172062091504,,,235.06177047433394,0.00035447076252197445,101.07656130396359,,,,43.12157291534657,0.00017723465343131087,3.1729357851259734,1088.5091778522603,0.0,-0.0,0.0,110.59253246978965
128,1,129,0.1016,4.2476399935098715e-05,0.00024657438293693303,1087.6375874849527,,,,0,1.0448519048151787e-13,1,2102.3202414212615,2102.3202414212615,1.474582834640413e-13,336.37123862740185,69.79703201518588,0.3334074128039263,,,314.2626909204721,2102.320198944861,2018.2272405878753,84.09280169116148,2102.3200422790364,0.00015666582482711528,0.8506150296113701,0.04802862055478046,0.04764048925413486,0.1557144911739606,104.86677179167746,0.96,701.5160875059239,673.4554440056869,28.060643500236967,0.7902317223022234,0.06592798071485312,0.0652677847799974,0.15571215617591652,104.75429934581214,0.96,700.7742009254341,672.7432328884167,28.03096803701738,0.7398139925119009,0.07983835703736367,0.07888788647561386,0.15571007757144545,104.6416197829825,0.96,700.0297538476785,672.0285636937714,28.00119015390713,,,,631.4310790195445,2018.2272405878753,1866.8600452347464,151.36715639667952,2018.227201631426,3.89564492635746e-05,0.7945783088881628,0.07174431597935017,0.07040022468426735,0.3382317565793138,157.8579434396918,0.9249999423879299,504.5571371122852,466.7153227602827,37.841814352002515,0.7945783088880891,0.07174431597935019,0.07040022468426735,0.33823168345001686,157.85785670012692,0.9249999423879112,504.5569689595099,466.71516721896575,37.841801740544135,0.7945780472753555,0.06520698333001584,0.06386289201490508,0.3382315878733799,157.85774333550782,0.9249999423878867,504.55674919147964,466.7149639335381,37.84178525794157,0.7945774853381746,0.06520714311354767,0.06386305175501497,0.33823141268647633,157.85753554421788,0.9249999423878419,504.556346368151,466.7145913219597,37.84175504619131,0.7922014024007007,,,0.101,188.5528645687094,1866.8600452347464,1866.8600190094357,2.622531061581522e-05,57.87266140227714,0.20779859759929942,,,235.46006574600094,0.0004931487646578876,101.2478282707804,,,,46.60978674692087,0.00024657307912777674,3.1783121503897824,1087.637587484953,0.0,-0.0,0.0,110.5039788884712
129,1,130,0.1016,4.246450204579458e-05,0.0002466155328708037,1086.3812125419076,,,,0,1.0448593530457136e-13,1,2102.3292092209717,2102.3292092209717,1.4745828521781326e-13,336.3726734753555,69.79732974613626,0.33340741280471986,,,314.2640494073436,2102.3291667564695,2018.2358498422818,84.09316041009515,2102.329010252377,0.0001565040927539373,0.8507428768688574,0.047826349635638685,0.04769850237815142,0.1557145011030752,104.86722481917451,0.96,701.5190733435039,673.4583104097637,28.060762933740182,0.7903533136791937,0.06555611952235056,0.06543452814538024,0.15571216505654842,104.75475217536874,0.96,700.7771902495945,672.7461026396107,28.031087609983768,0.7398910786563354,0.07926793336754454,0.07919084722311,0.1557100853974611,104.64207241280035,0.96,700.0327466592784,672.0314367929071,28.001309866371194,,,,631.4355199801863,2018.2358498422818,1866.8680087476955,151.3678020854123,2018.2358108331075,3.900917427590616e-05,0.7945816983334336,0.13502131742646548,0.1350179279811948,0.3382326926061606,157.85905367357148,0.9249999423888661,504.55928939896467,466.71731362580954,37.84197577315516,0.7945816983333598,0.1350213174264655,0.1350179279811948,0.3382326194733771,157.85896692975288,0.9249999423888473,504.5591212387251,466.7171580775881,37.84196316113693,0.794581436723803,0.06430680058855827,0.06430341114011091,0.3382325239006445,157.8588535696095,0.9249999423888229,504.5589014803925,466.71695480113084,37.841946679261675,0.7945808748237437,0.06430696027521095,0.06430357078964183,0.3382323487383733,157.85864580725246,0.924999942388778,504.5584987150253,466.7165822431668,37.84191647185852,0.7932343665941843,,,0.101,188.55366888351725,1866.8680087476955,1866.8679825223849,2.6225310475115287e-05,57.87290827117855,0.20676563340581566,,,235.46107019449437,0.000493231064525223,101.24826018363258,,,,47.87276557573695,0.00024661426305086595,3.1783257082143397,1086.3812125419076,0.0,-0.0,0.0,110.37633119425782
130,1,131,0.1016,4.244903320338711e-05,0.0002463632245406332,1088.2934762368484,,,,0,1.0448478604504729e-13,1,2102.33020457794,2102.33020457794,1.4745827859091367e-13,336.37283273247044,69.79736279198761,0.33340741280575154,,,314.264200219304,2102.330162128907,2018.2368056013345,84.09320023338907,2102.3300058347236,0.00015629418306273746,0.8507949568906398,0.04773236214614182,0.047680282124359444,0.15571450219589147,104.8672746685035,0.96,701.5194018919191,673.4586258162423,28.060776075676788,0.7903590495173352,0.06544043458361681,0.06543469874547539,0.15571216604270025,104.75480244668006,0.96,700.7775221111177,672.746421226673,28.031100884444783,0.7398727538572791,0.07917202846680466,0.07919035326586099,0.1557100862741826,104.64212310412042,0.96,700.0330818316868,672.0317585584193,28.0013232732675,,,,631.4360129835346,2018.2368056013345,1866.8688927963624,151.3678737743597,2018.2367665707222,3.903061224731103e-05,0.7945820718429789,0.07040022469528223,0.07039985118573686,0.33823279592399513,157.85917622017158,0.924999942384619,504.5595269679719,466.71753337498467,37.84199359298725,0.7945820718429052,0.07040022469528223,0.07039985118573686,0.3382327231002428,157.8590898428857,0.9249999423846004,504.5593595183727,466.71737848410555,37.84198103426708,0.794581811309286,0.06427836836973516,0.06427799378425215,0.33823262791445285,157.8589769416836,0.9249999423845761,504.55914064985024,466.71717603072267,37.84196461912759,0.7945812516594318,0.0642785289714309,0.06427815213574284,0.3382324534262306,157.85876997879373,0.9249999423845314,504.55873943452747,466.71680490654967,37.841934527977784,0.7945784578782521,,,0.101,188.55375817243262,1866.8688927963624,1866.8688665710522,2.622531030015224e-05,57.872935676687234,0.2054215421217477,,,235.46118171270467,0.0004927264478673697,101.24830813646301,,,,45.961234228095414,0.0002463619045887588,3.178327206654602,1088.2934762368484,0.0,-0.0,0.0,110.57061718566379
131,1,132,0.1016,4.244899499183909e-05,9.759425558064661e-05,1088.5096461620678,,,,0,1.0448464906048439e-13,1,2102.3250826008416,2102.3250826008416,1.4745827758260206e-13,336.37201321613463,69.79719274234793,0.3334074128057541,,,314.2634243260201,2102.3250401518467,2018.2318885038542,84.0929953543274,2102.3248838581812,0.00015629366504575767,0.85108231499279,0.04775318378844341,0.04746582568629327,0.15571449649537358,104.86701461120117,0.96,701.5176878960781,673.4569803802349,28.060707515843195,0.7906542691609274,0.06544302199032993,0.06514780234673771,0.15571216096983348,104.75454381763818,0.96,700.7758147923105,672.744782200618,28.031032591692455,0.740065755289788,0.07909856059847326,0.07890555916596438,0.15571008182626017,104.64186589718074,0.96,700.031381169793,672.0301259230013,28.001255246791757,,,,631.4334684155069,2018.2318885038542,1866.86432874977,151.36751933812042,2018.2318480878905,4.0415963773277505e-05,0.7945801354214892,0.13501792797020074,0.13501986439169053,0.3382322597989722,157.85854006898833,0.9249999352247621,504.5582973303673,466.716392347706,37.841904982661276,0.7945801354214154,0.13501792797020074,0.13501986439169053,0.33823218697294666,157.8584536890746,0.9249999352247421,504.5581298752281,466.716237451703,37.841892423525046,0.7945798748936053,0.06398278257690745,0.0639847189925881,0.3382320917924683,157.85834079426186,0.9249999352247161,504.55791101850934,466.71603500923925,37.841876009270116,0.7945793152857297,0.06398294219454341,0.0639848785682456,0.3382319173309269,157.85813386318216,0.9249999352246684,504.55750986378575,466.71566394112176,37.84184592266397,0.7945818473345171,,,0.101,188.5532972037268,1866.86432874977,1866.8643025244596,2.622531029951604e-05,57.87279419124287,0.20541815266548294,,,235.460623782717,0.00019518851097080042,101.24806822656831,,,,45.740836565952556,9.75940474458051e-05,3.1783194610222396,1088.5096461620678,0.0,-0.0,0.0,110.59258005006609
132,1,133,0.1016,4.244898847352073e-05,0.00024656858027027027,1087.7046170646229,,,,0,1.0448637132866207e-13,1,2111.2292892803343,2111.2292892803343,1.4745826345098282e-13,337.79668628485354,70.09281240410711,0.33340741280575453,,,315.6166520324295,2111.229246831346,2026.7799269162574,84.44916362151078,2111.2290905377686,0.00015629357750621614,0.851824923672412,0.047877963291285734,0.04713535461166361,0.15572697482831024,105.33489557087191,0.96,704.5911581726067,676.4075118457023,28.18364632690432,0.7920523311389173,0.06585943631830023,0.0644613743403103,0.15572308500703913,105.20563343088078,0.96,703.7440947534983,675.5943309633584,28.14976379013994,0.7422216845326562,0.07992989393849742,0.07777396469562918,0.1557195254343615,105.07612303067678,0.96,702.8938376116632,674.7780841071967,28.115753504466525,,,,635.8530739415429,2026.7799269162574,1874.7712800740037,152.00860788414482,2026.7798879581485,3.8958108960507685e-05,0.7979455054035276,0.07039985182440037,0.06703448184236192,0.33916315817310905,158.96344223826668,0.9249999426246484,506.69530727497056,468.6931301575263,38.00217711744423,0.7979455054034539,0.07039985182440037,0.06703448184236192,0.3391630851147411,158.9633554648515,0.9249999426246299,506.69513983113546,468.69297527197915,38.00216455915633,0.7979452448933553,0.06547097079947596,0.06210560079972593,0.3391629896306609,158.96324205582073,0.9249999426246057,506.69492098932903,468.69277284330855,38.00214814602052,0.7979446853239736,0.06547113029229709,0.062105760254053184,0.33916281461296877,158.96303418260396,0.9249999426245615,506.69451986271343,468.69240180118965,38.002118061523745,0.7945822202053989,,,0.101,189.3518992874744,1874.7712800740037,1874.771253848693,2.622531068353867e-05,58.11790968229411,0.2054177797946011,,,236.45787913806384,0.0004931371593246192,101.67688802936746,,,,53.117747902563664,0.0002465674363307817,3.1917809410243105,1087.7046170646229,0.0,-0.0,0.0,110.51078909376568
133,1,134,0.1016,4.244901248591866e-05,0.0002466174900670681,1086.2246849609867,,,,0,1.0448648607072392e-13,1,2111.2388844236957,2111.2388844236957,1.4745826477993269e-13,337.7982215077913,70.09313096286671,0.3334074128057529,,,315.61811491075946,2111.238841974683,2026.7891382535493,84.44954742723124,2111.2386856807802,0.00015629390303166255,0.8521089296252734,0.04754219828001827,0.047258192327156924,0.15572699016432623,105.33538405495989,0.96,704.5943562821307,676.4105820308454,28.183774251285243,0.7923440290562138,0.06515929301936878,0.06486759510207227,0.15572309904936288,105.20612105775179,0.96,703.7472931386957,675.5974014131478,28.149891725547867,0.7424130819406992,0.07877315996994551,0.07858176256190258,0.15571953817783665,105.07660979804778,0.96,702.8970362599541,674.7811548095559,28.11588145039813,,,,635.8578474596308,2026.7891382535493,1874.779800512382,152.0092987287056,2026.7890992410873,3.9012461788985054e-05,0.797949131938119,0.1350198643824447,0.13501623784785333,0.33916416294187635,158.96463563048897,0.924999942625728,506.697610118547,468.6952602882494,38.002349830297554,0.7979491319380452,0.1350198643824447,0.13501623784785335,0.33916408987840657,158.96454885088676,0.9249999426257095,506.6974426636049,468.6951053924283,38.00233727117661,0.7979488714103455,0.06352277570186253,0.06351914918487234,0.3391639943875336,158.96443543362145,0.9249999426256854,506.6972238069956,468.69490295006506,38.002320856930595,0.797948311802406,0.06352293540513808,0.06351930892670563,0.3391638193568201,158.96422754463364,0.9249999426256411,506.69682265194,468.6945318816392,38.00229077030083,0.7945802837931549,,,0.101,189.3527598517506,1874.779800512382,1874.7797742870714,2.622531068426335e-05,58.11817381588384,0.20541971620684507,,,236.45895384272194,0.0004932349789177325,101.67735015237044,,,,54.60477711362314,0.00024661637685491886,3.1917954470889156,1086.2246849609867,0.0,-0.0,0.0,110.36042799203624
134,1,135,0.1016,4.241032870403753e-05,0.0002466146930163546,1086.441993507838,,,,0,1.0448646932940506e-13,1,2111.240364743066,2111.240364743066,1.474582654044553e-13,337.79845835889057,70.09318010946978,0.33340741280833297,,,315.6183406870753,2111.2403223327374,2026.790559899495,84.44960666247907,2111.240166561974,0.00015577076332980015,0.8521432606991457,0.047328797098623726,0.04729446602475138,0.1557269925301933,105.33545939920002,0.96,704.5948495595366,676.411055577155,28.183793982381534,0.7923477004524571,0.06487658160991006,0.06487291021366677,0.15572310121704416,105.20619631676905,0.96,703.7477867668678,675.597875296193,28.14991147067469,0.7423992527596464,0.07849211461379048,0.07850594379484334,0.15571954014628075,105.07668497110627,0.96,702.8975302355699,674.781629026147,28.11590120942284,,,,635.8585841941097,2026.790559899495,1874.781115534652,152.0094053522363,2026.7905208868885,3.9012606473569795e-05,0.7979496916585599,0.06703448185208764,0.06703392213164669,0.33916431802304287,158.96481982491724,0.924999942625721,506.6979655505969,468.6955890628717,38.00237648772517,0.7979496916584862,0.06703448185208764,0.06703392213164669,0.33916424496143893,158.9647330475116,0.9249999426257026,506.697798100022,468.6954341710902,38.00236392893182,0.7979494311224511,0.0632353423756888,0.06323478266358319,0.3391641494643297,158.96461962281336,0.9249999426256784,506.6975792292373,468.6952317156146,38.00234751362267,0.7979488714655979,0.06323550246854212,0.06323494280535023,0.33916397440422313,158.96441169886748,0.9249999426256342,506.69717800703216,468.6948605850755,38.002317421956654,0.7979456537654678,,,0.101,189.35289266899986,1874.781115534652,1874.7810893093417,2.6225310230509485e-05,58.11821458157421,0.20205434623453236,,,236.45911966296092,0.0004932293848163332,101.67742145507319,,,,54.3885638864246,0.00024661357540175843,3.191797685905095,1086.441993507838,0.0,-0.0,0.0,110.38250654039635
135,1,136,0.1016,4.241028631775401e-05,0.0002076132408611828,1088.5084957077738,,,,0,1.0448631196000716e-13,1,2111.236093249341,2111.236093249341,1.474582644105084e-13,337.79777491989455,70.09303829587812,0.3334074128083358,,,315.6176894515614,2111.2360508390548,2026.7864592661083,84.4494358027546,2111.235895068863,0.00015577019151802578,0.8520933522258858,0.04729321872578921,0.047343127199049144,0.1557269856981421,105.33524181340236,0.96,704.5934250277284,676.4096880266193,28.183737001109154,0.7923411695724635,0.06487236053574379,0.06487889141573734,0.15572309496485917,105.20597923843306,0.96,703.7463629362834,675.5965084188321,28.149854517451338,0.7424134875532767,0.07850667765786633,0.0784924428642359,0.1557195344755612,105.07646839972598,0.96,702.8961071048512,674.7802628206571,28.115844284194115,,,,635.8564582502038,2026.7864592661083,1874.77732073138,152.00909940247533,2026.7864201338555,3.913225292356191e-05,0.7979480808749516,0.13501623783828612,0.1350178486218944,0.33916387136819187,158.9642892917922,0.9249999418328646,506.69694220176103,468.6946420635193,38.00230013824171,0.7979480808748779,0.13501623783828612,0.1350178486218944,0.33916379789951623,158.96420203095275,0.9249999418328458,506.6967738179531,468.6944863084973,38.00228750945581,0.7979478189020136,0.06324759204883308,0.06324920426927062,0.3391637018789954,158.96408798465808,0.9249999418328214,506.6965537472138,468.6942827430638,38.002271004149996,0.7979472561898863,0.06324775133423557,0.06324936660994719,0.33916352587755605,158.96387894280073,0.9249999418327766,506.69615036692744,468.6939096162996,38.0022407506278,0.7979492803096262,,,0.101,189.3525093938694,1874.77732073138,1874.77729450607,2.622531022988267e-05,58.118096942672786,0.20205071969037375,,,236.45864297307958,0.00041522648086030046,101.67721647842421,,,,52.31878422758257,0.00020761241743731215,3.1917912368417296,1088.5084957077738,0.0,-0.0,0.0,110.59246316390981
136,1,137,0.1016,4.241027986308746e-05,0.00024662643047504044,1085.068914217642,,,,0,1.0448658599637197e-13,1,2111.22720735606,2111.22720735606,1.4745826063294526e-13,337.7963531769696,70.09274328422119,0.3334074128083362,,,315.61633470811194,2111.22716494578,2026.7779288086485,84.44908036702705,2111.2270091756754,0.0001557701044409164,0.8516349810109342,0.04724195136886971,0.04770032258382135,0.15572697149731757,105.33478945166978,0.96,704.5904634063338,676.4068448700805,28.18361853625336,0.791950902023646,0.06486424427095792,0.06525451181977536,0.15572308196167375,105.20552765704741,0.96,703.7434009711947,675.5936649323469,28.149736038847802,0.7421960458223977,0.07857859017012743,0.0787960319010064,0.15571952267482378,105.07601759939473,0.96,702.8931447981469,674.777419006221,28.115725791925893,,,,635.8520385136966,2026.7779288086485,1874.7694318931015,152.00845802949402,2026.777889922596,3.888605244409479e-05,0.7979447294602077,0.06703392213995496,0.06703727355469898,0.3391629425653255,158.96318615508636,0.9249999426255715,506.6948131189266,468.69267306368175,38.00214005524483,0.7979447294601338,0.06703392213995496,0.06703727355469898,0.33916286833338366,158.9630979878137,0.9249999426255527,506.6946429852287,468.6925156900115,38.00212729521722,0.7979444647823462,0.06346880303109255,0.06347215715075999,0.33916277132519995,158.96298276860065,0.9249999426255282,506.6944206501319,468.6923100300473,38.002110620084665,0.7979438962962954,0.06346896151435634,0.06347232140794726,0.33916259353476974,158.96277160219577,0.9249999426254832,506.6940131683086,468.69193310936123,38.0020800589473,0.797949840021759,,,0.101,189.3517126212033,1874.7694318931015,1874.7694056677913,2.6225310229459015e-05,58.117852388686146,0.20205015997824105,,,236.45764591816376,0.0004932528597335889,101.67678774481041,,,,55.751911504659894,0.0002466253401013666,3.191777819998983,1085.0689142176423,0.0,-0.0,0.0,110.24300168451242
137,1,138,0.13994,4.2410298457232014e-05,0.00017642403548248382,1088.4978673646,,,,0,1.0448356158357343e-13,1,2099.5868180772554,2099.5868180772554,1.474582596931487e-13,335.93389089236086,69.70628236016488,0.333407412808335,,,313.8490341530015,2099.586775666957,2015.6031551007384,83.98346479586412,2099.5866198966028,0.00015577035421019035,0.849969858704017,0.046999407025618674,0.04866452933253587,0.15571165899942133,104.72859558208476,0.96,700.6044875873986,672.5803080839027,28.024179503495937,0.7893948525520118,0.06432106040515814,0.06687710987679238,0.15570964849120003,104.61641696769367,0.96,699.8630810441161,671.8685578023516,27.994523241764654,0.738880249235694,0.07771197328538997,0.08102776987209381,0.15570789501402968,104.50402160322311,0.96,699.1190512650878,671.1542892144843,27.96476205060354,,,,630.0784337425849,2015.6031551007384,1864.4327624117198,151.1703534033048,2015.6031158150245,3.92857139392703e-05,0.7935452122083655,0.13501784779069786,0.13941736504254004,0.3379465982512638,157.5197839369222,0.9249999406048249,503.9011196620256,466.1085057580785,37.792613903947164,0.7935452122082918,0.13501784779069786,0.13941736504254004,0.3379465243264561,157.51969629028866,0.9249999406048056,503.9009495098791,466.1083483673433,37.79260114253581,0.7935449474846695,0.062326927632245614,0.06672644492992223,0.3379464277100414,157.5195817400756,0.9249999406047804,503.9007271285718,466.10814266463456,37.79258446393725,0.7935443788649948,0.062327088678965206,0.06672660611026564,0.33794625061697836,157.51937177529845,0.9249999406047341,503.900319514548,466.1077656216634,37.79255389288458,0.7979482300693471,,,0.101,188.30770900358368,1864.4327624117198,1864.43273618641,2.6225309806072513e-05,57.79741563476331,0.20205176993065282,,,235.15392612049126,0.0003528480703424588,101.11618823181124,,,,43.73783880667584,0.00017642332416015717,3.1741797507663216,1088.4978673646003,0.0,-0.0,0.0,152.32439155900215
138,1,139,0.13994,4.24103381888319e-05,0.0001613800623351872,1088.5081740466178,,,,0,1.0447387616949608e-13,1,2077.7995822678376,2077.7995822678376,1.474581973170218e-13,332.447933162854,68.9829461312922,0.3334074128083323,,,310.58067511415385,2077.7995398574994,1994.6874087231465,83.11197536346455,2077.799384086611,0.00015577088816656396,0.8477822295787831,0.04713905498268803,0.04932668410792194,0.15570328869562264,103.63615816924653,0.96,693.3336625749314,665.600316071934,27.733346502997307,0.7855448361260785,0.0642337415366064,0.06808375796253972,0.155703847199371,103.52693547259774,0.96,692.6004702110638,664.8964514026212,27.704018808442612,0.7331998086649449,0.07720385452412062,0.0828842950948696,0.15570466527185262,103.41758147230954,0.96,691.8652513006159,664.1906412485913,27.674610052024622,,,,619.3652598703196,1994.6874087231465,1845.0856957706178,149.60167353843715,1994.6873693090547,3.941409186914671e-05,0.7853106663265221,0.0670372719987973,0.07527181788064065,0.33568388298937235,154.84148849158524,0.9249999394189884,498.6721830290087,461.2717390917677,37.400443937240965,0.7853106663264484,0.0670372719987973,0.07527181788064065,0.33568380965599337,154.8414018325303,0.9249999394189685,498.6720128803463,461.2715817042554,37.40043117609091,0.7853104016081427,0.0614217691245084,0.06965631500103525,0.3356837138124204,154.84128857288624,0.9249999394189425,498.6717905032954,461.2713760054839,37.40041449781153,0.7853098329993345,0.06142192985684808,0.06965647572250847,0.3356835381356521,154.8410809733178,0.924999939418895,498.67138289640445,461.27099896911074,37.40038392729372,0.7979448802105049,,,0.101,186.3536552728324,1845.0856957706178,1845.0856695453085,2.622530918276099e-05,57.19765656888915,0.20205511978949517,,,232.71375695164107,0.0003227601241495039,100.06691548920567,,,,27.79190035087449,0.00016137912551060672,3.141241567260448,1088.5081740466178,0.0,-0.0,0.0,152.3258338760837
139,1,140,0.13994,4.246092317439184e-05,0.00017900542501441785,1088.0125373690205,,,,0,1.0447420087241112e-13,1,2077.760697264954,2077.760697264954,1.4745820023050102e-13,332.44171156239264,68.98165514919648,0.33340741280495856,,,310.57488694813435,2077.7606548040308,1994.6500784145999,83.11041993394173,2077.7604983485417,0.00015645548921701288,0.8470009930774034,0.04820768031129205,0.04898891681267178,0.15570329633442054,103.63422668731543,0.96,693.320706801816,665.5878785297433,27.732828272072663,0.7847812882472756,0.06627051359746616,0.06703406147626916,0.1557038593845926,103.52500607147913,0.96,692.5875082181493,664.8840078894233,27.70350032872604,0.7327117302848848,0.08035877942738717,0.08084685780744733,0.1557046820201082,103.4156541893398,0.96,691.8522833285763,664.1781919954333,27.67409133314303,,,,619.3462479924713,1994.6500784145999,1845.051166711376,149.59887242779348,1994.6500391391696,3.927543011078248e-05,0.785295970554096,0.13941736503148633,0.13943206080391246,0.33567986110566,154.8367358112422,0.9249999400936131,498.6628510611,461.2631073584278,37.399743702672176,0.7852959705540222,0.13941736503148633,0.13943206080391246,0.3356797876494535,154.83664900754863,0.9249999400935933,498.66268062500546,461.26294970504074,37.3997309199647,0.7852957053889623,0.06625779721837698,0.06627249343755733,0.3356796916456327,154.83653555920165,0.9249999400935676,498.66245787294724,461.26274365938735,37.39971421355988,0.785295135821628,0.06625795714472993,0.06627265432243637,0.3356795156757539,154.8363276144788,0.9249999400935203,498.6620495801169,461.2623659885202,37.39968359159672,0.7935453629697165,,,0.101,186.350167837849,1845.051166711376,1845.0511404860665,2.6225309574580255e-05,57.19658616805266,0.20645463703028363,,,232.70940032339823,0.00035801084938797686,100.06504213906123,,,,28.25930242570855,0.00017900429145196347,3.141182782318708,1088.0125373690207,0.0,-0.0,0.0,152.25647447942075
140,1,141,0.13994,4.255592570798287e-05,0.00017906152860500745,1084.6731360446454,,,,0,1.044760145766285e-13,1,2077.6923871167055,2077.6923871167055,1.4745823719465494e-13,332.4307819386729,68.97938725227462,0.3334074127986222,,,310.5647191121568,2077.69234456078,1994.584499335344,83.10768747230603,2077.69218680765,0.0001577531300435624,0.8467925245718431,0.04877091626760372,0.048979384773164006,0.1557033099566793,103.63083158128363,0.96,693.2979326335711,665.5660153282283,27.73191730534285,0.784648069203839,0.066994837833529,0.06712805687696552,0.15570388098547255,103.52161672093898,0.96,692.5647372123369,664.8621477238433,27.702589488493512,0.7326544717558277,0.08109049379083999,0.08114775231989718,0.15570471161751728,103.41227080993423,0.96,691.8295169617419,664.1563362832723,27.673180678469652,,,,619.3128489291175,1994.584499335344,1844.9905060225067,149.59395398928012,1994.5844600117866,3.9323557208920446e-05,0.7852701518765599,0.07527181788353622,0.07529763656107234,0.3356727951849449,154.8283860077648,0.9249999400936287,498.6464562174684,461.2479421290585,37.39851408840991,0.7852701518764862,0.07527181788353624,0.07529763656107233,0.335672721744005,154.82829922300456,0.924999940093609,498.64628581249724,461.2477845044606,37.39850130803667,0.7852698867595758,0.06707180678921212,0.06709762541859865,0.3356726257599826,154.82818579922076,0.9249999400935831,498.6460631007594,461.24757849610353,37.39848460465587,0.7852693172950929,0.06707196644522002,0.06709778497175524,0.3356724498260604,154.8279778991274,0.9249999400935358,498.6456548810616,461.24720089288394,37.39845398817765,0.7853108170849774,,,0.101,186.3440411082732,1844.9905060225067,1844.9904797971963,2.6225310485630052e-05,57.19470568669771,0.21468918291502256,,,232.70174956637968,0.00035812305656875425,100.06175231354325,,,,31.54901028948736,0.00017906051263863321,3.1410795078077145,1084.6731360446454,0.0,-0.0,0.0,151.78915865808767
141,1,142,0.13994,4.255609608862843e-05,7.862814943571077e-05,1088.5096674785816,,,,0,1.0447236640171541e-13,1,2074.294876762208,2074.294876762208,1.4745817568055797e-13,331.88718028195325,68.8665899085053,0.3334074127986108,,,310.05960943485263,2074.294834206112,1991.3228893926153,82.97178705802567,2074.2946764506405,0.00015775547103328013,0.8465159548328757,0.04881429245443887,0.049090862193406234,0.1557043688106497,103.45338740739379,0.96,692.1061113390143,664.4218668854537,27.684244453560538,0.7841301656091488,0.06685616019148388,0.06737406378617407,0.15570526748959423,103.35330525065224,0.96,691.4325681154256,663.7752653908086,27.657302724617075,0.7318506748030825,0.08072944655902817,0.08153324351177324,0.15570638852245494,103.2529167768066,0.96,690.7559969962009,663.1257571163528,27.630239879848055,,,,617.65321582975,1991.3228893926153,1841.973497342833,149.3493510115214,1991.3228483543546,4.103826044447938e-05,0.7839860527788235,0.13943206054935697,0.14071615964709344,0.3353215924368158,154.4134774210703,0.9249999310082443,497.8310532930082,460.49368994979415,37.33736334321404,0.7839860527787497,0.13943206054935697,0.14071615964709344,0.3353215190901471,154.41339079201606,0.9249999310082229,497.8308828930125,460.4935323297993,37.33735056321322,0.7839857876696763,0.06637885475676567,0.06766295384666515,0.33532142322937375,154.4132775717808,0.9249999310081949,497.8306601878711,460.49332632754493,37.33733386032619,0.7839852182221626,0.0663790146539982,0.0676631137269284,0.33532124752144665,154.41307004488277,0.9249999310081436,497.83025198046283,460.4929487356949,37.33730324476796,0.7852961215671068,,,0.101,186.03932323162618,1841.973497342833,1841.9734711175229,2.622531035189282e-05,57.10117841762783,0.2147038784328932,,,232.3212478892141,0.00015725629874777382,99.89813659236206,,,,25.242716902095417,7.862790458068753e-05,3.1359431114494116,1088.5096674785816,0.0,-0.0,0.0,152.32604286695272
142,1,143,0.1016,4.2556394212189886e-05,0.00017204224903661806,1088.5092388631233,,,,0,1.0447249778031967e-13,1,2074.569917821238,2074.569917821238,1.4745817515311388e-13,331.93118685139814,68.87572127166511,0.33340741279859093,,,310.1004547455679,2074.569875264844,1991.5869288050649,82.98278870021115,2074.569717505276,0.00015775956790791722,0.8464359012371152,0.048949459563760025,0.04902951315952051,0.1557042577982213,103.4677402990675,0.96,692.2026261127232,664.5145210682142,27.68810504450894,0.784067031609401,0.06713003691383841,0.0671931709135862,0.15570513264596886,103.36689605802788,0.96,691.5240893520624,663.8631257779799,27.660963574082547,0.7318470475588796,0.08118678927597361,0.08119041652017651,0.15570623210137144,103.2658183884725,0.96,690.8430020404904,663.2092819588707,27.633720081619657,,,,617.787469153522,1991.5869288050649,1842.217752734662,149.36913668812477,1991.586889422787,3.938227796508812e-05,0.78409000592161,0.07529763658844604,0.07519368344565946,0.33535000887494776,154.44704076823032,0.9249999397559115,497.8970635432062,460.554753782111,37.342309761095166,0.7840900059215363,0.07529763658844604,0.07519368344565945,0.33534993552448106,154.44695413110628,0.9249999397558918,497.89689315171313,460.5545961699803,37.34229698173284,0.7840897408256182,0.0671758937823465,0.06707194062640458,0.3353498396587113,154.44684090028525,0.9249999397558658,497.89667045760694,460.55439017793265,37.342280279674334,0.7840891714062461,0.06717605353444374,0.06707210035036029,0.335349663941555,154.44663335390013,0.9249999397558183,497.89626227026065,460.5540126046382,37.34224966562245,0.785270302862197,,,0.101,186.0639930262009,1842.217752734662,1842.2177265093517,2.622531036579112e-05,57.10875033477453,0.21472969713780302,,,232.3520335523186,0.00034408449748126547,99.911374427497,,,,25.443194188913978,0.00017204108602208524,3.1363589240750107,1088.5092388631235,0.0,-0.0,0.0,110.59253866849332
143,1,144,0.1016,4.2571248478327414e-05,0.00024661459876493616,1086.4485986494356,,,,0,1.0447378518686383e-13,1,2074.7314250151553,2074.7314250151553,1.4745819590856997e-13,331.95702800242486,68.88108331050314,0.3334074127976002,,,310.12444260217956,2074.7313824439066,1991.7419755008125,82.98924897920051,2074.7312244800128,0.0001579638938749342,0.846444479698648,0.0490224162476508,0.04901383778611802,0.15570419636631225,103.47594264528027,0.96,692.2577732068123,664.5674622785398,27.690310928272506,0.7840998338279306,0.06722329089777984,0.06719048867925033,0.15570505522170272,103.37488925293572,0.96,691.5779076781846,663.9147913710573,27.66311630712739,0.7318974211347097,0.08127183446320073,0.08122146088737069,0.15570613939244995,103.27361070396358,0.96,690.895543595016,663.2597218512153,27.635821743800616,,,,617.8663094693865,1991.7419755008125,1842.3611750661084,149.38076147424292,1991.7419365403512,3.896046118762329e-05,0.7841510481183314,0.14071615965177128,0.14065511745504997,0.33536669598388613,154.4667508673272,0.9249999416422194,497.93582533353003,460.59060937508565,37.34521595844441,0.7841510481182576,0.14071615965177128,0.14065511745504997,0.3353666226259633,154.4666642192912,0.9249999416422,497.9356549348884,460.5904517563424,37.345203178546036,0.7841507830129707,0.06724878798075695,0.06718774579340452,0.3353665267514255,154.46655097536296,0.9249999416421745,497.93543223371,460.59024575775265,37.345186475957334,0.7841502135770632,0.06724894758989144,0.06718790541907438,0.33536635102027357,154.46634340740508,0.9249999416421278,497.9350240382229,460.5898681769277,37.345155861295154,0.7839862037597827,,,0.101,186.07847868167696,1842.3611750661084,1842.361148840798,2.6225310535120398e-05,57.11319642704937,0.2160137962402173,,,232.37011821046377,0.0004932291963134971,99.91915083049942,,,,27.621371947602483,0.0002466123975195109,3.136603092826623,1086.4485986494358,0.0,-0.0,0.0,110.38317762278265
144,1,145,0.1016,4.2570046251792266e-05,0.00024662881836548197,1084.5315195383434,,,,0,1.0447493796111749e-13,1,2074.7380171109958,2074.7380171109958,1.474582155267743e-13,331.95808273775936,68.88130216808507,0.33340741279768044,,,310.1254217333445,2074.73797454095,1991.748303929863,82.9895126637443,2074.737816593607,0.00015794734242909148,0.8464569550860045,0.04902282509684896,0.049010349709492494,0.15570419394659496,103.47626976871284,0.96,692.259972432376,664.569573535081,27.69039889729502,0.7841068747333041,0.06720385099362451,0.06719681008825103,0.1557050520898988,103.37521563334332,0.96,691.5801050730223,663.9169008701014,27.663204202920962,0.7318994096954216,0.08123579736833943,0.08123380880762751,0.1557061355472512,103.27393633128837,0.96,690.8977390882088,663.2618295246805,27.63590956352832,,,,617.8695274535761,1991.748303929863,1842.3670287941477,149.3812361003285,1991.7482648944763,3.9035386623179985e-05,0.784153539064618,0.07519368345292167,0.07519119250663503,0.33536737697234137,154.46755522959134,0.9249999416426427,497.9374071577995,460.5920725626533,37.34533459514617,0.7841535390645443,0.07519368345292167,0.07519119250663502,0.335367303672542,154.46746865012315,0.9249999416426232,497.93723689458415,460.5919150691794,37.345321825404746,0.7841532741663827,0.0671951049452046,0.06719261379179259,0.3353672078719642,154.4673554934422,0.9249999416425978,497.937014365746,460.5917092300045,37.34530513574155,0.7841527051680471,0.06719526479642779,0.06719277320544377,0.33536703227215764,154.46714808041938,0.9249999416425512,497.9366064763468,460.5913319323108,37.34527454403604,0.7840901568953071,,,0.101,186.07906990820894,1842.3670287941477,1842.3670025688373,2.622531052188465e-05,57.11337789261858,0.21590984310469294,,,232.37085659481636,0.0004932576355144484,99.91946833577104,,,,29.543239443239884,0.0002466267601180515,3.136613057463592,1084.5315195383437,0.0,-0.0,0.0,110.18840238509569
145,1,146,0.1016,4.256933894833281e-05,0.00010418446954134812,1088.5096272813885,,,,0,1.0447257852878909e-13,1,2074.7370034827377,2074.7370034827377,1.474581757489938e-13,331.95792055723797,68.88126851562689,0.33340741279772756,,,310.12527117915147,2074.7369609133984,1991.7473308567608,82.9894721190317,2074.7368029757927,0.00015793760593439525,0.846508702162103,0.04902442507962709,0.04897267800352845,0.15570419431991914,103.47621927823766,0.96,692.2596329894817,664.5692476699024,27.690385319579264,0.7841583567784216,0.06719933077512556,0.06714784873000805,0.1557050525712676,103.37516545183009,0.96,691.579767220693,663.9165765318653,27.663190688827697,0.7319330699864809,0.08121784394524731,0.08118418365418804,0.15570613613613904,103.27388644908373,0.96,690.897402765618,663.2615066549934,27.635896110624735,,,,617.869025524908,1991.7473308567608,1842.366114850254,149.38117573085754,1991.7472905811119,4.0275648906978346e-05,0.7841531554950231,0.14065511744848072,0.14065550101807564,0.3353672709044865,154.46742975125207,0.9249999352642816,497.93716358716756,460.59184408381,37.34531950335757,0.7841531554949493,0.1406551174484807,0.14065550101807564,0.3353671976022615,154.4673431689331,0.9249999352642609,497.9369933182554,460.591686585067,37.34530673318841,0.7841528905898338,0.0671382663189635,0.06713864989551234,0.335367101799596,154.46723000980407,0.9249999352642339,497.93677078448405,460.5914807413294,37.345290043154634,0.784152321580461,0.06713842589344249,0.06713880948102866,0.33536692619818426,154.46702259491872,0.9249999352641843,497.9363628912046,460.59110344004773,37.34525945115692,0.7841511990985975,,,0.101,186.07897759987566,1842.366114850254,1842.3660886249436,2.622531051393533e-05,57.113349560357875,0.21584880090140238,,,232.37075692018777,0.00020836893886560818,99.91942547568074,,,,25.563959575954947,0.00010418404505371615,3.1366115231602674,1088.509627281389,0.0,-0.0,0.0,110.59257813178907
146,1,147,0.1016,4.256931086831197e-05,0.0002465579473024193,1087.8040142011441,,,,0,1.0447370345055794e-13,1,2076.312932762462,2076.312932762462,1.4745819252185866e-13,332.21006924199395,68.93358936771374,0.33340741279772945,,,310.35948941370776,2076.3128901931514,1993.2602229656945,83.05250929023732,2076.3127322559317,0.00015793721956646205,0.8466676562902101,0.049047185652760394,0.048888231524653374,0.1557036557679137,103.55912994534182,0.96,692.8167046627151,665.1040364762066,27.71266818650859,0.7844043723616697,0.06727102732223442,0.06702501173898621,0.1557043705468292,103.45316745283445,0.96,692.1046321194423,664.4204468346645,27.684185284777694,0.7322971056781478,0.08136366331257094,0.080999627620904,0.15570532945728785,103.3471920155315,0.96,691.3913954737744,663.7357396548234,27.655655818951033,,,,618.6386583279342,1993.2602229656945,1843.7655539597142,149.49463003768443,1993.2601839973984,3.896829604131872e-05,0.7847487807371569,0.07519119262742976,0.07459556738529598,0.3355301474959775,154.65983755447004,0.9249999416845812,498.3153858808198,460.94170288028795,37.373683000531855,0.7847487807370832,0.07519119262742976,0.07459556738529596,0.3355300743725383,154.65975116284469,0.9249999416845619,498.31521612608344,460.94154585715705,37.37367026892638,0.7847485166479009,0.06741324548148044,0.06681761942341333,0.335529978812448,154.6596382634703,0.9249999416845366,498.31499428500075,460.94134065415585,37.37365363084489,0.7847479494239085,0.06741340542642126,0.06681777758297379,0.33552980367466373,154.65943134714917,0.9249999416844902,498.31458770549455,460.94096456811326,37.373623137381294,0.7841536899240896,,,0.101,186.22032094993116,1843.7655539597142,1843.7655277344036,2.622531057933624e-05,57.15673217275114,0.21584631007591046,,,232.54724709083936,0.0004931158933890222,99.99531624906092,,,,27.415194164269483,0.0002465557305167684,3.1389940275460493,1087.8040142011444,0.0,-0.0,0.0,110.52088784283625
147,1,148,0.1016,4.256931493978348e-05,0.0001320093745535339,1088.5095236319114,,,,0,1.0447332376699337e-13,1,2076.320415777681,2076.320415777681,1.4745818434340971e-13,332.2112665244289,68.93383780381899,0.3334074127977292,,,310.36060211223736,2076.3203732083657,1993.2674066602465,83.0528086108437,2076.32021527109,0.00015793727561095816,0.8469902057075057,0.04901799020167339,0.048695440784377826,0.15570365369190262,103.55950108022755,0.96,692.8191968144745,665.1064289418954,27.712767872579025,0.7846708462423817,0.06715753108022987,0.06689105719951795,0.15570436761996848,103.45353835616712,0.96,692.1071264832035,664.4228414238753,27.684285059328186,0.7324412124759111,0.08113757250130019,0.08099346570353692,0.15570532567679776,103.34756267584271,0.96,691.3938919734121,663.7381362944757,27.65575567893649,,,,618.6423098348159,1993.2674066602465,1843.7721902773494,149.49517650497796,1993.2673667823276,3.987791890998177e-05,0.7847516031140854,0.1406555010127066,0.14065267863577813,0.3355309190951952,154.6607490408678,0.9249999377924779,498.3171788438338,460.94335943146933,37.373819412364455,0.7847516031140116,0.1406555010127066,0.14065267863577813,0.33553084657277105,154.66066335921525,0.924999937792458,498.3170104848081,460.94320369937117,37.373806785437,0.7847513411644648,0.06699827888985664,0.06699545437329278,0.33553075178040087,154.66055136673776,0.924999937792432,498.31679042658345,460.943000145514,37.37379028106946,0.7847507784709933,0.06699843977108565,0.06699561072400084,0.33553057801195973,154.66034606799505,0.9249999377923841,498.3163870271021,460.94262700099506,37.37376002610705,0.7841533063598637,,,0.101,186.2209912180123,1843.7721902773494,1843.772164052039,2.6225310579702436e-05,57.15693789859783,0.21584669364013637,,,232.54809378836623,0.0002640187487585383,99.99568032899748,,,,26.714775561277587,0.00013200872241504144,3.139005325863555,1088.5095236319116,0.0,-0.0,0.0,110.59256760100219
148,1,149,0.1016,4.256242504405914e-05,0.00017357746077714589,1088.5092217298263,,,,0,1.0447592282812489e-13,1,2082.46270698903,2082.46270698903,1.474582285586938e-13,333.19403311824476,69.1377618720358,0.3334074127981887,,,311.2759435569944,2082.4626644266045,1999.164006320761,83.29850026336511,2082.462506584126,0.00015784247843005577,0.8480738179862938,0.04913593229246358,0.04805232001367548,0.1557029551558203,103.86891393394758,0.96,694.892304642411,667.0966124567146,27.795692185696414,0.7862339835207067,0.067407116660863,0.06584397938253801,0.15570296821440016,103.75870456771278,0.96,694.1549359282214,666.3887384910925,27.766197437128916,0.7343457578362744,0.08150694158983882,0.07960239622947542,0.15570324242597766,103.64832505533401,0.96,693.4152660134938,665.678655372954,27.73661064053979,,,,621.648017054428,1999.164006320761,1849.2265495002694,149.9374174030071,1999.1639669032766,3.941748445899626e-05,0.7870730991408055,0.07459556783586885,0.07227407180914876,0.33616664564529986,155.41217636670603,0.9249999400323408,499.7913288198017,462.3069491870005,37.484379632801215,0.7870730991407318,0.07459556783586885,0.07227407180914877,0.3361665729634364,155.41209041713793,0.9249999400323213,499.79116047263716,462.3067934658737,37.48436700676351,0.7870728372254606,0.0673421055798867,0.06502060951889083,0.33616647797150623,155.4119780849275,0.9249999400322959,499.7909404503905,462.30658994529597,37.48435050509452,0.7870722746380218,0.067342264613923,0.06502076844689457,0.33616630385605967,155.41177218565653,0.9249999400322494,499.7905371604472,462.3062169020993,37.484320258347836,0.7847489311514246,,,0.101,186.77188149952724,1849.2265495002694,1849.2265232749587,2.622531076744597e-05,57.32602303450835,0.21525106884857545,,,233.23602587159263,0.00034715492095170906,100.29149112478483,,,,31.187141113504993,0.00017357649500824833,3.14829131014502,1088.5092217298265,0.0,-0.0,0.0,110.59253692775034
149,1,150,0.1016,4.256239353493505e-05,0.00024663134411853134,1083.7442971139803,,,,0,1.0448604855251961e-13,1,2099.9374249610596,2099.9374249610596,1.4745828769084055e-13,335.98998799376955,69.71792250870718,0.3334074127981908,,,313.9020455952611,2099.937382398666,2015.9397355743545,83.99748898226493,2099.937224556619,0.00015784204676656054,0.8497281735784867,0.049148215578726506,0.047493859986533514,0.15571199327158494,104.74595427629598,0.96,700.7191080490845,672.6903437271211,28.028764321963447,0.7892258639902361,0.06776503218529485,0.06477315171576545,0.15570994789403303,104.63408372227018,0.96,699.9799221875846,671.9807253000812,27.999196887503423,0.7388462788254417,0.08241523913609713,0.07791471814692989,0.15570815800822804,104.52200759669496,0.96,699.2381943199503,671.2686665471522,27.96952777279805,,,,630.2518264249757,2015.9397355743545,1864.7441030654982,151.19559351231322,2015.9396965778114,3.8996543146600433e-05,0.7936777171370291,0.14065267988218988,0.13404806188596624,0.3379831573292089,157.563130280178,0.9249999423252085,503.98526124394044,466.1863375834001,37.79892366054037,0.7936777171369553,0.14065267988218988,0.13404806188596624,0.33798308417714595,157.56304354509618,0.9249999423251898,503.98509289203315,466.1861818578861,37.79891103414708,0.7936774552162583,0.0690110799065208,0.06240646191572315,0.33798298857184733,157.56293018763137,0.9249999423251652,503.9848728662598,466.18597833404607,37.79889453221375,0.7936768926214698,0.06901123858544819,0.0624066206020001,0.3379828133346139,157.56272241207014,0.9249999423251203,503.98446957557803,466.185605290166,37.79886428541202,0.7847517522819414,,,0.101,188.33915440961533,1864.7441030654982,1864.7440768401866,2.622531169638066e-05,57.80706719503044,0.21524824771805876,,,235.19319027882665,0.0004932626870205222,101.13307181989546,,,,48.74946920990301,0.00024663009698578086,3.1747097821117123,1083.7442971139803,0.0,-0.0,0.0,110.1084205867804
150,1,151,0.1016,4.253555611941567e-05,0.0002466231885712324,1085.6021688019314,,,,0,1.0448537390141283e-13,1,2099.9457877443015,2099.9457877443015,1.4745828457606066e-13,335.9913260390882,69.7182001531108,0.33340741279998076,,,313.903310295908,2099.9457452087454,2015.9477642257543,83.99782350940649,2099.9455877351606,0.0001574735845600531,0.8503192762099039,0.04833666863532997,0.04774556600391289,0.15571200146982628,104.74637600580459,0.96,700.7218924003421,672.6930167043284,28.028875696013696,0.7898049628015819,0.06615655155398689,0.0655774527426411,0.15570995511722172,104.6345052896221,0.96,699.9827099128195,671.9834015163067,27.999308396512763,0.7392123318958126,0.07985018611980352,0.07948413304943265,0.15570816425059467,104.5224290004813,0.96,699.2409854219992,671.2713460051191,27.96963941688002,,,,630.2559627732979,2015.9477642257543,1864.7515295175124,151.19619565738287,2015.9477251748951,3.905085916581296e-05,0.7936808771837163,0.07227407181468086,0.07227091176799366,0.33798402929747945,157.5641641579422,0.9249999423252951,503.9872679854707,466.18819381924345,37.79907416622725,0.7936808771836426,0.07227407181468086,0.07227091176799365,0.3379839562354218,157.56407752946754,0.9249999423252764,503.98709984121535,466.1880382858075,37.799061555407825,0.7936806155819063,0.06493760186958977,0.06493444150394184,0.3379838607454027,157.56396430854355,0.924999942325252,503.9868800814196,466.18783500799674,37.79904507342284,0.7936800536636548,0.06493776169983642,0.06493460065765139,0.33798368571448667,157.56375677734465,0.924999942325207,503.9864772667896,466.18746240446467,37.79901486232499,0.7870732483031292,,,0.101,188.33990448126875,1864.7515295175124,1864.751503292201,2.622531128370475e-05,57.80729741504288,0.21292675169687075,,,235.19412697851604,0.0004932463759260048,101.1334746007619,,,,46.89774861810774,0.0002466218922584079,3.17472242361292,1085.6021688019316,0.0,-0.0,0.0,110.29718035027622
151,1,152,0.1016,4.245939637812853e-05,0.00011237933375239234,1088.509601218093,,,,0,1.0448356320789844e-13,1,2099.9462981173965,2099.9462981173965,1.4745826685572113e-13,335.99140769878346,69.71821709749757,0.3334074128050603,,,313.90338764310894,2099.946255658,2015.9482552543068,83.99784396892957,2099.946099223236,0.00015643476405383978,0.8504742024878467,0.047907713724708735,0.04775278744676587,0.15571200196193227,104.74640131447211,0.96,700.7220594932159,672.6931771134871,28.028882379728707,0.7898987174550262,0.06559979164433802,0.06550603699089379,0.15570995555911074,104.63453107266473,0.96,699.9828804094412,671.9835651930637,27.999315216377642,0.7392434489368264,0.07928548983044297,0.07925437278942918,0.1557081646396463,104.5224552559721,0.96,699.2411593205793,671.2715129477562,27.969646372823227,,,,630.2562095537006,2015.9482552543068,1864.751971725105,151.1962434116843,2015.948215136789,4.011751767787966e-05,0.7936810700908441,0.13404806188142077,0.13404786897429297,0.3379840814886745,157.56422585449846,0.9249999368652705,503.98739047868173,466.18830437367296,37.79908610500873,0.7936810700907704,0.13404806188142077,0.13404786897429297,0.3379840084251239,157.5641392242476,0.9249999368652507,503.9872223310227,466.188148837089,37.799073493933655,0.7936808084858352,0.06433240737330558,0.06433221446937656,0.33798391293435565,157.5640260024275,0.9249999368652249,503.98700256954476,466.1879455577228,37.799057011821944,0.7936802465650219,0.06433256729398279,0.06433237439261572,0.33798373790454683,157.56381847252703,0.9249999368651776,503.9865997575399,466.18757295662,37.79902680091997,0.7936778663038985,,,0.101,188.33994914423562,1864.751971725105,1864.7519454997946,2.622531031869075e-05,57.80731112347826,0.20632213369610164,,,235.19419618283837,0.0002247586672522024,101.1335043586205,,,,43.99028226095321,0.00011237904679067743,3.1747231952324717,1088.5096012180932,0.0,-0.0,0.0,110.59257548375824
152,1,153,0.1016,4.2459359197829624e-05,0.0002466035225091941,1087.0111839797617,,,,0,1.0448572729748698e-13,1,2102.4924137409917,2102.4924137409917,1.474582846300035e-13,336.39878619855864,69.80274813620092,0.3334074128050628,,,314.2887756405076,2102.492371281632,2018.3925262534779,84.099688593895,2102.492214847373,0.00015643425959467152,0.8506909646406218,0.0478779850577167,0.04766122290494162,0.15571469704896757,104.87612623643825,0.96,701.5777373620081,673.5146278675278,28.063109494480333,0.7903053183685615,0.06571336138143967,0.06530676046790426,0.15571232772515178,104.7630090839512,0.96,700.8316942963664,672.7984265245117,28.033267771854717,0.7398784410956651,0.07957551523554657,0.07894052307670776,0.15571021687401795,104.64964032011815,0.96,700.0827831889983,672.0794718614383,28.00331132755995,,,,631.516343383541,2018.3925262534779,1867.0129344842342,151.37955282150278,2018.3924873057367,3.894774088915262e-05,0.794643381941077,0.07227091195295975,0.07130860010272683,0.3382497277368095,157.87925953304023,0.9249999423930193,504.59845850537135,466.7535450490749,37.844913456296496,0.7946433819410033,0.07227091195295975,0.07130860010272684,0.3382496546074914,157.8791727911741,0.9249999423930007,504.59829036314034,466.7533895175114,37.84490084562893,0.7946431203469282,0.06485695871418747,0.06389464685309451,0.33824955903212195,157.87905942508363,0.9249999423929762,504.5980706118685,466.7531862475853,37.84488436428318,0.7946425584544422,0.06485711839138564,0.0638948065019653,0.3382493838501939,157.87885163424298,0.9249999423929314,504.5976678253566,466.75281367006244,37.844854155294186,0.7936810261656195,,,0.101,188.56830638290765,1867.0129344842342,1867.0129082589237,2.6225310422739357e-05,57.877400969011255,0.2063189738343805,,,235.47934904780845,0.0004932070438021223,101.25612009055763,,,,47.36298123776086,0.000246602239140276,3.1785724426834507,1087.0111839797619,0.0,-0.0,0.0,110.44033629234377
153,1,154,0.1016,4.245935945447506e-05,0.00024662593762454397,1085.1622465921228,,,,0,1.0448607999388281e-13,1,2102.5014753028613,2102.5014753028613,1.4745828786058174e-13,336.4002360484578,69.803048980055,0.33340741280506275,,,314.2901484747794,2102.501432843502,2018.4012253528695,84.10005105636968,2102.501276409239,0.00015643426307929278,0.8507872969919257,0.047780159913838306,0.04768382756253446,0.15571470717155383,104.87658409451647,0.96,701.5807546345927,673.517524449209,28.063230185383773,0.7903928278178569,0.06551159808864189,0.0654240886393465,0.15571233678152183,104.7634666975057,0.96,700.8347148264317,672.8013262333743,28.033388593057342,0.7399311203041647,0.07923806993720112,0.07918539072870158,0.15571022485762837,104.6500976827572,0.96,700.0858069482146,672.082374670286,28.003432277928564,,,,631.5208310844123,2018.4012253528695,1867.0209810932367,151.38020524844632,2018.4011863416833,3.901118607361941e-05,0.7946468057143384,0.1340478689708988,0.13404444519763736,0.33825067336943393,157.88038118989002,0.9249999423936404,504.60063274256885,466.7555562186707,37.845076523898165,0.7946468057142646,0.1340478689708988,0.13404444519763736,0.33825060035459936,157.88029458369812,0.9249999423936217,504.6004648641196,466.7554009311053,37.84506393301423,0.794646544527275,0.06430894439396632,0.06430552021361957,0.33825050492699155,157.88018139271804,0.9249999423935973,504.6002454533165,466.7551979761128,37.84504747720369,0.7946459835023836,0.0643091045002703,0.06430567945232894,0.3382503300119079,157.87997391810615,0.9249999423935525,504.5998432816784,466.75482596734815,37.845017314330235,0.7936812190761415,,,0.101,188.56911909041693,1867.0209810932367,1867.0209548679263,2.6225310423093366e-05,57.87765041389034,0.20631878092385855,,,235.4803640006721,0.0004932518740326008,101.25655652028901,,,,49.21859193529756,0.0002466247024386244,3.1785861394582615,1085.162246592123,0.0,-0.0,0.0,110.25248425375966
154,1,155,0.1016,4.244828296660021e-05,0.00011483500348096875,1088.5095927768978,,,,0,1.0448472822884179e-13,1,2102.502570868775,2102.502570868775,1.474582780232145e-13,336.400411339004,69.80308535284333,0.33340741280580155,,,314.29031447765027,2102.5025284204917,2018.4022772510198,84.10009488545924,2102.5023721364787,0.00015628401291862333,0.850909309086458,0.047731741603421834,0.04760972950888949,0.1557147083866882,104.87663904363971,0.96,701.581116746533,673.5178720766717,28.063244669861348,0.7905053000228422,0.06543052074026359,0.0653180485352783,0.1557123378769374,104.76352203353632,0.96,700.835080076829,672.8016768737558,28.03340320307315,0.7399986094497263,0.07912568246316942,0.07905819331760784,0.1557102258305183,104.65015340047421,0.96,700.0861753131168,672.0827283005921,28.00344701252475,,,,631.5213677799685,2018.4022772510198,1867.0219425698283,151.3802946020416,2018.4022371718702,4.0079149466219736e-05,0.7946472191494258,0.07130860010655575,0.07130818667146835,0.3382507865780253,157.88051529222722,0.9249999371710605,504.6008953112295,466.7557964593482,37.84509885188132,0.7946472191493521,0.07130860010655575,0.07130818667146835,0.3382507135936146,157.88042872210852,0.9249999371710409,504.60072750279943,466.755641236551,37.84508626624842,0.7946469580706254,0.06411541193287436,0.06411499838952399,0.3382506182053877,157.88031557782162,0.9249999371710153,504.60050818263,466.7554383653951,37.84506981723493,0.7946463972768681,0.06411557175139969,0.06411515797691512,0.3382504433616566,157.8801081878112,0.9249999371709682,504.60010617521107,466.7550665085342,37.84503966667693,0.7946435309225455,,,0.101,188.56921619955267,1867.0219425698283,1867.021916344518,2.6225310298815557e-05,57.877680219664676,0.20535646907745453,,,235.48049824024372,0.00022967000669819594,101.2566142433048,,,,45.87165018528386,0.0001148347161358251,3.178587793646271,1088.5095927768978,0.0,-0.0,0.0,110.5925746261328
155,1,156,0.1016,4.244824427663674e-05,0.00017960408094089847,1088.5091468849723,,,,0,1.0448600761149705e-13,1,2105.872870935219,2105.872870935219,1.4745828681414144e-13,336.93965934963506,69.91497931504927,0.33340741280580416,,,314.8015682091281,2105.872828486975,2021.6377653153463,84.23490688813946,2105.8726722034858,0.0001562834887795826,0.8512168734013292,0.047772510153524454,0.0474649458386532,0.15571898731945077,105.05539823816356,0.96,702.7576301507365,674.6473249447071,28.110305206029455,0.7910580446730056,0.0655851914743603,0.065032446824197,0.15571600928213059,104.93394804072993,0.96,701.958625703773,673.880280675622,28.07834502815097,0.7408232075999607,0.07943395443898485,0.07860935628875046,0.15571332629673432,104.81222193023463,0.96,701.1564163489763,673.1101596950173,28.04625665395904,,,,633.1919744204539,2021.6377653153463,1870.014777027069,151.62294895869059,2021.6377259857597,3.932958678689827e-05,0.7959210336416125,0.13404444543262303,0.1327706309404364,0.3386028045471511,158.29816725436336,0.9249999408847192,505.4097675127764,467.50400507187777,37.90576244089859,0.7959210336415387,0.13404444543262303,0.13277063094043642,0.3386027314725066,158.2980805326427,0.9249999408847002,505.4095997038084,467.5038498485827,37.905749855225665,0.7959207725635085,0.06465984225211194,0.06338602775922879,0.3386026359672205,158.29796719125358,0.9249999408846755,505.4093803849418,467.50364697863165,37.90573340631017,0.7959202117744566,0.06466000217608268,0.06338618767849424,0.3386024609108055,158.29775944219426,0.9249999408846302,505.4089783842329,467.50327512797674,37.90570325625616,0.7946469544608212,,,0.101,188.871492479734,1870.014777027069,1870.0147508017585,2.6225310437227608e-05,57.97045808783914,0.2053530455391788,,,235.8579638499717,0.0003592081612366444,101.41892445548783,,,,48.35642703658581,0.00017960341418552515,3.1836830516211165,1088.5091468849726,0.0,-0.0,0.0,110.59252932351319
156,1,157,0.1016,4.244823942085992e-05,0.00019838816275547045,1088.5087936640282,,,,0,1.0448606315848342e-13,1,2106.705663294828,2106.705663294828,1.4745828675827603e-13,337.0729061271725,69.94262802138829,0.33340741280580444,,,314.92808860763455,2106.7056208465883,2022.4372459806389,84.26821858252671,2106.7054645631656,0.00015628342303574297,0.8513945474239177,0.047657586655655046,0.04747991263306651,0.15572013907350973,105.09935791769881,0.96,703.0464940649615,674.9246343023631,28.121859762598508,0.7912992768807326,0.06536202520001227,0.06512079299228511,0.1557170087411331,104.97609448728767,0.96,702.2360582718595,674.1466159409852,28.08944233087442,0.7410960912053673,0.07907955225256921,0.07880666864716247,0.15571418346993332,104.85263620264809,0.96,701.4229122263445,673.3659957372906,28.05691648905379,,,,633.6052262952209,2022.4372459806389,1870.7542979141176,151.6829088740941,2022.437206788212,3.91924269606952e-05,0.79623578984847,0.07130818673341288,0.07099343052655532,0.33868985404056867,158.40148029420695,0.9249999414741276,505.60963770607265,467.68888528687205,37.920752419200646,0.7962357898483963,0.07130818673341288,0.07099343052655532,0.33868978094528035,158.40139353695616,0.9249999414741087,505.60946990076565,467.68873006696333,37.92073983380231,0.7962355287760611,0.064062290150076,0.06374753393752342,0.33868968541300953,158.401280149126,0.9249999414740842,505.60925058667476,467.68852720142974,37.92072338524505,0.7962349679992237,0.06406244892604722,0.06374769270128015,0.33868951030712363,158.40107231493175,0.9249999414740392,505.6088485946987,467.68815535885267,37.92069323584607,0.7946473678339641,,,0.101,188.94618408932587,1870.7542979141176,1870.7542716888072,2.6225310472659623e-05,57.993383235337646,0.20535263216603594,,,235.9512353225978,0.00039677632472378367,101.45903118871705,,,,48.97130049264054,0.00019838735945987933,3.1849420764721508,1088.5087936640284,0.0,-0.0,0.0,110.59249343626526
157,1,158,0.1016,4.243359051811008e-05,0.00024663963638811576,1074.9095176128897,,,,0,1.044872010820016e-13,1,2106.7368968222045,2106.7368968222045,1.4745818539075676e-13,337.0779034915527,69.9436649744972,0.33340741280678154,,,314.9328350058528,2106.736854388614,2022.467230371433,84.26946793214312,2106.7366983035763,0.0001560850375869092,0.8514377103797027,0.0475461774381878,0.04750301448240288,0.15572018143149347,105.10094664225703,0.96,703.0569303601668,674.9346531457602,28.1222772144067,0.7913332498799158,0.06519202934337343,0.06515805634419032,0.15571704696474323,104.9776766381836,0.96,702.2464696679411,674.1566108812234,28.089858786717702,0.7411167722136457,0.0788697133080414,0.0788490322997631,0.1557142175635345,104.85421172541216,0.96,701.4332982754681,673.3759663444494,28.05733193101872,,,,633.6207298759202,2022.467230371433,1870.7820357776593,151.68515563430972,2022.467191411969,3.895946427174861e-05,0.7962475948302215,0.13277063093979669,0.13275882595804517,0.33869311955180076,158.40535619525158,0.9249999425066883,505.6171338679279,467.6958197582298,37.92131410969811,0.7962475948301477,0.13277063093979669,0.13275882595804517,0.3386930464543993,158.4052694350789,0.9249999425066696,505.616966059685,467.6956645356054,37.921301524079645,0.7962473337532224,0.06377673837457332,0.06376493339741199,0.3386929509193604,158.40515604342232,0.9249999425066454,505.61674674174196,467.6954616665084,37.921285075233556,0.7962467729664774,0.06377690297070684,0.06376509800345308,0.3386927758083611,158.4049482021674,0.9249999425066008,505.6163447426141,467.6950898173157,37.921254925298406,0.7959211823267904,,,0.101,188.9489856135436,1870.7820357776593,1870.7820095523489,2.622531030677651e-05,57.99424310910744,0.20407881767320957,,,235.9547311848181,0.0004932792715596092,101.46053440947178,,,,62.593772801334836,0.0002466386651606016,3.1849892963800692,1074.9095176128897,0.0,-0.0,0.0,109.21080698946959
158,1,159,0.1016,4.2429972143425936e-05,0.0002466389168811431,1076.7939217642424,,,,0,1.0448702138154957e-13,1,2106.742456004789,2106.742456004789,1.474582146434289e-13,337.07879296076624,69.943849539359,0.33340741280702285,,,314.9336798180275,2106.742413574817,2022.4725672371762,84.26969030154906,2106.7422575387254,0.0001560360915717198,0.8514434042600995,0.047512912808747164,0.04750721892835039,0.15572018896396608,105.10122896279626,0.96,703.0587848925809,674.9364334968776,28.122351395703202,0.7913360900351413,0.0651624869425241,0.06515964678729859,0.1557170537734795,104.97795824416454,0.96,702.2483227607495,674.1583898503195,28.089932910430047,0.7411189085415115,0.07884854257418793,0.07884640624632214,0.15571422364710835,104.8544926110667,0.96,701.4351498853948,673.377743889979,28.057405995415813,,,,633.6234891162164,2022.4725672371762,1870.786972330036,151.68555589534816,2022.472528225384,3.9011792387218086e-05,0.7962496959352195,0.07099343052950914,0.07099132942451111,0.33869370073235344,158.40604600567116,0.9249999425068239,505.6184680709824,467.6970538960471,37.92141417493525,0.7962496959351458,0.07099343052950916,0.0709913294245111,0.33869362763553496,158.40595924611674,0.9249999425068054,505.61830026441845,467.6968986749757,37.92140158944273,0.7962494348591772,0.06375760561141479,0.06375550450545997,0.3386935321004411,158.4058458542987,0.9249999425067811,505.6180809467948,467.6966958061742,37.921385140620615,0.7962488740710901,0.06375774383607344,0.06375564273146078,0.3386933569871355,158.4056380101298,0.9249999425067366,505.6176789431883,467.6963239528388,37.92135499034954,0.7962359385306942,,,0.101,188.94948420533365,1870.786972330036,1870.7869461047258,2.6225310266963235e-05,57.99439614223111,0.2037640614693058,,,235.95535386397214,0.000493277832545671,101.46080216150801,,,,60.71347129208444,0.000246637915561753,3.1849977008006327,1076.7939217642427,0.0,-0.0,0.0,109.40226245124703
159,1,160,0.1016,4.242983527788382e-05,0.00024663705670161526,1079.8840136853423,,,,0,1.0448674112146754e-13,1,2106.7417775717313,2106.7417775717313,1.4745824299702452e-13,337.078684411477,69.94382701538147,0.33340741280703196,,,314.93357671996733,2106.741735141896,2022.4719159433491,84.26966316430635,2106.741579107655,0.00015603424062030397,0.8514370497756918,0.04750791756682951,0.0475142720512372,0.15572018804664003,105.10119458422716,0.96,703.0585590639598,674.9362167014015,28.122342362558378,0.7913340467868336,0.06516023008348944,0.06516227333179718,0.15571705294251054,104.97792387927502,0.96,702.248096624866,674.1581727598713,28.089923864994713,0.74111460816598,0.07885400225703523,0.07885830263256678,0.1557142229029511,104.85445825646518,0.96,701.4349234188297,673.3775264820764,28.057396936753257,,,,633.623152389038,2022.4719159433491,1870.7863698927383,151.68550704914847,2022.4718769418864,3.900146279505161e-05,0.7962494396850056,0.13275882595573082,0.13275908220594476,0.33869362985052476,158.40596187511537,0.9249999425067745,505.61830534933006,467.69690337850307,37.921401970827,0.7962494396849319,0.1327588259557308,0.13275908220594476,0.3386935567420758,158.40587510176567,0.9249999425067559,505.6181375160251,467.6967481326962,37.921389383328886,0.7962491785438455,0.06379954548572395,0.06379980180105571,0.33869346117826815,158.40576167587852,0.9249999425067316,505.6179181324293,467.6965452028704,37.92137292955886,0.7962486175676726,0.06379980542738715,0.06380006193080469,0.33869328598454135,158.40555373627836,0.924999942506687,505.6175159441023,467.6961731786686,37.92134276543373,0.7962477435147599,,,0.101,188.9494233591666,1870.7863698927383,1870.786343667428,2.622531026544406e-05,57.994377466674884,0.20375225648523995,,,235.9552778700633,0.0004932741121866338,101.46076948412723,,,,57.62287869399834,0.0002466360016601604,3.1849966754814556,1079.8840136853426,0.0,-0.0,0.0,109.71621579043078
160,1,161,0.1016,4.2429811003969964e-05,0.00024663738015788197,1079.4693872396092,,,,0,1.0448677938561943e-13,1,2106.7338736759107,2106.7338736759107,1.4745823981204426e-13,337.0774197881457,69.94356460604023,0.3334074128070336,,,314.9323756025423,2106.7338312460993,2022.4643282036996,84.26934700848751,2106.7336752121873,0.00015603391234573442,0.8513041312131441,0.047499257456830896,0.047632176019378594,0.15572017734343632,105.10079339466871,0.96,703.0559236905736,674.9336867429507,28.122236947622955,0.7913117969844355,0.06515711687700931,0.06517936667940731,0.15571704326301358,104.97752350844657,0.96,702.2454620029299,674.1556435228126,28.089818480117234,0.7411530735238698,0.07881514461388243,0.07877667925599258,0.15571421424989407,104.85405869942703,0.96,701.4322895186834,673.3749979379361,28.05729158074733,,,,633.6192294339295,2022.4643282036996,1870.7793513333224,151.68493797673923,2022.4642893100615,3.8893637884982806e-05,0.7962464623571289,0.07099132942592676,0.0709943067538034,0.3386928057097896,158.40498369251108,0.9249999425065705,505.6164133868125,467.6951533131799,37.92126007363258,0.7962464623570552,0.07099132942592676,0.07099430675380339,0.3386927315034804,158.40489561620313,0.9249999425065516,505.6162430326851,467.6949957356123,37.92124729707276,0.7962461973468902,0.06359865347122994,0.06360163466818523,0.3386926345347644,158.4047805229513,0.9249999425065268,505.6160204232312,467.6947898218678,37.92123060136343,0.7962456281684439,0.06359834993924664,0.0636013393384753,0.3386924568291905,158.40456960226393,0.9249999425064817,505.6156124673329,467.6944124626624,37.92120000467045,0.7962498446183425,,,0.101,188.94871448466557,1870.7793513333224,1870.7793251080122,2.6225310264862966e-05,57.994159891333,0.20375015538165756,,,235.95439253398604,0.000493274759099164,101.46038878961399,,,,58.031672193667454,0.00024663633254997925,3.184984750229518,1079.4693872396092,0.0,-0.0,0.0,109.67408974354429
161,1,162,0.13994,4.242981438092357e-05,0.00017905322199012348,1086.5857109504104,,,,0,1.0448621496651204e-13,1,2106.5328433668615,2106.5328433668615,1.4745828228170933e-13,337.0452549386979,69.93689039977981,0.33340741280703334,,,314.9018279917371,2106.5328009370473,2022.2713391069656,84.26130579612364,2106.5326449030895,0.00015603395799609267,0.8502975019210083,0.04737816284698072,0.04838479213911651,0.15571990399547112,105.09050572773342,0.96,702.9883399036067,674.8688063074625,28.119533596144308,0.7902697141312697,0.06513001455123785,0.06617209740440375,0.1557167982027971,104.96734177741693,0.96,702.1784565319849,674.0913182707055,28.087138261279378,0.7404474894210773,0.0790638301358286,0.07976941423862112,0.15571399707037747,104.84398048658676,0.96,701.3658484674975,673.3112145287974,28.054633938699947,,,,633.519453793556,2022.2713391069656,1870.600832800607,151.67046703653898,2022.2712998371458,3.926981958485387e-05,0.7961704828713283,0.13275908219007543,0.13283506167587616,0.3386717897494521,158.38003993643173,0.9249999408839579,505.568166352024,467.6505239884332,37.91764236359082,0.7961704828712545,0.13275908219007543,0.13283506167587616,0.3386717154876822,158.3799517970029,0.9249999408839387,505.5679958580556,467.65036628151285,37.91762957654278,0.7961702176157306,0.06451781517069244,0.064593794901852,0.3386716184308674,158.37983660272226,0.9249999408839136,505.5677730299907,467.65016016555325,37.91761286443743,0.7961696478535784,0.06452008433693068,0.06459606465179618,0.3386714405305711,158.37962545739907,0.9249999408838676,505.5673645970756,467.6497823651077,37.91758223196794,0.7962495883839977,,,0.101,188.93068411286131,1870.600832800607,1870.6008065752967,2.6225310256880765e-05,57.98862581681881,0.20375041161600219,,,235.93188075760696,0.00035810644333904583,101.450708725771,,,,50.7667921074092,0.00017905259079665714,3.184680831211892,1086.5857109504107,0.0,-0.0,0.0,152.05680439040046
162,1,163,0.13994,4.242985040562996e-05,0.00017308347688966983,1088.5046302579347,,,,0,1.0447273662473059e-13,1,2075.1161356983107,2075.1161356983107,1.4745817891585756e-13,332.0185817117297,68.89385570518392,0.3334074128070309,,,310.1815887615072,2075.11609326846,1992.1112997446573,83.00463748936079,2075.115937234018,0.0001560344422353616,0.8476274718615883,0.04695692835942218,0.049626958418842224,0.1557040660847238,103.49402662851273,0.96,692.3793350352997,664.6841616338877,27.69517340141202,0.7852400774128568,0.06373862989167799,0.06876826661009078,0.15570487776006525,103.39378179370314,0.96,691.7050871140435,664.0368836294818,27.668203484561744,0.7326622751275683,0.07629095542196004,0.08407616971546898,0.15570590559859415,103.29378033929136,0.96,691.031515084675,663.390254481288,27.641260603387018,,,,618.0541281877742,1992.1112997446573,1842.7027959990617,149.40846443847977,1992.1112604375412,3.930711623583881e-05,0.7842964515194206,0.07099430450400272,0.08286833585591029,0.3354064477230431,154.5137056568919,0.924999939809795,498.02815645578943,460.6760147451884,37.352141710600996,0.7842964515193469,0.07099430450400272,0.08286833585591029,0.3354063743235929,154.5136189547886,0.9249999398097752,498.0279859849293,460.67585705964314,37.352128925286145,0.7842961863000569,0.059928123966148175,0.07180215528182186,0.3354062783938131,154.51350563905365,0.9249999398097493,498.02776318711545,460.67565097166585,37.352112215449594,0.7842956166156653,0.059918064464594634,0.07179209570250777,0.33540610255934167,154.51329793704005,0.9249999398097017,498.0273548097071,460.67527322256404,37.352081587143026,0.7962466133059218,,,0.101,186.11298239590525,1842.7027959990617,1842.7027697737524,2.62253092591002e-05,57.12378667597091,0.20375338669407814,,,232.41320989011658,0.0003461669531801819,99.93768025275013,,,,25.844588337681962,0.0001730823180417686,3.13718470595449,1088.504630257935,0.0,-0.0,0.0,152.3253379582954
163,1,164,0.13994,4.243072315739742e-05,7.923173037008237e-05,1088.5096655485258,,,,0,1.0447209817119773e-13,1,2073.5459867967083,2073.5459867967083,1.4745816812205169e-13,331.76735788747334,68.84172676165072,0.3334074128069727,,,309.9484247461828,2073.545944365985,1990.6039567869498,82.94183153278964,2073.5457883197396,0.00015604624563440395,0.8464664244025647,0.048074150576581764,0.049235198035605325,0.1557047262695568,103.41060634295441,0.96,691.8183165535974,664.1455838914535,27.672732662143908,0.7839169200976739,0.06604445176991447,0.06736760908509741,0.15570565643310455,103.31617574470809,0.96,691.1824455585822,663.535147736239,27.647297822343265,0.731564345801659,0.08010470300097423,0.08120263232688361,0.15570678283857411,103.22164265852028,0.96,690.5450262075598,662.9232251592573,27.621801048302466,,,,617.2877917748091,1990.6039567869498,1841.3084850580863,149.29543078991773,1990.6039158480037,4.093894612543508e-05,0.7837030087548095,0.13283506156039984,0.13342850432501108,0.3352442392160206,154.32212140865175,0.9249999311258101,497.6513203019321,460.32743700395565,37.32388329797643,0.7837030087547358,0.13283506156039984,0.13342850432501105,0.33524416586053923,154.32203477894288,0.9249999311257887,497.6511498342667,460.32727932136623,37.323870512900434,0.7837027435403462,0.06594723608065595,0.06654067884036666,0.33524406998824435,154.3219215578477,0.9249999311257607,497.65092704067564,460.3270732372959,37.32385380337973,0.7837021738666125,0.06599451733665909,0.06658796008571197,0.3352438942591935,154.32171402936672,0.9249999311257094,497.6505186711294,460.3266954954683,37.32382317566112,0.7961706339355974,,,0.101,185.97215699086672,1841.3084850580863,1841.308458832777,2.6225309226247754e-05,57.08056303680067,0.20382936606440255,,,232.23737191768603,0.00015846346061461138,99.862069924605,,,,24.698945658523733,7.923147626626196e-05,3.134810934916504,1088.5096655485258,0.0,-0.0,0.0,152.3260425968607
164,1,165,0.13994,4.256765736061441e-05,0.00017906082528447684,1084.9709614449293,,,,0,1.0447424213420327e-13,1,2073.812856356265,2073.812856356265,1.4745820469903575e-13,331.8100570170024,68.850586831028,0.33340741279783975,,,309.9880342955586,2073.812813788608,1990.860149639181,82.95250623496591,2073.8126558741465,0.00015791446120974012,0.8463217669106176,0.04890665941235043,0.04905131690429759,0.15570460808566702,103.4242335600553,0.96,691.9100079927181,664.2336076730094,27.67640031970871,0.7839585009101648,0.06720628258783293,0.06716470177534203,0.15570551481718473,103.32936554274802,0.96,691.2713136722923,663.6204611254005,27.650852546891727,0.7317519279798993,0.08127040935185584,0.08108282717361553,0.15570661895263624,103.23443519275529,0.96,690.6313342091365,663.006080840771,27.625253368365478,,,,617.4180048187944,1990.860149639181,1841.5454825584484,149.31462775387877,1990.860110312327,3.932685388086803e-05,0.7838038727202803,0.0828683358762097,0.08276747191073892,0.3352718035977851,154.35467469624982,0.9249999399855497,497.7153689229744,460.386686383637,37.32868253933736,0.7838038727202066,0.08286833587620972,0.08276747191073891,0.3352717302364041,154.35458805609736,0.9249999399855299,497.7151984584221,460.3865287039265,37.328669754495586,0.7838036075045235,0.06754876092497883,0.06744789696080147,0.3352716343536826,154.35447481814478,0.924999939985504,497.71497566258716,460.3863226177797,37.328653044807496,0.783803037815101,0.06731693398768417,0.06721607003919564,0.3352714585966611,154.35426724830248,0.9249999399854565,497.7145672683434,460.38594485310506,37.32862241523833,0.7842966025633904,,,0.101,185.9960937384033,1841.5454825584484,1841.545456333138,2.6225310457650887e-05,57.0879099593119,0.21570339743660955,,,232.26724210866652,0.0003581216499276981,99.87491410672659,,,,28.4317085903021,0.00017905969790019602,3.1352143907601113,1084.9709614449296,0.0,-0.0,0.0,151.83083634460343
165,1,166,0.13994,4.2574524514310426e-05,0.0001790580845108538,1085.792859782728,,,,0,1.044738003904313e-13,1,2073.8639469649343,2073.8639469649343,1.4745819665409217e-13,331.8182315143895,68.85228303923581,0.33340741279738173,,,309.9956180107371,2073.86390439041,1990.9091965261448,82.9545498552561,2073.863746381401,0.0001580090089135404,0.847419488413137,0.04909863362400238,0.048000912121482976,0.15570458653328623,103.42677010069717,0.96,691.9270732712845,664.2499903404331,27.677082930851412,0.7834224177082704,0.06742796269708283,0.06796404589897725,0.15570548811233456,103.33189319806935,0.96,691.2883421959625,663.636808508124,27.651533687838516,0.7308391600419646,0.081997310656549,0.08291007859448364,0.15570658709809024,103.23695471197055,0.96,690.6483309141539,663.0223976775877,27.62593323656618,,,,617.4429336322294,1990.9091965261448,1841.5908508770642,149.31830626651464,1990.9091571435788,3.938256589527395e-05,0.7838231998573136,0.1334285043280215,0.13340917719098822,0.3352770858487593,154.3609130849988,0.9249999399868829,497.72764279116075,460.3980397116364,37.32960307952436,0.7838231998572398,0.1334285043280215,0.13340917719098822,0.3352770119876169,154.36082585395505,0.9249999399868629,497.7274711685943,460.39788096076273,37.32959020783155,0.7838229276824824,0.0670709991811971,0.06705167900323827,0.3352769129195483,154.36070885319282,0.9249999399868362,497.7272409755458,460.3976680321934,37.32957294335238,0.7838223317141493,0.06815108542715419,0.06813179152810579,0.3352767240875925,154.36048584008273,0.9249999399867851,497.72680220827783,460.3972621724715,37.329540035806346,0.7837031597957689,,,0.101,186.0006759385835,1841.5908508770642,1841.5908246517538,2.6225310535989884e-05,57.08931637718899,0.2162968402042312,,,232.27296430417184,0.00035811616838047163,99.8773746507939,,,,27.64690497307485,0.0001790569251504831,3.135291659111185,1085.792859782728,0.0,-0.0,0.0,151.94585279799497
166,1,167,0.1016,4.257335861405441e-05,0.00015347081707706964,1088.5094013977107,,,,0,1.0447223942934327e-13,1,2073.89646931283,2073.89646931283,1.4745816972786712e-13,331.82343509005284,68.85336278118596,0.3334074127974595,,,310.0004456559452,2073.8964267394713,1990.9404179966598,82.95585074986091,2073.8962687465205,0.000157992950850748,0.8651828978792091,0.05037580116183022,0.03261239169575798,0.15570457293453352,103.42837910322302,0.96,691.9378979607021,664.2603820422739,27.67751591842815,0.7981215617563346,0.0658055300116414,0.05110638596357715,0.15570547118485759,103.33350229123032,0.96,691.2991821520924,663.6472148660087,27.651967286083703,0.7388835320530184,0.07617408543893661,0.06812971342788281,0.15570656682126807,103.23856426149189,0.96,690.6591886337262,663.0328210883771,27.626367545349066,,,,617.4588032252665,1990.9404179966598,1841.6197313284629,149.32065016190074,1990.9403814903637,3.6506296011964004e-05,0.8126891449034316,0.08276747191360495,0.053901526867487004,0.3352831576653607,154.36808398598103,0.924999938948589,497.74175146957464,460.41108972152034,37.3306617480543,0.8126891449033579,0.08276747191360496,0.053901526867487,0.3352808188579007,154.3653218017529,0.9249999389479494,497.736317150135,460.406062976052,37.330254174082945,0.8019324511044795,0.06845107528734216,0.05034155186534501,0.33527934145282434,154.36357695799418,0.9249999389484973,497.73288431221016,460.40288760145387,37.32999671075631,0.7912074918921032,0.06312139098498475,0.055736230807030954,0.33527785419314915,154.36182047953835,0.9249999389485086,497.7294285584438,460.3996910294366,37.3297375290072,0.7838040237583734,,,0.101,186.00359286417475,1841.6197313284629,1841.6197051031522,2.622531052423926e-05,57.090211671182345,0.21619597624162648,,,232.27660621672695,0.00030694163368307344,99.87894067319259,,,,24.953900760126555,0.00015346987344626528,3.218518232803372,1088.509401397711,0.0,-0.0,0.0,110.5925551820074
167,1,168,0.1016,4.2573132686225357e-05,8.80941015522289e-05,1088.5096706174425,,,,0,1.0447183519972683e-13,1,2072.82067719844,2072.82067719844,1.4745815918420626e-13,331.6513083517504,68.81764648298821,0.33340741279747454,,,309.8408001012688,2072.8206346253073,1989.9076575700494,82.9128190654187,2072.820476635468,0.00015798983929367558,0.866601494419856,0.06562843691590131,0.06420984037525447,0.1557051004591782,103.37020153363669,0.96,691.5463459235515,663.8844920866095,27.661853836942047,0.7972283680924808,0.09360006863637584,0.09449326230022974,0.15570605900289874,103.28045985732773,0.96,690.941720831687,663.3040519984195,27.637668833267462,0.7372994603734883,0.11611543450790256,0.11769950618743268,0.15570720175499553,103.19013871030444,0.96,690.3324098802295,662.7191134850203,27.613296395209193,,,,616.9340098802691,1989.9076575700494,1840.664412968508,149.24320488226073,1989.9076178507687,3.97192805515473e-05,0.7834291571471264,0.13340917711246522,0.16266916486877045,0.33516940283174734,154.23374767835094,0.9249999328896815,497.47738715938766,460.1665497365677,37.31083742281998,0.7834291571470525,0.13340917711246522,0.16266916486877045,0.3351692991275637,154.2336252214537,0.9249999328896517,497.47714610105396,460.1663267576103,37.310819343443626,0.7834287821027788,0.08839562551510334,0.1068992945168041,0.3351691635882565,154.23346517275036,0.9249999328896126,497.4768310424671,460.1660353284192,37.31079571404789,0.783427976509761,0.09343342958328323,0.10121294496562531,0.3351689151482247,154.2331718077141,0.924999932889541,497.47625354786004,460.1655011459108,37.31075240194923,0.7838233509739299,,,0.101,185.90710570981935,1840.664412968508,1840.6643867431976,2.6225310477757802e-05,57.06059680202375,0.21617664902607017,,,232.15613246540326,0.00017618820294924636,99.8271369601234,,,,24.172509356219418,8.809378058155843e-05,3.133715072906719,1088.5096706174425,0.0,-0.0,0.0,110.59258253473214
