,Day,Time,LMP,bypass_pretreatment_flow,excess_solar_power,power_from_grid,intake.op_mode,intake.startup,intake.shutdown,intake.energy_intensity,intake.power_consumption,intake.recovery,intake.feed_flowrate,intake.product_flowrate,intake.reject_flowrate,intake.feed_cost,intake.chemical_cost,pretreatment.op_mode,pretreatment.startup,pretreatment.shutdown,pretreatment.power_consumption,pretreatment.feed_flowrate,pretreatment.product_flowrate,pretreatment.reject_flowrate,pretreatment.inlet_flowrate,pretreatment.leftover_flow,pretreatment.uf_pumps[1].op_mode,pretreatment.uf_pumps[1].startup,pretreatment.uf_pumps[1].shutdown,pretreatment.uf_pumps[1].energy_intensity,pretreatment.uf_pumps[1].power_consumption,pretreatment.uf_pumps[1].recovery,pretreatment.uf_pumps[1].feed_flowrate,pretreatment.uf_pumps[1].product_flowrate,pretreatment.uf_pumps[1].reject_flowrate,pretreatment.uf_pumps[2].op_mode,pretreatment.uf_pumps[2].startup,pretreatment.uf_pumps[2].shutdown,pretreatment.uf_pumps[2].energy_intensity,pretreatment.uf_pumps[2].power_consumption,pretreatment.uf_pumps[2].recovery,pretreatment.uf_pumps[2].feed_flowrate,pretreatment.uf_pumps[2].product_flowrate,pretreatment.uf_pumps[2].reject_flowrate,pretreatment.uf_pumps[3].op_mode,pretreatment.uf_pumps[3].startup,pretreatment.uf_pumps[3].shutdown,pretreatment.uf_pumps[3].energy_intensity,pretreatment.uf_pumps[3].power_consumption,pretreatment.uf_pumps[3].recovery,pretreatment.uf_pumps[3].feed_flowrate,pretreatment.uf_pumps[3].product_flowrate,pretreatment.uf_pumps[3].reject_flowrate,reverse_osmosis.op_mode,reverse_osmosis.startup,reverse_osmosis.shutdown,reverse_osmosis.power_consumption,reverse_osmosis.feed_flowrate,reverse_osmosis.product_flowrate,reverse_osmosis.reject_flowrate,reverse_osmosis.inlet_flowrate,reverse_osmosis.leftover_flow,reverse_osmosis.ro_skid[1].op_mode,reverse_osmosis.ro_skid[1].startup,reverse_osmosis.ro_skid[1].shutdown,reverse_osmosis.ro_skid[1].energy_intensity,reverse_osmosis.ro_skid[1].power_consumption,reverse_osmosis.ro_skid[1].recovery,reverse_osmosis.ro_skid[1].feed_flowrate,reverse_osmosis.ro_skid[1].product_flowrate,reverse_osmosis.ro_skid[1].reject_flowrate,reverse_osmosis.ro_skid[2].op_mode,reverse_osmosis.ro_skid[2].startup,reverse_osmosis.ro_skid[2].shutdown,reverse_osmosis.ro_skid[2].energy_intensity,reverse_osmosis.ro_skid[2].power_consumption,reverse_osmosis.ro_skid[2].recovery,reverse_osmosis.ro_skid[2].feed_flowrate,reverse_osmosis.ro_skid[2].product_flowrate,reverse_osmosis.ro_skid[2].reject_flowrate,reverse_osmosis.ro_skid[3].op_mode,reverse_osmosis.ro_skid[3].startup,reverse_osmosis.ro_skid[3].shutdown,reverse_osmosis.ro_skid[3].energy_intensity,reverse_osmosis.ro_skid[3].power_consumption,reverse_osmosis.ro_skid[3].recovery,reverse_osmosis.ro_skid[3].feed_flowrate,reverse_osmosis.ro_skid[3].product_flowrate,reverse_osmosis.ro_skid[3].reject_flowrate,reverse_osmosis.ro_skid[4].op_mode,reverse_osmosis.ro_skid[4].startup,reverse_osmosis.ro_skid[4].shutdown,reverse_osmosis.ro_skid[4].energy_intensity,reverse_osmosis.ro_skid[4].power_consumption,reverse_osmosis.ro_skid[4].recovery,reverse_osmosis.ro_skid[4].feed_flowrate,reverse_osmosis.ro_skid[4].product_flowrate,reverse_osmosis.ro_skid[4].reject_flowrate,posttreatment.op_mode,posttreatment.startup,posttreatment.shutdown,posttreatment.energy_intensity,posttreatment.power_consumption,posttreatment.feed_flowrate,posttreatment.product_flowrate,posttreatment.reject_flowrate,posttreatment.chemical_cost,brine_discharge.op_mode,brine_discharge.startup,brine_discharge.shutdown,brine_discharge.feed_flowrate,brine_discharge.power_consumption,brine_discharge.brine_cost,power_generation.op_mode,power_generation.startup,power_generation.shutdown,power_generation.power_utilized,power_generation.power_curtailed,num_skids_online,net_power_consumption,water_revenue,demand_response_revenue,emissions_cost,energy_cost
0,1,1,0.1121,4.245967486175944e-05,0.0002235407302815981,1206.4556707860643,,,,0,1.0821634096484672e-13,1,2234.385576865102,2234.385576865102,1.5272168098886984e-13,357.50169229841634,74.18160115192138,0.33340741280504177,,,335.278251156975,2234.3855344054273,2145.0099628481958,89.3754151186749,2234.385377966871,0.0001564385561738845,0.8702681571286184,0.3008942505726991,0.04380498636680747,0.1563245119821284,111.88708745829747,0.96,745.5583769831574,715.736041903831,29.822335079326276,0.819068589697723,0.2854950812444086,0.062161932443726184,0.15630607091631904,111.75951849703563,0.96,744.7961836581787,715.0043363118516,29.791847346327167,0.7774424766025193,0.27153080588388445,0.0778348627427141,0.15628783249869946,111.63164520164192,0.96,744.0308173255348,714.2695846325134,29.761232693021444,,,,699.10774152955,2145.0099628481958,1984.1340526572544,160.8758722590004,2145.009924916255,3.793194073988264e-05,0.8444970793489396,0.20634630242679244,0.06374922154241003,0.3523501873774768,174.77831692186885,0.9249999403780357,536.2549836931613,496.03582794359875,40.21915574956263,0.8444970793488631,0.20634630242679244,0.06374922154241003,0.3523496176053782,174.77762697712086,0.9249999403779016,536.2537339596998,496.0346719401494,40.219062019550414,0.8444951347894192,0.2908476456758597,0.05798538068623411,0.35234887292799033,174.77672523805992,0.9249999403777263,536.2521005869825,496.03316107038927,40.218939516593196,0.8444909580032798,0.2908470769626532,0.0579863762334377,0.3523475079670246,174.7750723925004,0.924999940377405,536.2491066764113,496.0303917031171,40.21871497329416,0.7936536975732076,,,0.101,200.3975393183827,1984.1340526572544,1984.1340243498341,2.830742027624492e-05,61.50815563237488,0.20634630242679244,,,250.2513960767113,0.000447081459563787,107.60810031298585,,,,28.32853184103317,0.0002235389668330584,3.3779802514905013,1206.4556707860645,0.0,-0.0,0.0,135.2436806951178
1,1,2,0.1119,4.273012837810709e-05,0.00022394085411790696,1156.4778168900052,,,,0,1.0821581120393999e-13,1,2168.6573696235246,2168.6573696235246,1.5272167837563864e-13,346.985179139764,71.99942467150102,0.33340741278700353,,,324.5590576280889,2168.657326893396,2081.9108800508343,86.74628666878488,2168.657166719619,0.00016017377733184424,0.8691644286011094,0.04001875902943878,0.041122487556947744,0.15590558475844118,108.31271621847078,0.96,723.679951785875,694.7327537144399,28.94719807143505,0.8131724594558257,0.05219487858700326,0.05809100882890056,0.15589469226119307,108.1864138923788,0.96,722.8865813409591,693.9711180873206,28.915463253638432,0.7641266861851463,0.05971263788025031,0.07302842829762321,0.15588406670958418,108.05992751723932,0.96,722.090633592785,693.2070082490736,28.883625343711394,,,,664.8511810174309,2081.9108800508343,1925.7673867613607,156.14344984194048,2081.910836603301,4.34475329058627e-05,0.819650450632533,0.023346695140382727,0.04819332385678937,0.34523972492222443,166.21293330593105,0.9249999341486558,520.4779677678665,481.4420859111027,39.03588185676383,0.8196504506324566,0.023346695140382737,0.048193323856789365,0.34523966738941947,166.21286436188382,0.92499993414864,520.477838612517,481.44196644240463,39.035872170112306,0.819650249693164,0.03573075608047146,0.06057564117672664,0.3452395921967177,166.2127742552277,0.9249999341486194,520.4776698124413,481.4418103023351,39.0358595101062,0.8196498180803166,0.03573280260565713,0.06057394252862036,0.34523945437236364,166.21260909438828,0.9249999341485816,520.4773604104764,481.4415241055183,39.03583630495814,0.7703070024328248,,,0.101,194.50250606289745,1925.7673867613607,1925.7673566312099,3.013015091340367e-05,59.698788989602185,0.22969299756717518,,,242.8898528185377,0.0004478817072328238,104.4426367119712,,,,27.435599640973265,0.0002239390267352775,3.27860096903847,1156.4778168900054,0.0,-0.0,0.0,129.40986770999157
2,1,3,0.11243,4.188237675635719e-05,0.00022286157864616915,1249.3489097606976,,,,0,1.0821519724059693e-13,1,2285.9970513956164,2285.9970513956164,1.5272168203676202e-13,365.7595282232986,75.89510210633446,0.3334074128435454,,,344.0844956352562,2285.9970095132394,2194.5569862100288,91.43987442541797,2285.9968606354464,0.00014887779288039088,0.8769298010858206,0.0448361225679763,0.03707075008326501,0.15681032298008776,114.80474228042759,0.96,762.6301058271422,732.1249015940565,30.505204233085703,0.8297809961005245,0.06516013421526205,0.04855159757056327,0.1567899068456976,114.69490991185117,0.96,761.999716021837,731.5197273809634,30.479988640873525,0.7920902856008817,0.08399431693972766,0.05603071752399235,0.15676960761305153,114.58484344297744,0.96,761.3670387864673,730.9123572350086,30.454681551458748,,,,726.8233191623717,2194.5569862100288,2029.9650658279577,164.59188289630004,2194.556948724258,3.748577058144621e-05,0.8639995571487968,0.13215605478650566,0.08780694827024174,0.35804738169997746,181.70604489610142,0.9249999490822483,548.6396167339435,507.49161754340196,41.14799919054154,0.8639995571487205,0.13215605478650566,0.08780694827024174,0.3580472929617719,181.70593654000004,0.9249999490822312,548.6394255400977,507.4914406890949,41.14798485100281,0.8639992613833379,0.07601476175941096,0.03166575006923698,0.3580471780234701,181.70579619160813,0.9249999490822088,548.6391778958865,507.4912116181999,41.14796627768657,0.8639986295410634,0.07601525187844904,0.03166644041770215,0.35804696947213976,181.7055415346622,0.9249999490821685,548.6387285543299,507.4907959772608,41.14793257706911,0.8444972500731116,,,0.101,205.02647164862373,2029.9650658279577,2029.9650407530448,2.5074912737578254e-05,62.92891704066669,0.1555027499268884,,,256.0318617647782,0.00044572315629899266,110.09370055885464,,,,26.586045270289013,0.00022285971098732606,3.4559970052219184,1249.3489097606973,0.0,-0.0,0.0,140.46429792439523
3,1,4,0.11364,4.216251964423366e-05,0.00012749779832388157,1251.4070871584686,,,,0,1.082149363222397e-13,1,2285.997807704876,2285.997807704876,1.5272161800486676e-13,365.7596492327802,75.89512721580189,0.3334074128248609,,,344.0846266314772,2285.9977655423563,2194.5577085407112,91.43990452252974,2285.9976130632413,0.00015247911535174485,0.880210082656955,0.041333570280760436,0.038053288709626126,0.15681033107767658,114.80478567344632,0.96,762.6303546984753,732.1251405105363,30.505214187939046,0.8332116292164543,0.05624431657326785,0.052813683457337945,0.1567899149306733,114.6949535771257,0.96,761.9999668282222,731.5199681550932,30.479998673128968,0.7942922964653861,0.06729235101533011,0.06509034015082565,0.15676961568424733,114.5848873809052,0.96,761.3672915365435,730.9125998750817,30.454691661461734,,,,726.8237234622179,2194.5577085407112,2029.9657247944856,164.59194396473538,2194.5576687592206,3.978149069872826e-05,0.8639995984849661,0.04819338014442664,0.04819333880825739,0.35804740910284893,181.70607815996118,0.924999945862557,548.6396770901551,507.4916716064442,41.14800548371094,0.8639995984848897,0.048193380144426645,0.04819333880825738,0.35804734921655096,181.70600503423012,0.924999945862545,548.6395480601611,507.4915522537002,41.14799580646097,0.8639993969479627,0.0458255252933392,0.04582538972871454,0.3580472704685396,181.7059088769198,0.9249999458625292,548.6393783910047,507.491395309731,41.14798308127367,0.8639989624205704,0.045825721027945424,0.04582538814843844,0.3580471251165417,181.70573139110684,0.9249999458625001,548.6390652178999,507.4911056246101,41.1479595932898,0.8196505650690677,,,0.101,205.02653820424308,2029.9657247944856,2029.9656997195475,2.5074938039225398e-05,62.92893746862906,0.1803494349309323,,,256.0319555062137,0.0002549955963226494,110.0937408676719,,,,24.528183632864245,0.0001274971357547676,3.4559975563383887,1251.4070871584686,0.0,-0.0,0.0,142.20990138468838
4,1,5,0.11658,4.166508236558711e-05,0.00014757683092611284,1251.4069185930475,,,,0,1.0821794225861001e-13,1,2294.4001953603124,2294.4001953603124,1.5272171275619542e-13,367.10403125765,76.17408648596236,0.33340741285803815,,,345.55234412727094,2294.4001536952296,2202.6240072260875,91.77600030108704,2294.4000075271747,0.00014616805521608844,0.8813844581813943,0.03917120993508012,0.037996834410640785,0.15690380872030504,115.29720085631187,0.96,765.4450957684738,734.8272919377348,30.617803830739035,0.8346206893458888,0.05347586905334682,0.05206680892391233,0.15688207658243603,115.18419241327477,0.96,764.8007750635616,734.2087440610192,30.59203100254244,0.7962501760658657,0.06485337472054381,0.06289549512006432,0.1568604657809382,115.07095085768428,0.96,764.1541366951392,733.5879712273336,30.566165467805558,,,,731.4049027304235,2202.6240072260875,2037.4270551358898,165.19691418677485,2202.6239693226644,3.790342316313625e-05,0.8671755482469953,0.08780689276179822,0.084630942999769,0.3589847604396429,182.85144207791868,0.9249999471142145,550.6563725398886,509.35711547750225,41.299257062386424,0.8671755482469189,0.08780689276179822,0.08463094299976902,0.35898467202907364,182.85133397350785,0.9249999471141972,550.6561825992079,509.3569397823731,41.299242816834834,0.8671752527986016,0.044350269401741055,0.041174413551102094,0.3589845565188092,182.85119273284676,0.9249999471141747,550.6559344376435,509.3567102329266,41.29922420471687,0.8671746183145819,0.044350347524515756,0.04117469163050425,0.358984344876307,182.8509339461503,0.9249999471141331,550.6554797459244,509.3562896430877,41.299190102836725,0.863999727093775,,,0.101,205.78013256872487,2037.4270551358898,2037.4270300609799,2.5074909882631195e-05,63.16023870921258,0.13600027290622485,,,256.97301913127745,0.00029515366141664724,110.49839822644931,,,,31.330903563863977,0.00014757613602132242,3.4687009676070977,1251.4069185930477,0.0,-0.0,0.0,145.88901856957747
5,1,6,0.12222,4.1665082807985846e-05,0.0002050299793652975,1232.7857311896194,,,,0,1.0822848993988048e-13,1,2294.4406597199213,2294.4406597199213,1.5272176071357885e-13,367.11050555518744,76.17542990270138,0.3334074128580381,,,345.55943593938173,2294.4406180548385,2202.6628530113067,91.77761887547128,2294.440471886778,0.0001461680606635592,0.8823166631199792,0.038569996177777253,0.03763779123919231,0.15690426666758908,115.29957301023153,0.96,765.4586101247673,734.8402657197767,30.61834440499077,0.8355348232254516,0.052760767710396395,0.051846633830833634,0.15688252948551962,115.1865563428728,0.96,764.8142631558445,734.2216926296106,30.592570526233857,0.7968370451375312,0.06381897676710564,0.06323210769544006,0.1568609136438389,115.07330658627743,0.96,764.1675986061659,733.6008946619194,30.566703944246647,,,,731.4270135332674,2202.6628530113067,2037.4629905732086,165.19982359739262,2202.662814170601,3.884070555738249e-05,0.8671905933507622,0.04819339466910552,0.04817834956533859,0.3589892230586453,182.85689889523388,0.9249999489097712,550.6659592036534,509.36598412972955,41.299975073923854,0.8671905933506858,0.048193394669105515,0.0481783495653386,0.35898916364082667,182.85682624135916,0.9249999489097598,550.6658315525546,509.3658660524633,41.29996550009121,0.8671903947218718,0.04252160116639405,0.042506459243123886,0.3589890859670105,182.85673126474643,0.9249999489097449,550.6656646808934,509.36571169617713,41.2999529847163,0.867189968012758,0.04252186963747718,0.042506519939300984,0.35898894355760763,182.856557131928,0.9249999489097175,550.6653587334998,509.3654286948386,41.299930038661245,0.8639997125690964,,,0.101,205.78376204789407,2037.4629905732086,2037.4629654982987,2.5074909884056453e-05,63.16135270776947,0.13600028743090375,,,256.97754805356226,0.00041005995788984914,110.50034566303178,,,,49.98509542086121,0.00020502913879257383,3.468761549436078,1232.7857311896194,0.0,-0.0,0.0,150.67107206599528
6,1,7,0.11102,4.1629908113078134e-05,0.00014165602348156575,1251.4070090506357,,,,0,1.0822721529386983e-13,1,2312.257670401275,2312.257670401275,1.5272175354194427e-13,369.961227264204,76.76695465732233,0.33340741286038417,,,348.70419663433154,2312.257628771367,2219.767183713882,92.49029932141191,2312.2574830352937,0.00014573607336867506,0.8841665436742785,0.03864227505525547,0.036792394500956255,0.15711195178063994,116.33968371246397,0.96,771.3427855780816,740.4890741549583,30.853711423123308,0.8387529987582791,0.053376256183438386,0.05015808065061092,0.1570904008792347,116.2348322903689,0.96,770.7533345436423,739.9232011618966,30.830133381745743,0.8015697924250461,0.0652138958813601,0.06048114859384522,0.15706892496802038,116.12968063149863,0.96,770.1613629135699,739.354908397027,30.806454516542868,,,,741.2060429645362,2219.767183713882,2053.2844926545686,166.4826530796354,2219.7671457342035,3.7979678156045476e-05,0.8739248269068626,0.08463088877013425,0.07789665521403387,0.3609857326740885,185.30172814621773,0.9249999472244218,554.9421649883182,513.3214733268007,41.620691661517434,0.8739248269067862,0.08463088877013425,0.07789665521403388,0.360985644139575,185.30161957261265,0.9249999472244048,554.9419759355403,513.3212984529818,41.620677482558555,0.8739245327757967,0.04494507320197474,0.03821093514804978,0.3609855284287941,185.30147767162674,0.9249999472243826,554.9417288516581,513.3210699003914,41.62065895126675,0.8739239009902622,0.044945133026850145,0.03821120004934609,0.36098531633655684,185.30121757407912,0.9249999472243419,554.9412759586874,513.3206509743947,41.62062498429268,0.8671757165607603,,,0.101,207.38173375811144,2053.2844926545686,2053.2844675796587,2.5074910157229756e-05,63.651819272291625,0.13282428343923977,,,258.9730570855439,0.00028331204656180294,111.35841454678388,,,,45.88538927441363,0.00014165558636727174,3.495698087579708,1251.407009050636,0.0,-0.0,0.0,138.93120614480156
7,1,8,0.10411,4.162974217545228e-05,0.00022811019703798598,1251.403027517311,,,,0,1.0822876118536401e-13,1,2318.4517780189726,2318.4517780189726,1.5272176149377398e-13,370.9522844830356,76.97259903022989,0.33340741286039527,,,349.80800531155927,2318.4517363892305,2225.7135270289828,92.73806362620766,2318.45159065519,0.00014573404019061026,0.8854076739227364,0.03797540249068711,0.03673427224222921,0.1571930073215601,116.72831687463484,0.96,773.5203926485611,742.5795769426187,30.940815705942455,0.840453928701696,0.05211731220836083,0.05041638226494392,0.15716662080376603,116.60276918852252,0.96,772.8181549208482,741.9054287240142,30.91272619683393,0.8035177422580242,0.06322226730822929,0.061274317475251194,0.1571403634534378,116.47691924840196,0.96,772.113043085781,741.2285213623497,30.88452172343127,,,,744.6263847792715,2225.7135270289828,2058.7848651159775,166.9286232120875,2225.713488328065,3.870091747313294e-05,0.8762656613076651,0.04817840478376988,0.0458375703829673,0.3616825847572595,186.15674329186825,0.9249999498644217,556.428627415056,514.6964524620557,41.732174953000296,0.8762656613075888,0.04817840478376987,0.04583757038296731,0.3616825249154941,186.15666983052347,0.9249999498644105,556.4284998999085,514.6963345105445,41.732165389364,0.8762654629190162,0.041883520010487285,0.039542589867267885,0.3616824467049812,186.15657381983888,0.9249999498643959,556.4283332432755,514.6961803531592,41.732152890116254,0.8762650367852607,0.04188374889676778,0.039542613101769285,0.3616823033489871,186.1563978370409,0.9249999498643693,556.428027769825,514.695897790218,41.73212997960696,0.8671907064460959,,,0.101,207.93727137671374,2058.7848651159775,2058.784840041067,2.5074910419220272e-05,63.8223308185953,0.13280929355390414,,,259.6667922438654,0.0004562203930352867,111.6567206648621,,,,50.96931828082333,0.00022810917666907384,3.5050618223195307,1251.4030275173113,0.0,-0.0,0.0,130.28356919482727
8,1,9,0.0968,4.155535901620627e-05,0.0002588667647038187,1242.6207306253602,,,,0,1.0823009698707757e-13,1,2321.2006123814326,2321.2006123814326,1.5272168940120203e-13,371.3920979810292,77.06386033106357,0.3334074128653563,,,350.2995563601323,2321.2005708260735,2228.3524089595653,92.84801703998195,2321.2004259995465,0.00014482652710750069,0.8859357365416353,0.03730091990259463,0.03677285728369572,0.15722666762819737,116.88717204107452,0.96,774.4072472783631,743.4309573872285,30.976289891134588,0.8411247201698633,0.051128756764415556,0.050457965296248304,0.15720110461658254,116.76666263251734,0.96,773.7346409802217,742.7852553410129,30.94938563920888,0.8043359298686061,0.06204727084372309,0.06122908323314116,0.15717562662948512,116.64572168654045,0.96,773.0585377409619,742.1361962313234,30.922341509638485,,,,746.1476958585918,2228.3524089595653,2061.2258332738484,167.1265384451909,2228.3523717190396,3.724052542360777e-05,0.8773048300799774,0.07789660080108751,0.07685743202877522,0.3619923861164799,186.53713956933208,0.9249999503820885,557.0884666613769,515.3068040202073,41.78166264116954,0.877304830079901,0.07789660080108751,0.07685743202877524,0.36199229770363667,186.53703098513387,0.9249999503820722,557.0882784403833,515.3066299157887,41.78164852459468,0.8773045388751699,0.040346730395860606,0.03930765443970685,0.3619921831576674,186.53689030556794,0.9249999503820511,557.0880345848304,515.3064043494026,41.781630235427926,0.8773039166968273,0.04034697331670163,0.03930809340513494,0.36199197527818183,186.53663499855793,0.9249999503820128,557.0875920324488,515.3059949884502,41.78159704399875,0.8739249944151427,,,0.101,208.18380916065868,2061.2258332738484,2061.2258081989385,2.5074909642007034e-05,63.8980008314893,0.1260750055848574,,,259.9746593559671,0.0005177335280673974,111.78910352306586,,,,62.011107354315264,0.00025886568473330304,3.5092181157318754,1242.6207306253605,0.0,-0.0,0.0,120.28568672453487
9,1,10,0.08604,4.152956580416555e-05,0.00013497654350487002,1251.4071378615427,,,,0,1.0822898041492407e-13,1,2321.200400507233,2321.200400507233,1.5272176185795816e-13,371.39206408115734,77.06385329684015,0.33340741286707665,,,350.29951848910815,2321.2003589776673,2228.3522058853905,92.84800857855797,2321.2002144639487,0.00014451371886165372,0.8861379789687718,0.0369756570204566,0.03677341459332009,0.15722666485963832,116.88715903402408,0.96,774.4071747396578,743.4308877500714,30.97628698958631,0.8413020792819993,0.05068503870895408,0.050507679596818074,0.15720110194874348,116.76665001248593,0.96,773.7345704866538,742.7851876671875,30.949382819466194,0.8044385126372819,0.06148346829401387,0.06138088552533801,0.15717562405910576,116.64570944259818,0.96,773.058469237637,742.1361304681316,30.922338769505462,,,,746.1475735123971,2228.3522058853905,2061.2256360812453,167.12653043287193,2228.3521665141166,3.937127378935249e-05,0.8773045133374431,0.04583762490785741,0.04583794165039173,0.3619923066083044,186.53704170091606,0.9249999470710852,557.0882987330273,515.3066468419711,41.7816518910561,0.8773045133373667,0.045837624907857415,0.04583794165039172,0.3619922466439383,186.53696805571047,0.9249999470710738,557.0881710756139,515.3065287588643,41.78164231674971,0.8773043139591212,0.039572790700411614,0.03957301561646028,0.3619921678046163,186.53687122924788,0.9249999470710587,557.0880032355024,515.3063735067615,41.78162972874083,0.8773038841163688,0.039572296498804914,0.039572329079263446,0.3619920222988981,186.5366925265227,0.924999947071031,557.0876934699733,515.306086973648,41.78160649632529,0.8762657742910551,,,0.101,208.18378924420577,2061.2256360812453,2061.225611006336,2.507490937425329e-05,63.8979947185186,0.12373422570894493,,,259.97464498717903,0.00026995308664536674,111.78909734448699,,,,53.224148313798615,0.00013497620138714736,3.5092172247502997,1251.4071378615427,0.0,-0.0,0.0,107.67107014160713
10,1,11,0.08438,4.151812361632423e-05,0.00017359751440211772,1251.406971571026,,,,0,1.0822916418970957e-13,1,2323.747381546884,2323.747381546884,1.52721763932158e-13,371.7995810475014,77.14841306735654,0.33340741286783976,,,350.7559903297894,2323.7473400287604,2230.797307827359,92.94988782614001,2323.7471956534987,0.00014437526173783442,0.8863766473454829,0.03692007258018467,0.03668140420347356,0.15726175649582952,117.05126502301248,0.96,775.3213736335016,744.3085186881615,31.01285494534005,0.8417166175780368,0.050711461021314255,0.05029692272527664,0.15723337906146945,116.91867517052098,0.96,774.5828994004295,743.5995834244122,30.983315976017227,0.805048412310749,0.061625445293942066,0.061015545620475106,0.15720520535030905,116.78605013625595,0.96,773.8429226195674,742.8892057147847,30.95371690478274,,,,747.5590533960296,2230.797307827359,2063.487360551429,167.30990966762843,2230.7972702190573,3.760830121323678e-05,0.8782673927344319,0.07685737773223038,0.07589449833524163,0.3622796209738633,186.8899809608251,0.9249999487173816,557.6996942821133,515.8721886106542,41.82750567145911,0.8782673927343555,0.07685737773223038,0.07589449833524162,0.36227953229922544,186.8898720093452,0.924999948717365,557.6995056665221,515.8720141412327,41.8274915252894,0.878267099773973,0.039885180627646795,0.03892239481279504,0.36227941670990993,186.88972998874772,0.9249999487173434,557.6992598019307,515.8717867164863,41.8274730854444,0.8782664715050778,0.03988835830391988,0.03892577091521098,0.36227920546306536,186.88947043711158,0.9249999487173038,557.6988104684913,515.8713710830557,41.827439385435504,0.8773049973599123,,,0.101,208.4122234156943,2063.487360551429,2063.4873354765195,2.5074909339481062e-05,63.968108177094294,0.12269500264008779,,,260.25990169510277,0.00034719502820151346,111.91175772889419,,,,55.32081636303005,0.00017359696995369867,3.513068356747838,1251.4069715710261,0.0,-0.0,0.0,105.59372026116316
11,1,12,0.08311,4.151812833692957e-05,0.0003014913759272518,1247.7989452086304,,,,0,1.0822960090671855e-13,1,2323.7589395714404,2323.7589395714404,1.5272174516395494e-13,371.8014303314305,77.14879679377182,0.3334074128678394,,,350.75806370652634,2323.758898053312,2230.8084035308734,92.95035014711986,2323.7587536779934,0.00014437531882173846,0.8864626519571028,0.03680486881745781,0.036718864205837864,0.15726190554234445,117.05195883834733,0.96,775.3252344881469,744.3122251086209,31.01300937952595,0.8417944763398563,0.05050269028067311,0.050424831518853706,0.1572335264335286,116.91936630026868,0.96,774.5867521089287,743.6032820245715,30.98347008435719,0.8050907231554285,0.06131826605956141,0.06127595521488181,0.15720535104707412,116.78673856791029,0.96,773.8467670809176,742.8928963976809,30.95387068323672,,,,747.5654648768071,2230.8084035308734,2063.4976282310517,167.31073689867173,2230.808365129724,3.84011494687924e-05,0.8782715209882674,0.04583799605088592,0.04583386779705036,0.36228086928343584,186.89151486413778,0.9249999509084263,557.7023486135308,515.8746450890302,41.82770352450068,0.8782715209881911,0.045837996050885926,0.04583386779705035,0.3622808092562146,186.89144111061805,0.9249999509084154,557.7022209329771,515.874526984518,41.82769394845906,0.8782713214787112,0.03942758830698641,0.03942336660224821,0.36228073028100005,186.89134407631676,0.9249999509084009,557.7020529491674,515.8743715994942,41.82768134967318,0.8782708911548879,0.0394148137319864,0.03941039408217619,0.3622805843907803,186.89116482573453,0.9249999509083743,557.7017426340485,515.8740845580096,41.82765807603883,0.8773046262168838,,,0.101,208.41326045133627,2063.4976282310517,2063.4976031561428,2.507490933988282e-05,63.96842647516261,0.12269537378311629,,,260.26119203997894,0.0006029827500365627,111.91231257719093,,,,58.938748300165386,0.00030148983461505263,3.5130852546100573,1247.7989452086306,0.0,-0.0,0.0,103.70457033628928
12,1,13,0.08861,4.1507532971641424e-05,0.0002827890955724339,1244.9642208754576,,,,0,1.0823005262495274e-13,1,2323.762910195965,2323.762910195965,1.527216934086755e-13,371.8020656313544,77.14892861850603,0.33340741286854614,,,350.75877601949566,2323.762868688432,2230.812215463509,92.95050897764642,2323.762724441155,0.0001442472770058776,0.8864561804068646,0.03674283462942227,0.03674930617966057,0.15726195670627674,117.05219700159013,0.96,775.3265597802125,744.3134973890039,31.01306239120858,0.8418487231555667,0.0504084263114369,0.050354179495726493,0.15723357706426505,116.91960373668057,0.96,774.5880756919821,743.6045526643027,30.983523027679354,0.8051595071465256,0.06114817515175795,0.06107939116066088,0.15720540114540235,116.78697528122493,0.96,773.8480889689607,742.8941654102022,30.95392355875849,,,,747.5676672878473,2230.812215463509,2063.5011549804726,167.3110233071159,2230.812178287588,3.7175920534272204e-05,0.8782732612520338,0.07589444393663247,0.07589270367286613,0.36228137301779917,186.89213377397562,0.9249999507195291,557.7034201540624,515.8756361586205,41.82778399544188,0.8782732612519574,0.07589444393663247,0.07589270367286613,0.3622812841673204,186.89202460616642,0.9249999507195129,557.703231165442,515.875461344147,41.82776982129502,0.8782729686981353,0.03900429491529988,0.0390026476958757,0.3622811689396928,186.89188302959934,0.9249999507194917,557.7029860714678,515.875234632221,41.82775143924671,0.8782723433124318,0.03905866900820564,0.03905721685066178,0.362280959646841,186.8916258781059,0.9249999507194534,557.702540896616,515.8748228454838,41.82771805113229,0.8782675600124816,,,0.101,208.41361665302773,2063.5011549804726,2063.501129905563,2.5074909235535774e-05,63.96853580439465,0.1217324399875184,,,260.26163604312524,0.0005655781895454743,111.91250349854386,,,,61.77668745219812,0.000282787801882085,3.513091834514558,1244.9642208754576,0.0,-0.0,0.0,110.31627961177429
13,1,14,0.094,4.150748941943124e-05,0.00026656846031681566,1247.2479416606666,,,,0,1.0822967622858491e-13,1,2323.7343869383058,2323.7343869383058,1.5272173468990953e-13,371.7975019101289,77.14798164635174,0.333407412868549,,,350.7536593086462,2323.734345430816,2230.784833136702,92.9493680473628,2323.734201184065,0.0001442467510225182,0.886835944242441,0.03669661237198377,0.03631684853640728,0.1572615898205684,117.05048911371814,0.96,775.3170559106766,744.3043736742495,31.01268223642713,0.84130881047083,0.05052619934273694,0.05106611202747371,0.15723321337484678,116.91789811895413,0.96,774.5785676776574,743.5954249705511,30.98314270710635,0.8046001402303442,0.06165411262266203,0.06221347953884342,0.15720504069181349,116.78527207597395,0.96,773.838577595731,742.8850344919016,30.953543103829315,,,,747.5518492528514,2230.784833136702,2063.4758247180516,167.30896995253102,2230.784794670583,3.846611932997189e-05,0.8782622393734437,0.045833922194443225,0.04584494407303324,0.3622780981538311,186.8881100477254,0.9249999505321228,557.6964544258004,515.8691927558058,41.827261669994684,0.8782622393733673,0.045833922194443225,0.04584494407303324,0.36227803812929543,186.88803629780423,0.9249999505321118,557.6963267498974,515.8690746555956,41.827252094301805,0.8782620406808885,0.040351947610594435,0.04036287562784122,0.36227795964756804,186.88793987022572,0.9249999505320974,557.6961598143703,515.8689202402333,41.82723957413709,0.8782616137844583,0.040129812244307665,0.04014054177228107,0.36227781572430534,186.88776303709605,0.924999950532071,557.6958536805147,515.8686370664173,41.82721661409746,0.8782716338689244,,,0.101,208.41105829652324,2063.4758247180516,2063.4757996431426,2.5074909234244194e-05,63.9677505662596,0.1217283661310757,,,260.258443048412,0.0005331369192124564,111.91113051081716,,,,59.46942490273385,0.00026656726615413817,3.513048133212158,1247.2479416606666,0.0,-0.0,0.0,117.24130651610265
14,1,15,0.10181,4.1507467885032795e-05,7.64771542065264e-05,1251.4072784700863,,,,0,1.0822842999170736e-13,1,2317.0204466136474,2317.0204466136474,1.5272176077954575e-13,370.7232714581836,76.92507882757309,0.33340741286855047,,,349.55234908570424,2317.020405106179,2224.3394504253015,92.6808104343876,2317.0202608596887,0.0001442464905145076,0.8908637054430101,0.03734887409143037,0.033321112890861336,0.15716599219393032,116.59976708781957,0.96,772.8013485686904,741.8892946259427,30.91205394274763,0.846936671838463,0.04920471142828882,0.04357685006065576,0.15714882858219903,116.51759355435846,0.96,772.3410628053424,741.4474202931286,30.893642512213695,0.8070746147626708,0.058395735087012,0.05592126055468545,0.15713165804185086,116.4349884435262,0.96,771.877849485656,741.0027355062298,30.875113979426267,,,,743.8350550653605,2224.3394504253015,2057.5138232724967,166.82558783133535,2224.339411103832,3.932146928016733e-05,0.8757249332325729,0.07589264867148385,0.0784299548123547,0.3615214697732957,185.95898232524087,0.9249999406572273,556.0852324271578,514.3788069954815,41.70642543167633,0.8757249332324966,0.07589264867148386,0.0784299548123547,0.3615213809554815,185.95887331879513,0.9249999406572095,556.0850430758812,514.3786318455519,41.70641123032938,0.8757246383723107,0.03458574922741956,0.03712315153599734,0.36152126473992496,185.95873068701593,0.9249999406571859,556.0847953151024,514.3784026668332,41.706392648269244,0.8757240044416577,0.035598868336266035,0.03813647767906673,0.3615210513023082,185.9584687343086,0.9249999406571429,556.0843402856906,514.3779817646301,41.7063585210604,0.8782734291340729,,,0.101,207.80889615052214,2057.5138232724967,2057.5137981975877,2.5074909041958604e-05,63.782928521447396,0.12172657086592709,,,259.50650416956927,0.0001529543082960777,111.5877967929148,,,,49.789251262963205,7.647703679495782e-05,3.5028985092790377,1251.407278470086,0.0,-0.0,0.0,127.40577502103949
15,1,16,0.10382,4.1507590970683476e-05,8.040798714431448e-05,1251.4072688455074,,,,0,1.0822867519713229e-13,1,2318.099574271066,2318.099574271066,1.5272176101326913e-13,370.8959318833706,76.96090586579939,0.33340741286854225,,,349.7449865123267,2318.099532763475,2225.375412974878,92.72397554061993,2318.099388515498,0.00014424797709774754,0.8960649095737652,0.03871087925298144,0.033509675122226405,0.15718016149959188,116.66730992548594,0.96,773.1793037984313,742.252131646494,30.927172151937246,0.8626755350479123,0.06272756503707387,0.04698870182762463,0.15716221854882542,116.5817339386042,0.96,772.7003812199238,741.7923659711269,30.908015248796957,0.8257088949277936,0.07680377700399446,0.05816949683887155,0.1571443200803365,116.4959426482366,0.96,772.219703497143,741.3309153572573,30.888788139885726,,,,744.4316534676332,2225.375412974878,2058.472093007194,166.90328349137638,2225.37537649857,3.647630823791365e-05,0.9012543319550929,0.04584499884451092,0.020315600121991,0.36173789756670066,186.2246471155007,0.9249999414876303,556.5464854992777,514.8054665219781,41.74101897729957,0.9012543319550165,0.04584499884451091,0.020315600121991004,0.3616617811621784,186.13120477257112,0.9249999414723615,556.3842996178713,514.6554445826719,41.728855035199494,0.8961308503306756,0.05372707526081118,0.03332086330244637,0.3616111540519065,186.06905946656448,0.9249999414624691,556.2764047507377,514.5556418313851,41.72076291935259,0.8880609820809131,0.05042450161961933,0.03808752398036387,0.36156038301635146,186.0067421129969,0.92499994145256,556.1681866306834,514.4555400711587,41.71264655952472,0.8782623524840052,,,0.101,207.90568139372658,2058.472093007194,2058.4720679322845,2.5074909072738772e-05,63.812634883223005,0.12173764751599477,,,259.62736209080475,0.00016081597415932008,111.63976569904602,,,,50.67529375214037,8.040785962344017e-05,3.586700496321698,1251.4072688455074,0.0,-0.0,0.0,129.92110265154056
16,1,17,0.12198,4.1535519454497294e-05,0.00015700754675671103,1251.406723383136,,,,0,1.0822875540281871e-13,1,2318.6407244203097,2318.6407244203097,1.5272176116642495e-13,370.9825159072496,76.97887205075428,0.3334074128666795,,,349.84165194963583,2318.6406828847903,2225.8949167669957,92.7456215319582,2318.640538298954,0.0001445858362692897,0.8666074926120387,0.029064429192494308,0.05852184615422074,0.15718740524705815,116.70173803916583,0.96,773.3718249660949,742.4369519674511,30.93487299864379,0.8221817222008235,2.1051483284993773e-05,0.040514864330373684,0.15716895051142596,116.61389079720729,0.96,772.8804100204715,741.9651936196526,30.915216400818913,0.7939375562137501,1.1962716124431356e-05,0.03178330143016803,0.15715058547092592,116.52602311326271,0.96,772.3883033123874,741.492771179892,30.895532132495493,,,,744.7309543129983,2225.8949167669957,2058.952649710864,166.94223178809867,2225.894881498963,3.5268032755720006e-05,0.900638291041954,0.07842990018778971,0.07904594110092857,0.3618142656946871,186.31840937145566,0.9249999480525251,556.7091677653888,514.9559512633491,41.75321650203971,0.9006382910418775,0.07842990018778971,0.07904594110092858,0.3617287138308684,186.21337282072102,0.9249999480363184,556.526916478068,514.7873688230253,41.73954765504262,0.8867448405407186,9.676109454538203e-06,0.009395685899411603,0.36166892276226986,186.13997196502004,0.9249999480254109,556.3995155968,514.6695230084039,41.72999258839619,0.8793655588491942,5.357542748811943e-06,0.008700780774467726,0.3616031213978346,186.05920015580162,0.9249999480130613,556.2592816587062,514.539806616086,41.71947504262014,0.8757251009676994,,,0.101,207.9542176207973,2058.952649710864,2058.9526246359546,2.5074909353769667e-05,63.82753214103679,0.12427489903230063,,,259.68795519851864,0.00031401509302039467,111.665820735363,,,,51.12057152293522,0.00015700706478455288,3.567386981473744,1251.4067233831358,0.0,-0.0,0.0,152.64659211827495
17,1,18,3.78877,4.1036985387889725e-05,3.821769135153671e-05,7.99821607019614e-06,,,,0,1.0821627474276487e-13,1,84.99400856211774,84.99400856211767,1.5272121337198917e-13,13.599041369938838,2.8218010842623094,0.33340741289992987,,,19.95202176986601,84.99396752513228,81.5940756565382,3.3997531523557663,84.99382880889395,0.00013871623832252108,0.21249433683186483,0.018979282260639184,0.6730924380408131,0.24451787715989903,19.94371479416294,0.96,84.96189788610455,81.56342197066037,3.39847591544419,5.31145710795879e-05,1.1012919387922555e-05,0.8221396205491318,0.2709933399001268,0.00521889765832874,0.96,0.020060831492867352,0.019258398233152656,0.0008024332597146942,2.97546377946863e-05,5.831163658587921e-06,0.793913632739614,0.27099605916336444,0.003088078044739236,0.96,0.0118700912965339,0.011395287644672543,0.00047480365186135573,,,,15.340533327156995,81.5940756565382,74.53331465803639,7.060728878854168,81.59404353689055,3.2119647636580014e-05,0.07843125093331553,7.665388695793672e-07,0.8222078066475081,0.2058226492626594,7.668382000942417,0.9134657659191618,40.78667471727729,37.257231059913416,3.5294436573638763,0.07843125093323909,7.66538869584902e-07,0.8222078066475081,0.2058218166122266,7.667985718838927,0.9134620006316878,40.7849000758165,37.25545641881882,3.5294436569976817,2.450086575616839e-05,5.1560766641415906e-06,0.8867254957516265,0.2021994933784666,0.0027002416892047913,0.9195167523305035,0.01452322043170716,0.013354344484715387,0.001168875946991773,1.358459431895116e-05,2.8720691150784995e-06,0.8793548463239903,0.20148480239493072,0.0014653656864460957,0.9153374152072511,0.007945523365062894,0.00727283481944403,0.0006726885456188635,0.9215693332733407,,,0.101,7.527864780461676,74.53331465803639,74.53328958302552,2.5075010870702955e-05,2.3105327543991283,0.0784306667266593,,,10.460580262853984,7.643538267386159e-05,4.498049513027213,,,,42.82052653234275,3.821765725655202e-05,0.15690058732662973,7.998216066727207e-06,0.0,0.0,0.0,3.030340110027703e-05
18,1,19,5.01894,4.0301983698378124e-05,5.3411451198326545e-05,5.50775827129761e-06,,,,0,1.0821194756796223e-13,1,42.518286382012235,42.518286382012164,1.527207168600857e-13,6.802925821121958,1.4116071078828063,0.33340741294895176,,,10.503633812757709,42.51824608002846,40.81739080551123,1.700724616896304,42.51811542240753,0.00013065762092878485,0.10748306522828072,0.02276708344158363,0.12777835504516774,0.2573240563697149,10.496948977495471,0.96,42.49241989193464,40.79272309625725,1.699696795677388,4.103293545245819e-05,6.91389332715667e-06,1.8995528954286422e-05,0.2709945061248379,0.00430504401559559,0.96,0.01654801388303024,0.01588609332770903,0.0006619205553212113,2.065141800271842e-05,3.4398618845478716e-06,1.2543081676515757e-05,0.270996963044491,0.0023797912466421967,0.96,0.00914751658986417,0.008781615926269602,0.0003659006635945677,,,,7.7544039091740355,40.81739080551123,37.7558599024842,3.061498020071001,40.81735792255519,3.2882956035346756e-05,0.033035133545339275,0.008783161989525029,0.054179279377501284,0.2053943380621612,3.8916439993065386,0.9249983509846362,20.483477012491797,18.947182458986617,1.5362945535051808,0.0330351335452628,0.00878316198952502,0.0541792793775013,0.20537471469937849,3.8585401394465686,0.9249983366200594,20.311177316408276,18.787805232472735,1.5233720839355407,2.445928810722391e-05,8.252512713519012e-06,8.294090362463531e-06,0.20239673487349485,0.00273646649736278,0.9206287701521186,0.014685951535265137,0.01352030950041951,0.0011656420348456263,1.34786080552973e-05,4.4112773802985886e-06,4.517263643952543e-06,0.20175786068937296,0.0014833039235653041,0.9169655385609049,0.00801764211985188,0.00735190152441767,0.0006657405954342102,0.9912160714716054,,,0.101,3.813341850150904,37.7558599024842,37.75583482736315,2.5075121044161574e-05,1.17043165697701,0.00878392852839461,,,4.762320897028236,0.00010682290233959743,2.047797985722142,,,,22.071534298678024,5.3411321975476555e-05,0.06610820498676459,5.507758271261678e-06,0.0,0.0,0.0,2.7643108298146424e-05
19,1,20,2.52611,4.0561516327423796e-05,3.365696686444168e-05,1.4065720786851258e-05,,,,0,1.0821190824441469e-13,1,42.09106200838184,42.09106200838176,1.527207084910708e-13,6.734569921341095,1.397423258678277,0.33340741293164194,,,10.403067020026198,42.09102144686544,40.407252500717945,1.6836355208632505,42.09088802158119,0.00013342528424475274,0.10872804648014746,0.040659937551607524,0.03941495629974079,0.25745229591774943,10.400524436744357,0.96,42.081114806099464,40.397870213855484,1.6832445922439814,1.632733384734625e-05,2.919642137154972e-06,2.762524374226691e-05,0.2709979152462223,0.0016336380186237533,0.96,0.006279407234013637,0.006028230944653092,0.0002511762893605458,8.522078610302994e-06,1.5430988554326353e-06,1.3672438247848061e-05,0.2709988400585792,0.0009089452632168913,0.96,0.0034938082477140144,0.0033540559178054535,0.00013975232990856058,,,,7.6755955658005535,40.407252500717945,37.37639932750808,3.0308207515228354,40.407220079030914,3.242168703148823e-05,0.03365242388804119,0.024865563689666408,0.024248273346964517,0.20536148818694178,3.8364017228727456,0.9249977210446482,20.195955809017395,18.681213097659512,1.5147427113578813,0.03365242388796462,0.024865563689666383,0.02424827334696454,0.20536083732640956,3.835628717700772,0.92499667665406,20.19197327406439,18.677508173597165,1.514465100467229,2.1677822514988125e-05,6.8132648464638185e-06,9.594730438699338e-06,0.20196658679425164,0.00236387900921389,0.9181818988735152,0.012747264326799386,0.011704307364811973,0.0010429569619874143,1.1292716303338004e-05,3.392738484520553e-06,5.5786302364796335e-06,0.20108749809008228,0.0012012462178217246,0.9128963764666679,0.006543731622331842,0.0059737488865941315,0.0005699827357377112,0.9663512743208086,,,0.101,3.7750163320783163,37.37639932750808,37.37637425236336,2.5075144715135772e-05,1.1586683791527503,0.03364872567919144,,,4.714554330734313,6.731393370622753e-05,2.0272583622157545,,,,21.85376582308496,3.365691504078225e-05,0.06733781831482413,1.4065720784799544e-05,0.0,0.0,0.0,3.553155793687283e-05
20,1,21,0.75581,4.6263116428161675e-05,3.2139397286012334e-05,227.78307443674592,,,,0,1.0821389324167883e-13,1,552.1104925083605,552.1104925083604,1.527208906727767e-13,88.33767880133767,18.330068351277564,0.33340741255136636,,,85.09794298911997,552.1104462452439,530.0258129574789,22.084408873228302,552.1102218307074,0.00022441453665300503,0.6557832417140497,0.5673039474222308,0.020248752188328605,0.1605531514836099,85.09640121464393,0.96,552.1042955524699,530.0201237303711,22.084171822098803,9.950244334956628e-06,2.580410625554385e-06,8.957500137944001e-06,0.27099873013819903,0.000995080143818387,0.96,0.003824895474413809,0.0036718996554372567,0.00015299581897655254,5.174080981745367e-06,1.3511364490176922e-06,4.699134077575318e-06,0.2709993023419781,0.0005466943322171881,0.96,0.002101382762999186,0.0020173274524792183,8.40553105199677e-05,,,,121.54614650229512,530.0258129574789,484.15861997800783,45.867155017353234,530.0257749953611,3.79621177960869e-05,0.509598919652824,0.48473274121503956,0.008786245450256818,0.2510500951828472,60.769572864631975,0.9134620600739941,264.9935354808513,242.06154082662945,22.931994654221814,0.5095989196527472,0.4847327412150395,0.008786245450256884,0.25104959059154847,60.76906528817763,0.9134615586970817,264.99200018922977,242.0600055351112,22.931994654118583,4.29899818322826e-05,2.6151980724913278e-05,4.839821407618968e-06,0.20269616083614772,0.004883443462453941,0.9222789375705255,0.026122717296883514,0.024092431954937283,0.0020302853419462306,2.34272544399145e-05,1.4697167126432624e-05,2.562628989856378e-06,0.20220851656755218,0.002624906023054174,0.9195682367717735,0.014116607983078127,0.01298118431218526,0.0011354236708928682,0.490401695095294,,,0.101,48.90002061777879,484.15861997800783,484.1585949030883,2.5074919578553733e-05,15.008917219318244,0.5095983049047059,,,67.95167319073549,6.427879455136586e-05,29.21921947201626,,,,27.76113209063991,3.213936008821711e-05,1.0192642565418435,227.78307443674592,0.0,0.0,0.0,172.16072549003692
21,1,22,0.154,4.643611810820235e-05,2.6778077394806554e-05,227.784091385845,,,,0,1.0821555455147015e-13,1,565.7735471697155,565.7735471697155,1.5272106305670945e-13,90.52376754715448,18.783681766034555,0.3334074125398277,,,86.7227815693288,565.7735007335973,543.1423413011737,22.63093088754889,565.7732721887227,0.00022854487470179712,0.744301692092827,0.12271367385091374,0.034195223472136334,0.15966740539208724,86.72119163514716,0.96,565.7671607934936,543.1364743617539,22.630686431739733,1.0278939081853448e-05,4.0550113767992195e-06,3.7263166299023953e-06,0.27099870681714483,0.0010133547877744524,0.96,0.0038951400039114125,0.003739334403754956,0.00015580560015645645,5.575190222361686e-06,2.279635679466811e-06,1.8785264388504845e-06,0.2709992642044392,0.0005765793938703982,0.96,0.0022162552250642844,0.002127605016061713,8.865020900257134e-05,,,,125.45906012460314,543.1423413011737,496.13985059033814,47.002453802309354,543.1423043926474,3.690852633605685e-05,0.5222114451056565,0.03747818901732674,0.02486566356449421,0.25287432940690163,62.725701352633685,0.9134615128433679,271.5504507890728,248.05088559108495,23.499565197987824,0.5222114451055797,0.03747818901732673,0.02486566356449422,0.2528742081437552,62.725578838136386,0.9134613963527202,271.55008525129193,248.05052005334534,23.499565197946584,4.478317700051204e-05,1.1739395992574305e-05,9.946200824344863e-06,0.2025604003525691,0.005012063219617864,0.9215320562152212,0.02685044863254345,0.02474354913852453,0.0021068994940189236,2.5230359623805575e-05,6.841815888120974e-06,5.038710704229891e-06,0.20201375524457188,0.0027678706134502875,0.9184532284539251,0.014917903650196684,0.013701396769265291,0.0012165068809313919,0.4777890697676335,,,0.101,50.110124909624155,496.13985059033814,496.13982551541886,2.5074919227683342e-05,15.38033536830048,0.5222109302323663,,,69.63349310942208,5.35561547752718e-05,29.94240203705149,,,,34.507955551943375,2.6778056622279846e-05,1.0444929037478605,227.78409138584502,0.0,0.0,0.0,35.078750073420125
22,1,23,0.12052,4.333283900560755e-05,0.00020792412037241734,1049.4429827874615,,,,0,1.0821602325214835e-13,1,2025.1322655111826,2025.1322655111824,1.5272161814122241e-13,324.0211624817892,67.23439121497127,0.33340741274680497,,,302.88343057582586,2025.1322221783435,1944.126771066428,81.00528212776784,2025.1320531941958,0.00016898414750834986,0.8237887948367557,0.12248218901344152,0.04299508626951281,0.1557861432353925,101.08419359029573,0.96,675.9011604172257,648.8651140005367,27.03604641668902,0.7473458875269514,0.7473376745617788,2.06597390918698e-06,0.15579395734831408,100.96117274566164,0.96,675.0447197486822,648.0429309587348,27.001788789947312,0.7024045615853293,0.7024000923269292,1.1059318224140406e-06,0.15580214257122732,100.83806423986849,0.96,674.1861730282881,647.2187261071566,26.967446921131515,,,,593.96408421846,1944.126771066428,1798.317096021619,145.80963530233208,1944.1267313239512,3.974247671711744e-05,0.7654056453162125,0.2431949050636857,7.048531296058654e-07,0.330289150647598,148.49137445246987,0.9249999328989986,486.03239602249715,449.57993370754934,36.45246231494777,0.7654056453161359,0.24319490506368574,7.048531295520909e-07,0.3302890003173968,148.49119819015328,0.9249999328989511,486.0320403082185,449.5796046718424,36.45243563637609,0.7654050770613906,0.7653687173894584,8.423505068361202e-06,0.33028880353382356,148.4909674612676,0.9249999328988888,486.03157467475705,449.5791739608916,36.45240071386548,0.7654038536958062,0.765383446043826,4.822707643641437e-06,0.3302884424706247,148.4905441145693,0.9249999328987747,486.0307203184785,449.5783836813357,36.45233663714275,0.7193269059189876,,,0.101,181.63002669818354,1798.317096021619,1798.3170673001398,2.8721479169709612e-05,55.74782997667019,0.28067309408101243,,,226.81502922689498,0.0004158482398801859,97.53046256756484,,,,29.035182477368153,0.00020792263184800947,3.061620221389545,1049.4429827874617,0.0,0.0,0.0,126.47886828554486
23,1,24,0.11633,4.3332784010282833e-05,0.00021541317146089544,1049.5079599061003,,,,0,1.082158454799622e-13,1,2025.1446880521573,2025.1446880521573,1.5272161657279924e-13,324.02315008834523,67.23480364333162,0.33340741274680863,,,302.8852134291216,2025.1446447193732,1944.1386967066196,81.00577902944258,2025.144475736062,0.00016898331117184046,0.8536610245146845,0.07031543370088965,0.04044320402296087,0.15578610630509046,101.084788930106,0.96,675.9053013954235,648.8690893396066,27.03621205581691,0.8057463610999818,0.05840458005848726,4.106485456858763e-06,0.1557939187241195,100.96176702776012,0.96,675.0488605836806,648.0469061603334,27.00195442334729,0.750826522560424,0.04842419562098595,2.234645891180888e-06,0.15580210224873006,100.83865747125549,0.96,674.1903137569581,647.2227012066796,26.967612550278382,,,,593.9699901024582,1944.1386967066196,1798.3281204300627,145.81053517261574,1944.1386556026787,4.1103940705532184e-05,0.7654099871671278,0.037473796372174614,0.037469454521259285,0.3302903351966276,148.4927632715466,0.9249999300449743,486.03520019854716,449.58252618305124,36.45267401549596,0.7654099871670513,0.037473796372174635,0.037469454521259264,0.3302902219308819,148.49263046711192,0.924999930044937,486.03493218810996,449.5822782733974,36.45265391471256,0.7654095784824613,2.805470269606985e-05,2.35532816254783e-05,0.3302900740341609,148.49245705778506,0.9249999300448882,486.03458223337435,449.5819545652677,36.452627668106615,0.7654087024688624,1.7772814005708123e-05,1.2924040949543934e-05,0.3302898030310955,148.49213930601454,0.9249999300447989,486.0339409826472,449.5813614083466,36.45257957430061,0.7193312985641398,,,0.101,181.63114016343636,1798.3281204300627,1798.3280905477402,2.98823225533503e-05,55.748171733331944,0.2806687014358603,,,226.81642852110573,0.0004308263419937342,97.53106426407545,,,,28.979030028429317,0.00021541157068120844,3.0616382552855033,1049.5079599061003,0.0,0.0,0.0,122.08926097587664
24,1,25,0.1121,4.278733670480719e-05,0.00022354137920229978,1143.9421824034694,,,,0,1.0821693958054525e-13,1,2154.859886822262,2154.859886822262,1.5272169234226065e-13,344.77758189156197,71.5413482424991,0.3334074127831879,,,322.3757841161539,2154.8598440349256,2068.6652957321594,86.19438732217338,2154.859683054333,0.0001609805924752452,0.8606040860244368,0.050545777748252085,0.04360271623849979,0.15584670769039785,107.58478248435497,0.96,719.0878999982283,690.3243839982991,28.763515999929172,0.8059725341242021,0.07070175393072871,0.07047558090650836,0.1558374769756486,107.45866820743677,0.96,718.2875062432603,689.5560059935299,28.731500249730473,0.7569184052020822,0.09005251312595891,0.08396063048430066,0.15582852140055245,107.33233342436216,0.96,717.4842768128442,688.7849057403305,28.699371072513742,,,,657.8056360476432,2068.6652957321594,1913.515241048016,155.15001548662215,2068.665256534638,3.9197521529251064e-05,0.8144359844230545,0.19711997906409737,0.14809398180817063,0.3437683594334436,164.45163342600546,0.9249999413890537,517.1667375316308,478.37920190512665,38.787535626504145,0.8144359844229782,0.1971199790640974,0.1480939818081706,0.3437682654389926,164.45152103113074,0.9249999413890304,517.1665254783971,478.3790057558858,38.78751972251127,0.8144356551327995,0.10769870628926345,0.05867262963892527,0.34376814295741964,164.45137457249683,0.9249999413890001,517.1662491575835,478.37875015913374,38.7874989984497,0.8144349491034385,0.10770016460848328,0.05867391797390715,0.3437679192048023,164.4511070180103,0.9249999413889447,517.1657443670266,478.3782832278696,38.78746113915703,0.765406224563728,,,0.101,193.2650393458496,1913.515241048016,1913.515214022358,2.7025657870813208e-05,59.3189724724885,0.23459377543627197,,,241.34451181931178,0.00044708275740518454,103.77814008230406,,,,29.504947730313926,0.00022353968607521964,3.2577425730822704,1143.9421824034696,0.0,-0.0,0.0,128.23591864742892
25,1,26,0.1119,4.278728986616124e-05,0.00022394092333899934,1142.2915199563756,,,,0,1.0821783873362903e-13,1,2154.871203149826,2154.871203149826,1.5272171001555592e-13,344.7793925039722,71.54172394457423,0.3334074127831911,,,322.37756559087217,2154.871160362536,2068.6761594073023,86.1948399753043,2154.870999382607,0.00016097992946711908,0.8651388152042415,0.04554353999087073,0.04100881081106598,0.1558467519181924,107.58537737359474,0.96,719.0916721180339,690.3280052333125,28.7636668847214,0.8075817398318678,0.05749307391474849,0.05588386820708287,0.1558375197601289,107.45926203209619,0.96,718.2912783502392,689.5596272162296,28.731651134009546,0.7583770441040587,0.0702384940225661,0.06877985512058965,0.1558285627366959,107.33292618518125,0.96,717.4880489143336,688.7885269577603,28.69952195657336,,,,657.8113925052572,2068.6761594073023,1913.5252869125006,155.15083191777626,2068.676118830277,4.0577025290572054e-05,0.8144400281333597,0.037469797909454455,0.037465754199149284,0.34376951148905854,164.45301097455575,0.9249999405390561,517.1693369485893,478.3816059260682,38.78773102252113,0.8144400281332833,0.037469797909454455,0.037465754199149284,0.3437694436169162,164.4529298155742,0.924999940539039,517.1691838283745,478.38146428986977,38.78771953850473,0.8144397895802872,0.05182662882225574,0.05182249437476805,0.3437693547199135,164.45282351585837,0.9249999405390167,517.1689832758136,478.38127877875127,38.787704497062336,0.8144392765000712,0.051826791341552825,0.05182246394492012,0.34376919137928263,164.4526281992689,0.9249999405389756,517.1686147774996,478.38093791781154,38.78767685968807,0.7654102230264481,,,0.101,193.26605397816257,1913.5252869125006,1913.525259534116,2.7378384671844086e-05,59.31928389428752,0.23458977697355182,,,241.34578263578052,0.000447881845675008,103.77868653338564,,,,31.164163940685352,0.0002239393146467714,3.257759122347001,1142.2915199563759,0.0,-0.0,0.0,127.82242108311843
26,1,27,0.11243,4.2221788579409855e-05,0.0001597545334276938,1251.4068254048484,,,,0,1.0821731352270271e-13,1,2292.8918872323156,2292.8918872323156,1.5272169775756912e-13,366.8627019571705,76.12401065611289,0.3334074128209079,,,345.28817104786674,2292.891845010527,2201.1760240832486,91.71566767013555,2292.8916917533834,0.00015325714352052436,0.8769921292019617,0.047926771987113904,0.036073457989393744,0.15688764825899196,115.21324757474699,0.96,764.9665278894405,734.3678667738628,30.598661115577688,0.8307604770341116,0.0704610239245858,0.047282286722341964,0.1568652598443415,115.09614757240958,0.96,764.2981021221423,733.7261780372565,30.571924084885772,0.7938929960142468,0.09036957360831378,0.05485362169812572,0.15684299867148496,114.97877590071015,0.96,763.6270617418008,733.0819792721287,30.545082469672078,,,,730.5811000418861,2201.1760240832486,2036.0876703743538,165.0883155314238,2201.175985905777,3.8177471346614256e-05,0.8666054950823864,0.14809402958221632,0.09592856263318966,0.358816312072612,182.64549649452502,0.92499994703358,550.2943859235163,509.022277832129,41.27210809138728,0.86660549508231,0.14809402958221635,0.09592856263318965,0.35881622137391084,182.64538561965523,0.924999947033562,550.2941909664968,509.02209749688643,41.27209346961038,0.8666051922445125,0.08439067775866382,0.032225275094438476,0.35881610312827594,182.6452410699851,0.9249999470335387,550.293936797214,509.0218623903004,41.27207440691353,0.8666045427382117,0.0843907630598737,0.03222549682173316,0.35881588699527056,182.64497685772074,0.9249999470334961,550.2934722185504,509.02143265503776,41.27203956351261,0.8144361725083293,,,0.101,205.64485470780974,2036.0876703743538,2036.087645071733,2.5302620786280863e-05,63.11871778160497,0.18556382749167077,,,256.80408890344023,0.0003195090663449574,110.4257582284793,,,,30.107779656313987,0.00015975368601576424,3.4664207251474206,1251.4068254048486,0.0,-0.0,0.0,140.6956693802671
27,1,28,0.11364,4.222174353184799e-05,0.00021869423103913787,1251.3808670139574,,,,0,1.0821731200422298e-13,1,2292.9053232097745,2292.9053232097745,1.5272169915315477e-13,366.86485171356395,76.12445673056452,0.3334074128209109,,,345.29052301531186,2292.905280988031,2201.1889226222215,91.71620510925933,2292.905127731481,0.00015325654999755734,0.8811543791585416,0.04185766666130878,0.037695416704728923,0.1568877991097385,115.21403343796337,0.96,764.9710101484133,734.3721697424767,30.59884040593661,0.8347144701386384,0.05636715463052654,0.05241316152599979,0.1568654091427733,115.09693156053531,0.96,764.3025807754884,733.730477544469,30.572103231019508,0.7962603833894557,0.06700223346394339,0.0646348460887344,0.15684314641490918,114.97955801681319,0.96,763.6315368075794,733.0862753352761,30.545261472303213,,,,730.588435142121,2201.1889226222215,2036.0996008038342,165.08928201806486,2201.1888828218994,3.98003219609338e-05,0.8666103031443498,0.03746580671642543,0.03746099865446205,0.358817749424679,182.64725361349164,0.9249999473891716,550.2974753623823,509.02513575859757,41.27233960378474,0.8666103031442733,0.037465806716425444,0.03746099865446204,0.3588176903506711,182.64718139815946,0.9249999473891598,550.297348383264,509.02501830291334,41.27233008035065,0.866610105384914,0.04488147922232955,0.04487656608192798,0.35881761301855636,182.64708686311727,0.9249999473891445,550.2971821584515,509.02486454496204,41.27231761348941,0.8666096801823865,0.044881777625124415,0.04487664018094962,0.35881747101269856,182.64691326735274,0.9249999473891163,550.2968769178016,509.02458219736144,41.27229472044008,0.8144401637013582,,,0.101,205.64605968118727,2036.0996008038342,2036.0995749519514,2.5851882824166462e-05,63.11908762491886,0.18555983629864176,,,256.8055950012727,0.0004373884611217324,110.42640585054725,,,,30.14480690735505,0.00021869264494828387,3.4664403918559232,1251.3808670139574,0.0,-0.0,0.0,142.20692172746612
28,1,29,0.11658,4.163621827699299e-05,0.0001481715114587092,1251.406912486129,,,,0,1.0822004158383451e-13,1,2298.7187025118974,2298.7187025118974,1.5272174603123342e-13,367.7949924019036,76.317460923395,0.3334074128599633,,,346.31048894135813,2298.7186608756792,2206.769774459755,91.94874060248983,2298.7185150622445,0.00014581343460349168,0.8821532660321351,0.03884960687764601,0.03785072000405251,0.15695310907016086,115.55045931209226,0.96,766.8854889008888,736.2100693448533,30.675419556035543,0.835718222637483,0.052882970089457366,0.051879217590612786,0.156930903018907,115.43690851793276,0.96,766.2402840547785,735.5906726925874,30.649611362191134,0.7975883913425059,0.06403409538167677,0.0627060874286266,0.15690881659540634,115.32312111133312,0.96,765.5927421065774,734.9690324223142,30.623709684263165,,,,733.7670346345951,2206.769774459755,2041.261889948122,165.50784668772602,2206.769736635848,3.782390672042313e-05,0.8688077562264153,0.09592852531072571,0.09373107222866019,0.35946754686281546,183.44198012257624,0.9249999472351113,551.69282242549,510.31583163356794,41.37699079192211,0.8688077562263389,0.0959285253107257,0.0937310722286602,0.35946745642259836,183.4418694581736,0.9249999472350936,551.6926284107742,510.3156521699563,41.376976240817925,0.868807454491449,0.04319775784635933,0.0410004087398243,0.3594673382912823,183.44172491042713,0.9249999472350706,551.6923749923074,510.3154177578751,41.37695723443226,0.8688068066104591,0.043197805800213075,0.041000679372140525,0.35946712191099517,183.4414601434181,0.9249999472350284,551.6919108072764,510.31498838672263,41.376922420553704,0.8666056679728488,,,0.101,206.16745088476034,2041.261889948122,2041.2618648732123,2.5074909728132636e-05,63.27911858839178,0.13339433202715115,,,257.45669182525074,0.00029634302247832244,110.70637748485781,,,,34.83850648911851,0.0001481708814932777,3.4752297735546622,1251.4069124861292,0.0,-0.0,0.0,145.88901785763292
29,1,30,0.12222,4.163616388595699e-05,0.00020502986272651695,1233.7004271258766,,,,0,1.0822893637767075e-13,1,2298.7499818505526,2298.7499818505526,1.5272176113894202e-13,367.7999970960884,76.31849939743836,0.3334074128599669,,,346.31598970775667,2298.749940214389,2206.7998026255564,91.949991776065,2298.7497944016213,0.0001458127675248166,0.8827076180156194,0.03824372303276434,0.03768937104928007,0.15695347009445665,115.5522984758523,0.96,766.8959310484177,736.2200938064809,30.67583724193673,0.8362738494420767,0.05238071800515383,0.05182509120056005,0.15693126028445523,115.4387421039407,0.96,766.2507104935061,735.6006820737657,30.65002841974032,0.7979575849430701,0.06346430751421069,0.06309511391364651,0.15690917010105374,115.32494912796366,0.96,765.6031528596978,734.9790267453099,30.624126114387952,,,,733.7841640672294,2206.7998026255564,2041.2896689330641,165.51009482380493,2206.799763756869,3.886868683159523e-05,0.8688193090020156,0.03746105910012104,0.0374495063245206,0.3594709836141441,183.44618552056116,0.9249999490021742,551.7001942765737,510.32265157032026,41.37754270625341,0.8688193090019393,0.037461059100121034,0.037449506324520605,0.3594709246589324,183.4461133814564,0.924999949002163,551.7000678056455,510.32253458471195,41.37753322093359,0.8688191121887819,0.042176961015462984,0.04216530331813011,0.35947084757729786,183.44601906240635,0.9249999490021482,551.6999024498164,510.32238163057025,41.37752081924609,0.8688186893377992,0.04217724082477369,0.04216535809743365,0.3594707062271587,183.4458461028056,0.9249999490021211,551.6995992248336,510.32210114746175,41.37749807737184,0.8666104155891533,,,0.101,206.17025656223947,2041.2896689330641,2041.2896438581542,2.5074909728641035e-05,63.279979736924986,0.13338958441084675,,,257.46019217963055,0.000410059724612289,110.70788263724113,,,,52.57059830093648,0.00020502906351587525,3.4752764195305357,1233.7004271258763,0.0,-0.0,0.0,150.78286620332463
30,1,31,0.11102,4.161185510172241e-05,0.00022570800618945206,1245.3745182651253,,,,0,1.0822821179230526e-13,1,2308.733875394991,2308.733875394991,1.5272175911760472e-13,369.3974200631986,76.64996466311369,0.3334074128615882,,,348.07872056679867,2308.7338337831357,2216.384340737345,92.34934753072275,2308.733688268068,0.0001455150681036405,0.8836284796656155,0.038230913181639,0.03731005153164279,0.15707052851977354,116.1375553308681,0.96,770.2057239940192,739.3974950342584,30.808228959760815,0.8379630701789271,0.05267260650480189,0.05098338576795151,0.15704795426650678,116.02634655903803,0.96,769.5788094161786,738.7956570395315,30.783152376647124,0.800533146640259,0.0641919582908267,0.06161639659363783,0.1570254704436298,115.91481867689254,0.96,768.94915485787,738.1911886635552,30.757966194314818,,,,739.2649954976497,2216.384340737345,2050.1553690068467,166.22893442231188,2216.384303429159,3.7308186198927644e-05,0.8725930124826674,0.09373101273441432,0.0899573092537626,0.3605899214806611,184.81646889502713,0.9249999496183717,554.0964596478838,512.5391972580106,41.55726238987317,0.872593012482591,0.09373101273441432,0.0899573092537626,0.36058983102196385,184.816358025961,0.9249999496183547,554.0962662547183,512.5390183693329,41.557247885385415,0.8725927133771402,0.043486262195705276,0.039712661007347015,0.3605897139020166,184.81621448003835,0.9249999496183328,554.0960158619424,512.5387867560156,41.55722910592684,0.8725920745238247,0.04348632138817675,0.03971293620215119,0.3605895014536338,184.8159540966233,0.9249999496182927,554.0955616646144,512.538366623488,41.557195041126455,0.8688079281654647,,,0.101,207.0656922696915,2050.1553690068467,2050.155343931937,2.5074909816184198e-05,63.55481643921225,0.13119207183453538,,,258.5783859479859,0.00045141601136002203,111.18870595763394,,,,49.035567193032215,0.00022570696778219013,3.4903708128662236,1245.3745182651253,0.0,-0.0,0.0,138.26147901779422
31,1,32,0.10411,4.1611728298508326e-05,0.00024068306346549967,1247.4575082732526,,,,0,1.0822758232051433e-13,1,2308.735123883214,2308.735123883214,1.5272175794971326e-13,369.39761982131427,76.6500061129227,0.3334074128615967,,,348.07894187076255,2308.7350822714857,2216.3855392876494,92.34939747031878,2308.734936757968,0.0001455135174717462,0.8839760757429368,0.03779594229142369,0.03744834621410243,0.15707054349614968,116.13762885877053,0.96,770.2061381816379,739.3978926543725,30.80824552726549,0.8382949387499447,0.051809043149736896,0.0514771745787193,0.15704796918981861,116.02642032848578,0.96,769.5792255852673,738.7960565618566,30.78316902341076,0.8007358366877751,0.06280981873459095,0.0626071286870747,0.15702548531152455,115.91489268350627,0.96,768.9495729910627,738.1915900714203,30.757982919642515,,,,739.2656821105365,2216.3855392876494,2050.1564769399392,166.22902366597717,2216.3855006059166,3.868173264854745e-05,0.8725932262158146,0.0374495662199777,0.03744935248683049,0.36059000225337956,184.81656790855416,0.9249999498640993,554.0966322336498,512.5393570359922,41.557275197657525,0.8725932262157382,0.03744956621997769,0.0374493524868305,0.360589942926266,184.81649519534045,0.9249999498640882,554.0965053972568,512.5392397123289,41.557265684927785,0.8725930272809314,0.041367853590015234,0.04136753968622405,0.3605898644119299,184.8163989656609,0.9249999498640734,554.0963375401559,512.539084444511,41.557253095644974,0.8725925966552008,0.04136808869407063,0.04136756656269446,0.3605897184262547,184.816220040981,0.924999949864046,554.0960254348539,512.538795747107,41.5572296877469,0.868819421045608,,,0.101,207.06580417093386,2050.1564769399392,2050.1564518650293,2.507490981484449e-05,63.554850785138115,0.13118057895439203,,,258.57852650466685,0.0004813661257724326,111.18876639700675,,,,46.95364192816969,0.0002406818303164075,3.490372076367685,1247.4575082732529,0.0,-0.0,0.0,129.87280118632833
32,1,33,0.0968,4.157004766614883e-05,9.915641385274622e-05,1251.4072287061094,,,,0,1.082253539172029e-13,1,2308.7357047380415,2308.7357047380415,1.5272174501122135e-13,369.39771275808664,76.65002539730298,0.3334074128643766,,,348.0790449273754,2308.735663167994,2216.3860974363824,92.34942072651606,2308.735518162899,0.00014500509513290638,0.8841488353559004,0.03755122998882154,0.03737847037585796,0.1570705503518532,116.13766251737043,0.96,770.2063277826585,739.3980746713521,30.8082531113064,0.8384134838096,0.05146186484475088,0.051343319785095556,0.15704797613974109,116.02645468347613,0.96,769.5794193982222,738.7962426222932,30.783176775928943,0.8007854519892129,0.06241414716022589,0.062364531858788125,0.15702549235167573,115.91492772652882,0.96,768.9497709820181,738.1917801427373,30.757990839280712,,,,739.2659951638346,2216.3860974363824,2050.1569802918107,166.22907855951655,2216.386058851327,3.8585055339484064e-05,0.8725937005904634,0.089957249359449,0.08995677498480023,0.3605901249788217,184.8167179446846,0.9249999439873808,554.0968969909275,512.5395986801893,41.55729831073806,0.872593700590387,0.08995724935944899,0.08995677498480024,0.36059003486314734,184.81660749600624,0.924999943987363,554.0967043312371,512.5394204699767,41.55728386126036,0.8725934026539217,0.04087258544338948,0.04087221007039912,0.3605899181990891,184.81646450879305,0.9249999439873398,554.0964549132677,512.5391897583561,41.557265154911576,0.8725927663683068,0.04087279259535737,0.040872622882251346,0.3605897066392676,184.81620521435076,0.9249999439872978,554.0960026158953,512.5387713832888,41.55723123260655,0.8725931844205733,,,0.101,207.0658550094729,2050.1569802918107,2050.156955216901,2.5074909387508233e-05,63.55486638904613,0.12740681557942668,,,258.5786045160452,0.00019831282750885253,111.18879994189942,,,,43.003963863814676,9.915618532163588e-05,3.4903735702030785,1251.4072287061097,0.0,-0.0,0.0,121.1362197387514
33,1,34,0.08604,4.157004623669588e-05,0.00023425373019380936,1251.4061923670365,,,,0,1.0822730406645953e-13,1,2312.459615869108,2312.459615869108,1.5272175413058867e-13,369.9935385390572,76.77365924685438,0.3334074128643767,,,348.7401687209765,2312.4595742990614,2219.961052122224,92.49837717175929,2312.4594292939832,0.0001450050779870948,0.8845924839828901,0.037586750620631194,0.03714310199364143,0.15711921912112814,116.37489345217232,0.96,771.5405411551145,740.67891950891,30.86162164620456,0.8391284334972051,0.051642664158940955,0.05092771447133588,0.15709283188875758,116.24669302244675,0.96,770.8200544596714,739.9872522812846,30.832802178386828,0.8017518067117168,0.06275482594455153,0.061788471222047725,0.15706666627356683,116.1185822463574,0.96,770.0988336791976,739.2948803320296,30.8039533471679,,,,741.3173905085083,2219.961052122224,2053.463826077457,166.49718735839306,2219.96101343585,3.868637398048645e-05,0.8740009019232943,0.037449412529832485,0.036042211197001475,0.36100837229286104,185.32949269702877,0.9249999498411663,554.9905059349885,513.366190152188,41.62431578280058,0.8740009019232179,0.03744941252983247,0.03604221119700149,0.3610083132175269,185.32942024805462,0.9249999498411553,554.990379796709,513.3660734742796,41.62430632242951,0.874000705676828,0.04144682548558436,0.04003952246267818,0.3610082360087084,185.32932556049687,0.9249999498411409,554.9902149395886,513.3659209814434,41.62429395814514,0.8740002841444144,0.041446484618446494,0.04003896684233891,0.36100809448877424,185.32915200292808,0.9249999498411143,554.9899127645639,513.3656414695461,41.62427129501783,0.8725933381107185,,,0.101,207.39984643382314,2053.463826077457,2053.4638010025474,2.507490950382454e-05,63.65737860840117,0.1274066618892815,,,258.99566986148227,0.0004685074592901225,111.36813804043736,,,,46.051916057460836,0.0002342525391627942,3.4960027936677545,1251.4061923670367,0.0,-0.0,0.0,107.67098879125983
34,1,35,0.08438,4.157003963097929e-05,0.0001814022242518729,1251.406923299608,,,,0,1.0822813232739294e-13,1,2315.7533461599432,2315.7533461599432,1.5272175905768875e-13,370.5205353855909,76.88301109251012,0.33340741286437714,,,349.32651332487484,2315.7533045899036,2223.1230332015093,92.63012638339636,2315.753159584906,0.00014500499782932886,0.8850111355487724,0.03748484754768757,0.037066195981805335,0.15716036667740374,116.57287746560706,0.96,772.6507850622212,741.7447536597323,30.90603140248889,0.8398018958809991,0.05150057972916754,0.05082711734537355,0.1571331250393415,116.44206171433329,0.96,771.917533336123,741.040832002678,30.876701333444952,0.802667507185344,0.06258238671398862,0.06166668624036138,0.1571061608893396,116.31157414493448,0.96,771.1848411865617,740.3374475390992,30.847393647462525,,,,743.1350182152433,2223.1230332015093,2056.388657141269,166.7343385461932,2223.1229956874627,3.751404676594788e-05,0.875246041047676,0.08995671560250004,0.08871157647811842,0.36137886015093795,185.7839757684818,0.924999948779461,555.781133431785,514.097519956992,41.68361347479307,0.8752460410475995,0.08995671560250006,0.0887115764781184,0.3613787696850008,185.78386476245146,0.9249999487794439,555.7809404839226,514.0973414802195,41.68359900370299,0.8752457418037708,0.041144716838367755,0.03989968071142487,0.3613786520426607,185.78372040969688,0.9249999487794218,555.7806895735135,514.0971093880918,41.683580185421775,0.8752451009683179,0.04114733775635267,0.0399025209324492,0.3613784375969117,185.78345727461328,0.9249999487793813,555.7802321982412,514.0966863159657,41.68354588227537,0.8725938718676675,,,0.101,207.6952543712682,2056.388657141269,2056.3886320663596,2.507490961212473e-05,63.74804837137933,0.12740612813233254,,,259.3645690885857,0.0003628044478456104,111.52676470809186,,,,48.750406818450415,0.00018140154957847835,3.500982924867364,1251.4069232996083,0.0,-0.0,0.0,105.59371618802092
35,1,36,0.08311,4.15545203736765e-05,0.0003013691236947468,1250.7911037444433,,,,0,1.0822830419024358e-13,1,2315.7606231775108,2315.7606231775108,1.5272175967861455e-13,370.52169970840174,76.88325268949336,0.33340741286541226,,,349.3278104898935,2315.7605816229907,2223.1300193343836,92.63041747226606,2315.7604368066495,0.0001448163409001637,0.8851242159542981,0.037252562553146525,0.03713948214762084,0.15716045732868641,116.57331110765304,0.96,772.653213590913,741.7470850472764,30.906128543636544,0.8399077275375784,0.05109464212809362,0.050988810471514344,0.15713321473345945,116.44249408742213,0.96,771.9199589987849,741.0431606388335,30.87679835995145,0.8027283309129924,0.062005064754685826,0.06194424102703734,0.15710624963751177,116.31200529481838,0.96,771.1872642169517,740.3397736482736,30.847490568678072,,,,743.1390392476882,2223.1300193343836,2056.3951227941307,166.73485807255867,2223.1299808666895,3.8467694144894216e-05,0.8752485319872817,0.036042270710691535,0.03603977977108585,0.3613796190667715,185.78490712410107,0.9249999507417431,555.7827512701609,514.0990175480092,41.683733722151636,0.8752485319872053,0.03604227071069154,0.03603977977108584,0.36137955965366697,185.78483422129804,0.9249999507417321,555.7826245527995,514.0989003344501,41.68372421834931,0.8752483336429557,0.04030639390691157,0.040303802067726595,0.36137948127468417,185.78473804643923,0.9249999507417177,555.7824573846314,514.0987457038948,41.68371168073659,0.8752479051308737,0.04029595838077425,0.04029315421821847,0.36137933605586564,185.7845598558498,0.924999950741691,555.7821476590976,514.0984592077765,41.683688451321146,0.8740010136868085,,,0.101,207.6959074022072,2056.3951227941307,2056.395097719221,2.5074909452835388e-05,63.74824880661805,0.1259989863131916,,,259.3653806419489,0.0006027382455730266,111.52711367603801,,,,49.37255750271494,0.00030136728506297103,3.5009933027483164,1250.7911037444435,0.0,-0.0,0.0,103.95324863220068
36,1,37,0.08861,4.1540797047499906e-05,0.0002827477352740267,1249.9203461981701,,,,0,1.082285614838952e-13,1,2315.762719619386,2315.762719619386,1.5272176122367828e-13,370.52203513910183,76.88332229136363,0.3334074128663275,,,349.3281842137848,2315.7626780785895,2223.1320320916307,92.63050133715129,2315.762533428782,0.00014464980735945534,0.8850376482534011,0.03714600643178144,0.037232574132678324,0.1571604834197822,116.57343591572462,0.96,772.6539125518508,741.7477560497769,30.906156502074026,0.8398455628893063,0.0509801569352612,0.05104232158353323,0.157133240573133,116.44261864626428,0.96,771.9206577855837,741.0438314741604,30.876826311423372,0.8027108571220991,0.061882570154528874,0.06190004394542224,0.157106275235659,116.31212965179594,0.96,771.1879630913473,740.3404445676935,30.847518523653886,,,,743.140197776971,2223.1320320916307,2056.3969854263873,166.73500955015766,2223.1319949765457,3.711508481297154e-05,0.875249581012211,0.08871151696630317,0.08871046794137394,0.36137991434373257,185.78526943115185,0.9249999505531641,555.7833811181825,514.0996000525893,41.68378106559334,0.8752495810121346,0.08871151696630317,0.08871046794137392,0.36137982401881186,185.78515859798424,0.9249999505531473,555.7831884716954,514.0994218545889,41.68376661710659,0.8752492830390604,0.040145198321318326,0.04014424892521375,0.3613797070368517,185.7850150553257,0.9249999505531257,555.7829389705544,514.0991910660337,41.683747904520686,0.8752486465608699,0.04018983271260851,0.04018909128261239,0.36137949485073034,185.7847546925093,0.9249999505530865,555.782486416113,514.0987724531759,41.68371396293703,0.8752462123230054,,,0.101,207.69609552806514,2056.3969854263873,2056.3969603514784,2.507490931743416e-05,63.74830654821801,0.12475378767699469,,,259.36561461810027,0.0005654954689491277,111.5272142857831,,,,50.24497956385505,0.00028274614495268376,3.5009970916242756,1249.9203461981704,0.0,-0.0,0.0,110.75544187661986
37,1,38,0.094,4.154076972743723e-05,9.638216462755127e-05,1251.40723845988,,,,0,1.0822696687722968e-13,1,2311.909825331123,2311.909825331123,1.5272175390277705e-13,369.9055720529797,76.75540620099329,0.33340741286632936,,,348.64233929013596,2311.9097837903532,2219.4332535752424,92.47638556563518,2311.9096391408775,0.0001446494758471227,0.8854590899510257,0.03707783687720781,0.036656395179583245,0.15710493746289025,116.3056294394465,0.96,771.151430944753,740.3053737069629,30.84605723779012,0.8390663869473043,0.05091445295738722,0.05169362889938922,0.15708623167743613,116.214471216868,0.96,770.6387731006523,739.8132221766261,30.825550924026135,0.8015180370678976,0.06195893894927343,0.06315175900347493,0.15706741023723098,116.12223863382147,0.96,770.1194350954723,739.3146576916535,30.80477740381893,,,,741.0142773708751,2219.4332535752424,2052.975597528855,166.4576158823549,2219.433213411209,4.016403314084694e-05,0.8737931056942912,0.03603983912872351,0.03749631444664314,0.3609465794966497,185.25371410026048,0.9249999437349764,554.858555454878,513.2441325766324,41.614422878245605,0.8737931056942149,0.03603983912872351,0.03749631444664314,0.3609465205431761,185.25364180727271,0.9249999437349646,554.8584295532781,513.2440161176531,41.61441343562501,0.8737929098159863,0.04044707396824058,0.041903447191314586,0.36094644349363225,185.25354732359153,0.9249999437349494,554.8582650055031,513.243863910962,41.61440109454107,0.8737924890744965,0.04026104004821183,0.041717197534585165,0.360946302265666,185.2533741397503,0.9249999437349213,554.8579633975503,513.243584923607,41.614378473943226,0.8752486439049734,,,0.101,207.35053535041436,2052.975597528855,2052.9755724539455,2.5074909203904717e-05,63.642243523394505,0.12475135609502667,,,258.9341082277023,0.00019276432906931208,111.34166653791199,,,,45.60020269803899,9.6381961004202e-05,3.4951716102789887,1251.4072384598803,0.0,-0.0,0.0,117.63228041522873
38,1,39,0.10181,4.15407576550942e-05,0.00014116616025770706,1251.4070584097626,,,,0,1.0822826056929529e-13,1,2316.3092715845655,2316.3092715845655,1.5272175946618925e-13,370.60948345353046,76.90146781660758,0.33340741286633013,,,349.4255337772043,2316.309230043808,2223.656721978699,92.65236341577919,2316.309085394478,0.00014464932975884992,0.8903190164695365,0.03806870022814689,0.03320877370963616,0.15716083431817823,116.57511435766594,0.96,772.6633121813272,741.7567796940741,30.906532487253166,0.8463529221386471,0.050402063315497944,0.04311552812415516,0.15714002094944074,116.47527147699877,0.96,772.1038030634952,741.2196509409555,30.88415212253981,0.8065581311262966,0.06006477899634153,0.05502468493794262,0.15711927170578793,116.37514794253961,0.96,771.5419701496555,740.6802913436693,30.861678805986212,,,,743.442098836056,2223.656721978699,2056.882315566995,166.77436852082164,2223.6566840878168,3.789088226534533e-05,0.8754561552181155,0.08871040863584329,0.08704735911201916,0.36144142284873837,185.86074660981535,0.9249999472876549,555.9145566164311,514.2209355666388,41.69362104979232,0.8754561552180391,0.0887104086358433,0.08704735911201915,0.36144133254905564,185.86063579764414,0.9249999472876377,555.9143640594914,514.2207574514703,41.69360660802121,0.8754558556243347,0.0374486156892121,0.035785669880863714,0.3614412145241686,185.8604909622299,0.9249999472876151,555.9141123806664,514.2205246485578,41.693587732108625,0.8754552120793143,0.03826963556154811,0.036606912556730244,0.3614409981742722,185.86022546636667,0.9249999472875737,555.9136510312278,514.2200979003284,41.69355313089947,0.8752497522354332,,,0.101,207.74511387226653,2056.882315566995,2056.8822904920858,2.507490933363514e-05,63.76335178257685,0.1247502477645668,,,259.42683644315025,0.0002823323201168564,111.5535396705546,,,,49.206111574244524,0.00014116575547014484,3.5018233781398034,1251.4070584097628,0.0,-0.0,0.0,127.40575261669792
39,1,40,0.10382,4.155681241247531e-05,8.026289099631419e-05,1251.4072691714823,,,,0,1.0822896600626285e-13,1,2321.049723750734,2321.049723750734,1.527217614143382e-13,371.3679558001174,77.05885082852436,0.3334074128652594,,,350.27244836390787,2321.0496821939214,2228.20755585575,92.84198149398962,2321.0495373497392,0.00014484418194412,0.8958937890958057,0.039079492071908264,0.03350471944563905,0.15721724736407938,116.8428588996167,0.96,774.1600453801652,743.1936435649586,30.96640181520661,0.863079635750749,0.06350150672500109,0.046774793112899234,0.15719920040551205,116.75765257232153,0.96,773.6843091383206,742.7369367727877,30.947372365532882,0.8265398008651831,0.07781482068672012,0.057833150947833624,0.15718113418604934,116.67193689196962,0.96,773.2051828312535,742.2769755180034,30.928207313250127,,,,746.0642525946053,2228.20755585575,2061.0918250646205,167.11569428321823,2228.207519347839,3.6507910665345536e-05,0.8987169246983876,0.03749637411605746,0.014235604635785354,0.36212276233186813,186.6972757512572,0.9249999415374288,557.3659721448424,515.5634916489314,41.80248049591105,0.8987169246983111,0.037496374116057454,0.014235604635785363,0.3620168130141664,186.56713940091896,0.9249999415162642,557.1404704403207,515.3549025736404,41.785567866680154,0.8948067354204371,0.05395222426383235,0.03460134446773003,0.3619338599136034,186.4652631179009,0.924999941499843,556.9638635996622,515.191541247214,41.77232235244815,0.8880396174816233,0.05121024121176261,0.03862583580945364,0.36182743139150453,186.3345743245282,0.9249999414787586,556.7372131630136,514.9818895948348,41.75532356817888,0.8737932172480992,,,0.101,208.17027433152668,2061.0918250646205,2061.091799989711,2.5074909652442138e-05,63.89384657700324,0.12620678275190075,,,259.95777891684077,0.00016052578186378578,111.78184493424153,,,,53.099946907230255,8.026276974005029e-05,3.5802802022987588,1251.4072691714825,0.0,-0.0,0.0,129.9211026853833
40,1,41,0.12198,4.1538481536295194e-05,0.00015786499207609634,1251.4067076751135,,,,0,1.0822904952868559e-13,1,2322.886836923918,2322.886836923918,1.5272176346785146e-13,371.6618939078269,77.11984298587407,0.33340741286648196,,,350.60156667631855,2322.8867953854365,2229.9711847331523,92.91546603054812,2322.8866507637003,0.00014462173585754522,0.866370041900683,0.029180930147909914,0.05870467734303263,0.1572433460791268,116.96535700035626,0.96,774.843047927237,743.8493260101475,30.993721917089477,0.8229976412835457,1.780274144138993e-05,0.04009979720864462,0.15722239031531207,116.86706523571232,0.96,774.2950990826185,743.3232951193138,30.971803963304794,0.7951505250991083,1.009333493275147e-05,0.031399369101007525,0.15720162930029088,116.76914444024999,0.96,773.7485037538451,742.7985636036913,30.949940150153846,,,,747.0821569268657,2229.9711847331523,2062.723197647699,167.24795182223957,2229.9711494699386,3.526321404784638e-05,0.9021779595848558,0.08704730005817715,0.0835862651717089,0.362365531354147,186.99554269147984,0.9249999481896316,557.8824068119426,516.0411973969539,41.84120941498872,0.9021779595847793,0.08704730005817714,0.08358626517170892,0.36223417761439514,186.83414808215116,0.9249999481648987,557.6030275237042,515.782771556017,41.820255967687224,0.8872697703861551,7.790361710830662e-06,0.007544755395992863,0.36213114664062335,186.70757540603879,0.9249999481459181,557.3838115120797,515.5799967460479,41.80381476603181,0.8804158059656544,4.367791101597204e-06,0.007628179307070537,0.3619986974757188,186.54489074719584,0.9249999481210427,557.1019036222123,515.3192319486805,41.78267167353181,0.8754563258257655,,,0.101,208.33504296241765,2062.723197647699,2062.7231725727897,2.5074909520009966e-05,63.944419127078675,0.12454367417423462,,,260.16351972939293,0.0003157299836537655,111.87031348363897,,,,54.61253248546401,0.00015786453599628373,3.572041495521445,1251.4067076751137,0.0,-0.0,0.0,152.64659020221035
41,1,42,3.78877,4.112981430034015e-05,3.69934331678281e-05,8.053997359030723e-06,,,,0,1.082164059357713e-13,1,94.3241424264196,94.32414242641951,1.5272137253952937e-13,15.091862788227134,3.1315615285571305,0.33340741289373854,,,21.897666640403312,94.32410129660522,90.55100305304802,3.7729584605436695,94.3239615135917,0.0001397830135190703,0.2369833478808248,0.02077904509419587,0.650165739114054,0.2418185539870122,21.890663245081928,0.96,94.29704147040644,90.52515981159019,3.7718816588162594,4.473632025626059e-05,9.13184486866252e-06,0.822962036808158,0.27099438281253374,0.004401671686117018,0.96,0.016919445434447934,0.016242667617070015,0.0006767778173779186,2.502811419907695e-05,4.842871056028401e-06,0.7951303398559653,0.2709966798254496,0.002601723635267486,0.96,0.010000597750801128,0.009600573840769082,0.0004000239100320457,,,,17.072259906353576,90.55100305304802,82.71500359937245,7.8359673318496315,90.55097093122207,3.2121825946112075e-05,0.08704862305956586,7.840392633760499e-07,0.8151301205645534,0.20639983747689042,8.534611703256793,0.9134642129414505,45.267121445167305,41.349895463034805,3.9172259821324986,0.08704862305948927,7.84039263352893e-07,0.8151301205645534,0.20639924787768185,8.534309695523877,0.9134616414812468,45.26577634374147,41.348550361877074,3.917225981864397,1.9825672080341498e-05,4.251355856477758e-06,0.8872541960699312,0.20189768210351428,0.002153018922544832,0.917782444788398,0.01161921445277357,0.010663911046987355,0.0009553034057862144,1.112504628901566e-05,2.3914722246078274e-06,0.88040707239159,0.20113948477828414,0.0011854886503597174,0.9132211485697718,0.0064539278605229775,0.0058938634135732556,0.0005600644469497222,0.9129519159025595,,,0.101,8.354215363536618,82.71500359937245,82.71497852437231,2.5075000133971616e-05,2.564165111580546,0.08704808409744054,,,11.609024119033835,7.398686630828591e-05,4.991880371184549,,,,47.32424483659573,3.699340426371363e-05,0.1741281968374245,8.053997360099259e-06,0.0,0.0,0.0,3.0514743573974833e-05
42,1,43,5.01894,4.02110229087404e-05,5.2906243040703534e-05,5.513187106482664e-06,,,,0,1.0821365660206561e-13,1,61.283596283612894,61.28359628361282,1.5272094286123383e-13,9.805375405378063,2.034615396615948,0.3334074129550185,,,14.800075059114915,61.28355607258991,58.83208930957641,2.45133705456569,61.2834263641421,0.00012970844781379318,0.15108141772921946,0.029707887903816295,0.11560981805542164,0.25155793308366015,14.7945504580864,0.96,61.262190667552765,58.81170304085065,2.4504876267021163,3.410166272805273e-05,6.213090948470042e-06,1.6847748476677904e-05,0.27099546207085434,0.003555962331471219,0.96,0.013668595777619972,0.013121851946515174,0.0005467438311047995,1.7236294479937538e-05,3.081094530995143e-06,1.087291425013456e-05,0.2709974877362159,0.0019686386970445176,0.96,0.007567100811714732,0.0072644167792461425,0.0003026840324685893,,,,11.234156411619834,58.83208930957641,54.41945482741473,4.412601488486406,58.83205631590114,3.29936752695252e-05,0.04760847956242485,1.722808748032423e-05,0.039457371584621426,0.20646765965998934,5.664229220855609,0.9249988573099245,29.658391170188487,27.433977942075103,2.224413228113385,0.04760847956234788,1.7228087480230845e-05,0.03945737158462152,0.2064073909948251,5.566570120811356,0.9249988372386052,29.155550970768328,26.96885074701159,2.186700223756737,1.9574808727168606e-05,5.953362020876125e-06,6.204225374049064e-06,0.20216774823969152,0.0021719237316392697,0.9193377658612621,0.011685777035569014,0.010743176152232857,0.0009426008833361569,1.0847941489419735e-05,3.1675054985457404e-06,3.444610298141844e-06,0.20145399304167055,0.001185146221229618,0.915152151330647,0.006428397908756474,0.005882962175807914,0.000545435732948561,0.9999819878732562,,,0.101,5.496364937568889,54.41945482741473,54.41942976630383,2.506111090499708e-05,1.6870030996498566,1.8012126743700265e-05,,,6.864036808861331,0.00010581248602542566,2.9515358278103725,,,,31.530749613845703,5.290615429611847e-05,0.09524738187498932,5.513187111213587e-06,0.0,0.0,0.0,2.7670355296210104e-05
43,1,44,2.52611,4.0636871065048015e-05,3.227970075045179e-05,1.4321079771722692e-05,,,,0,1.0821281023858312e-13,1,51.044214396884996,51.044214396884925,1.5272081721717386e-13,8.1670743035016,1.694667917976582,0.3334074129266161,,,12.47998470006937,51.04417376001386,49.00227793401967,2.041761580584157,51.044039514603824,0.00013424541003635775,0.1322778654460942,0.04280777457168147,0.06161132685480672,0.2546788543604233,12.477648354845813,0.96,51.0350590443478,48.993656682573885,2.041402361773916,1.5032079398320786e-05,2.830345582245532e-06,2.189992891197748e-05,0.2709980798930588,0.001504619163395104,0.96,0.005783478721159422,0.005552139572313045,0.00023133914884637671,7.798484723211843e-06,1.4826019229621403e-06,1.092041167968784e-05,0.2709989386012532,0.0008317260601599984,0.96,0.0031969915348689067,0.0030691118734741504,0.00012787966139475647,,,,9.330721547047894,49.00227793401967,45.32669173464253,3.6755538737675666,49.00224560841009,3.2325609576650346e-05,0.04082493339033637,0.040805705159587514,0.04758925133167602,0.205856686531784,4.664463943702022,0.9249975520283723,24.496056713535832,22.65879249436882,1.8372642191670128,0.04082493339025931,0.040805705159587494,0.04758925133167604,0.2058555894010774,4.663937346838841,0.9249933139045127,24.493533983081285,22.656355168243156,1.8371788148381287,1.4414047991516261e-05,3.96465442706929e-06,9.125415162721645e-06,0.20130624785685786,0.0015261856810410371,0.9142509017478072,0.008292485544504787,0.007581412386794158,0.0007110731577106292,7.633489057486634e-06,2.0675001536642044e-06,5.281952585597341e-06,0.20038834958748195,0.0007940708259895942,0.9083614067161883,0.004362426248472439,0.003962659643758048,0.00039976660471439105,0.9591770667529321,,,0.101,4.577995865198895,45.32669173464253,45.32666665954034,2.5075102196257956e-05,1.4051274437739185,0.04082293324706784,,,5.717413491934715,6.4559401480064e-05,2.458487801531927,,,,26.388784630338723,3.22796612752408e-05,0.08167191431764469,1.4321079774363324e-05,0.0,0.0,0.0,3.617662282214641e-05
44,1,45,0.75581,4.622817805264645e-05,3.3154977218496595e-05,223.04345525623555,,,,0,1.0821464802118438e-13,1,549.316513660545,549.316513660545,1.5272095920993703e-13,87.8906421856872,18.23730825353009,0.33340741255369655,,,84.76858193356378,549.3164674323668,527.3435940840698,21.972649753502917,549.3162438375728,0.00022359479415013807,0.6530878828418789,0.5456006358110421,0.0247906184152574,0.16074525410635168,84.76710248601242,0.96,549.3105571326926,527.3381348473848,21.97242228530771,9.496718993934553e-06,2.355828918601864e-06,7.891189322988098e-06,0.2709987811792217,0.0009550838120067888,0.96,0.003671156624805829,0.0035243103598135957,0.0001468462649922333,4.9088255048735795e-06,1.2376484170324579e-06,4.127307635370721e-06,0.27099933083895017,0.0005243637393507674,0.96,0.0020155482554124328,0.0019349263251959355,8.06219302164974e-05,,,,120.75565281666117,527.3435940840698,481.708458575613,45.63509738612452,527.3435559617376,3.8122332152172545e-05,0.5070403194332133,0.46623390842709095,1.852238421406518e-05,0.25068405287794543,60.376802437077,0.9134627197317153,263.66505488775033,240.84819813597645,22.816856751773894,0.5070403194331362,0.46623390842709095,1.852238421405437e-05,0.2506830709965201,60.37581562678714,0.9134617373500314,263.66206176196346,240.84520501037446,22.81685675158902,1.777881878910093e-05,6.640073262292878e-06,3.2753024647082003e-06,0.20184675019892714,0.001956750682915634,0.9174858353256666,0.010566091431880142,0.009694239223505909,0.0008718522083742341,9.900961861751746e-06,3.92821389595955e-06,1.6607410916944392e-06,0.2010751542764494,0.0010780021141153886,0.9128194582131841,0.005873220591821142,0.005361190038592686,0.0005120305532284562,0.49296038641332146,,,0.101,48.65255431613692,481.708458575613,481.7084335006934,2.5074919653580056e-05,14.932962215844004,0.5070396135866785,,,67.60785656505745,6.630995441500813e-05,29.071378322974706,,,,31.133433275058078,3.315494192174343e-05,1.0141083186470004,223.04345525623552,0.0,0.0,0.0,168.57847391721538
45,1,46,0.154,4.635307974040857e-05,2.2017283110748515e-05,227.78409797613241,,,,0,1.0821497126878927e-13,1,559.195935517278,559.195935517278,1.5272098018060985e-13,89.47134968276448,18.56530505917363,0.33340741254536604,,,85.9373363474515,559.1958891641982,536.8278361121138,22.367826504671484,559.1956626167853,0.00022654741298956668,0.7384017736724947,0.12426544507019432,0.03895155423957845,0.16008261365498686,85.93603344879536,0.96,559.1906545334771,536.823028352138,22.36762618133915,8.446575684700843e-06,2.9580069156599108e-06,4.008150224893624e-06,0.27099894072862024,0.0008300590299399233,0.96,0.003190583773240452,0.003062960422310834,0.00012762335092961804,4.600090983328173e-06,1.6770975688328406e-06,1.9858320903782483e-06,0.2709993965909439,0.00047283962621397197,0.96,0.001817499535062361,0.0017447995536598662,7.269998140249455e-05,,,,123.57133947252342,536.8278361121138,490.37138818851923,46.45641233588544,536.8278005244046,3.5587709248446875e-05,0.5161693780401798,0.04993501008089208,0.04080595147392549,0.2519965250442664,61.784671785181494,0.9134613877649126,268.40833470694383,245.18064990907408,23.227684797869763,0.516169378040103,0.04993501008089212,0.04080595147392545,0.25199646263853054,61.78460886691451,0.9134613268412237,268.4081457455675,245.18046094773862,23.22768479782885,1.2834095002479483e-05,3.0346795134299663e-06,7.979403300051416e-06,0.2005916295032053,0.0013196748624599007,0.9097128549943686,0.007231856603186601,0.0065789129173947575,0.0006529436857918443,7.225368483359298e-06,1.6322630960409487e-06,4.307856474433392e-06,0.19985448028165456,0.0007391455649482974,0.9046536267356649,0.004088215290076814,0.003698418789044064,0.0003897965010327501,0.483831081492017,,,0.101,49.52751020704044,490.37138818851923,490.37136311359984,2.5074919393319974e-05,15.201513033844096,0.5161689185079831,,,68.82434585626545,4.403456621180181e-05,29.594468718194147,,,,31.252154102732398,2.2017267604332075e-05,1.0323588155437686,227.78409797613241,0.0,0.0,0.0,35.07875108832439
46,1,47,0.12052,4.3440554079458514e-05,0.00020792413993823581,1030.0103629073974,,,,0,1.0821686337853683e-13,1,1999.900986103361,1999.9009861033608,1.5272163489233982e-13,319.98415777653776,66.39671273863158,0.33340741273962077,,,299.29287867292066,1999.9009426628068,1919.9047411475453,79.9960308811478,1999.9007720286932,0.00017063411357669738,0.8187828896670205,0.12402565726624137,0.043644541271715624,0.15587783674879757,99.88775580418304,0.96,667.5082731407579,640.8079422151276,26.70033092563037,0.7407016489802926,0.7406949643698779,1.761965269966522e-06,0.15588932071338474,99.76432125545978,0.96,666.6342986092342,639.9689266648649,26.665371944369394,0.6945136095161126,0.6945099580025561,9.485774268345411e-07,0.15590119901911317,99.64080161327783,0.96,665.7582002787009,639.1278722675529,26.630328011148034,,,,582.0406097534287,1919.9047411475453,1775.9117194643288,143.99298187003726,1919.9047013343659,3.9813179433078435e-05,0.755869305766107,0.2397002301135462,3.023876189562407e-07,0.3277421380686675,145.5104775296992,0.9249999326686443,479.97684012811123,443.97854480101154,35.9982953270997,0.7558693057660304,0.23970023011354627,3.0238761887492615e-07,0.32774200238580115,145.5103190242212,0.9249999326686003,479.9765159931384,443.97824497616233,35.99827101697606,0.7558687634999354,0.7558584991067397,2.5697018068813866e-06,0.32774182043348454,145.51010646656266,0.9249999326685412,479.97608132407237,443.9778429072772,35.99823841679516,0.7558675834487287,0.755861855066135,1.496985889646691e-06,0.32774147825581135,145.5097067329457,0.9249999326684301,479.97526388904384,443.9770867798775,35.998177109166356,0.7103647598055618,,,0.101,179.3670836658972,1775.9117194643288,1775.911690962547,2.8501781780891648e-05,55.05326330339419,0.28963524019443826,,,223.98912450670048,0.0004158482790118226,96.31532353788121,,,,30.690832957268263,0.00020792273173641469,3.0234749584808016,1030.0103629073974,0.0,0.0,0.0,124.13684893759954
47,1,48,0.11633,4.344050468718074e-05,0.00021541318678690074,1035.6764809330014,,,,0,1.0821382894332158e-13,1,1999.9123691392151,1999.9123691392151,1.5272158715890567e-13,319.98597906227445,66.39709065542195,0.3334074127396241,,,299.2944849516267,1999.9123256987104,1919.9156688627443,79.99648620261449,1999.9121550653588,0.0001706333515015326,0.8497996702300951,0.07248795748909338,0.04147117692601883,0.15587778768592758,99.88829217718171,0.96,667.5120675989297,640.8115848949724,26.700482703957213,0.800570538743278,0.05987223206972371,3.3423067382920805e-06,0.15588927006696657,99.76485667981963,0.96,666.6380929457358,639.9725692279063,26.6655237178295,0.7441723026098578,0.04966051886126589,1.8257675206622896e-06,0.1559011467850227,99.64133609462537,0.96,665.7619945206934,639.1315147398656,26.63047978082778,,,,582.0459453992133,1919.9156688627443,1775.9218114977048,143.99381609447883,1919.9156275921837,4.127056076588643e-05,0.7558740392761067,0.04993100826953614,0.04992627475953637,0.32774336483339245,145.51191049012994,0.9249999249837798,479.97977423722944,443.98125516316884,35.998519074060646,0.7558740392760303,0.04993100826953617,0.049926274759536336,0.3277431782958126,145.5116925755187,0.9249999249837125,479.97932861664793,443.98084296413197,35.99848565251593,0.7558734107603224,1.092473356947918e-05,6.2774731823877505e-06,0.32774294207058635,145.51141661550668,0.9249999249836273,479.9787642965404,443.98032096803394,35.99844332850645,0.7558720842304949,7.86991427319496e-06,3.3691325070363897e-06,0.32774252185602404,145.51092571805802,0.9249999249834756,479.97776044176584,443.97939240237,35.99836803939581,0.7103687616169176,,,0.101,179.3681029612682,1775.9218114977048,1775.9217800654799,3.143222493414896e-05,55.053576156428846,0.2896312383830823,,,223.99041844038385,0.00043082637264574465,96.31587992936505,,,,25.032698618666423,0.0002154113335777538,3.0234935735429547,1035.6764809330014,0.0,0.0,0.0,120.48024502693605
48,1,49,0.1121,4.2899021655480154e-05,0.00022354145221792292,1124.1735256505674,,,,0,1.082166824963468e-13,1,2128.0308925664535,2128.0308925664535,1.52721689990054e-13,340.4849428106326,70.65062563320627,0.33340741277573893,,,318.1939124993464,2128.030849667432,2042.9094596106581,85.12122748377755,2128.0306870944355,0.00016257299640988794,0.8565262006601141,0.05167228408524898,0.04494575365522993,0.1557610813702088,106.19056678307409,0.96,710.1592564678305,681.7528862091173,28.406370258713192,0.8000622635202453,0.0720907178751995,0.07259899309823213,0.15575516524125246,106.064709931152,0.96,709.344519482349,680.970738703055,28.373780779294044,0.7492094510637408,0.09150385341749252,0.08646670496360949,0.1557495472280656,105.93863578512031,0.96,708.5269111442562,680.1858346984859,28.341076445770312,,,,644.2482159691621,2042.9094596106581,1889.6910958214462,153.2183259848259,2042.909421806272,3.780438626980846e-05,0.8042966347496137,0.19419239506861266,0.14576979959510583,0.3409281367726469,161.062462587819,0.9249999415788204,510.728137083368,472.42349696477515,38.30464011859282,0.8042966347495372,0.1941923950686127,0.1457697995951058,0.34092795712832813,161.06224866794716,0.924999941578775,510.727727861064,472.42311843414467,38.30460942691933,0.8042960179007579,0.11006562729889316,0.06164302015845769,0.34092773356661693,161.0619824514651,0.9249999415787185,510.7272185964079,472.4226473643387,38.30457123206924,0.8042947319559852,0.1100662300969093,0.061643582371418947,0.3409273471111844,161.06152226193075,0.9249999415786208,510.7263382654321,472.4218330581876,38.30450520724452,0.7558765966618511,,,0.101,190.85880067796606,1889.6910958214462,1889.6910691644398,2.665700640705544e-05,58.58042397046483,0.24412340333814883,,,238.3396608290179,0.0004470829034364303,102.48605415647769,,,,29.128074120262823,0.00022353973717689903,3.2171840193558943,1124.1735256505674,0.0,-0.0,0.0,126.01985222542861
49,1,50,0.1119,4.289904886712264e-05,0.00022394098209601912,1126.4888142144011,,,,0,1.0821531729895532e-13,1,2128.0251094606424,2128.0251094606424,1.5272168080963817e-13,340.48401751370284,70.65043363409333,0.3334074127757372,,,318.1930199531503,2128.0250665615936,2042.9039078286778,85.1209961595283,2128.0249039882065,0.00016257338721205442,0.8607946702042276,0.046706084362170545,0.042437614818057044,0.15576106699795325,106.19026873511892,0.96,710.157328771549,681.751035620687,28.406293150861966,0.8013310182639426,0.05906799004936112,0.05779923530566386,0.1557551516196787,106.06441241555032,0.96,709.3425917791991,680.968888108031,28.373703671168006,0.7504709852652569,0.07227351282258096,0.07101197862106488,0.1557495343598462,105.93833880248107,0.96,708.5249834374583,680.18398409996,28.340999337498328,,,,644.245303106834,2042.9039078286778,1889.6859401223724,153.21792524126886,2042.903865363641,4.2465036902718316e-05,0.8042934823597021,0.049933177628979,0.04993633001889048,0.3409273204586766,161.06149022680756,0.9249999337516965,510.7262809303319,472.4217760258074,38.30450490452453,0.8042934823596257,0.049933177628978996,0.04993633001889048,0.34092725280156166,161.06140966102484,0.9249999337516772,510.72612680982974,472.42163346434313,38.30449334548656,0.8042932394522418,0.05503464669661766,0.05503742514513377,0.34092716268957085,161.06130235609106,0.9249999337516515,510.7259215378629,472.4214435877743,38.30447795008855,0.8042927111271821,0.055035375796072344,0.05503739662487542,0.3409269934806217,161.06110086291054,0.9249999337516032,510.72553608561657,472.4210870444474,38.30444904116921,0.7558744273024082,,,0.101,190.8582799523596,1889.6859401223724,1889.6859103152435,2.9807128749880363e-05,58.580264143793535,0.24412557269759166,,,238.3390365720118,0.000447881963189047,102.48578572596506,,,,26.80846062088805,0.00022393911195132282,3.217172915298752,1126.4888142144014,0.0,-0.0,0.0,126.05409831059148
50,1,51,0.11243,4.233751301269557e-05,0.00022288311050981495,1232.2965433593408,,,,0,1.0821495619417288e-13,1,2264.348337470134,2264.348337470134,1.527216817704942e-13,362.29573399522144,75.17636480400846,0.33340741281318953,,,340.3474201825065,2264.3482951326214,2173.7742147260915,90.57392561358726,2264.348140339679,0.0001547929424252572,0.8724370100596629,0.04911490159194308,0.037472561736507815,0.15659133622338003,113.57698334037161,0.96,755.5293958147967,725.3082199822047,30.22117583259189,0.8240313602388359,0.07201818776769968,0.04931784579280632,0.1565697385129663,113.44924154623544,0.96,754.783743012652,724.592393292146,30.19134972050613,0.7853271933094909,0.09220132764086113,0.05734511959662723,0.15654831875213043,113.32119529589946,0.96,754.0350015122301,723.8736014517409,30.16140006048925,,,,715.1093702917774,2173.7742147260915,2010.7410005396846,163.03317710417096,2173.7741776438556,3.708223605573199e-05,0.8558178203536104,0.14576981934745717,0.09424548135354884,0.3556449737553157,178.77768149700012,0.9249999476575073,543.444149039393,502.68580941621707,40.75833962317589,0.855817820353534,0.14576981934745714,0.09424548135354885,0.35564483133640046,178.77750820416136,0.9249999476574784,543.4438398913942,502.68552345431874,40.75831643707551,0.8558173469589018,0.08691766561988507,0.03539355811322508,0.35564464955137315,178.77728701138045,0.9249999476574416,543.4434452913815,502.6851584493076,40.758286842073915,0.8558163454358878,0.08691752723453902,0.035393892925833344,0.35564432621306435,178.7768935792354,0.9249999476573761,543.4427434216869,502.6845092198413,40.758234201845625,0.8042970030235639,,,0.101,203.0848410545082,2010.7410005396846,2010.7409750476797,2.5492004839845324e-05,62.33297101673023,0.19570299697643614,,,253.60720762951226,0.00044576622002609224,109.05109928069028,,,,26.245756818781736,0.00022288121826408616,3.423269333101934,1232.296543359341,0.0,-0.0,0.0,138.5471003698907
51,1,52,0.11364,4.233755178985763e-05,0.00022051005457988278,1231.5104077570847,,,,0,1.0821548474568647e-13,1,2264.3401542865327,2264.3401542865327,1.5272168018679687e-13,362.29442468584523,75.17609312231288,0.3334074128131869,,,340.34601950924326,2264.340111948981,2173.7663588692994,90.5735982862209,2264.33995715552,0.0001547934607813071,0.8773854275835289,0.04338163655468214,0.038433219030816125,0.15659125672852112,113.57651561730562,0.96,755.52666800717,725.3056012868832,30.221066720286817,0.8288183091718212,0.05831578365045324,0.05352883471746806,0.1565696599925261,113.44877465400612,0.96,754.7810152803412,724.5897746691276,30.191240611213654,0.788247376196083,0.06907203355153359,0.06615185066494143,0.1565482412104456,113.32072923793154,0.96,754.0322738680089,723.8709829132885,30.161290954720435,,,,715.104959899172,2173.7663588692994,2010.7337216856529,163.03259525377433,2173.7663169394273,4.192987188663266e-05,0.8558139219032316,0.04993656247762985,0.04994046092800867,0.35564388466528624,178.77635610688475,0.9249999441139227,543.4417864112511,502.68362205957754,40.75816435167354,0.8558139219031552,0.04993656247762984,0.049940460928008676,0.3556438373856466,178.77629857793625,0.9249999441139125,543.4416837812495,502.6835271268263,40.75815665442322,0.855813761353428,0.04719948292441367,0.04720306852988749,0.35564377510080164,178.77622279095124,0.9249999441138991,543.441548579398,502.6834020651139,40.7581465142841,0.8558134146642034,0.04720009945247546,0.04720303022415999,0.35564365974099005,178.77608242339974,0.9249999441138742,543.4412981675289,502.6831704341354,40.758127733393444,0.8042936181749131,,,0.101,203.08410589025095,2010.7337216856529,2010.7336946801818,2.7005471090334436e-05,62.332745372255246,0.195706381825087,,,253.60630481289013,0.00044102010818727183,109.05071106954276,,,,27.025339071744146,0.00022050825585511835,3.423255019824018,1231.5104077570847,0.0,-0.0,0.0,139.94884273751512
52,1,53,0.11658,4.1755965408606914e-05,0.0001444448236102596,1251.4069490563695,,,,0,1.0821775966173443e-13,1,2293.9868349313774,2293.9868349313774,1.5272170890653328e-13,367.03789358902037,76.16036291972173,0.3334074128519766,,,345.4799096290644,2293.986793175412,2202.2271800473773,91.75946583530742,2293.9866458826846,0.0001472927271229015,0.8805483843895956,0.040790081004366346,0.03762712419829971,0.15689904503599555,115.27250274998062,0.96,765.304362883118,734.6921883677933,30.61217451532473,0.8338418352272154,0.05613547657473464,0.051111950519340324,0.15687745485956914,115.16004763704456,0.96,764.6629852749539,734.0764658639557,30.586519410998196,0.7957387555712747,0.0687005496252859,0.06120917025009412,0.1568559846167413,115.04735924203928,0.96,764.0192977246128,733.4585258156283,30.56077190898449,,,,731.1790733148339,2202.2271800473773,2037.0599905331694,165.1671525340213,2202.227143067191,3.6980186306968505e-05,0.8670197404059441,0.09424534135676157,0.08303952285404902,0.3589386812681959,182.7951004580806,0.9249999469610276,550.5573694441067,509.2655375348017,41.29183190930509,0.8670197404058677,0.09424534135676157,0.08303952285404903,0.35893854092254035,182.79492886140565,0.9249999469610001,550.5570678838775,509.26525859159034,41.2918092922871,0.8670192814250434,0.05014764599780086,0.03894212592618546,0.3589383642064917,182.79471279572678,0.9249999469609654,550.5566881745243,509.26490736043974,41.291780814084575,0.8670183159347785,0.05014748055212733,0.038942579281552175,0.3589380521061129,182.79433119962087,0.9249999469609042,550.5560175646825,509.2642870463379,41.29173051834456,0.8558180961656087,,,0.101,205.7430590438501,2037.0599905331694,2037.0599654582584,2.5074910993797723e-05,63.148859706528256,0.14418190383439142,,,256.9267221803916,0.00028888964680323306,110.47849053756839,,,,30.995526265849314,0.00014444415068273078,3.4680770781716337,1251.4069490563697,0.0,-0.0,0.0,145.88902212099157
53,1,54,0.12222,4.175601063032429e-05,0.00020503022590031243,1230.5033953728857,,,,0,1.0822890178420018e-13,1,2293.9897220401085,2293.9897220401085,1.5272175939336833e-13,367.0383555264173,76.1604587717316,0.33340741285197356,,,345.480415452637,2293.9896802840976,2202.229951671176,91.75958131963246,2293.989532990808,0.00014729328981904978,0.882165270504563,0.03920300070138843,0.03758611458642101,0.15689907762421587,115.27267184785389,0.96,765.3053265835621,734.6931135202196,30.61221306334248,0.8354501888321053,0.0534785331542525,0.05187017954936262,0.15687748710772467,115.16021624472995,0.96,764.6639476439817,734.0773897382225,30.586557905759335,0.7967582176110105,0.06445909966399366,0.06343963762425786,0.15685601652462186,115.04752736005314,0.96,764.0202587632643,733.4594484127337,30.56081035053064,,,,731.180651017403,2202.229951671176,2037.0625557698277,165.16735590978408,2202.2299116796116,3.999156426590538e-05,0.8670200613459886,0.04994064600657742,0.049940325066532815,0.3589388286859168,182.795280822679,0.92499994890008,550.5576854104672,509.2658308712285,41.2918545392387,0.8670200613459123,0.04994064600657741,0.04994032506653282,0.35893878104228477,182.7952225701372,0.9249999489000709,550.5575830388192,509.2657361774543,41.29184686136494,0.8670199008009754,0.042977123784136276,0.04297650440820428,0.35893871796624893,182.79514544883114,0.9249999489000587,550.5574475076138,509.2656108110895,41.29183669652428,0.8670195533288261,0.042977672043630795,0.04297643464958322,0.358938600785935,182.7950021757556,0.9249999489000361,550.5571957227113,509.2653779100552,41.291817812656156,0.8558140126366611,,,0.101,205.7433181327526,2037.0625557698277,2037.0625306949166,2.5074910994606168e-05,63.148939228864656,0.14418598736333899,,,256.9270440519026,0.00041006045095987704,110.47862894231811,,,,51.90160432058362,0.00020502941637987252,3.4680795768217028,1230.5033953728862,0.0,-0.0,0.0,150.3921249824741
54,1,55,0.11102,4.163163005595048e-05,0.00013653192327205675,1251.407043873375,,,,0,1.0822731658241761e-13,1,2312.4990256624346,2312.4990256624346,1.527217542215425e-13,369.99984410598955,76.77496765199284,0.3334074128602693,,,348.7471306638444,2312.498984030805,2219.998884742681,92.49995353094506,2312.4988382736265,0.00014575717845924914,0.8839383176556265,0.03872790062797086,0.036954853476907384,0.15711686628950475,116.36350224494969,0.96,771.4765726185368,740.6175097137954,30.859062904741474,0.8385692083568034,0.053438085575137406,0.050319066050439384,0.15709333183409077,116.24913116953437,0.96,770.8337684005174,740.0004176644967,30.833350736020723,0.8014762490875289,0.06529045218949169,0.06057242071297335,0.15706990570021867,116.13449724936038,0.96,770.188497254572,739.3809573643891,30.80753989018286,,,,741.3391178630147,2219.998884742681,2053.498816427994,166.50003131298445,2219.9988477409784,3.70017027958969e-05,0.87401648436657,0.08303934220064915,0.0760429191800679,0.3610129600514053,185.33511887675547,0.9249999469674082,555.0003028598242,513.3752507122329,41.625052147591376,0.8740164843664936,0.08303934220064917,0.07604291918006789,0.3610128183540309,185.33494510037633,0.9249999469673809,555.0000003102485,513.3749708538763,41.625029456372225,0.8740160211382092,0.045156701144711923,0.03816058080747807,0.3610126381622765,185.33472411488972,0.9249999469673462,554.999615568008,513.374614967305,41.62500060070303,0.8740150412537501,0.04515656144537007,0.03816107352044606,0.36101231661380884,185.33432977099318,0.9249999469672843,554.9989290028976,513.3739798945799,41.62494910831781,0.8670200117927734,,,0.101,207.4033804592274,2053.498816427994,2053.4987913530836,2.5074910187993853e-05,63.65846330926781,0.13297998820722656,,,259.0000885521727,0.00027306384617129415,111.37003807743427,,,,46.08299470848105,0.0001365315189510985,3.496064031125023,1251.4070438733752,0.0,-0.0,0.0,138.93121001082207
55,1,56,0.10411,4.1631630400585156e-05,0.00024066797932830583,1249.4602741411109,,,,0,1.0822790453269255e-13,1,2312.5048448014504,2312.5048448014504,1.5272175816842834e-13,370.0007751682321,76.77516084740816,0.33340741286026926,,,348.74816524535703,2312.50480316982,2220.0044711161318,92.50018629650545,2312.5046574126377,0.0001457571826841061,0.8845699286573103,0.03785255742845673,0.03722094642677288,0.15711693770771124,116.36384812910177,0.96,771.4785151113264,740.6193745068733,30.85914060445305,0.8391950131437946,0.05182677064468732,0.051200965857696096,0.15709340255416693,116.24947603018236,0.96,770.8357081154508,740.0022797908327,30.83342832461801,0.8018697617852457,0.06274968711772666,0.06235617442000978,0.15706997572137837,116.13484108607291,0.96,770.1904341858606,739.3828168184261,30.807617367434393,,,,741.3423284888955,2220.0044711161318,2053.503987882646,166.50044347856792,2220.004431361214,3.9754917701754086e-05,0.8740179023479946,0.04994050620384975,0.04993908822242512,0.36101343434352245,185.3357007387716,0.9249999499431465,555.0013143546319,513.376187996415,41.625126358216924,0.8740179023479182,0.04994050620384976,0.04993908822242511,0.36101338646117015,185.3356420162426,0.9249999499431375,555.0012121172923,513.3760934268761,41.62511869041631,0.8740177423781271,0.041145021325195395,0.041143300085277466,0.36101332329105307,185.33556454492899,0.9249999499431257,555.001077237833,513.3759686633763,41.62510857445668,0.8740173968957621,0.041145515718775304,0.04114316007676333,0.3610132063985594,185.33542118895232,0.9249999499431039,555.0008276514566,513.3757377959786,41.62508985547801,0.8670201515955012,,,0.101,207.40390277614728,2053.503987882646,2053.503962807736,2.5074910188213577e-05,63.65862362436203,0.13297984840449892,,,259.0007362365318,0.0004813359574981901,111.37031658170868,,,,48.0348443732259,0.00024066677409979284,3.4960709439698023,1249.460274141111,0.0,-0.0,0.0,130.08130914083105
56,1,57,0.0968,4.155434571924168e-05,0.00025809067637338817,1251.322137653902,,,,0,1.0822749288293611e-13,1,2313.015841740544,2313.015841740544,1.5272175634391161e-13,370.08253467848704,76.79212594578605,0.3334074128654239,,,348.83903375281676,2313.0158001861982,2220.4950291570995,92.52062621487933,2313.015655371979,0.00014481421955781412,0.8846828811865007,0.03738273437440746,0.037269781845217,0.15712320315428785,116.39416449465472,0.96,771.6487375195298,740.7827880187486,30.865949500781227,0.8392781584087929,0.05122301234685852,0.05113986708186022,0.1570996200000009,116.27976691110668,0.96,771.0060482582259,740.1658063278968,30.840241930329114,0.8019679259126891,0.062143124502237954,0.06204496037479463,0.1570761440790758,116.16510234705534,0.96,770.3608695942229,739.546434810454,30.81443478376898,,,,741.6241310591538,2220.4950291570995,2053.9577578282792,166.53723504339067,2220.4949928716696,3.628542981520178e-05,0.8742118384936851,0.07604273816546474,0.07584880201977429,0.36107106471595257,185.40638115979738,0.9249999502012397,555.1243546258645,513.4900003844199,41.63435424144454,0.8742118384936087,0.07604273816546475,0.07584880201977427,0.3610709216568383,185.40620569847337,0.9249999502012131,555.1240492223628,513.4897178861814,41.63433133618145,0.8742113660280726,0.04053103962713644,0.04033741597719105,0.3610707362485846,185.40597829618568,0.9249999502011785,555.1236534114541,513.4893517610914,41.63430165036282,0.8742103566973367,0.0405310998039536,0.040338140002378946,0.3610704000126757,185.40556590469734,0.9249999502011159,555.1229356119882,513.4886877965863,41.634247815401864,0.8740167556306856,,,0.101,207.4497335406562,2053.9577578282792,2053.95773275337,2.507490936560479e-05,63.67269049267666,0.1259832443693145,,,259.05796417295505,0.0005161813514145603,111.39492459437068,,,,46.591534970752626,0.00025808924737145375,3.496845399712703,1251.3221376539022,0.0,-0.0,0.0,121.12798292489771
57,1,58,0.08604,4.155433318775111e-05,0.00029117425767872276,1250.2688368541546,,,,0,1.0822779612628014e-13,1,2312.9988543695144,2312.9988543695144,1.5272175730967068e-13,370.0798166991223,76.79156196506787,0.33340741286542475,,,348.8360123625765,2312.9988128151813,2220.4787212810693,92.51994672004464,2312.998668001114,0.00014481406736466045,0.8847010718200332,0.037298023493195734,0.0372798328596632,0.15712299407806696,116.39315372735767,0.96,771.6430633073975,740.7773407751015,30.865722532295944,0.8392955797869526,0.05118662904917385,0.05116920767101416,0.15709941309739708,116.27875978690153,0.96,771.0003858274299,740.1603703943327,30.840015433097193,0.8019799344215506,0.062148590736230885,0.062136582227369376,0.1570759393467314,116.16409884831732,0.96,770.3552188662868,739.5410101116353,30.814208754651503,,,,741.6147604640047,2220.4787212810693,2053.942670914096,166.5360108599473,2220.4786817740437,3.950702559924849e-05,0.8742046165607507,0.04993926924977672,0.04994649118271116,0.3610689678180732,185.40380935322943,0.9249999505841443,555.1198779867525,513.4858597060224,41.63401828073016,0.8742046165606743,0.049939269249776715,0.04994649118271117,0.3610689198703907,185.40375054580105,0.9249999505841354,555.1197756271032,513.4857650233467,41.63401060375641,0.8742044559939285,0.04058221248166303,0.04058912251580712,0.36106885637522673,185.40367266952393,0.9249999505841237,555.1196400763633,513.4856396389125,41.634000437450766,0.874204108374748,0.040581957144522895,0.04058820546711156,0.36106873833600966,185.40352789545028,0.9249999505841018,555.1193880838246,513.4854065458146,41.633981538009984,0.8740179925847585,,,0.101,207.44820976232373,2053.942670914096,2053.9426458391868,2.507490936495344e-05,63.67222279833698,0.12598200741524146,,,259.05606371626027,0.0005823485136617966,111.39410739799192,,,,47.631019257521444,0.0002911724785534988,3.4968177974901016,1250.2688368541549,0.0,-0.0,0.0,107.57313072293147
58,1,59,0.08438,4.1552192706929235e-05,8.208368332652783e-05,1251.4072759836808,,,,0,1.0822746385997145e-13,1,2312.9940727051057,2312.9940727051057,1.5272175641298594e-13,370.0790516328169,76.79140321380952,0.3334074128655675,,,348.83516190163107,2312.994031152913,2220.4741309102446,92.51975545459361,2312.993886364838,0.00014478807506962773,0.8847109727350055,0.03728357783056994,0.037273676915597714,0.1571229351055098,116.39286861684815,0.96,771.6414627495333,740.7758042395519,30.865658509981323,0.8392942149772645,0.051167776688661175,0.05116914149834929,0.15709935486086352,116.27847630231452,0.96,770.9987919567536,740.1588402784835,30.839951678270186,0.8019736634745195,0.06212261126519973,0.06212888221223083,0.1570758818431233,116.16381698246839,0.96,770.3536316585513,739.5394863922093,30.814145266342095,,,,741.6121134519501,2220.4741309102446,2053.9384063912025,166.53568650736344,2220.4740928985652,3.801167945934396e-05,0.8742035733348539,0.07584862098832619,0.07584966421422293,0.36106860333474694,185.4033617346331,0.9249999416611749,555.1191034896561,513.4851383429357,41.63396514672043,0.8742035733347775,0.07584862098832619,0.07584966421422293,0.3610684626786474,185.4031892212179,0.9249999416611466,555.1188032138958,513.4848605878592,41.63394262603662,0.8742031166790736,0.04053371143184061,0.04053505074669546,0.3610682859422202,185.40297245566225,0.924999941661111,555.1184259128709,513.4845115844133,41.63391432845749,0.8742021569626097,0.04053692185590176,0.040538873268039996,0.3610679741457976,185.40259004043685,0.9249999416610483,555.117760282143,513.4838958759941,41.63386440614891,0.8742121097618971,,,0.101,207.44777904551145,2053.9384063912025,2053.938381316293,2.5074909344039783e-05,63.67209059812727,0.1257878902381029,,,259.05554660073875,0.00016416736651830104,111.39388503831765,,,,46.48802466646154,8.208353845939284e-05,3.496812420311315,1251.407275983681,0.0,-0.0,0.0,105.59374594750298
59,1,60,0.08311,4.1552275601200564e-05,0.00030147041920403333,1249.437711477371,,,,0,1.0822803630074123e-13,1,2313.007739301076,2313.007739301076,1.527217586295238e-13,370.0812382881722,76.79185694479573,0.33340741286556197,,,348.83759264318724,2313.0076977488006,2220.4872508413305,92.52030211838884,2313.007552959719,0.00014478908154870327,0.8847938158805044,0.03729116687861424,0.03720832373311525,0.15712310331789228,116.39368184875798,0.96,771.6460280674829,740.7801869447835,30.865841122699337,0.8393720283722935,0.05116694040353355,0.05108912700850445,0.1570995213140365,116.27928655248806,0.96,771.0033475110682,740.1632136106255,30.840133900442734,0.8020191673430839,0.06210786221002445,0.06206235834146009,0.15707604653520985,116.16462424194121,0.96,770.3581773811679,739.5438502859212,30.814327095246767,,,,741.6196609754601,2220.4872508413305,2053.9505609794355,166.53665035222198,2220.4872113316574,3.9509673076056686e-05,0.8742079705877552,0.04994667221427887,0.0499422749613775,0.3610699653717835,185.4050328519904,0.9249999506854587,555.1220075396369,513.4878295985769,41.634177941059974,0.8742079705876789,0.04994667221427887,0.0499422749613775,0.361069917632854,185.4049743005106,0.9249999506854499,555.1219056259453,513.4877353284123,41.634170297532954,0.8742078117079212,0.040518429066808095,0.040513734037960575,0.3610698550314664,185.4048975203303,0.9249999506854383,555.1217719836599,513.4876117092986,41.634160274361356,0.8742074697740505,0.04050504672922902,0.04049973391778824,0.3610697398920487,185.40475630262878,0.924999950685417,555.1215261824154,513.4873843431477,41.6341418392677,0.8742047067973949,,,0.101,207.449006658923,2053.9505609794355,2053.950535904526,2.5074909345244504e-05,63.67246739036249,0.12579529320260505,,,259.057058607469,0.0006029408365903784,111.39453520121167,,,,48.46945321145496,0.00030146854503810557,3.4968312226574056,1249.4377114773713,0.0,-0.0,0.0,103.84076820088431
60,1,61,0.08861,4.1552284131296315e-05,0.0001314965925798015,1251.4071436428933,,,,0,1.0822802753442657e-13,1,2315.3627554704476,2315.3627554704476,1.5272175902549727e-13,370.4580408752716,76.87004348161886,0.33340741286556136,,,349.2568393567809,2315.3627139181635,2222.7480663638185,92.61450276515926,2315.362569128978,0.0001447891852746224,0.8850232401502127,0.03733214632053814,0.03710272205082991,0.1571514656785035,116.53024479151091,0.96,772.4119602328884,741.5154818235727,30.896478409315616,0.8398285481145277,0.051279647095418275,0.05082312735318422,0.1571283642726132,116.41909640664191,0.96,771.7886751487621,740.9171281428115,30.87154700595052,0.8026977985698455,0.06227975866393408,0.06160112743717251,0.15710532200010666,116.3074981586281,0.96,771.1619337473276,740.3154563974344,30.846477349893117,,,,742.9193129540296,2222.7480663638185,2056.0418087729668,166.70622056388333,2222.7480293368503,3.702696842676811e-05,0.8750988433648501,0.07584948373896694,0.07495861096187204,0.3613350094009269,185.7301703911839,0.9249999467490247,555.6876021726769,514.0110024188193,41.676599753857545,0.8750988433647737,0.07584948373896694,0.07495861096187204,0.36133486759632155,185.72999640132315,0.9249999467489974,555.6872996884707,514.0107226209295,41.67657706754114,0.8750983782192858,0.04065290958217475,0.039762343070810016,0.3613346858848338,185.7297734470064,0.9249999467489625,555.6869120784803,514.0103640816897,41.67654799679058,0.8750973901841093,0.04071084735590582,0.03982092694584715,0.3613343592810479,185.72937271451605,0.9249999467488996,555.6862153972224,514.0097196515284,41.67649574569407,0.8742038440467541,,,0.101,207.6602226860697,2056.0418087729668,2056.0417836980573,2.5074909417907734e-05,63.73729607196198,0.1257961559532458,,,259.3208269832047,0.0002629931848137759,111.50795560277803,,,,48.42962584376429,0.00013149623571285244,3.500393455133019,1251.4071436428933,0.0,-0.0,0.0,110.88718699819677
61,1,62,0.094,4.155223898432639e-05,0.0002665602013763888,1248.6034902222655,,,,0,1.08228829334175e-13,1,2315.371156772802,2315.371156772802,1.5272176081133682e-13,370.45938508364827,76.870322404857,0.3334074128655644,,,349.2583364240312,2315.371115220563,2222.7561316146484,92.61483881727705,2315.370970431926,0.00014478863711196588,0.885752893767257,0.037230305038613194,0.03650065142156895,0.15715157000406307,116.5307450909039,0.96,772.4147636594851,741.5181731131056,30.896590546379425,0.8396635203457802,0.05118220270704759,0.05134723047579501,0.1571284676546166,116.4195954396915,0.96,771.7914756408718,740.9198166152369,30.87165902563485,0.8023803463131135,0.06232568665906949,0.06264313891580135,0.15710542442933204,116.30799589343577,0.96,771.1647311315687,740.318141886306,30.846589245262766,,,,742.9239549288428,2222.7561316146484,2056.04927475221,166.7068172412142,2222.7560919934244,3.9621224032308566e-05,0.8751012317751133,0.04994245549791734,0.0499400670876541,0.3613357725198232,185.7311069521675,0.9249999503581756,555.6892285249868,514.0125088001856,41.676719724801146,0.875101231775037,0.04994245549791734,0.049940067087654104,0.3613357247018402,185.73104828091317,0.9249999503581667,555.6891265244261,514.0124144496672,41.6767120747589,0.8751010724330011,0.04115490051803277,0.04115220630431754,0.36133566178443266,185.73097108311623,0.9249999503581551,555.6889923152528,514.0122903061821,41.67670200907075,0.8751007288343214,0.04091502638412485,0.04091168773391264,0.36133554566876375,185.730828612646,0.9249999503581335,555.6887446287587,514.0120611961753,41.67668343258341,0.8742080607631157,,,0.101,207.66097674997323,2056.04927475221,2056.0492496773004,2.507490941770896e-05,63.737527517318505,0.12579193923688428,,,259.32176230686383,0.0005331204013316907,111.50835779195145,,,,51.24057756118459,0.0002665588154130287,3.500404264817473,1248.6034902222655,0.0,-0.0,0.0,117.36872808089295
62,1,63,0.10181,4.154241762851817e-05,0.00024606287162245544,1250.5718558134595,,,,0,1.0822871460309944e-13,1,2317.241224870083,2317.241224870083,1.5272176155153768e-13,370.7585959792133,76.93240866568676,0.33340741286621944,,,349.5917936914056,2317.2411833276656,2224.551397111878,92.68964154632829,2317.2410386582064,0.00014466945909994477,0.8903423557647201,0.037932114496857586,0.0333426524993945,0.1571728549360459,116.63251373529026,0.96,772.984634384481,742.0652490091018,30.919385375379278,0.8463928641210885,0.05021533058973749,0.043485986814429244,0.15715152786078726,116.53054298249029,0.96,772.4136311354066,741.5170858899903,30.896545245416295,0.8067098121565306,0.05984576005229535,0.05551629420887828,0.15713036199677205,116.42873697362504,0.96,771.8427731383185,740.9690622127858,30.873710925532713,,,,743.9570890999773,2224.551397111878,2057.7098978394306,166.84146301853428,2224.551360857965,3.625391337330138e-05,0.8758089331752772,0.07495843086510691,0.0742507294649431,0.36154646660446677,185.98966221972347,0.9249999501229517,556.1385174987556,514.4281009478012,41.71041655095441,0.8758089331752008,0.07495843086510691,0.0742507294649431,0.36154631359202466,185.98947442010248,0.9249999501229232,556.1381913150692,514.4277992278918,41.710392087177375,0.875808417934086,0.03671784227637133,0.036010496775286366,0.36154610434693285,185.98921760348043,0.9249999501228845,556.1377452574044,514.4273866245525,41.71035863285194,0.8758072851479126,0.03778153644801834,0.037074980134427206,0.3615457110217491,185.988734856671,0.9249999501228114,556.1369067867358,514.4266110391852,41.71029574755055,0.8750991136369758,,,0.101,207.8286996817825,2057.7098978394306,2057.709872764521,2.5074909378603806e-05,63.78900683302234,0.12490088636302424,,,259.5312074361031,0.0004921257420339723,111.59841919752435,,,,50.806464848319486,0.000246061680516515,3.503233569432477,1250.5718558134597,0.0,-0.0,0.0,127.32072064036831
63,1,64,0.10382,4.1542392138206926e-05,8.782361948645705e-05,1251.4072513650956,,,,0,1.0822847543899174e-13,1,2317.226010356997,2317.226010356997,1.5272176085917584e-13,370.75616165711955,76.9319035438523,0.3334074128662211,,,349.5890785124031,2317.225968814605,2224.536791179637,92.68903296581824,2317.225824145455,0.00014466914996646142,0.8951328937067834,0.038883257070790066,0.034092719128726724,0.15717266407178648,116.63160383794013,0.96,772.97954269373,742.0603609859808,30.919181707749207,0.8614831996902309,0.0627708862169855,0.04768055064784305,0.15715133914119414,116.52963794506339,0.96,772.4085597326565,741.5122173433502,30.89634238930625,0.8242964451408406,0.07670505504744568,0.059118422063135785,0.15713017539917232,116.42783672939954,0.96,771.8377217190687,740.9642128503059,30.873508868762798,,,,743.9486709196161,2224.536791179637,2057.6963707797327,166.8403840835487,2224.5367548632807,3.631635608286299e-05,0.9015931265826168,0.04994024723243866,0.024156053825099052,0.36154600786232083,185.9890986934092,0.9249999426988103,556.1375425752797,514.4271950147909,41.71034756048888,0.9015931265825404,0.04994024723243866,0.02415605382509905,0.3615450446318154,185.98791647521023,0.9249999426986185,556.1354892070178,514.4252956491596,41.710193557858226,0.8956736513198639,0.05389934800864675,0.034034114622868906,0.3615440929959406,185.98674848930395,0.9249999426987332,556.1334605496537,514.4234191412779,41.710041408375794,0.8869088843566915,0.05037184455884189,0.03927024535006294,0.3615425928225485,185.98490726169274,0.9249999426987198,556.1302625313297,514.4204609745038,41.709801556825816,0.8751013219024545,,,0.101,207.827333448753,2057.6963707797327,2057.696345704823,2.507490937788956e-05,63.78858749417171,0.12489867809754557,,,259.5295199830247,0.00017564723881865435,111.59769359270064,,,,49.958094986534824,8.782346517470169e-05,3.5857687888417127,1251.4072513650958,0.0,-0.0,0.0,129.9211008367242
64,1,65,0.12198,4.153459338011068e-05,7.989998517982879e-05,1251.4072586668717,,,,0,1.0822607210663164e-13,1,2310.2375893686885,2310.2375893686885,1.527217485894832e-13,369.6380142989902,76.69988796704047,0.3334074128667413,,,348.34534117120944,2310.237547834095,2217.8279071291013,92.40949613037928,2310.2374032594807,0.00014457461465204062,0.8638043765547406,0.02872363058192619,0.06005214773396895,0.15708195791075935,116.19357339219201,0.96,770.5211591032997,739.7003127391678,30.820846364131988,0.8198916785694877,1.6509553821489537e-05,0.04160803067456462,0.1570659823429727,116.11522016310902,0.96,770.0798895616726,739.2766939792058,30.803195582466916,0.7914172484266409,9.320244503531061e-06,0.03288851695870325,0.15705001855106898,116.0365476159084,0.96,769.6363545945081,738.8509004107277,30.78545418378038,,,,740.0929910152464,2217.8279071291013,2051.4906499071244,166.3372207177889,2217.8278706249134,3.6504187636471364e-05,0.8980399136580589,0.07425054767959681,0.07780376060415464,0.3608995238854079,185.19601294688215,0.9249999412225347,554.75805691746,513.151170041378,41.60688687608199,0.8980399136579825,0.07425054767959678,0.07780376060415466,0.360799079198765,185.07285798089887,0.9249999412021798,554.5434831688962,512.952689325281,41.5907938436152,0.8843743748581964,2.7879335877905604e-06,0.011302064395255268,0.3607195790912631,184.9753959426103,0.9249999411866203,554.3736057736451,512.7955527360363,41.57805303760881,0.8764219125594708,1.5832716478260247e-06,0.01048855506886855,0.36061623865999065,184.84872414485508,0.924999941165832,554.1527247649124,512.5912378044294,41.56148696048292,0.8758092050879644,,,0.101,207.20055564061957,2051.4906499071244,2051.4906248322154,2.5074909100814103e-05,63.59621014712086,0.12419079491203547,,,258.7468199618585,0.00015979997023197743,111.26113258359915,,,,44.23186886015909,7.989984091343199e-05,3.5568761147337087,1251.407258666872,0.0,-0.0,0.0,152.64665741218502
65,1,66,3.78877,4.099211412540697e-05,2.8965085238176456e-05,8.571224226441849e-06,,,,0,1.0821602335877553e-13,1,80.44606452423524,80.44606452423517,1.527211623282402e-13,12.871370323877638,2.67080934220461,0.33340741290292264,,,18.986809539840568,80.44602353212103,77.2280499143574,3.2178354130982347,80.44588532745561,0.00013820466542529734,0.2038088383224413,0.02021377767622317,0.6802093159085225,0.24584599399639173,18.98031368160209,0.96,80.42091621510156,77.20407956649748,3.216836648604072,4.160201907334049e-05,8.583575955580467e-06,0.81985866012637,0.27099478055184545,0.004090002550604134,0.96,0.015721407308547368,0.015092551016205472,0.0006288562923418951,2.319460393721025e-05,4.555218238120653e-06,0.7913986090409417,0.27099692978236417,0.002405855687872929,0.96,0.009247705045515704,0.008877796843695076,0.0003699082018206278,,,,14.500172462584684,77.2280499143574,70.54472800473843,6.683291683232636,77.22801968797107,3.0226386321220878e-05,0.07425109277195834,2.9221689070720237e-07,0.8237891131029913,0.20554633825614838,7.249546751567278,0.9134613554766845,38.61098949583959,35.26964680116566,3.3413426946739264,0.07425109277188174,2.922168906845176e-07,0.8237891131029914,0.2055461880752271,7.249478068551099,0.9134606643048786,38.61068111642433,35.269338421872796,3.3413426945515323,7.202577136011254e-06,1.6271875132447696e-06,0.8843687994685736,0.20007272684523367,0.0007320310371100185,0.9061980364984656,0.004037555329291075,0.003658824711657417,0.00037873061763365806,4.0877595086310575e-06,9.21390993439848e-07,0.8764187461909556,0.19943378463542105,0.0004156114291976391,0.9015525055616986,0.0023115203778615273,0.0020839569883178083,0.000227563389543719,0.9257491601035125,,,0.101,7.1250175284785815,70.54472800473843,70.54470292972142,2.507501700276718e-05,2.186886568146891,0.07425083989648751,,,9.901223389848473,5.7930170459573387e-05,4.257526057634843,,,,40.61207785493541,2.8965064588288942e-05,0.14851347588048475,8.571224224020156e-06,0.0,0.0,0.0,3.2474397212416084e-05
66,1,67,5.01894,4.0211041290846486e-05,5.304509462598965e-05,5.5116836678446175e-06,,,,0,1.0821348062488823e-13,1,58.33784145925583,58.337841459255756,1.5272091195306817e-13,9.334054633480932,1.9368163364472935,0.33340741295501736,,,14.13870020431447,58.33780124821446,56.00416467821668,2.3335068615923653,58.337671539809044,0.00012970840541592126,0.1433095096126436,0.030338456157336716,0.0908377848671344,0.252451505118669,14.13337318720081,0.96,58.31719533518752,55.98450752178002,2.3326878134075044,3.2782758317666946e-05,6.313303774909718e-06,1.5132564530583259e-05,0.27099562882952005,0.003425289601645028,0.96,0.013166300936751129,0.012639648899281083,0.0005266520374700449,1.6582549514732835e-05,3.1152637609817822e-06,9.727318183459196e-06,0.2709975731247476,0.0019017275120156048,0.96,0.007309903684774681,0.007017507537383693,0.0002923961473909872,,,,10.685450567618851,56.00416467821668,51.803631182825534,4.200500524079301,56.00413170690483,3.297131185372768e-05,0.04532046208312702,1.6489649320558812e-05,0.02894712033815195,0.20629840494314958,5.389429689005289,0.9249988011103528,28.242671230627046,26.124437028483868,2.1182342021431775,0.04532046208305013,1.648964932048726e-05,0.02894712033815202,0.20623981886164888,5.293916738586149,0.9249987794098189,27.750028168851976,25.66874218477617,2.0812859840758065,1.2523800177069499e-05,6.987010736375443e-06,1.6657876953172932e-06,0.20162300375535816,0.0013684141593158902,0.9161666508709716,0.007408034558632142,0.006786994211118371,0.0006210403475137716,6.823397800612853e-06,3.6975058718642684e-06,9.61867579882652e-07,0.20074510657198366,0.0007357258680976813,0.9107174079240339,0.0040242728671774745,0.0036649753543748923,0.00035929751280258237,0.9999832181337888,,,0.101,5.232166749465379,51.803631182825534,51.80360612272958,2.5060095948473132e-05,1.6059125666675915,1.6781866211266026e-05,,,6.534105628120911,0.00010609018919570367,2.8096654200919917,,,,30.056471144998962,5.304500103777819e-05,0.09066027136415482,5.511683665790845e-06,0.0,0.0,0.0,2.7662809627892063e-05
67,1,68,2.52611,4.06216265120705e-05,3.2366870588265305e-05,1.4303988713672588e-05,,,,0,1.0821266041154672e-13,1,49.2309597903426,49.23095979034253,1.5272079632274558e-13,7.876953566454818,1.6344678650393745,0.3334074129276328,,,12.06305310187683,49.23091916871602,47.26155368616021,1.9692314035900076,49.23078508975023,0.00013407896578922934,0.12760651854052646,0.041715089589195266,0.05741808066131241,0.2552374152633709,12.06070956176556,0.96,49.22177696352057,47.252905884979754,1.9688710785408214,1.5080046909682044e-05,2.8341284890571095e-06,2.053683989704201e-05,0.2709980730723259,0.0015099639570360648,0.96,0.005804023268803047,0.005571862338050924,0.00023216093075212237,7.80944429182698e-06,1.4848159831651026e-06,1.0257921206070954e-05,0.27099893624027066,0.00083357615423493,0.96,0.0032041029608502474,0.0030759388424162373,0.0001281641184340101,,,,8.994847931713391,47.26155368616021,43.71653210848678,3.5449892759370885,47.26152138442387,3.230173633714533e-05,0.03937613615019306,0.03935762010850059,0.04530194604143453,0.20575557729937285,4.496735846693717,0.9249974854131796,23.626816486483314,21.854745838315722,1.7720706481675939,0.03937613615011623,0.03935762010850061,0.04530194604143452,0.20575447425062535,4.496212313812846,0.9249932034869631,23.624301740498005,21.85231854708589,1.7719831934121164,1.1854657108199527e-05,2.816983320791812e-06,3.4861263896618142e-06,0.20095429163258482,0.0012350486698061887,0.9120567154259694,0.006738526511313185,0.0061459183567191406,0.0005926081545940447,6.448490957504561e-06,1.5833994483668697e-06,1.9583062914752422e-06,0.20010885387936592,0.0006647225370225367,0.9064500056850586,0.0036646309312406496,0.003321804728456738,0.00034282620278391153,0.9606258902421789,,,0.101,4.415369742957164,43.71653210848678,43.71650703337722,2.5075109558751736e-05,1.3552124953630902,0.03937410975782115,,,5.514318677999657,6.473374115557832e-05,2.3711570315398522,,,,25.473353573170527,3.236682947290467e-05,0.07877057544837499,1.4303988710042835e-05,0.0,0.0,0.0,3.613344892949546e-05
68,1,69,0.75581,4.6180374731584774e-05,3.315429055520509e-05,226.5872984010966,,,,0,1.0821366951363117e-13,1,545.515767754036,545.515767754036,1.5272083693987582e-13,87.28252284064577,18.111123489433997,0.33340741255688483,,,84.32206581244155,545.5157215736613,523.6948791290706,21.820619963711348,545.5154990927819,0.00022248087935745046,0.65048962020606,0.5469364310519527,0.024053329386419096,0.16101258872706267,84.3205933155732,0.96,545.5098391050575,523.6894455408551,21.820393564202373,9.45106376372159e-06,2.3245627927950085e-06,7.95354593875546e-06,0.27099878686078843,0.0009506316706365131,0.96,0.0036540433817085177,0.003507881646440177,0.0001461617352683408,4.883895700150704e-06,1.2222213197024337e-06,4.147769911378709e-06,0.2709993340274399,0.0005218651977131864,0.96,0.002005944342638838,0.0019257065689332845,8.023777370555352e-05,,,,119.6806976053435,523.6948791290706,478.37550451675213,45.31933650401779,523.6948410207699,3.8108300701499415e-05,0.5035332205659955,0.46417488886356306,1.7804447760616583e-05,0.2501833908216433,59.839496369893595,0.9134627954007997,261.8415672330282,239.18252995680834,22.659037276219845,0.5035332205659188,0.46417488886356306,1.780444776058218e-05,0.250182362654894,59.83846430872848,0.9134617568845177,261.8384249584046,239.1793876823792,22.659037276025387,1.605181425275038e-05,6.749319981399829e-06,2.552162836849061e-06,0.2017237674384509,0.0017625106753318524,0.9167634592461654,0.009530537421184223,0.008737248454719838,0.0007932889664643856,8.967616216663197e-06,3.8843565685919105e-06,1.3652313094334215e-06,0.20092589020932727,0.0009744160460816862,0.9118771941250341,0.005318291915945354,0.004849629109850035,0.00046866280609531843,0.4964674910279364,,,0.101,48.31592595619197,478.37550451675213,478.37547944183234,2.5074919757337526e-05,14.829640640019315,0.5035325089720637,,,67.14006583132448,6.630858108842605e-05,28.870228307469528,,,,25.73149043575215,3.315424784789565e-05,1.0070914605623835,226.5872984010966,0.0,0.0,0.0,171.2569460045328
69,1,70,0.154,4.625822004633431e-05,2.181178359073943e-05,227.78409825057594,,,,0,1.0821422418049247e-13,1,551.688689125195,551.6886891251949,1.5272089729365935e-13,88.2701902600312,18.31606447895647,0.33340741255169287,,,85.04802212553885,551.6886428669749,529.6208818249027,22.067536742704274,551.688418567607,0.00022429936795232655,0.736600506436587,0.12429468794272541,0.03818380171219836,0.16058184802991657,85.04674056191298,0.96,551.6834924921789,529.6161527924917,22.06733969968715,8.309262972088952e-06,2.8881795798030832e-06,4.029980371435723e-06,0.27099895816535896,0.0008163953931044133,0.96,0.0031380632367530737,0.003012540707282951,0.0001255225294701229,4.527260010082997e-06,1.6380781606043955e-06,1.994713850672103e-06,0.27099940638071657,0.0004651682327631416,0.96,0.0017880121913657625,0.001716491703711132,7.152048765463048e-05,,,,121.4293565981226,529.6208818249027,483.7881064336365,45.83273987102181,529.6208463046582,3.552024443542011e-05,0.5092403723077609,0.04506501911528057,0.039357867373515154,0.25099802009208616,60.71375246324738,0.9134613820522466,264.8052482656884,241.88936805546402,22.91588021022442,0.5092403723076843,0.045065019115280575,0.03935786737351515,0.2509979588365878,60.71369085310841,0.9134613211274435,264.8050618374963,241.88918162731372,22.91588021018256,1.1962595721373332e-05,2.6212171389792214e-06,6.710435670356265e-06,0.20045858792528198,0.001224173771010899,0.9088308452846161,0.006719475039038362,0.0061068661795981175,0.0006126088594402439,6.757098677467665e-06,1.4526704290427327e-06,3.663187968238245e-06,0.19974812490539023,0.0006891079957968861,0.9038857613497719,0.0038167264345270644,0.00344988467913483,0.00036684175539223457,0.4907600920211564,,,0.101,48.862598749797286,483.7881064336365,483.78808135871685,2.5074919589746023e-05,14.997431299442729,0.5092399079788437,,,67.90038346711032,4.362356717196378e-05,29.197164890857437,,,,27.55594465823367,2.1811766330491796e-05,1.018499464309844,227.78409825057594,0.0,0.0,0.0,35.07875113058869
70,1,71,0.12052,4.3452575932340105e-05,0.0002079241384867723,1031.5728366909013,,,,0,1.0821497319002019e-13,1,1997.0925902083557,1997.0925902083554,1.527216156183641e-13,319.5348144333369,66.30347399491741,0.3334074127388189,,,298.89695166318654,1997.0925467557795,1917.2086808985878,79.88369503744123,1997.0923759360294,0.00017081975020024617,0.8183175118377983,0.12546786663287166,0.04375086123166038,0.15589012596521032,99.75581852792828,0.96,666.5740393943821,639.9110778186068,26.662961575775302,0.7399786208140839,0.739972048430695,1.7368795831036468e-06,0.1559020259157563,99.63235039737826,0.96,665.6982019379475,639.0702738604296,26.627928077517897,0.6936386294259392,0.6936350378260764,9.356601472782702e-07,0.15591432422569632,99.50878273787998,0.96,664.8201346036996,638.2273292195516,26.592805384148033,,,,580.7231795449027,1917.2086808985878,1773.4178637410907,143.7907773080762,1917.208641049167,3.984942077741706e-05,0.7548078402542288,0.2455677632200589,2.9527359099632004e-07,0.32746014088085035,145.181113554471,0.9249999325951201,479.30281288276564,443.3550696092097,35.947743273555965,0.7548078402541523,0.24556776322005894,2.9527359095411387e-07,0.3274600079424267,145.1809583179776,0.9249999325950768,479.30249496461363,443.3547755349197,35.947719429693905,0.7548073081663198,0.7547977771953075,2.4316247090207844e-06,0.3274598295144612,145.18074996192303,0.9249999325950187,479.3020682593702,443.3543808325704,35.947687426799725,0.7548061502137156,0.7548008091671656,1.4160521275469222e-06,0.32745949360560656,145.18035771053098,0.9249999325949092,479.3012649424176,443.353637764391,35.9476271780266,0.7093672176646605,,,0.101,179.11520423785018,1773.4178637410907,1773.4178352460979,2.8494993009558806e-05,54.975953775973814,0.29063278233533946,,,223.67458414250729,0.0004158482761088957,96.18007118127814,,,,27.163122527452654,0.00020792254734520557,3.0192291388884165,1031.5728366909013,0.0,0.0,0.0,124.32515827798743
71,1,72,0.11633,4.345252559152998e-05,0.00021541319054248733,1032.008202873661,,,,0,1.0821456021260469e-13,1,1997.1045321780662,1997.1045321780662,1.5272161081289183e-13,319.5367251484906,66.30387046831179,0.3334074127388223,,,298.898633688199,1997.1044887255405,1917.2201451903054,79.88417271626274,1997.1043179065682,0.0001708189722299757,0.8493811937832885,0.07264928659328149,0.04158560464779138,0.15589007271566196,99.75638019465922,0.96,666.5780201756284,639.9148993686033,26.663120807025113,0.8000030724080063,0.06002773778706629,3.2861931439802613e-06,0.15590197100153227,99.63291107011347,0.96,665.7021825829346,639.0740952796173,26.628087303317358,0.7434357949833752,0.04979896136771722,1.7958102811788044e-06,0.15591426764216226,99.50934242342633,0.96,664.8241151480051,638.2311505420848,26.592964605920272,,,,580.7287691907776,1917.2201451903054,1773.428451818398,143.79165211326324,1917.2201039316612,4.125864402184549e-05,0.7548128763019771,0.04506081941017781,0.04505578336242948,0.3274614409629529,145.18263154888928,0.9249999247253216,479.3059255469741,443.35794505135163,35.94798049562246,0.7548128763019006,0.04506081941017783,0.04505578336242945,0.32746124716129466,145.18240524001976,0.9249999247252512,479.3054620785074,443.3575163430211,35.947945735486314,0.7548122266503869,1.069729016366258e-05,5.778806096600718e-06,0.32746100248114374,145.18211951867195,0.9249999247251623,479.30487693579,443.35697508600896,35.94790184978105,0.7548108566775523,7.820338967051349e-06,3.1138751302521415e-06,0.3274605686189001,145.18161288319664,0.9249999247250049,479.3038393703898,443.3560153380164,35.94782403237342,0.7093714173697634,,,0.101,179.1162736336582,1773.428451818398,1773.4284203290072,3.148939078980803e-05,54.97628200637033,0.2906285826302367,,,223.67594103008653,0.00043082638015691776,96.1806546429372,,,,26.736119878544564,0.0002154114554342186,3.019248835931817,1032.008202873661,0.0,0.0,0.0,120.053514240293
72,1,73,0.1121,4.291149151096519e-05,0.00022354145719067533,1122.5630904128996,,,,0,1.0821640685508335e-13,1,2125.044355108874,2125.044355108874,1.527216827129678e-13,340.0070968174198,70.5514725896146,0.33340741277490726,,,317.7334830940677,2125.044312197382,2040.0423834673477,85.00176597780612,2125.044149445154,0.0001627522282082153,0.8560760151977902,0.051790574509499455,0.04509575309499769,0.15575390705035855,106.03706892574867,0.96,709.1653893175999,680.7987737448959,28.36661557270398,0.799407411428913,0.07223978749893899,0.07283544847803221,0.1557483671420404,105.91123337345734,0.96,708.349008436606,680.0150480991418,28.33396033746423,0.7483529677471942,0.09166159322783861,0.08674442046401963,0.15574312797175147,105.7851807948617,0.96,707.5297516909478,679.2285616233099,28.301190067637904,,,,642.7506174270421,2040.0423834673477,1887.0390506704375,153.0032950473501,2040.0423457177876,3.774955989157518e-05,0.8031679039630424,0.20012339730830334,0.151768369647238,0.3406136617166963,160.6880728116104,0.9249999416098716,510.01138815824123,471.76050426674277,38.250883891498475,0.803167903962966,0.20012339730830334,0.151768369647238,0.34061347795828817,160.68785409335848,0.9249999416098251,510.0109691105557,471.76011664763433,38.250852462921365,0.8031672716561872,0.11032753878485078,0.06197249377905045,0.3406132487982353,160.68758133592934,0.9249999416097671,510.01044652735015,471.75963325817014,38.25081326918,0.8031659522618976,0.11032812812848691,0.06197303254414165,0.340612852116394,160.6871091861439,0.9249999416096666,510.00954192164045,471.7587964978902,38.250745423750246,0.7548157832815188,,,0.101,190.5909441177142,1887.0390506704375,1887.039024058508,2.661192972545526e-05,58.49821057078357,0.24518421671848115,,,238.00516829813748,0.000447082913381935,102.34222236819912,,,,28.51262485029488,0.00022353970511966066,3.212669031844093,1122.5630904128996,0.0,-0.0,0.0,125.83932243528605
73,1,74,0.1119,4.2911520683993334e-05,0.00022394099322874515,1122.9718068975797,,,,0,1.0821618834509991e-13,1,2125.0376489760274,2125.0376489760274,1.5272167766598384e-13,340.00602383616445,70.55124994600412,0.3334074127749053,,,317.7324503502204,2125.037606064507,2040.0359455793846,85.00149773247438,2125.037443311859,0.0001627526478592898,0.8603138570735526,0.04683317316472616,0.04259533128896379,0.15575389144630047,106.03672406145911,0.96,709.1631539463112,680.7966277884587,28.366526157852444,0.8006380681666584,0.05924089259840037,0.05801023586065493,0.15574835241024101,105.91088912528868,0.96,708.3467730576664,680.0129021353598,28.333870922306645,0.7495932120479963,0.07249685475570136,0.07125661045489924,0.1557431141153114,105.78483716347263,0.96,707.5275163078813,679.226415655566,28.301100652315288,,,,642.7472460376252,2040.0359455793846,1887.0330743321417,153.00282868158166,2040.035903013723,4.256566135657045e-05,0.8031643619546579,0.04506332307681803,0.04506686508520257,0.34061273986141,160.6869752648005,0.9249999333563339,510.0092894978908,471.75855879666017,38.25073070123061,0.8031643619545815,0.04506332307681805,0.04506686508520256,0.34061267237864284,160.68689494361,0.9249999333563145,510.00913560789144,471.7584164484111,38.25071915948035,0.803164119601234,0.05538520582426947,0.05538835787922266,0.3406125826138783,160.68678810134156,0.9249999333562886,510.00893090521123,471.75822709843237,38.250703806778866,0.8031635928687251,0.05538596627085798,0.055388325664030506,0.34061241426776484,160.68658772787313,0.9249999333562401,510.00854700272987,471.757871988638,38.25067501409186,0.7548132796148787,,,0.101,190.59034050754633,1887.0330743321417,1887.0330444041936,2.9927948113246574e-05,58.4980253042964,0.24518672038512135,,,238.00444181918635,0.00044788198545449894,102.34190998225013,,,,28.098901820791006,0.00022393920899255545,3.2126564363791985,1122.9718068975799,0.0,-0.0,0.0,125.66054519183916
74,1,75,0.11243,4.235043472469322e-05,0.00022288347854664263,1229.1454845390099,,,,0,1.0821536471174554e-13,1,2261.17056112937,2261.17056112937,1.527216806576971e-13,361.78728978069927,75.0708626294951,0.3334074128123277,,,339.80417087398064,2261.1705187789357,2170.723549260597,90.44681455252497,2261.1703638131216,0.00015496581387258832,0.8719375647219132,0.04924664581134974,0.037622938162989124,0.15656077433304266,113.39582152787953,0.96,754.4715330422181,724.2926717205293,30.178861321688785,0.8232869918031037,0.07219143069066801,0.04954250705422276,0.1565395141293941,113.26815765447635,0.96,753.7244821514245,723.5755028653675,30.14897928605697,0.784378865670238,0.09240786567541436,0.057622212053172694,0.156518434607964,113.14019169162471,0.96,752.9743486194793,722.8553746747001,30.118973944779203,,,,713.4007008172177,2170.723549260597,2007.9191351064082,162.8043771133361,2170.723512219745,3.7040852199462586e-05,0.8546167999919343,0.15176839625231503,0.10031595821503865,0.35529382669463533,178.35052188838284,0.9249999476226571,542.681497525611,501.98035678697534,40.701140738635694,0.8546167999918579,0.15176839625231503,0.10031595821503865,0.3552936811662583,178.3503449031922,0.9249999476226276,542.6811812807852,501.980064260512,40.70111702027319,0.854616315226671,0.08720789758028281,0.0357557019548458,0.35529349510698827,178.35011862617307,0.9249999476225899,542.6807769588711,501.9796902627421,40.70108669612897,0.8546152886493633,0.08720774205337109,0.03575604627273287,0.35529316354837565,178.34971539946972,0.9249999476225225,542.6800564544772,501.9790237961789,40.70103265829825,0.8031682806708669,,,0.101,202.79983264574724,2007.9191351064082,2007.9191096302507,2.547615753674189e-05,62.24549318829865,0.19683171932913307,,,253.2512965333057,0.0004457669560997444,108.89805750932145,,,,26.859888448370427,0.00022288162957061618,3.4184652038598267,1229.14548453901,0.0,-0.0,0.0,138.19282682672088
75,1,76,0.11364,4.235047702647423e-05,0.00022051035195906773,1228.7547168882934,,,,0,1.0821564746594883e-13,1,2261.1613313828816,2261.1613313828816,1.527216789403418e-13,361.78581302126105,75.07055620191167,0.3334074128123249,,,339.80259498600196,2261.1612890324045,2170.7146887033828,90.44644536264111,2261.1611340660243,0.00015496638026224173,0.8770129155418842,0.04355579999199798,0.038480449172026934,0.15656068622747643,113.39529529540786,0.96,754.4684563714735,724.2897181166145,30.17873825485901,0.8282080339054997,0.058529607582482934,0.05360856548008696,0.15653942712483698,113.26763235718565,0.96,753.7214055641268,723.5725493415617,30.14885622256513,0.7873871749560822,0.06928501797774768,0.06627670869190339,0.15651834870930273,113.13966733340845,0.96,752.9712721304239,722.8524212452069,30.118850885216975,,,,713.3957350441545,2170.7146887033828,2007.9109265199438,162.80372016695526,2170.714646686899,4.201648388567596e-05,0.854612473557981,0.04506710611410386,0.045071432548057115,0.35529261553841957,178.34904872375813,0.9249999439514569,542.6788670932592,501.97792164490494,40.70094544835431,0.8546124735579046,0.045067106114103854,0.04507143254805712,0.35529256867410036,178.34899172953874,0.9249999439514468,542.678765252969,501.97782744263674,40.70093781033231,0.8546123143274432,0.04740715572595333,0.04741115662518121,0.3552925069844502,178.34891670544212,0.9249999439514334,542.678631195905,501.97770343985275,40.700927756052295,0.8546119706609201,0.04740779535801264,0.04741111334645589,0.3552923928376571,178.3487778854156,0.9249999439514086,542.6783831447656,501.97747399254916,40.700909152216354,0.8031644976335811,,,0.101,202.79900357851432,2007.9109265199438,2007.9108994773123,2.7042631322157888e-05,62.24523872211825,0.1968355023664189,,,253.25027693918878,0.0004410207029456391,108.89761908385117,,,,27.24327825143238,0.00022050856762259683,3.4184492321042486,1228.7547168882934,0.0,-0.0,0.0,139.63568602718567
76,1,77,0.11658,4.176933883634996e-05,0.00014361398249588734,1251.4069566885937,,,,0,1.0821800265269263e-13,1,2294.530886079139,2294.530886079139,1.527217134268765e-13,367.1249417726622,76.17842541782741,0.3334074128510846,,,345.5752475642876,2294.5308443097997,2202.7494689765103,91.78122787402123,2294.530696850532,0.00014745926770574157,0.8804892301946946,0.041027964776179295,0.03755165012336893,0.15690515608913477,115.30417911346046,0.96,765.4848502362665,734.8654562268159,30.619394009450637,0.8338567064367708,0.05655685432103838,0.05090818178976727,0.15688353962793597,115.19182742341042,0.96,764.8443372960422,734.2505638042006,30.593773491841667,0.7958445633381319,0.06931872613737719,0.06086133775532753,0.15686204219986627,115.07924102741673,0.96,764.2015093182232,733.6334489454944,30.568060372728922,,,,731.476311708651,2202.7494689765103,2037.5431077265487,165.20632429379282,2202.749432020342,3.6956168797415854e-05,0.8672253937100758,0.1003158119059453,0.08770289175385046,0.35899946106387004,182.86941751386496,0.9249999469335253,550.6879546236339,509.38632880379294,41.301625819841014,0.8672253937099994,0.10031581190594528,0.08770289175385047,0.3589993171915845,182.86924158961568,0.924999946933497,550.687645543247,509.3860429044359,41.301602638811104,0.8672249240936802,0.05108304568331881,0.03847043591708172,0.35899913658714855,182.86902075005568,0.9249999469334615,550.6872575511029,509.38568401170363,41.30157353939925,0.867223937848718,0.05108286300879457,0.038470895820996664,0.35899881854550253,182.8686318551146,0.9249999469333992,550.6865743023577,509.3850520066162,41.30152229574147,0.8546170819799509,,,0.101,205.7918538803814,2037.5431077265487,2037.5430826516374,2.5074911223127407e-05,63.163836339523,0.14538291802004916,,,256.98765596823307,0.00028722796457927516,110.50469206634023,,,,31.436887306673373,0.00014361332662949207,3.4688996493624735,1251.4069566885942,0.0,-0.0,0.0,145.88902301075626
77,1,78,0.12222,4.176938905498519e-05,0.00020502937957372135,1236.694252501091,,,,0,1.0822734901263476e-13,1,2294.5335256010167,2294.5335256010167,1.5272175439209558e-13,367.1253640961626,76.17851304995375,0.3334074128510813,,,345.57571020928066,2294.5334838316276,2202.7520029168645,91.78133345486937,2294.533336371734,0.0001474598935918284,0.8820566899507376,0.03925764478841445,0.037690185032371516,0.1569051859630737,115.30433379892676,0.96,765.4857314222232,734.8663021653343,30.619429256888935,0.8354101182038797,0.05356074673031471,0.05200733496320577,0.15688356918687216,115.19198163823782,0.96,764.8452171361744,734.2514084507275,30.593808685446966,0.7968260049843549,0.0645763522800145,0.06359491063379158,0.1568620714436784,115.07939477211612,0.96,764.2023878133363,733.6342923008027,30.568095512533468,,,,731.4777545686857,2202.7520029168645,2037.5454531338362,165.20650975116777,2202.751962885004,4.003186069269868e-05,0.8672255910691982,0.045071624479855486,0.04507142712073317,0.3589995743215402,182.8695561268602,0.924999948911746,550.6881971293889,509.3865542109862,41.301642918402635,0.8672255910691217,0.045071624479855486,0.04507142712073318,0.35899952694706544,182.86949819825446,0.9249999489117369,550.6880953550009,509.38646006967747,41.3016352853234,0.8672254313953517,0.04317121112903264,0.04317070382736122,0.358999464186193,182.86942145546084,0.9249999489117248,550.6879605260559,509.38633535290364,41.301625173152246,0.867225085674714,0.043171774954636796,0.04317062712864074,0.3589993475116732,182.86927878811017,0.9249999489117023,550.6877098745583,509.38610350026886,41.30160637428951,0.8546125636141992,,,0.101,205.79209076651748,2037.5454531338362,2037.545428058925,2.5074911224051164e-05,63.16390904714892,0.1453874363858008,,,256.98795008219827,0.00041005875830670176,110.50481853534527,,,,46.15191813153084,0.00020502846915741127,3.4689016992083856,1236.694252501091,0.0,-0.0,0.0,151.14877154068333
78,1,79,0.11102,4.1629355129096056e-05,0.0002257028377738995,1247.6650435933516,,,,0,1.0822744356634293e-13,1,2308.332362524004,2308.332362524004,1.5272175560972574e-13,369.3331780038407,76.63663443579694,0.333407412860421,,,348.007594446267,2308.332320894649,2215.9988881587383,92.33328700661416,2308.332175165353,0.00014572929635720005,0.8834140442320374,0.03861738232980583,0.037260028048506026,0.15706790667166437,116.12467803654161,0.96,770.1331790294043,739.3278518682281,30.805327161176187,0.8377195383649183,0.05315111525731275,0.05084169509627413,0.1570431478404346,116.00256974102219,0.96,769.4446514130958,738.6668653565719,30.777786056523862,0.8002888598087596,0.06478821341900569,0.06132535859460088,0.15701855251372376,115.88034666870314,0.96,768.7543447228524,738.0041709339383,30.750173788914104,,,,739.0440450192298,2215.9988881587383,2049.798826213879,166.20002554675216,2215.998851760631,3.6398106861736134e-05,0.8724417247641171,0.08770270328467317,0.08248656958975424,0.3605449590215021,184.76136328004222,0.9249999496098182,554.0003271159625,512.450274666088,41.55005244987441,0.8724417247640406,0.08770270328467317,0.08248656958975424,0.3605448128124666,184.76118409338358,0.9249999496097907,554.0000144905862,512.4499854876155,41.55002900297062,0.8724412445984318,0.044381169535258364,0.039165356332178256,0.3605446253280317,184.76095432166588,0.9249999496097554,553.9996136096048,512.4496146727084,41.54999893689638,0.8724402258495527,0.044381019782357777,0.03916587960751914,0.36054428997053234,184.76054332413813,0.9249999496096922,553.9988965444777,512.448951387467,41.54994515701076,0.8672256722354713,,,0.101,207.0296814476018,2049.798826213879,2049.798801138969,2.507490999683561e-05,63.543763612630244,0.13277432776452863,,,258.53341565573845,0.00045140567452896355,111.16936873196754,,,,46.41695442825919,0.0002257017408066703,3.4897649199761416,1247.6650435933518,0.0,-0.0,0.0,138.51577313973388
79,1,80,0.10411,4.162935604936558e-05,0.00015740215679709984,1251.4069345787934,,,,0,1.0822516582768167e-13,1,2308.3222022167906,2308.3222022167906,1.5272174377978678e-13,369.33155235468655,76.63629711359745,0.33340741286042097,,,348.0057940293797,2308.3221605874346,2215.989134263802,92.33288059432512,2308.322014858127,0.00014572930763393229,0.8838601690039478,0.03792962981206703,0.03748350504015659,0.15706778426336707,116.1240765763248,0.96,770.1297903627177,739.3245987482089,30.805191614508736,0.8381754850268548,0.051969029068981994,0.05151308240704558,0.15704302661428748,116.0019695971934,0.96,769.4412646150787,738.6636140304755,30.777650584603155,0.8005829608713486,0.06296783034374372,0.06267372928115476,0.1570184324744546,115.87974785586152,0.96,768.7509598803304,738.0009214851171,30.750038395213224,,,,739.0384501001968,2215.989134263802,2049.789796348223,166.19929766738468,2215.9890940156074,4.024819442252221e-05,0.8724370585440818,0.04507161594536369,0.04507628216539889,0.3605436265588273,184.7597301650023,0.9249999478263798,553.9974787505271,512.4476389401835,41.549839810343556,0.8724370585440054,0.045071615945363686,0.0450762821653989,0.36054357904239304,184.7596719312885,0.9249999478263707,553.997377150096,512.447544959785,41.549832190311044,0.8724368995271313,0.0414879415342087,0.04149228660550913,0.36054351640129323,184.75959516156385,0.9249999478263586,553.9972432098314,512.4474210650405,41.549822144790795,0.8724365559850402,0.04148846075206952,0.04149213061658199,0.36054340027434556,184.75945284234217,0.9249999478263364,553.996994905153,512.4471913832136,41.54980352193928,0.8672256807699632,,,0.101,207.02876943117053,2049.789796348223,2049.789771273313,2.5074909996448554e-05,63.54348368679491,0.13277431923003685,,,258.53228521417043,0.0003148043130986909,111.1688826420933,,,,42.66655118842363,0.00015740157637107223,3.4897475726002587,1251.4069345787934,0.0,-0.0,0.0,130.28397595899818
80,1,81,0.0968,4.157171719867424e-05,0.00025885196506409005,1248.4193568732521,,,,0,1.082270236508684e-13,1,2308.3413897367586,2308.3413897367586,1.527217539330209e-13,369.33462235788136,76.63693413926039,0.3334074128642653,,,348.009194225952,2308.3413481650414,2216.007555014045,92.33364812558536,2308.34120313963,0.00014502541136685626,0.8838014778503841,0.037558379528142775,0.037617070681706444,0.15706801551961258,116.12521284862756,0.96,770.1361921731365,739.330744486211,30.805447686925525,0.838046448512412,0.051504925455618404,0.051633961970061204,0.15704325555374188,116.00310296928741,0.96,769.4476605628982,738.6697541403823,30.77790642251596,0.8004731994920203,0.0625345371941754,0.06264429857350365,0.1570186591110784,115.88087840803706,0.96,768.7573504035956,738.0070563874518,30.750294016143865,,,,739.0490132659969,2216.007555014045,2049.806844306047,166.20067445683964,2216.007518762887,3.6251158182973165e-05,0.8724451477147821,0.0824863807691022,0.08247829159840196,0.36054597628342155,184.76261002018663,0.9249999501132097,554.0025020261551,512.4522867367867,41.550215289368296,0.8724451477147056,0.0824863807691022,0.08247829159840196,0.360545829854628,184.76243056393596,0.9249999501131823,554.0021889318555,512.4519971245601,41.5501918072954,0.872444663005937,0.04114872697696565,0.04114096349815998,0.360545639878566,184.76219773825594,0.9249999501131467,554.0017827245036,512.4516213827603,41.550161341743404,0.8724436268134059,0.041148770548543184,0.04114169972017749,0.3605452948956081,184.76177494361846,0.9249999501130821,554.0010450803726,512.4509390619401,41.550106018432544,0.8724420032855341,,,0.101,207.03049127491076,2049.806844306047,2049.8068192311375,2.5074909391640768e-05,63.54401217348746,0.12755799671446588,,,258.5344254802099,0.0005177039287880933,111.16980295649024,,,,45.670118449501395,0.00025885049860501993,3.489778585248831,1248.4193568732521,0.0,-0.0,0.0,120.8469937453308
81,1,82,0.08604,4.15717696684417e-05,0.00011892355430741789,1251.4071884269545,,,,0,1.0822325981668396e-13,1,2304.2792628442517,2304.2792628442517,1.5272173671025097e-13,368.6846820550803,76.50207152642916,0.33340741286426173,,,347.29046536531496,2304.279221272482,2212.107913196575,92.17116304985744,2304.2790762464324,0.00014502604965768172,0.8836485543204514,0.0374712871573336,0.037624210687266305,0.15701504240849157,115.86282729150145,0.96,768.6553036211784,737.9090914763312,30.746212144847174,0.837600544508457,0.05131143107205573,0.05175733507601072,0.15699524972866474,115.76367574370971,0.96,768.0943368760653,737.3705634010227,30.723773475042655,0.7996442546862108,0.06215629624601865,0.06298524105182823,0.15697547023264746,115.66396233010379,0.96,767.5294357491886,736.8282583192209,30.70117742996761,,,,736.8161395548871,2212.107913196575,2046.1996618108367,165.90821057817828,2212.107872389015,4.080755946866144e-05,0.8709090145898801,0.04507647088192969,0.04661260400683154,0.36009014512003146,184.20415077305552,0.9249999456857586,553.0271706938199,511.5501028545322,41.477067839287756,0.8709090145898037,0.04507647088192968,0.046612604006831544,0.36009009786614105,184.20409289953696,0.9249999456857493,553.0270695155799,511.5500092646605,41.47706025091937,0.8709088571768043,0.04039345372142332,0.04192925955055602,0.36009003610746326,184.20401726149578,0.9249999456857372,553.0269372802161,511.54988694694947,41.47705033326663,0.8709085190574631,0.0403932486753623,0.041928356431305075,0.36008992290692177,184.20387862079886,0.9249999456857149,553.026694899399,511.5496627446945,41.47703215470451,0.8724371483489681,,,0.101,206.66616584289451,2046.1996618108367,2046.1996367359275,2.507490927212476e-05,63.432189516135935,0.12756285165103187,,,258.07948108227436,0.00023784710833197952,110.97417686537796,,,,39.36593910680482,0.000118923195184736,3.4836354054139513,1251.4071884269547,0.0,-0.0,0.0,107.67107449225517
82,1,83,0.08438,4.157167777745414e-05,0.00013020671765351046,1251.4071575556272,,,,0,1.0822616378792543e-13,1,2310.392961780888,2310.392961780888,1.5272174943024364e-13,369.6628738849421,76.70504633112547,0.3334074128642679,,,348.37302845518036,2310.3929202092104,2217.9770641769073,92.41571100737119,2310.3927751842784,0.00014502493174624724,0.8840587746685966,0.03772662022510004,0.037316399876954884,0.1570924349077828,116.24475677173817,0.96,770.8091632512541,739.976796721204,30.83236653005016,0.8384693270716226,0.051933441610365956,0.05106465904720033,0.1570678323896552,116.12431303737877,0.96,770.131122587327,739.3258776838339,30.805244903493058,0.8010594480294142,0.06323041166842355,0.06181521832522016,0.15704342840736754,116.0039586460634,0.96,769.4524893456974,738.6743897718694,30.77809957382797,,,,740.1784553808474,2217.9770641769073,2051.628631614964,166.34839555476188,2217.977027169726,3.7007181082484924e-05,0.8732205274226712,0.08247810339051821,0.08016659055772712,0.36077632644037966,185.04496374712608,0.9249999465653123,554.494866629411,512.9077220029452,41.587144626465836,0.8732205274225948,0.0824781033905182,0.08016659055772712,0.3607761809979815,185.04478543964632,0.9249999465652841,554.4945558611545,512.9074345423088,41.58712131884565,0.8732200501730042,0.0422370360152627,0.039925843019062796,0.36077599507324815,185.0445575022432,0.9249999465652481,554.4941585936806,512.9070670698967,41.58709152378387,0.8732190377249559,0.04224003841619251,0.03992951974869977,0.36077566161329583,185.04414869183168,0.9249999465651835,554.4934460854798,512.9064079998133,41.587038085666514,0.8724454257275521,,,0.101,207.21449179311136,2051.628631614964,2051.6286065400545,2.5074909454599504e-05,63.600487580063884,0.1275545742724479,,,258.7642102159015,0.0002604134349679451,111.26861039283766,,,,44.35920869366437,0.00013020633563093757,3.492880142743226,1251.4071575556272,0.0,-0.0,0.0,105.59373595454382
83,1,84,0.08311,4.1588637132557354e-05,0.0003013136322886664,1250.9597053857954,,,,0,1.0822645908122898e-13,1,2310.400962261612,2310.400962261612,1.5272175144267193e-13,369.66415396185795,76.70531194708552,0.33340741286313674,,,348.3744484424467,2310.400920672975,2217.9847444237807,92.41603101765764,2310.4007754414383,0.00014523153668371622,0.8842395244518313,0.03758073049928571,0.037399980716051044,0.15709253234011503,116.24523201608868,0.96,770.8118364812145,739.9793630219658,30.832473459248614,0.8386655649948441,0.05156025295388502,0.05136401503066355,0.15706792871998065,116.12478635699078,0.96,770.1337892951918,739.3284377233841,30.80535157180773,0.8011867225219613,0.06255680831012397,0.06242953381757678,0.15704352364394178,116.0044300693672,0.96,769.4551496650321,738.6769436784308,30.778205986601293,,,,740.1828654071622,2217.9847444237807,2051.6357425117217,166.3489623687706,2217.9847048804922,3.954328819312768e-05,0.8732227316408108,0.04661279237189416,0.046610588153754635,0.3607770360562353,185.04583397671985,0.9249999506296442,554.4963812254309,512.9091252578401,41.58725596759094,0.8732227316407344,0.04661279237189415,0.04661058815375465,0.36077698850839335,185.04577568460257,0.9249999506296354,554.4962796297043,512.909031281793,41.587248347911355,0.8732225727803721,0.04108006313346856,0.041077540526100756,0.3607769258532869,185.04569887147397,0.9249999506296237,554.4961457541842,512.9089074469371,41.58723830724721,0.8732222299077198,0.04106721373130189,0.04106402154853797,0.36077681002874984,185.04555687436584,0.9249999506296023,554.4958982711729,512.9086785251518,41.587219746021084,0.8709091042375876,,,0.101,207.21520999368394,2051.6357425117217,2051.6357174368122,2.5074909626768573e-05,63.600708017863376,0.12909089576241237,,,258.7650995932634,0.0006026272627615348,111.26899282510325,,,,44.813722398392734,0.00030131160727034796,3.492890265969637,1250.9597053857951,0.0,-0.0,0.0,103.96726111461345
84,1,85,0.08861,4.156312507687776e-05,0.0002827911600764139,1243.6787018369894,,,,0,1.0822891075701347e-13,1,2310.4343731705335,2310.4343731705335,1.5272175969010405e-13,369.6694997072854,76.70642118926172,0.3334074128648383,,,348.38037878610055,2310.4343316074087,2218.0168192190495,92.41736746746051,2310.4341866865097,0.00014492089872805402,0.8842011491130166,0.037433006099273566,0.037471381438088196,0.1570929389083304,116.24721498117634,0.96,770.8229903946399,739.9900707788543,30.832919615785634,0.8386337977688263,0.051352037269230516,0.051383804495248334,0.1570683310374772,116.12676299832187,0.96,770.1449256145052,739.3391285899249,30.805797024580205,0.8011823793435916,0.06231272873450453,0.062317071912874264,0.15704392180086582,116.00640080660236,0.96,769.4662706773648,738.6876198502702,30.77865082709467,,,,740.2012706739882,2218.0168192190495,2051.6654143940136,166.35136864759534,2218.0167830416094,3.617744012926045e-05,0.87323619880219,0.08016640220432007,0.08015293504294088,0.36078098560921695,185.05067600295683,0.9249999504425057,554.5048202812499,512.9169312802867,41.58788900096316,0.8732361988021136,0.08016640220432007,0.08015293504294088,0.36078083924421495,185.05049656317175,0.9249999504424785,554.5045075460656,512.9166420002417,41.58786554582395,0.8732357131244461,0.04070622683692744,0.040693086492853345,0.36078064847055,185.05026267954875,0.924999950442443,554.5040999235689,512.9162649494327,41.58783497413621,0.8732346717233587,0.04076148159694547,0.04074903978130659,0.3607802999710891,185.04983542831084,0.924999950442378,554.5033552907245,512.9155761640525,41.58777912667202,0.8732208054237859,,,0.101,207.21820685379538,2051.6654143940136,2051.665389319104,2.5074909372177374e-05,63.60162784621442,0.12677919457621423,,,258.7688389305306,0.000565582318553411,111.27060074012815,,,,52.12200285037342,0.00028278962658345486,3.4929427824521087,1243.6787018369896,0.0,-0.0,0.0,110.20236976977561
85,1,86,0.094,4.1563102559993445e-05,0.00011942298492033375,1251.4071730857963,,,,0,1.0822484913008672e-13,1,2307.5631207152696,2307.5631207152696,1.5272173867949147e-13,369.2100993144431,76.61109560774695,0.3334074128648398,,,347.87125957748026,2307.563079152167,2215.26041686228,92.3025173692618,2307.562934231542,0.0001449206247878834,0.8847606185147325,0.037376991499042514,0.03681752209732661,0.15705416634845504,116.05702536686026,0.96,769.7518478385043,738.9617739249641,30.79007391354021,0.8380510143072348,0.05132446983907721,0.05190725330066864,0.1570340311187714,115.95737392182853,0.96,769.1895209466647,738.4219401087981,30.767580837866646,0.8002096371674071,0.06244039221715182,0.06341313439333629,0.15701384776748187,115.85686028879145,0.96,768.621565446373,737.876702828518,30.744862617854952,,,,738.6208528912775,2215.26041686228,2049.115727776617,166.14464828395143,2215.260376060568,4.080171224645525e-05,0.8721501572645484,0.04661077643415376,0.04769681797179532,0.36045843421183904,184.65532915463103,0.9249999457944678,553.8152963590577,512.2791191122755,41.53617724678222,0.872150157264472,0.04661077643415377,0.04769681797179532,0.36045838696408006,184.6552712574129,0.9249999457944584,553.8151953070126,512.2790256391341,41.53616966787847,0.8721500000476914,0.041230789878002286,0.04231650295475702,0.3604583252134013,184.65519558838008,0.9249999457944463,553.81506323655,512.2789034739566,41.53615976259341,0.8721496623498706,0.04099941671682565,0.04208442609031374,0.36045821202750206,184.65505689085347,0.9249999457944242,553.8148211579479,512.2786795512507,41.53614160669731,0.8732228213615262,,,0.101,206.9606885054383,2049.115727776617,2049.1157027017075,2.5074909286534723e-05,63.52258756107511,0.12677717863847385,,,258.4472730929375,0.00023884596955543052,111.13232742996313,,,,42.045986157354136,0.00011942264586746282,3.488599976926582,1251.4071730857968,0.0,-0.0,0.0,117.63227427006485
86,1,87,0.10181,4.156295196035351e-05,0.00010909281627667693,1251.407193484761,,,,0,1.0822750448165502e-13,1,2313.172049262727,2313.172049262727,1.5272175649368192e-13,370.1075278820363,76.79731203552254,0.33340741286484993,,,348.86674534712677,2313.172007699775,2220.6449882697416,92.52687451123928,2313.1718627809805,0.00014491879426042342,0.8898388585316921,0.03835081886743799,0.033272578850478386,0.1571195044326804,116.37627424812226,0.96,771.5482944844848,740.6863627051055,30.86193177937937,0.8456062732768069,0.05082559746918537,0.04327033849961325,0.15710151629001085,116.28899449915242,0.96,771.0579256684923,740.2156086417526,30.842317026739686,0.8056399904601669,0.0606341941141101,0.05520384082135042,0.15708357354065267,116.2014765998521,0.96,770.5656426280038,739.7430169228836,30.822625705120227,,,,741.7102826050898,2220.6449882697416,2054.0964576389565,166.54849326673929,2220.6449509056956,3.736404597388827e-05,0.8742709083381147,0.08015274743770265,0.07803199636413627,0.36108863364989213,185.42792931839224,0.9249999450841141,555.1618619645932,513.5246918300433,41.637170134550026,0.8742709083380383,0.08015274743770263,0.07803199636413627,0.3610884877297516,185.42775034343302,0.9249999450840855,555.1615504698916,513.5244036974455,41.63714677244615,0.8742704234395328,0.037854620195414405,0.03573419680357298,0.3610882968737699,185.4275162535191,0.924999945084048,555.161143050757,513.5240268347476,41.637116216009424,0.8742693813176144,0.03887871772381724,0.03675899875607337,0.36108794664574495,185.42708668974544,0.9249999450839795,555.1603954204542,513.5233352767204,41.637060143733684,0.8732364761281436,,,0.101,207.46374222153463,2054.0964576389565,2054.096432564047,2.5074909455277716e-05,63.67699018680766,0.1267635238718564,,,259.07547177988613,0.000218185632315329,111.40245286535104,,,,46.63390396743881,0.00010909256119049023,3.4970816214333,1251.4071934847611,0.0,-0.0,0.0,127.4057663686835
87,1,88,0.10382,4.1574935414768436e-05,7.983794448224665e-05,1251.407270122804,,,,0,1.0822787917823785e-13,1,2314.7752463241077,2314.7752463241077,1.5272175804677966e-13,370.3640394118573,76.85053817796039,0.3334074128640506,,,349.1520992439168,2314.775204749172,2222.1840572972033,92.59100238738358,2314.775059684587,0.00014506458518435494,0.895616844328017,0.03936360610403317,0.03358562030770833,0.15713827739823183,116.46688092227782,0.96,772.0567492289417,741.1744792597841,30.882269969157658,0.8623062651279937,0.06376848816776252,0.047068496316575816,0.1571211163125084,116.38407303992958,0.96,771.5920829856145,740.72839966619,30.863683319424624,0.8253356849867844,0.07803217718393787,0.058336482657320304,0.15710401490650439,116.30114528170937,0.96,771.1262274700308,740.2811783712295,30.8450490988013,,,,742.5949947247867,2222.1840572972033,2055.5200887371825,166.66393203258014,2222.1840207697624,3.6527440944053844e-05,0.9008982485162521,0.04769700576185013,0.02106966558371268,0.36137221284466414,185.77581875368338,0.9249999413059684,555.76695878142,514.08440425261,41.68255452880994,0.9008982485161757,0.047697005761850125,0.021069665583712687,0.36129329521133696,185.67898957074124,0.924999941290059,555.598618021836,513.9286890510363,41.66992897079973,0.8957283194648686,0.05533049229921221,0.03387259627387636,0.3612366425581973,185.6094856358582,0.9249999412789232,555.4777464085287,513.8168828096377,41.66086359889101,0.8875467377650422,0.05194132566860629,0.038663969221178526,0.36117241933509725,185.5307007645039,0.924999941266269,555.3406975579775,513.6901126238981,41.65058493407944,0.8721502468004473,,,0.101,207.60752896245543,2055.5200887371825,2055.5200636622726,2.507490963057477e-05,63.72112275085265,0.12784975319955277,,,259.25503759724984,0.00015967588883701134,111.47966616681744,,,,47.9475923221884,7.98378116073672e-05,3.585071554262339,1251.407270122804,0.0,-0.0,0.0,129.9211027841495
88,1,89,0.12198,4.155154077567418e-05,0.00015743412379855187,1251.4067156385777,,,,0,1.0822879142802577e-13,1,2318.8190919732897,2318.8190919732897,1.527217601718051e-13,371.01105471572635,76.98479385351322,0.333407412865611,,,349.8735658258494,2318.819050421749,2226.066149415925,92.7527562256637,2318.818905641589,0.00014478016024103868,0.8660188283648845,0.029092193489195648,0.058690209452328064,0.15719329698215978,116.72969004765113,0.96,773.5280668300593,742.5869441568569,30.941122673202386,0.8219806969777049,1.6166282247452807e-05,0.040341734432536205,0.1571711879309964,116.62456507772086,0.96,772.9401524234536,742.0225463265155,30.917606096938215,0.7938348703671927,9.091186757012199e-06,0.03150990580634878,0.15714918639813058,116.51931070047743,0.96,772.3506863880757,741.4566589325526,30.894027455523098,,,,744.8297688923341,2226.066149415925,2059.1110399443814,166.95507420011285,2226.066114144495,3.5271430462553327e-05,0.9007535667589025,0.07803180995699854,0.07817649171434814,0.36191636058169135,186.44377387208849,0.9249999480883747,556.9265993030559,515.1570754443618,41.76952385869412,0.9007535667588261,0.07803180995699853,0.07817649171434815,0.36177833519028113,186.2742939893933,0.9249999480622536,556.6326306570571,514.8851544475335,41.74747620952365,0.8865449501335677,2.722603772526563e-06,0.009186091935073531,0.3616700017717834,186.1412965247719,0.924999948042161,556.4018149145609,514.6716498865329,41.73016502802802,0.8790986678158776,1.5482801405853887e-06,0.008449618229305155,0.3615307760407476,185.9704045060804,0.9249999480158838,556.1050692698207,514.3971601659537,41.707909103867046,0.8742711842811514,,,0.101,207.97021503438256,2059.1110399443814,2059.111014869472,2.5074909521372812e-05,63.832442238275824,0.12572881571884867,,,259.7079323236575,0.00031486824710139365,111.6744108991727,,,,51.2673064163594,0.0001574336405915692,3.567150751467174,1251.406715638578,0.0,-0.0,0.0,152.64659117359372
89,1,90,3.78877,4.103270256009967e-05,2.8529851294421234e-05,8.610092847271879e-06,,,,0,1.082162973378806e-13,1,84.54223409480551,84.54223409480544,1.5272120877229244e-13,13.526757455168882,2.806802171947543,0.3334074129002155,,,19.856291939024743,84.54219306210288,81.16037221901506,3.381682175792294,84.54205439480735,0.00013866729551922688,0.2122458990483117,0.019649508144922143,0.673422437461495,0.2446473895832944,19.849928131897016,0.96,84.5175928749741,81.13688915997514,3.380703714998964,4.086958947190996e-05,8.537842191611497e-06,0.8219483652304246,0.27099487784918924,0.0040137601451485806,0.96,0.015428336448201052,0.014811202990273008,0.0006171334579280429,2.2712823626853573e-05,4.531605715471644e-06,0.7938166891492812,0.2709970010026182,0.00235004698258115,0.96,0.0090331833850505,0.00867185604964848,0.00036132733540202114,,,,15.256953266137048,81.16037221901506,74.13675005489985,7.023591950150026,81.16034200504987,3.0213965175594426e-05,0.07803233304237525,2.7609218511101025e-07,0.8227215098087125,0.20579526445845162,7.62794981349598,0.9134613213965441,40.577219776575454,37.06572079570859,3.5114989808668584,0.07803233304229874,2.7609218508950594e-07,0.8227215098087125,0.20579512432329913,7.6278833648813515,0.9134606866043233,40.5769221289589,37.06542314820896,3.5114989807499413,7.032697457166735e-06,1.5880965101009241e-06,0.8865395055326206,0.20002425281202338,0.0007139830901823652,0.9058586501386733,0.003940441039464182,0.0035694826009594087,0.0003709584385047734,3.996554674622687e-06,9.002165456372956e-07,0.8790955714777486,0.19940047642272973,0.00040610466953478716,0.9012992020330359,0.0022596584760592444,0.0020366283813381906,0.00022303009472105374,0.9219679139508163,,,0.101,7.487811755544886,74.13675005489985,74.13672497988841,2.5075011446867986e-05,2.298239251701895,0.07803208604918366,,,10.405370447621655,5.705970257256342e-05,4.4743092924773125,,,,42.601133940167806,2.8529832196217923e-05,0.1560756953368058,8.610092843695213e-06,0.0,0.0,0.0,3.2621661476958276e-05
90,1,91,5.01894,4.02555375889359e-05,5.332973856353147e-05,5.508628640968138e-06,,,,0,1.0821270779457651e-13,1,49.036699568793,49.036699568792926,1.5272079431086416e-13,7.84587193100688,1.6280184256839276,0.33340741295204956,,,12.018626825128166,49.036659313255335,47.07506797598181,1.9614611656659087,49.03652914164772,0.0001301716076157769,0.12291739739613644,0.025808554804964346,0.11513705645713959,0.2553010081310057,12.013196400660036,0.96,49.0156554503937,47.055029232377954,1.960626218015748,3.3257718457993135e-05,6.619366748110398e-06,1.4231237762027233e-05,0.2709955497189728,0.003487280938085239,0.96,0.013404590275642949,0.01286840666461723,0.0005361836110257184,1.6828562189631506e-05,3.2591683040079213e-06,9.143429741229988e-06,0.2709975202718084,0.001943143530046841,0.96,0.007469100978372896,0.007170336939237979,0.0002987640391349158,,,,8.958956467167381,47.07506797598181,43.544216311790464,3.530818746657259,47.07503505844773,3.2917534072501125e-05,0.038104416230972694,0.004310661693791583,0.04423857850519418,0.20577003321741125,4.520425997219699,0.924998577003066,23.749593007200076,21.96833973606204,1.7812532711380398,0.03810441623089604,0.004310661693791545,0.044238578505194213,0.20571946477174854,4.4363358476251795,0.9249985497222295,23.31352689002351,21.564978562181945,1.7485483278415646,1.3071029625089603e-05,7.670217544958316e-06,1.6318853770357073e-06,0.2016855922682535,0.001430877813947672,0.9165385513425818,0.0077406412177457775,0.007094596088175366,0.0006460451295704113,7.076939426594633e-06,4.025481598812312e-06,9.450968468408357e-07,0.2008048069730759,0.0007637445085549238,0.9111029417716352,0.004174520006399122,0.0038034174583147693,0.0003711025480843525,0.9956890622140233,,,0.101,4.397965847490837,43.544216311790464,43.54419123673202,2.507505844976483e-05,1.3498707056655044,0.004310937785976693,,,5.492378160453431,0.00010665947707018172,2.3617226089949757,,,,25.375703620373486,5.332962651409303e-05,0.07622898043092043,5.508628640013291e-06,0.0,0.0,0.0,2.7647476631300625e-05
91,1,92,2.52611,4.059508317562976e-05,3.3336056880778646e-05,1.412253653421297e-05,,,,0,1.0821213182359544e-13,1,46.08096167731242,46.08096167731235,1.5272075757740278e-13,7.372953868369988,1.5298879276867725,0.3334074129294032,,,11.33430529228369,46.080921082229175,44.23755580072733,1.8432314916969756,46.080787292424304,0.00013378980487010933,0.11912947809653888,0.042505635339158986,0.046293554638756534,0.25621156272130235,11.331886307328423,0.96,46.07148916866198,44.22862960191549,1.8428595667464824,1.5568205968849964e-05,2.92779428206642e-06,2.0617306771209586e-05,0.27099801149888847,0.0015582135053482957,0.96,0.005989487004327332,0.0057499075241542385,0.00023957948017309352,8.067229657113421e-06,1.5351728494996563e-06,1.029650538201774e-05,0.2709989015352127,0.0008607714499173442,0.96,0.0033086367580007613,0.0031762912876807307,0.00013234547032003066,,,,8.412196118294048,44.23755580072733,40.91943255225456,3.3180907977718195,44.23752335002638,3.24507009506318e-05,0.03685179476057374,0.03253784636413319,0.03379046783453215,0.2055809997521804,4.2054125787057135,0.9249978662522252,22.11489617179273,20.456231771297777,1.6586644004949516,0.03685179476049708,0.03253784636413319,0.03379046783453215,0.20558036943672148,4.204722462473071,0.9249966841983462,22.111363124996505,20.452937573727354,1.6584255512691521,1.2783438890384345e-05,3.033659250413005e-06,3.321249985118346e-06,0.20112394313584311,0.0013423078768935218,0.9131237076237378,0.007309013181501789,0.006674033215363674,0.0006349799661381147,6.933516133838717e-06,1.7198935049601203e-06,1.8633167977162331e-06,0.20026034835688325,0.0007187692383704669,0.9074937203087761,0.0039550400556440865,0.0035891740140666824,0.0003658660415774045,0.9631514919420752,,,0.101,4.132862687777711,40.91943255225456,40.91940747713083,2.5075123728862892e-05,1.2685024091198913,0.03684850805792477,,,5.161420410376802,6.667211373933143e-05,2.2194107764620252,,,,23.879449983989645,3.333601035433989e-05,0.07372330647609505,1.4122536530941946e-05,0.0,0.0,0.0,3.567508076444073e-05
92,1,93,0.75581,4.6200448559364604e-05,3.315487863420398e-05,224.45738193847274,,,,0,1.0821400141689949e-13,1,547.1106791571698,547.1106791571697,1.527209110487543e-13,87.53770866514716,18.16407454801804,0.333407412555546,,,84.50926009781107,547.1106329567211,525.2259936087885,21.884416400366163,547.1104100091547,0.0002229475664006445,0.6516605501389847,0.5547821009971252,0.02225102895467929,0.1608995789478071,84.50773680000304,0.96,547.1045547518689,525.2203725617942,21.884182190074736,9.76880250444353e-06,2.3761018823426857e-06,8.175505346749119e-06,0.2709987447910467,0.0009835980046512076,0.96,0.003780760149405896,0.0036295297434296597,0.00015123040597623586,5.041495250880581e-06,1.2488243871192672e-06,4.274558793352106e-06,0.2709993112679793,0.0005396998033702428,0.96,0.002074497136346645,0.001991517250892779,8.297988545386589e-05,,,,120.13112402212019,525.2259936087885,479.7739090006455,45.45204674135384,525.2259557419994,3.7866789002145526e-05,0.5050068812291169,0.47246840576731747,0.004313319298774429,0.2503928677774243,60.06436918216698,0.9134621302125538,262.6058634519969,239.88051143516816,22.72535201682879,0.50500688122904,0.47246840576731747,0.004313319298774458,0.2503923252894044,60.063824358805554,0.9134615844447777,262.6042072866839,239.8788552699591,22.72535201672479,1.7138615750499424e-05,7.431701142844042e-06,3.0765242827289933e-06,0.20178760730537804,0.0018806288096113542,0.9171393285049269,0.010161861629601754,0.009319842951332914,0.0008420186782688413,9.664885403444897e-06,4.3277511452646576e-06,1.596381875658503e-06,0.20102668709160723,0.0010498523380365146,0.9125149875365963,0.005723141688988193,0.005222452566997237,0.000500689121990956,0.4949937478685493,,,0.101,48.457164809065205,479.7739090006455,479.77388392572584,2.507491971349743e-05,14.872991179020012,0.5050062521314507,,,67.33657228387744,6.630975724642306e-05,28.954726082067303,,,,28.640266455159736,3.315484026410431e-05,1.010040565959311,224.45738193847268,0.0,0.0,0.0,169.64713384291707
93,1,94,0.154,4.6200657878424146e-05,2.2411671772497692e-05,227.78409744717658,,,,0,1.0821445829238644e-13,1,547.1210615136051,547.1210615136051,1.52720846589255e-13,87.53936984217682,18.164419242251693,0.333407412555532,,,84.51035064161712,547.1210153129472,525.2359606660862,21.88483169442024,547.1207923605062,0.00022295244092674876,0.7375904209969941,0.12255519321843977,0.03662532236043036,0.16089878357236587,84.50906215182927,0.96,547.1158396622038,525.2312060757156,21.884633586488135,8.35847274325977e-06,2.849549661674574e-06,4.259879422858337e-06,0.2709989525458482,0.0008207989089440494,0.96,0.003154989550517669,0.0030287899684969624,0.00012619958202070693,4.556475772040566e-06,1.6176717277754134e-06,2.1026912066154316e-06,0.27099940316146676,0.00046769087890917454,0.96,0.0017977087520501046,0.0017258004019681003,7.190835008200432e-05,,,,120.13429986668497,525.2359606660862,479.7826715070012,45.45325323111009,525.2359247381113,3.5927974869234224e-05,0.5050221360468404,0.032553205052659705,0.032537950234936115,0.2503943810776418,60.066043078408676,0.9134614028260285,262.61180382037224,239.885746716431,22.726057103941244,0.5050221360467638,0.03255320505265974,0.03253795023493608,0.25039431071274293,60.06597241028484,0.9134613320378527,262.61158900479495,239.88553190089715,22.72605710389782,1.4196106028270518e-05,3.5359419425795287e-06,6.478451664808447e-06,0.2007842711336807,0.0014692945354513151,0.9109680592214304,0.008032967782552825,0.007317777070660434,0.0007151907118923918,7.93274377943129e-06,1.8838981034174488e-06,3.6160397274310724e-06,0.20001495308550082,0.0008150834559889598,0.9057929039100339,0.004498945161546225,0.004075112602408953,0.0004238325591372715,0.49497838918002285,,,0.101,48.45804982220712,479.7826715070012,479.7826464320815,2.5074919713138927e-05,14.873262816717038,0.5050216108199772,,,67.33819212908296,4.482334353494972e-05,28.955422615505668,,,,25.31867011834806,2.2411651939093587e-05,1.010066400943412,227.7840974471766,0.0,0.0,0.0,35.07875100686519
94,1,95,0.12052,4.3404189714598984e-05,0.00020792413003642483,1040.269203001429,,,,0,1.0821442991278366e-13,1,2008.4046088808032,2008.404608880803,1.5272161178483706e-13,321.34473742092854,66.67903301484266,0.3334074127420461,,,300.49622459033907,2008.4045654766132,1928.068219586109,80.33617581608782,2008.4043954021968,0.00017007441649277732,0.8203047450300487,0.12604792394262979,0.043333599909575214,0.15584317597604283,100.28868175863367,0.96,670.3365494023765,643.5230874262814,26.81346197609504,0.74291266878491,0.7429060665108888,1.7561987219627247e-06,0.15585340247864193,100.16544629838016,0.96,669.4689041204033,642.6901479555872,26.77875616481611,0.6971677892919729,0.6971641796835898,9.468673889268699e-07,0.1558640175664455,100.04209653332524,0.96,668.5989418794171,641.8549842042404,26.74395767517667,,,,586.0415471965202,1928.068219586109,1783.4629361355233,144.6052436487619,1928.0681797842851,3.9801823938340645e-05,0.7590833594858736,0.2540615520199977,3.2858096450673444e-07,0.3285978445034287,146.51073397455784,0.9249999324895474,482.01775174311456,445.8663878211444,36.1513639219702,0.7590833594857971,0.25406155201999775,3.28580964476221e-07,0.32859769898503477,146.5105637697699,0.9249999324895003,482.0174052320684,445.8660672984274,36.15133793364102,0.7590827821294296,0.7590713978716436,2.8118482422417222e-06,0.3285975049132078,146.51033677478264,0.9249999324894377,482.0169431044117,445.8656398303459,36.1513032740658,0.7590815307493191,0.7590752284682603,1.6304627205973312e-06,0.32859714232641285,146.50991267740986,0.9249999324893206,482.0160797046904,445.86484118560554,36.15123851908486,0.7133852429273426,,,0.101,180.12975654968787,1783.4629361355233,1783.4629074632364,2.8672286856728278e-05,55.28735102020122,0.28661475707265743,,,224.94153134315036,0.0004158482592082008,96.72485847755466,,,,26.39894910750718,0.00020792249282388135,3.036331031850419,1040.2692030014296,0.0,0.0,0.0,125.37324434573223
95,1,96,0.11633,4.3404139911489105e-05,0.000215413184837072,1037.535397070137,,,,0,1.0821585817342004e-13,1,2008.416630026348,2008.4166300263478,1.5272162053640259e-13,321.3466608042157,66.67943211687475,0.33340741274204944,,,300.4979305308088,2008.416586622208,1928.0797598866138,80.33665666194236,2008.416416548556,0.0001700736518319473,0.8510925935712216,0.07190425567951142,0.0411164071383385,0.15584312958021493,100.289251413789,0.96,670.3405565832367,643.5269343199071,26.81362226332954,0.8023043760911224,0.059395008444814386,3.301138602059137e-06,0.15585335442266457,100.16601494251337,0.96,669.4729111539611,642.6939947078027,26.778916446158444,0.746409564606271,0.04924358012911753,1.8048148194705329e-06,0.15586396784543627,100.04266417450643,0.96,668.6029488113585,641.8588308589041,26.744117952454374,,,,586.0472090441787,1928.0797598866138,1783.473597663395,144.6061210221899,1928.0797186855848,4.120102897536181e-05,0.7590880539764328,0.03254896932449511,0.03254427483393593,0.3285990829560777,146.51218239355552,0.9249999262890694,482.02070355921035,445.8691152620749,36.15158829713541,0.7590880539763563,0.03254896932449511,0.03254427483393593,0.32859891768807536,146.5119890884066,0.9249999262890112,482.0203100218603,445.86875124002705,36.15155878183323,0.7590874872785335,1.1707477262057894e-05,7.002328158160893e-06,0.32859870604966346,146.51174154633546,0.9249999262889367,482.0198060666027,445.868285081415,36.151520985187666,0.7590862834874045,8.470929933925836e-06,3.7181918485023523e-06,0.32859832513906684,146.51129601588107,0.9249999262888026,482.0188990379115,445.86744607987794,36.1514529580336,0.7133894786555073,,,0.101,180.1308333640029,1783.473597663395,1783.4735665984133,3.106498158783297e-05,55.28768152756524,0.28661052134449283,,,224.94289335428292,0.00043082636874608725,96.72544414234166,,,,29.14122210840703,0.00021541159296920647,3.036349878718727,1037.5353970701372,0.0,0.0,0.0,120.69649274116904
96,1,97,0.1121,4.286130784985495e-05,0.00022354143825323804,1128.4907758252177,,,,0,1.0821804869028591e-13,1,2137.075290998346,2137.075290998346,1.5272171426567332e-13,341.9320465597354,70.9508996611451,0.3334074127782543,,,319.594438035977,2137.075248137038,2051.5920826601714,85.48300344417396,2137.0750861043457,0.00016203269275951704,0.8578977987836542,0.05130008128064745,0.04449487606821485,0.1557856885768768,106.65748277710188,0.96,713.1691336640439,684.6423683174821,28.526765346561792,0.8020506676932312,0.07163003341042931,0.0718837418083205,0.15577864210491646,106.53155208283991,0.96,712.3593148168547,683.8649422241806,28.49437259267422,0.7518055682787256,0.09102081817844546,0.08562481450599083,0.1557718858907724,106.4054031760352,0.96,711.5466376234467,683.0847721185088,28.461865504937947,,,,648.7976450139621,2051.5920826601714,1897.7225204070182,153.86952411793817,2051.5920445249567,3.813521456890847e-05,0.8077148182934779,0.20836188832100985,0.15973512400396458,0.3418825566990153,162.19977706756003,0.924999941129423,512.8987076626616,474.43127439331914,38.46743326934251,0.8077148182934015,0.20836188832100985,0.15973512400396458,0.34188239629017314,162.19958578617545,0.9249999411293824,512.8983434520295,474.4309374984851,38.4674059535444,0.8077142685087364,0.10927367755794706,0.06064689632774414,0.3418821967470938,162.19934783877827,0.924999941129332,512.8978903862577,474.430518412647,38.467371973610746,0.8077131208568639,0.10927431896018579,0.06064748159072644,0.3418818499706407,162.19893432144835,0.9249999411292444,512.8971030240075,474.429790102567,38.467312921440524,0.7590891423544951,,,0.101,191.66997456110886,1897.7225204070182,1897.72249346828,2.693873828188694e-05,58.82939813261756,0.24091085764550496,,,239.35263549737297,0.0004470828755070606,102.92163326387038,,,,31.57195241014399,0.0002235398560056902,3.2308570259524796,1128.490775825218,0.0,-0.0,0.0,126.50381597000691
97,1,98,0.1119,4.286131546238904e-05,0.00022394095538138964,1134.1999066820522,,,,0,1.0821436880738907e-13,1,2137.073422709102,2137.073422709102,1.5272168764577233e-13,341.9317476334563,70.95083763394219,0.3334074127782538,,,319.5941477682345,2137.073379847787,2051.5902891023857,85.48292871259953,2137.073217814985,0.000162032801553096,0.8622550058937452,0.04631518813650335,0.04195798102641245,0.15578568303762397,106.65738584843254,0.96,713.1685109050209,684.64177046882,28.52674043620086,0.8034332675844512,0.058540280160898066,0.05715768026967795,0.15577863680668783,106.53145532678349,0.96,712.3586920529236,683.8643443708066,28.494347682116974,0.7531325604435902,0.07159189260904027,0.07026490044417556,0.15577188083444232,106.4053065930185,0.96,711.5460148570406,683.0841742627589,28.461840594281693,,,,648.7966949923003,2051.5902891023857,1897.7208461350044,153.8694010044924,2051.590247139497,4.1962888669057906e-05,0.8077133302808154,0.03254971458600835,0.032551202598670885,0.3418821924710509,162.19934251584044,0.924999935431088,512.8978831289389,474.4305087770103,38.46737435192864,0.807713330280739,0.03254971458600836,0.03255120259867088,0.341882123287049,162.19926001661355,0.924999935431069,512.8977260454759,474.43036347480734,38.467362570668556,0.807713082377085,0.05395483683148833,0.05395602296313977,0.3418820308675426,162.19914980996631,0.9249999354310434,512.8975162053449,474.43016937268663,38.46734683265832,0.8077125425690151,0.05395543759460966,0.05395601588245831,0.3418818571426624,162.19894264988002,0.9249999354309955,512.8971217597369,474.4298045105001,38.46731724923688,0.7590883970929818,,,0.101,191.66980545963546,1897.7208461350044,1897.7208168897716,2.924523272323637e-05,58.82934623018513,0.2409116029070182,,,239.3524437865289,0.0004478819097597883,102.92155082820743,,,,25.861413360983267,0.00022393901673451897,3.2308522855076545,1134.1999066820524,0.0,-0.0,0.0,126.91696955772164
98,1,99,0.11243,4.229842956767217e-05,0.0002228818966578124,1238.3793299601857,,,,0,1.0821608125635124e-13,1,2273.971832228249,2273.971832228249,1.5272168097685182e-13,363.8354931565198,75.49586482997786,0.3334074128157962,,,342.0008486588112,2273.971789929819,2183.0127702317254,90.9588654263219,2273.9716356580475,0.0001542717714199248,0.873976724536956,0.04871596109581637,0.036994242452605526,0.1566871545624387,114.12837930310549,0.96,758.7330867881935,728.3837633166657,30.349323471527736,0.8262885552249917,0.0714933363905066,0.04863804874996622,0.15666454066103835,114.00038645939476,0.96,757.9915790823396,727.671915919046,30.319663163293583,0.788192205410536,0.09158433832189727,0.05652469335495151,0.15664209663425,113.87208289631096,0.96,757.2469697875147,726.957090996014,30.289878791500577,,,,720.3006988338186,2183.0127702317254,2019.286663581705,163.72606928443525,2183.01273286614,3.7365585085684795e-05,0.8594548931240644,0.15973513843012618,0.10799357558687718,0.3567107157119853,180.07547173848613,0.9249999476322945,545.7537105270482,504.82215365764995,40.931556869398186,0.8594548931239879,0.15973513843012616,0.10799357558687718,0.35671059071592304,180.07531940756536,0.9249999476322694,545.7534400976908,504.8219035104949,40.93153658719595,0.8594544797956072,0.086082382561409,0.03434098514288674,0.3567104317665925,180.07512569832036,0.9249999476322375,545.7530962101837,504.82158541455135,40.931510795632306,0.8594536068290314,0.08608233432310974,0.03434127006309361,0.35671014973403886,180.0747819894468,0.9249999476321809,545.7524860312175,504.8210209990087,40.9314650322088,0.8077151469838655,,,0.101,203.94795302175223,2019.286663581705,2019.2866379847549,2.5596950233934205e-05,62.59788657103285,0.19228485301613454,,,254.68503997172218,0.000445763792322098,109.51456718784053,,,,27.87083919988521,0.00022288011479192546,3.437817872872691,1238.379329960186,0.0,-0.0,0.0,139.23098806742368
99,1,100,0.11364,4.229844811688345e-05,0.00022050901295892267,1237.4558599107245,,,,0,1.0821659291870804e-13,1,2273.9680668601527,2273.9680668601527,1.5272168348455698e-13,363.8348906976244,75.49573981975706,0.333407412815795,,,342.000199281349,2273.9680245617046,2183.009155478099,90.95871481158741,2273.9678702896863,0.00015427201816580136,0.8787508972915402,0.0428825677536703,0.038108394999085984,0.15668711606108923,114.12816245655121,0.96,758.7318316142863,728.3825583497148,30.34927326457143,0.8308846351648503,0.05765994656167919,0.05306386662182048,0.15666450260604625,114.00016999960228,0.96,757.9903239570004,727.6707109987204,30.319612958279997,0.7909807414789138,0.06834760864024447,0.0655590725718667,0.15664205902767075,113.87186682519553,0.96,757.2457147183994,726.9558861296634,30.289828588735993,,,,720.2986570697391,2183.009155478099,2019.283309953207,163.72580405099703,2183.009114004204,4.147389467200797e-05,0.8594528385079713,0.032551393130154954,0.032553447746248035,0.3567101538387481,180.0747868235706,0.9249999448006724,545.7524960725465,504.8210287419347,40.93146733061183,0.8594528385078949,0.03255139313015495,0.03255344774624804,0.35671010416652843,180.07472628879057,0.9249999448006618,545.7523886063749,504.8209293357262,40.93145927064874,0.8594526700691943,0.046331581791178585,0.04633339151759138,0.3567100385265888,180.07464629439917,0.924999944800648,545.7522465939109,504.8207979741972,40.93144861971372,0.8594523056861824,0.046332092211782354,0.046333393354631304,0.35670991656605283,180.07449766297879,0.9249999448006222,545.7519827313718,504.82055390134906,40.93142883002274,0.8077134684397189,,,0.101,203.9476143052739,2019.283309953207,2019.283283145627,2.68075800967901e-05,62.597782608549416,0.19228653156028114,,,254.68462944250746,0.0004410180249453608,109.51439066027821,,,,28.791272272675393,0.00022050732460515308,3.4378106527712426,1237.4558599107247,0.0,-0.0,0.0,140.62448392025473
100,1,101,0.11658,4.171551508672626e-05,0.00014586632264078895,1251.4069355725535,,,,0,1.082200304293994e-13,1,2298.266047031565,2298.266047031565,1.5272173698342823e-13,367.7225675250504,76.30243276144796,0.3334074128546745,,,346.2308986855617,2298.26600531605,2206.3352241844,91.93063434101674,2298.265858525417,0.00014679063289062342,0.8814127915996004,0.0401907685008519,0.03752887419279176,0.15694778920567806,115.52333280834883,0.96,766.7314437372917,736.0621859878,30.669257749491646,0.835015704405511,0.05517799594920471,0.05104692670854406,0.15692573865920284,115.41037881297568,0.96,766.0893975967256,735.4458216928565,30.643575903869028,0.7971129204544003,0.06736616420641842,0.06123398523093196,0.1569038060581518,115.29718706423718,0.96,765.4450171913999,734.8272165037438,30.61780068765607,,,,733.5191994771623,2206.3352241844,2040.859931338183,165.47525569676822,2206.335187034951,3.7149449012696605e-05,0.868636956920643,0.10799347200528238,0.09880935359261063,0.35941697342595086,183.38009976588194,0.9249999471208898,551.5843226522232,510.21546928601845,41.368853366204874,0.8686369569205666,0.10799347200528238,0.09880935359261064,0.35941684851661965,183.37994693572753,0.9249999471208655,551.5840546520884,510.2152213858943,41.368833266194066,0.8686365454057355,0.04813089443517181,0.03894701909863067,0.3594166888078966,183.379751527558,0.9249999471208343,551.5837119877119,510.214904421347,41.36880756636489,0.8686356724796777,0.04813078715318131,0.038947420359686,0.35941640252140095,183.3794012479947,0.9249999471207785,551.5830977429275,510.2143362449232,41.36876149800437,0.8594551348645627,,,0.101,206.1268530651565,2040.859931338183,2040.8599062632723,2.5074910638845798e-05,63.26665787148367,0.14054486513543735,,,257.4059939776599,0.00029173264485603826,110.68457741039374,,,,34.4704532542944,0.0001458657056033605,3.4745461317266226,1251.4069355725535,0.0,-0.0,0.0,145.8890205490483
101,1,102,0.12222,4.171553942002589e-05,0.00020502803808287754,1241.394946772837,,,,0,1.0822623391515641e-13,1,2298.2710831377494,2298.2710831377494,1.5272175112898767e-13,367.72337330203993,76.30259996017328,0.33340741285467285,,,346.23178400539086,2298.2710414222097,2206.3400588460245,91.93083578525108,2298.2708946312755,0.00014679093419372582,0.8826192114688467,0.038805007342097755,0.03759858747285147,0.15694784717193289,115.52362864236525,0.96,766.7331240144557,736.0637990538773,30.669324960578304,0.8362142373092065,0.05301759091185956,0.05181905800816406,0.1569257960559201,115.410673919505,0.96,766.0910762985372,735.4474332465958,30.643643051941485,0.7978763067032119,0.06403511578184645,0.0632717295330349,0.15690386288444164,115.29748144352061,0.96,765.4466943182829,734.8288265455516,30.617867772731294,,,,733.5219572366882,2206.3400588460245,2040.8644051440688,165.47561397525314,2206.3400191193223,3.972670224630208e-05,0.8686382319210874,0.03255359458860811,0.03255231958816376,0.3594173925004266,183.38061263377912,0.9249999489918778,551.5852210392003,510.2163013259339,41.368919713266415,0.868638231921011,0.032553594588608105,0.032552319588163764,0.35941734258146396,183.38055155645355,0.9249999489918681,551.5851139353515,510.21620225487396,41.36891168047756,0.8686380643742614,0.042626383683049496,0.042624864714523585,0.3594172767583888,183.3804710199832,0.9249999489918556,551.5849727083393,510.2160716198879,41.36890108845138,0.868637702606268,0.042626853792607715,0.042624823666017345,0.3594171549848325,183.3803220264723,0.9249999489918322,551.584711436431,510.21582994337314,41.3688814930578,0.8594529334061096,,,0.101,206.12730491955094,2040.8644051440688,2040.864380069158,2.5074910639403935e-05,63.26679655946613,0.1405470665938905,,,257.4065562776567,0.0004100560753250252,110.68481919939238,,,,44.486714472906414,0.00020502709358511726,3.4745522308226278,1241.394946772837,0.0,-0.0,0.0,151.72329039457614
102,1,103,0.11102,4.161374165420755e-05,0.00013611330375011972,1251.4070465422799,,,,0,1.0822592858007461e-13,1,2309.809551470462,2309.809551470462,1.527217465783998e-13,369.5695282352739,76.68567710881933,0.3334074128614624,,,348.26949183435295,2309.80950985672,2217.416989745836,92.39237457274326,2309.809364318579,0.00014553814095102178,0.8837522618670723,0.03835082684575408,0.03721777644752843,0.15708469700922864,116.20697006854225,0.96,770.5965600716906,739.7726976688231,30.8238624028676,0.8381530666271684,0.05277729136133703,0.050838462043375165,0.15706084624852404,116.0899499830722,0.96,769.9374740476005,739.1399750856965,30.797498961904093,0.8007911351704814,0.06430419172715185,0.06138936325988224,0.1570370939138948,115.97257178273848,0.96,769.2753301992879,738.5043169913163,30.77101320797157,,,,739.8571529894692,2217.416989745836,2051.1105633234174,166.3063892148484,2217.416952538266,3.7207570044702825e-05,0.8729998643122172,0.09880920888735976,0.09444757649622987,0.3607107664281911,184.9645932503719,0.924999946886682,554.3547698746206,512.7781326904029,41.57663718421775,0.8729998643121408,0.09880920888735976,0.09444757649622985,0.3607106407236315,184.96443915560215,0.9249999468866577,554.3545012270914,512.7778841914392,41.57661703565226,0.8729994494924277,0.0436719675956513,0.039310582477485,0.3607104784645342,184.96424025054233,0.9249999468866262,554.3541544574545,512.777563429526,41.57659102792849,0.8729985648661733,0.0436718845747181,0.039311022314812843,0.3607101848575105,184.96388033295284,0.9249999468865695,554.3535269790992,512.7769830120493,41.57654396704991,0.8686371965240323,,,0.101,207.16216689566514,2051.1105633234174,2051.1105382485075,2.5074909875736208e-05,63.58442746302593,0.13136280347596788,,,258.69886768381343,0.0002722266071297028,111.24051310403978,,,,43.88217351711826,0.00013611288174176,3.491997742982959,1251.4070465422803,0.0,-0.0,0.0,138.9312103071239
103,1,104,0.10411,4.161373008710066e-05,0.00024065277650702483,1250.1188478644158,,,,0,1.0822670350411346e-13,1,2309.8191074562774,2309.8191074562774,1.5272175244619815e-13,369.5710571930044,76.6859943675484,0.3334074128614632,,,348.2711871662344,2309.819065842547,2217.4261634923655,92.39275681218197,2309.8189203045476,0.0001455379994685607,0.8842080312862778,0.037795969650805984,0.03734020023160055,0.15708481297556104,116.20753700861916,0.96,770.5997507004588,739.7757606724405,30.823990028018393,0.8386054113459896,0.051786985752084444,0.05133464103326314,0.15706096101936368,116.09051509671727,0.96,769.9406593946995,739.1430330189115,30.797626375787996,0.8010775565638939,0.06275297912957686,0.062466557736164344,0.15703720748594538,115.97313506089797,0.96,769.2785102093893,738.5073698010137,30.771140408375587,,,,739.862417257947,2217.4261634923655,2051.1190535684227,166.3070704224369,2217.42612399086,3.9501505565096e-05,0.8730028383000905,0.032552464623917955,0.032549490636044676,0.3607116916604808,184.96572764055475,0.9249999498864565,554.3567460024793,512.7799622715124,41.57678373096689,0.8730028383000141,0.03255246462391796,0.03254949063604466,0.36071164165304087,184.96566633891365,0.9249999498864471,554.356639130175,512.779863414631,41.57677571554394,0.8730026715154072,0.04122107468996035,0.041217852666980824,0.36071157596913284,184.96558582027401,0.9249999498864347,554.3564987552247,512.7797335678023,41.57676518742238,0.8730023122133954,0.04122150770912898,0.04121776036190685,0.36071145494123275,184.96543745820463,0.9249999498864121,554.3562401029808,512.7794943144771,41.57674578850369,0.8686383264887223,,,0.101,207.1630244104107,2051.1190535684227,2051.119028493513,2.5074909875946387e-05,63.584690660621106,0.13136167351127773,,,258.6999334247646,0.00048130555185577447,111.24097137264877,,,,45.1785029285048,0.00024065149520546966,3.4920106603289076,1250.118847864416,0.0,-0.0,0.0,130.1498732511643
104,1,105,0.0968,4.156555983533358e-05,0.00013928742274576367,1251.4070879002911,,,,0,1.0822695610966183e-13,1,2311.8880753781723,2311.8880753781723,1.5272175391511352e-13,369.9020920605076,76.75468410255532,0.3334074128646759,,,348.6385668451552,2311.8880338126123,2219.412373307624,92.47551555448439,2311.8878888621084,0.00014495050380648741,0.8844353083918626,0.03752739834366457,0.03730012123807978,0.15711131643801596,116.33660200974387,0.96,771.3254727590726,740.4724538487096,30.853018910362938,0.8389429453206091,0.05149070262282694,0.05115316864820756,0.15708591029039798,116.2129006213683,0.96,770.6299348562601,739.8047374620096,30.825197394250434,0.8015637180423202,0.0625280096149906,0.06204184813656434,0.1570606663599689,116.089064214043,0.96,769.9324812467759,739.1351819969049,30.797299249871013,,,,741.002293678731,2219.412373307624,2052.956293536038,166.45604262356966,2219.412336159608,3.71480158318846e-05,0.8737854463865034,0.09444743184322413,0.0936648237568114,0.36094426645619604,185.250877907609,0.9249999470979362,554.8536143257403,513.2395638984085,41.61405042733179,0.873785446386427,0.09444743184322414,0.09366482375681139,0.3609441407773679,185.25072379172263,0.924999947097912,554.8533459229312,513.2393156258108,41.614030297120394,0.8737850324316573,0.04110212956000799,0.04031976864375793,0.3609439788781127,185.25052525993843,0.9249999470978809,554.8530001667328,513.2389958013283,41.614004365404476,0.8737841506395103,0.04110218443673447,0.04032034601061957,0.36094368649442315,185.25016671946088,0.9249999470978246,554.8523757442034,513.2384182104904,41.613957533712984,0.873000103532858,,,0.101,207.34858564713988,2052.956293536038,2052.9562684611287,2.5074909440830665e-05,63.64164509961719,0.12699989646714208,,,258.9316619665393,0.0002785748451035076,111.34061464561191,,,,45.58277613300268,0.00013928699732008664,3.495140075844098,1251.4070879002913,0.0,-0.0,0.0,121.13620610874818
105,1,106,0.08604,4.1565528430024814e-05,0.00029115156431498967,1250.5347850104474,,,,0,1.082274567037527e-13,1,2311.896400580187,2311.896400580187,1.5272175599661258e-13,369.90342409283,76.75496049926221,0.333407412864678,,,348.6400462639326,2311.896359014659,2219.4203655019555,92.47584856258167,2311.896214064537,0.00014495012188524295,0.8844901733095182,0.03740252260263792,0.03734765768498233,0.15711141852899171,116.33709723713575,0.96,771.3282549661236,740.4751247674786,30.853130198644998,0.8390146537336275,0.05132332670829266,0.05125161829527425,0.1570860111969807,116.21339376072324,0.96,770.6327099295556,739.8074015323733,30.825308397182276,0.801618557951412,0.06229435934566834,0.06223951943657651,0.15706076608373837,116.08955526607365,0.96,769.9352491688581,739.1378392021037,30.7974099667544,,,,741.0068856760007,2219.4203655019555,2052.963692040417,166.45663419368503,2219.4203262341016,3.9267854004328784e-05,0.8737879590893417,0.032549635347970646,0.032547122645132244,0.36094505535609955,185.25184553638059,0.924999950560926,554.8552977162524,513.2411229560014,41.61417476025098,0.8737879590892653,0.032549635347970646,0.03254712264513225,0.3609450051947845,185.2517840251061,0.9249999505609168,554.855190590777,513.2410238649368,41.61416672584029,0.8737877915758523,0.04072329079110147,0.04072053164690645,0.3609449391099209,185.25170298728156,0.9249999505609044,554.8550494586376,513.240893317708,41.61415614092959,0.8737874300116145,0.04072320287788158,0.04071992350577739,0.3609448169017755,185.25155312723246,0.9249999505608818,554.8547884684348,513.2406519017707,41.61413656666415,0.8730029328088053,,,0.101,207.3493328960821,2052.963692040417,2052.9636669655074,2.5074909440782462e-05,63.641874453252925,0.12699706719119477,,,258.9325886645587,0.0005823031269345946,111.34101312576024,,,,46.46235328025929,0.00029114974070273286,3.4951511397660737,1250.5347850104476,0.0,-0.0,0.0,107.59601290229891
106,1,107,0.08438,4.155689470215311e-05,0.00029695082362293925,1248.2155897855696,,,,0,1.0822814547669198e-13,1,2311.914302130142,2311.914302130142,1.5272175868249833e-13,369.90628834082275,76.75555483072071,0.3334074128652539,,,348.64322748422495,2311.9142605732472,2219.437551098944,92.47656462912272,2311.9141157280665,0.00014484518103156726,0.884347751216787,0.037330863229364485,0.03747328532209568,0.15711163784320992,116.33816104660427,0.96,771.3342314273377,740.4808621702442,30.853369257093508,0.8388700393255039,0.051257001575964196,0.05140161598408784,0.15708622818698503,116.21445416009438,0.96,770.63867711773,739.8131300330208,30.82554708470926,0.8015300177313924,0.062270438222979105,0.06235897844299872,0.15706098075380634,116.0906122775263,0.96,769.9412071829988,739.1435588956789,30.79764828731995,,,,741.016755386615,2219.437551098944,2052.979591517259,166.45792320155746,2219.4375147188166,3.6380127371325625e-05,0.8737953720016682,0.09366467905199675,0.09365726613967024,0.3609472185123229,185.25449815625694,0.9249999506192259,554.8599173556853,513.2453961545967,41.61452120108857,0.8737953720015919,0.09366467905199675,0.09365726613967024,0.36094709185473006,185.2543428394714,0.9249999506192024,554.8596468650151,513.2451459507271,41.61450091428803,0.8737949527096392,0.04078144464901865,0.040774283515231706,0.36094692722149607,185.254140954226,0.9249999506191718,554.8592952731971,513.2448207282958,41.61447454490121,0.8737940552507003,0.04078362873794949,0.040777003498863776,0.3609466275184361,185.25377343666068,0.9249999506191163,554.8586552249192,513.2442286836396,41.614426541279656,0.8737856856000327,,,0.101,207.35093874324318,2052.979591517259,2052.9795664423496,2.507490935681667e-05,63.642367337035026,0.12621431439996741,,,258.9345908426118,0.0005939016454822826,111.34187406232306,,,,48.79622268098259,0.00029694901741290274,3.4951797519635996,1248.21558978557,0.0,-0.0,0.0,105.32443146610636
107,1,108,0.08311,4.15568697475021e-05,0.0003015045283478276,1243.8568462619921,,,,0,1.0822831263067157e-13,1,2307.321322658049,2307.321322658049,1.5272175983955184e-13,369.1714116252879,76.60306791224723,0.33340741286525555,,,347.8284589724205,2307.3212811011795,2215.0282908060494,92.2928454502521,2307.3211362563015,0.0001448448775664435,0.8839407930889601,0.03725201386141062,0.03765897198923753,0.15705247213539472,116.04866413118714,0.96,769.7046948280946,738.9165070349708,30.78818779312377,0.8381174380954214,0.05103599822337168,0.051788599453454064,0.15703111889488894,115.9429098787264,0.96,769.1078386688988,738.3435251221428,30.764313546756025,0.8004076805416299,0.06186858961386647,0.06299092680362893,0.1570098518129887,115.83688496250697,0.96,768.5086027593081,737.7682586489359,30.74034411037231,,,,738.4878722502448,2215.0282908060494,2048.901023198561,166.12722836235216,2215.028251560913,3.9245136470723205e-05,0.8720587929809578,0.03254726721895347,0.034283846239663955,0.3604313087845785,184.62209072959982,0.9249999505671125,553.7572770157311,512.2254538657301,41.531823150001074,0.8720587929808814,0.032547267218953485,0.03428384623966395,0.3604312588316805,184.62202951994553,0.9249999505671032,553.7571701692269,512.2253550327139,41.53181513651307,0.8720586266570064,0.04011804400862259,0.0418543700612555,0.3604311934885701,184.62194945194125,0.924999950567091,553.7570304038801,512.2252257497682,41.53180465411186,0.8720582692087177,0.040108918579252674,0.04184470462123527,0.36043107360157817,184.62180254875824,0.9249999505670686,553.7567739720747,512.2249885503486,41.53178542172617,0.8737880537290498,,,0.101,206.93900334305465,2048.901023198561,2048.9009981236513,2.507490922176455e-05,63.51593171915538,0.12621194627095023,,,258.42017968951984,0.0006030090548775556,111.12067726649353,,,,49.39939281731094,0.0003015026890636857,3.488234481827563,1243.8568462619926,0.0,-0.0,0.0,103.37694249283417
108,1,109,0.08861,4.155678522707283e-05,7.525447667149035e-05,1251.4072868799972,,,,0,1.0822471031236711e-13,1,2307.292373481376,2307.292373481376,1.5272173886240085e-13,369.1667797570202,76.60210679958169,0.33340741286526115,,,347.8233332782474,2307.292331924591,2215.000499597511,92.29168748322968,2307.2921870807404,0.0001448438507780895,0.8838244191166565,0.03744227224155846,0.037558646213862006,0.15705212366902208,116.04694385489971,0.96,769.6949927099217,738.9071930015248,30.78779970839695,0.8380172817118008,0.05140311795975125,0.051503274343371895,0.1570307750638306,115.94120132424831,0.96,769.0981889611568,738.3342614027105,30.763927558446266,0.8003579648951228,0.06240781374290277,0.06245752938940992,0.15700951259640922,115.83518809909934,0.96,768.4990054096619,737.7590451932754,30.73996021638647,,,,738.4719395813081,2215.000499597511,2048.875293986837,166.12516710984272,2215.00046109668,3.8500831152627084e-05,0.8720484901859017,0.09365712072075752,0.09366742351581359,0.3604282076065563,184.61829004731155,0.9249999401681936,553.7506479500445,512.2193162218896,41.53133172815491,0.8720484901858253,0.09365712072075752,0.09366742351581357,0.3604280821498997,184.61813632003035,0.9249999401681679,553.7503796025975,512.2190680005031,41.53131160209452,0.8720480750676373,0.04091243495667127,0.040922986546040346,0.36042791969004007,184.61793725122044,0.9249999401681346,553.7500321064266,512.2187465665471,41.53128553987942,0.8720471882516543,0.040952490249847706,0.04096357120691105,0.3604276248427726,184.61757596274575,0.9249999401680743,553.749401437611,512.2181631978972,41.531238239713865,0.873795612060289,,,0.101,206.93640469267052,2048.875293986837,2048.8752689119274,2.507490922017585e-05,63.515134113591934,0.126204387939711,,,258.4169597255982,0.00015050895322971596,111.11929268200723,,,,41.824616435658676,7.525434132398609e-05,3.488192243691018,1251.4072868799974,0.0,-0.0,0.0,110.88719969043655
109,1,110,0.094,4.157594381792178e-05,0.00026656949029511346,1246.981083277401,,,,0,1.0822738907092097e-13,1,2307.3068191023744,2307.3068191023744,1.5272175458406573e-13,369.1690910563799,76.60258639419884,0.3334074128639834,,,347.8258909303905,2307.306777526431,2215.0143671515852,92.29226529798288,2307.306632449568,0.0001450768624739921,0.8846976465009915,0.03758066984199573,0.03670744245766079,0.15705229706258644,116.04779987087355,0.96,769.6998205485592,738.9118277266168,30.78799282194243,0.8379577997860159,0.051667005754739787,0.051726487680524624,0.15703094662630288,115.942053869831,0.96,769.1030040625417,738.33888390004,30.76412016250171,0.8000961437875754,0.06290165631501426,0.06316347742256166,0.15700968233187934,115.83603718968598,0.96,768.5038078384673,737.7636555249286,30.740152313538733,,,,738.4798952428619,2215.0143671515852,2048.8881428487525,166.12618491326387,2215.014327762016,3.938956930452364e-05,0.8720533104213776,0.034283991657811236,0.034279171422335414,0.36042968120318053,184.62009635492387,0.9249999501894549,553.7537958531624,512.2222335813967,41.531562271765665,0.8720533104213012,0.034283991657811236,0.034279171422335414,0.3604296313913899,184.62003531832062,0.9249999501894456,553.7536893079531,512.2221350270784,41.53155428087474,0.8720531443669907,0.04183288934216685,0.04182782004281348,0.36042956610633614,184.61995532164656,0.9249999501894333,553.7535496660973,512.2220058583619,41.53154380773547,0.8720527870893622,0.04166459402618165,0.04165899518847381,0.36042944607991984,184.61980824797078,0.9249999501894108,553.7532929348034,512.2217683819154,41.53152455288801,0.8720588876214312,,,0.101,206.93770242772402,2048.8881428487525,2048.888117773843,2.5074909401014228e-05,63.515532428311325,0.12794111237856876,,,258.4185562516695,0.000533138979169041,111.11997918821788,,,,46.263205032044965,0.0002665679550359429,3.4882125522990317,1246.981083277401,0.0,-0.0,0.0,117.21622182807569
110,1,111,0.10181,4.157605741247663e-05,0.00011595642187397038,1251.407170176804,,,,0,1.0822801198796119e-13,1,2315.2456911695663,2315.2456911695663,1.5272175824443647e-13,370.43931058713065,76.8661569468296,0.3334074128639758,,,349.23592774543874,2315.245649593509,2222.6356843346525,92.6098201806106,2315.245504515263,0.000145078246161669,0.89004330288546,0.03850258172884091,0.033156925344372416,0.15714601284780436,116.50407495499176,0.96,772.2652914468526,741.3746797889786,30.890611657874086,0.8460201919692515,0.05103502338120047,0.0429726311979649,0.15712690286249462,116.41204048506027,0.96,771.7490764650121,740.8791134064115,30.86996305860054,0.8062102805085792,0.06090151832531143,0.054787381604307565,0.15710785703652946,116.3198123053867,0.96,771.2311366033983,740.3818911392624,30.849245464135976,,,,742.8546709009098,2222.6356843346525,2055.9378526242203,166.6977941953099,2222.63564681953,3.751512249295169e-05,0.8750544709415992,0.0936672795540744,0.09066611903385274,0.3613218105161188,185.7139758542733,0.9249999457024201,555.6594474242887,513.9849586965038,41.67448872778492,0.8750544709415228,0.09366727955407439,0.09066611903385276,0.36132168511196083,185.71382199022364,0.9249999457023956,555.6591799133242,513.9847112488626,41.67446866446159,0.875054054711265,0.03866622989220082,0.035665319547926524,0.3613215211951976,185.71362087335427,0.9249999457023638,555.6588302474815,513.9843878079595,41.67444243952212,0.8750531605927847,0.03940469940652617,0.03640432590310359,0.3613212207005617,185.71325218305867,0.9249999457023055,555.6581892344357,513.9837948708944,41.67439436354129,0.8720487287881143,,,0.101,207.6497231150463,2055.9378526242203,2055.937827549311,2.5074909658444887e-05,63.734073431350836,0.12795127121188563,,,259.30771854201026,0.00023191284347902295,111.5023189730644,,,,48.333499453856184,0.00011595614381918792,3.5002161571871717,1251.4071701768041,0.0,-0.0,0.0,127.4057639957004
111,1,112,0.10382,4.1576005584738445e-05,8.005636224304235e-05,1251.4072696344613,,,,0,1.0822888062579997e-13,1,2319.1729825853336,2319.1729825853336,1.5272175959850243e-13,371.0676772136534,76.99654302183308,0.33340741286397924,,,349.93674853579256,2319.172941009328,2226.4058840944435,92.76691183726865,2319.1727959317127,0.00014507761534920602,0.8961058338091449,0.039296827480811876,0.03323429655712699,0.1571925754840414,116.72626947133911,0.96,773.5089501419639,742.5685921362852,30.940358005678615,0.8632270881922209,0.0638725481203226,0.04666565189735316,0.1571756055862597,116.6456214336427,0.96,773.05797682046,742.1356577476415,30.92231907281845,0.8265960406706507,0.07818902901053315,0.05780326884846169,0.15715869057643742,116.56485763081076,0.96,772.6058689692884,741.7016342105168,30.90423475877159,,,,745.0254230452097,2226.4058840944435,2059.42527859539,166.98056897586025,2226.40584757125,3.6523193721886123e-05,0.8970020199581531,0.03427931572183344,0.012331766705279546,0.36189963331468467,186.42323237908602,0.9249999414537777,556.8909824811365,515.124126191188,41.76685628994849,0.8970020199580767,0.03427931572183344,0.012331766705279551,0.36180126794577055,186.30245006155528,0.9249999414340755,556.6814843304363,514.9303404030878,41.75114392734851,0.8935849602352959,0.05387378811230831,0.03534288258827738,0.3617251305432302,186.2089732771969,0.9249999414189504,556.5192846423676,514.7803056927062,41.73897894966136,0.8874256327880329,0.05140086584712527,0.03902839365187718,0.3616288389429604,186.09076732737148,0.9249999413998244,556.3140961173096,514.5905063084077,41.72358980890188,0.8720534047240922,,,0.101,208.00195313813438,2059.42527859539,2059.42525352048,2.5074909796467083e-05,63.84218363645709,0.12794659527590785,,,259.74758398723816,0.00016011272435790427,111.6914611145124,,,,51.557095253762,8.00562379981279e-05,3.575014632939559,1251.4072696344615,0.0,-0.0,0.0,129.92110273344977
112,1,113,0.12198,4.154290592499689e-05,0.00015802529500993497,1251.406704675393,,,,0,1.0822914287948469e-13,1,2324.0225018810766,2324.0225018810766,1.527217626469694e-13,371.84360030097224,77.15754706245174,0.3334074128661869,,,350.80526529018556,2324.0224603381707,2231.0614230362776,92.96089262651158,2324.022315662789,0.00014467538151755069,0.8676698242926558,0.029546619626323274,0.05798262914281227,0.1572596564577812,117.0414864358133,0.96,775.2669551987123,744.2562769907638,31.010678207948466,0.8234448936106644,1.2073140582717533e-05,0.03979426772213929,0.15723689649677372,116.9351635283003,0.96,774.6748042126741,743.6878120441671,30.986992168507033,0.7954661112804782,6.716149085110329e-06,0.03113664553925768,0.15721422443112726,116.82861532607195,0.96,774.0805562514025,743.1173340013465,30.96322225005608,,,,747.7118676075537,2231.0614230362776,2063.731668088352,167.3297196838812,2231.061387772233,3.5264044563359364e-05,0.9021978134872863,0.09066597632394857,0.08547018279481533,0.36251078267737386,187.17404938881987,0.9249999482230818,558.1912171041105,516.3268469198812,41.86437018422928,0.9021978134872098,0.09066597632394856,0.08547018279481533,0.36236830613639875,186.9989524086111,0.9249999481962974,557.8883073645848,516.046655411561,41.84165195302381,0.8870040178837834,3.015781068739215e-06,0.006583958132581315,0.3622552090215899,186.85998733129563,0.9249999481754443,557.6477671065768,515.8241556737358,41.82361143284105,0.8805675379392874,1.6761806655282345e-06,0.006859771029410893,0.36210778499881446,186.67887847882713,0.9249999481477713,557.3340961969609,515.5340100831738,41.80008611378705,0.875054707954218,,,0.101,208.43689847692355,2063.731668088352,2063.7316430134424,2.5074909605391897e-05,63.97568171073891,0.124945292045782,,,260.290714192253,0.0003160505895204301,111.9250071026688,,,,55.5478007751543,0.00015802484570229077,3.571967182797567,1251.4067046753933,0.0,-0.0,0.0,152.64658983630446
113,1,114,3.78877,4.1168916587867986e-05,2.9806387833703116e-05,8.500226989118396e-06,,,,0,1.0821744345855565e-13,1,98.23004115496535,98.23004115496526,1.527213817745354e-13,15.716806584794455,3.2612373663448495,0.3334074128911306,,,22.69857852961641,98.22999998604868,94.3006653602219,3.929194390009247,98.22985975023113,0.00014023581754645707,0.24400340206121177,0.019674569957534884,0.643340992188979,0.24069886960833997,22.69397240363656,0.96,98.21215457134133,94.28366838848767,3.928486182853654,2.927495703519791e-05,5.129165547573637e-06,0.8234207478191767,0.27099629360477173,0.0029043685063220048,0.96,0.011163930770080531,0.010717373539277309,0.0004465572308032217,1.6180858267783044e-05,2.7492038004968247e-06,0.7954526796260109,0.27099782831585056,0.001701757473526739,0.96,0.0065412481197363315,0.006279598194946877,0.00026164992478945387,,,,17.800393368066633,94.3006653602219,86.1399181882235,8.160716344149595,94.30063453237311,3.0827848797322116e-05,0.09066658829207037,3.2736919933618166e-07,0.8115315525644153,0.20664566687264735,8.899626808577718,0.9134615488218993,47.14712573112428,43.06708649285361,4.080039238270668,0.09066658829199392,3.2736919933291196e-07,0.8115315525644153,0.2066455105296958,8.899544465281826,0.9134608772237846,47.146759838424614,43.06672060026644,4.0800392381581725,7.665745857973933e-06,1.6353220588584675e-06,0.8869979874599841,0.20023261729697034,0.0007858638600312816,0.907303750263002,0.004325733769023978,0.0039247544712745774,0.0004009792977494007,4.2625176692387675e-06,9.104936563203619e-07,0.8805641859152746,0.19952533499911623,0.0004362303470567981,0.9022426615022959,0.0024232290551804894,0.0021863406321748343,0.00023688842300565485,0.9093336963068521,,,0.101,8.700131737010574,86.1399181882235,86.13989311322726,2.507499624370546e-05,2.6703374638349286,0.0906663036931479,,,12.090007805920624,5.9612775649637826e-05,5.198703356545868,,,,49.19918455363022,2.9806369784966532e-05,0.1813451048475915,8.500226987423662e-06,0.0,0.0,0.0,3.22054050095621e-05
114,1,115,5.01894,4.031651166318735e-05,3.4901738548648816e-05,5.826392825842063e-06,,,,0,1.0821212526154061e-13,1,45.55832143410044,45.55832143410037,1.5272075228304468e-13,7.289331429456071,1.5125362716121349,0.3334074129479829,,,11.21291492526827,45.558281117588706,43.735824294429875,1.8223260122679152,45.55815030669779,0.0001308108909152261,0.11533099491932915,0.023681895983707575,0.1523543031255902,0.25637444510125845,11.209815654634756,0.96,45.54623727142252,43.724387780565614,1.8218494908569045,2.035191056531755e-05,6.30318969048717e-06,1.522623616036753e-05,0.27099743328964265,0.0020113034892761464,0.96,0.007731098320366981,0.007421854387552301,0.00030924393281467935,1.0468281899411995e-05,3.063958848115247e-06,8.776535216486294e-06,0.2709986116011108,0.0010879671442385304,0.96,0.0041819369549019395,0.004014659476705862,0.00016727747819607786,,,,8.31564918068891,43.735824294429875,40.45538538151421,3.280406320342903,43.73579170185712,3.2592572757125706e-05,0.035410995197014426,0.010189488027991238,0.0654450811230472,0.20556032116859962,4.170693929435814,0.9249981630835672,21.93452136297242,20.28939196886675,1.6451293941056695,0.03541099519693791,0.010189488027991217,0.06544508112304721,0.2055439249927578,4.1432214238908305,0.924998150708912,21.79177638627737,20.157352857968704,1.6344235283086646,1.0601630472326136e-05,5.39180458505839e-06,2.455919970706007e-06,0.20095392327689723,0.0011163800383914705,0.9120547907932952,0.00609108477542333,0.0055554030505522425,0.0005356817248710883,5.9044971043409406e-06,3.000245157021058e-06,1.3582657219189251e-06,0.20013516296195452,0.0006174473238739897,0.9066328110910127,0.0034028678319074695,0.003085151628209838,0.0003177162036976321,0.9898101846028093,,,0.101,4.085993923532936,40.45538538151421,40.45536030640573,2.5075108486104417e-05,1.2541169468269406,0.010189815397190573,,,5.102830316803877,6.9803477072935e-05,2.1942170362256674,,,,23.614656908313023,3.490168697720734e-05,0.07083849652152902,5.826392819380751e-06,0.0,0.0,0.0,2.9242316009331762e-05
115,1,116,2.52611,4.05935947942224e-05,4.984180945416012e-05,1.2384992721803118e-05,,,,0,1.0821217399818914e-13,1,45.92016811780595,45.92016811780587,1.527207557265038e-13,7.347226898848952,1.5245495815111574,0.33340741292950243,,,11.297059839274686,45.92012752421108,44.083194000570465,1.8367997500237734,45.919993750594244,0.00013377361683289423,0.1184293712218228,0.04474389346440969,0.04164551716191603,0.25626260189488204,11.293641898346666,0.96,45.90685579475781,44.07058156296749,1.836274231790316,2.0200653959190426e-05,4.985131606090099e-06,5.13638821221722e-06,0.27099720852538256,0.0021874305769602363,0.96,0.008408106969314015,0.008071782690541455,0.00033632427877256025,9.963652284506388e-06,2.4649101774217753e-06,2.9695397923273787e-06,0.2709984296955229,0.0012305103510596126,0.96,0.004729848867121581,0.004540654912436717,0.00018919395468486316,,,,8.382431903853687,44.083194000570465,40.77670341317655,3.3064578119105437,44.08316122508709,3.277548337731656e-05,0.03671008529272594,0.026517175954002256,0.025218085858290752,0.20557135022435086,4.189134104090889,0.9249982664320917,22.03031749635406,20.378005493076085,1.6523120032779754,0.036710085292649366,0.02651717595400224,0.025218085858290766,0.2055707980146913,4.1884214927368655,0.924997579892832,22.026645447526167,20.374593732119173,1.6520517154069947,2.8566864720150818e-05,1.997889651675762e-05,2.01366226893361e-06,0.20252531102333504,0.003216103299568704,0.9213432280475057,0.017235712201869844,0.015880006717768503,0.0013557054841013439,1.5049468810703326e-05,1.0288543645523154e-05,1.1435719391616155e-06,0.20186857185746107,0.0016602037263644264,0.9176142754314665,0.008962569004995822,0.008224181263523747,0.0007383877414720758,0.9632933360180065,,,0.101,4.118447044730831,40.77670341317655,40.776678338052044,2.507512450435237e-05,1.264077805808473,0.036706663981993494,,,5.143356006137146,9.968361885863613e-05,2.2116430826389726,,,,23.798075928294907,4.984170509237964e-05,0.07346378691890616,1.2384992719655491e-05,0.0,0.0,0.0,3.1285853964474075e-05
116,1,117,0.75581,4.624800662000121e-05,3.219809998669724e-05,227.78300806442448,,,,0,1.082138494236418e-13,1,550.9049083039623,550.9049083039622,1.527208680804632e-13,88.14478532863396,18.290042955691547,0.33340741255237405,,,84.95578659863821,550.9048620559556,528.8684524766569,22.036185519860716,550.9046379965175,0.0002240594380288414,0.654579108860669,0.5579465195651734,0.02179678192632717,0.16063562185460484,84.95413193399142,0.96,550.8982777888394,528.8623466772859,22.03593111155359,1.0744875531678233e-05,2.227145839807381e-06,1.1682924267319575e-05,0.2709986396924494,0.001065954457234164,0.96,0.0040973239848942486,0.003933431025498479,0.00016389295939577006,5.629336188726215e-06,1.230012871226901e-06,5.564328967007074e-06,0.27099924872383774,0.0005887101895668863,0.96,0.002262883693171279,0.002172368345444428,9.051534772685123e-05,,,,121.20439804591486,528.8684524766569,483.1013284901931,45.76708602395942,528.8684145141525,3.7962504409841823e-05,0.5084929465968185,0.4819751507436928,0.010192289439600257,0.250891462249472,60.59938512714037,0.9134620794422403,264.4184844871355,241.5362586825846,22.882225804550934,0.5084929465967418,0.4819751507436928,0.010192289439600275,0.25089094485111196,60.59886486839785,0.9134615638031027,264.4169089487872,241.53468314434176,22.882225804445437,3.51708774393334e-05,1.0914479281954755e-05,4.310466562772511e-06,0.20251998102481744,0.003950751084639111,0.9213114994385053,0.02117411649319806,0.019507957015633848,0.00166615947756421,1.9841069937358437e-05,7.0753300390360074e-06,2.2837289123813674e-06,0.20198167330629344,0.0021972992920023474,0.9182697212150062,0.011846961736573146,0.010878706251087842,0.0009682554854853033,0.491507673302305,,,0.101,48.793234177509504,483.1013284901931,483.1013034152735,2.5074919610767694e-05,14.976141183195987,0.5084923266976951,,,67.80338082925093,6.439619995266013e-05,29.1554537565779,,,,27.170507351938163,3.2198061841118285e-05,1.0170409051409373,227.78300806442442,0.0,0.0,0.0,172.16067532517266
117,1,118,0.154,4.625420421793091e-05,2.5638981995112986e-05,227.78409300433532,,,,0,1.0821437180691448e-13,1,551.3933615428597,551.3933615428597,1.5272089955476268e-13,88.22293784685756,18.30625960322294,0.3334074125519607,,,85.01331740953648,551.3933152886555,529.3373674403274,22.055723643346948,551.3930910836743,0.00022420498104059575,0.7398545681785307,0.12172125495972068,0.03644579564185902,0.16060210339325603,85.0117885931214,0.96,551.3872146140687,529.3317260295061,22.055488584562724,9.896228124035575e-06,3.693230125453931e-06,4.541877533096588e-06,0.2709987568300255,0.0009741641226680306,0.96,0.0037444979686099976,0.0035947180498655975,0.0001497799187444002,5.383193192839352e-06,2.051276500089283e-06,2.2974194959761427e-06,0.27099929218650287,0.000554652292417777,0.96,0.0021319716370485292,0.0020466927715665877,8.527886548194133e-05,,,,121.34308564319794,529.3373674403274,483.5294077791761,45.80792304239827,529.3373308215744,3.6618753072372176e-05,0.5089464672826464,0.02697079187169581,0.026517271185867917,0.2509559222751386,60.66858202940277,0.9134614825664924,264.65259463804983,241.7499514631419,22.902643174907897,0.5089464672825698,0.026970791871695814,0.02651727118586791,0.2509558184710534,60.66847763502883,0.9134613792409433,264.652278647163,241.74963547229592,22.90264317486703,3.510341847002022e-05,1.3056743063231244e-05,1.3124202032544425e-05,0.20230304371433366,0.0038834584261363833,0.9200991538955297,0.020863233177933642,0.019196243194541877,0.0016669899833917652,1.9772845256060043e-05,7.000493745141156e-06,7.068718426439555e-06,0.20165655465229976,0.0021425203402010064,0.916363870722496,0.011594303183658604,0.010624600543707539,0.0009697026399510645,0.4910540573846114,,,0.101,48.83647018569678,483.5294077791761,483.5293827042565,2.5074919597631514e-05,14.98941164115446,0.5089459426153886,,,67.86375463362226,5.127796397707882e-05,29.181414492457574,,,,27.408857151041982,2.5638958018315798e-05,1.0179478108289421,227.78409300433532,0.0,0.0,0.0,35.07875032266764
118,1,119,0.12052,4.33488624592525e-05,0.0002079241251981053,1044.95936298779,,,,0,1.0821692210101031e-13,1,2021.3709299944478,2021.3709299944476,1.527216372636584e-13,323.4193487991116,67.10951487581566,0.33340741274573626,,,302.34430300883656,2021.3708866455852,1940.5158887208,80.85482869669994,2021.3707174175,0.00016922808519255847,0.8224483965863124,0.1253829790584017,0.04278915065061991,0.15579767944133427,100.90450632802899,0.96,674.6497196562142,647.6637308699657,26.985988786248534,0.746256635330226,0.7462487652280326,2.026125930667323e-06,0.15580602846057617,100.78147220335708,0.96,673.7910031407652,646.8393630151345,26.9516401256306,0.7012106315477044,0.7012063431686474,1.094814135870024e-06,0.15581475364259006,100.65832447745045,0.96,672.9299946205207,646.0127948356999,26.917199784820806,,,,592.1765936207698,1940.5158887208,1794.977030129548,145.53881906087517,1940.515849190423,3.9530376915732284e-05,0.763984242261893,0.25503832828924644,5.533099998091957e-07,0.32990795909972537,148.04454992321652,0.9249999328161209,485.1297741964069,448.7450085387763,36.384765657630616,0.7639842422618165,0.25503832828924644,5.533099997696289e-07,0.32990778660174874,148.04434778046385,0.9249999328160661,485.12936544943886,448.74463044783175,36.384735001607154,0.7639835850641306,0.7639546419694165,6.160323755954131e-06,0.3299075631091747,148.0440858794716,0.9249999328159951,485.1288358665343,448.74414058364613,36.38469528288815,0.7639821780209853,0.7639659844808878,3.5793051586509466e-06,0.3299071570505022,148.04361003761778,0.9249999328158661,485.127873678043,448.74325055929376,36.384623118749246,0.7179908798390578,,,0.101,181.29268004308435,1794.977030129548,1794.977001422351,2.8707197027551827e-05,55.644287934015985,0.2820091201609422,,,226.39375934401167,0.00041584824953156183,97.34931651792502,,,,30.854837457275515,0.00020792272448382683,3.0559342476088256,1044.95936298779,0.0,0.0,0.0,125.93850242728846
119,1,120,0.11633,4.334882813842929e-05,0.00021541317450780848,1046.894905031385,,,,0,1.0821580740038382e-13,1,2021.3788276052378,2021.3788276052376,1.5272161536910249e-13,323.420612416838,67.10977707649388,0.33340741274573854,,,302.3454335719201,2021.3787842564095,1940.5234704276934,80.85514460115392,2021.3786150288472,0.0001692275621399377,0.8530449028152081,0.07117105691774618,0.04057455068885051,0.15579765438721363,100.90488385100619,0.96,674.6523522751605,647.6662581841541,26.98609409100643,0.8049339084133597,0.05868120813667416,3.935053540448288e-06,0.1558060023267631,100.78184905599525,0.96,673.7936356680967,646.8418902413729,26.951745426723853,0.7498146556408936,0.048606168298005514,2.1442048163585667e-06,0.15581472642597224,100.6587006649187,0.96,672.93262708559,646.0153220021664,26.917305083423642,,,,592.1803386198687,1940.5234704276934,1794.9840344406225,145.53939461720694,1940.5234290578292,4.1369864088198546e-05,0.7639866467578181,0.026968010518026827,0.026965606022101664,0.32990863761633094,148.04534496344604,0.9249999291749208,485.1313836251012,448.74649549374993,36.38488813135126,0.7639866467577416,0.02696801051802684,0.026965606022101653,0.329908527323052,148.0452157154965,0.9249999291748839,485.13112227754834,448.7462537472641,36.38486853028419,0.7639862487656857,2.1543357726809726e-05,1.8879656171736097e-05,0.329908382301878,148.04504577145195,0.9249999291748354,485.1307786396831,448.7459358822396,36.38484275744347,0.7639853929940895,1.3546627292839724e-05,1.0331654188660902e-05,0.3299081146906141,148.04473216947417,0.9249999291747458,485.1301445154968,448.7453493173687,36.38479519812804,0.7179936611927266,,,0.101,181.29338747850286,1794.9840344406225,1794.984004279848,3.0160774400006742e-05,55.644505067659296,0.2820063388072732,,,226.39465409782764,0.0004308263480875603,97.34970126206589,,,,28.924900878429266,0.00021541157073158131,3.0559449352753347,1046.8949050313852,0.0,0.0,0.0,121.78528430230101
120,1,121,0.11178,4.280395236801257e-05,0.00022418133187416395,1142.281147937912,,,,0,1.0821620650018971e-13,1,2150.859712972753,2150.859712972753,1.5272167844195294e-13,344.13755407564054,71.40854247069541,0.3334074127820797,,,321.74699619256126,2150.8596701688007,2064.825128594647,86.03438035811043,2150.859508952758,0.00016121604298555532,0.8599896969690441,0.05074538279607162,0.043800588642235606,0.1558315389268922,107.37536444447377,0.96,717.7580272479249,689.0477061580078,28.710321089917056,0.805084205264344,0.07093432513947122,0.0707840282884869,0.15582277939244257,107.24907230360475,0.96,716.9541198352334,688.2759550418241,28.678164793409373,0.7557648888804261,0.09028205088314868,0.08433181764361602,0.15581429935062138,107.12255944448272,0.96,716.1473618695995,687.5014673948154,28.645894474784004,,,,655.7723230595225,2064.825128594647,1909.963085666208,154.86200416816448,2064.825089834372,3.876027501219453e-05,0.8129243674597635,0.20904664141538157,0.16010892071343624,0.34334317375932843,163.94337141369846,0.9249999407066192,516.2068219513712,477.49127969737077,38.715542254000475,0.8129243674596871,0.2090466414153816,0.16010892071343621,0.3433430498442591,163.94322333323223,0.9249999407065881,516.2065419946612,477.4910207374144,38.71552125724674,0.8129239375270076,0.10805133779485888,0.05911364903353686,0.34334289135125595,163.94303393162772,0.9249999407065482,516.2061839171391,477.4906895157072,38.71549440143191,0.8129230254141364,0.10805240762440017,0.05911477520435329,0.34334260721204796,163.94269438096407,0.9249999407064767,516.2055419712008,477.4900957157154,38.71544625548535,0.7639853480665917,,,0.101,192.90627165228702,1909.963085666208,1909.9630583981893,2.7268018547510913e-05,59.20885565565244,0.2360146519334084,,,240.89649335852098,0.00044836266274318244,103.58549214416402,,,,28.14511551045326,0.00022417954674293947,3.251695697860595,1142.2811479379125,0.0,-0.0,0.0,127.68418671649981
121,1,122,0.11143,4.2803936273088054e-05,0.00022488547974380284,1142.5392669493795,,,,0,1.0821607978469173e-13,1,2150.8640524568236,2150.8640524568236,1.5272168101238893e-13,344.1382483930918,71.40868654156655,0.3334074127820808,,,321.74767730691525,2150.8640096528875,2064.8292944995897,86.03455393748298,2150.8638484370726,0.0001612158146694856,0.864487550746271,0.04572142590587914,0.04122357212865218,0.15583155496671747,107.37559189122534,0.96,717.7594737520444,689.0490948019626,28.710378950081804,0.8066463745631304,0.05773467968566933,0.056172510386883,0.1558227948763116,107.24929934160528,0.96,716.955566328949,688.277343675791,28.678222653157935,0.7571938005761617,0.07054782748640888,0.06911891579067332,0.15581431427660392,107.12278607408463,0.96,716.1488083560795,687.5028560218362,28.645952334243237,,,,655.7745246608763,2064.8292944995897,1909.9669356582435,154.8623177368962,2064.82925339514,4.110444962339175e-05,0.8129254611690805,0.026966482970696343,0.026965389261379414,0.34334351576718936,163.94378009261484,0.9249999400763065,516.2075949062759,477.49199435523946,38.7156005510364,0.8129254611690041,0.026966482970696357,0.0269653892613794,0.343343454165294,163.94370647733587,0.9249999400762908,516.2074557315785,477.49186561864474,38.715590112933825,0.8129252431746727,0.052321548257786184,0.0523202426101211,0.34334337277504906,163.943609214664,0.9249999400762702,516.2072718498116,477.49169552801067,38.715576321800974,0.8129247719042644,0.052321907513472626,0.05232016102334461,0.3433432218662887,163.9434288762616,0.9249999400762318,516.2069309074737,477.4913801563487,38.715550751124994,0.7639868756139221,,,0.101,192.9066605014826,1909.9669356582435,1909.966908125688,2.7532555659479976e-05,59.20897500540555,0.2360131243860779,,,240.8969831153209,0.0004497709584761361,103.58570273958797,,,,27.890270176333036,0.0002248836669622828,3.2517009374170214,1142.5392669493797,0.0,-0.0,0.0,127.31315051616936
122,1,123,0.11125,4.223900071106818e-05,0.00022522283388654734,1249.5261546289926,,,,0,1.0821645406127382e-13,1,2288.6384832428485,2288.6384832428485,1.527216828470363e-13,366.18215731885573,75.98279764366256,0.33340741281975994,,,344.54487156737883,2288.6384410038477,2197.0927560188943,91.54553150078739,2288.638287519682,0.00015348416559454031,0.8762883991151548,0.048103861624483976,0.036303013255600265,0.1568407481354149,114.96685689043271,0.96,763.5588583854751,733.016504050056,30.54235433541903,0.8297552375252872,0.07069361337747443,0.0475847504153176,0.15681848015312266,114.84838736796124,0.96,762.8803488263135,732.3651348732609,30.515213953052562,0.7926239141259065,0.0906357732233218,0.055205659673577,0.15679634302230197,114.72962730898487,0.96,762.1990803078933,731.7111170955774,30.4879632123158,,,,728.2613847289795,2197.0927560188943,2032.310649040359,164.782068995486,2197.092718035845,3.79830493842721e-05,0.864997962208361,0.16010889934079148,0.1080363983015109,0.3583417605227011,182.06558131528962,0.9249999475931477,549.2735938461715,508.07804552200855,41.195548324162964,0.8649979622082846,0.16010889934079145,0.1080363983015109,0.3583416632488821,182.0654624853036,0.9249999475931284,549.2733844512826,508.07785183173667,41.19553261954595,0.86499763897153,0.08472633378669887,0.03265393798984159,0.35834153769817756,182.06530911221492,0.9249999475931034,549.2731141865268,508.0776018368379,41.19551234968879,0.8649969498272598,0.08472636495056503,0.032654187027569614,0.35834131070449193,182.0650318161713,0.9249999475930584,549.2726255518644,508.0771498497761,41.195475702088295,0.8129246176885121,,,0.101,205.2633755530763,2032.310649040359,2032.3106232636312,2.5776728000889852e-05,63.001630120251136,0.18707538231148782,,,256.32770649505164,0.0004504456667585882,110.22091379287221,,,,28.544152888942676,0.00022522105732495243,3.459990513215436,1249.5261546289928,0.0,-0.0,0.0,139.00978470247543
123,1,124,0.11124,4.223898878478363e-05,0.00016626270283744574,1251.4067546863512,,,,0,1.0821524460635151e-13,1,2288.640984167995,2288.640984167995,1.5272168136631441e-13,366.1825574668792,75.98288067437743,0.3334074128197607,,,344.54530788428974,2288.640941929006,2197.0951569071976,91.54563153780002,2288.640788444998,0.00015348400812223114,0.8803686025210823,0.04205826023696652,0.03797805683103895,0.15684077559172055,114.96700236051872,0.96,763.5596908656368,733.0173032310113,30.542387634625484,0.8336318644152374,0.05666439399023802,0.052787767100287805,0.15681850737731381,114.84853280700462,0.96,762.8811824664576,732.3659351677993,30.51524729865836,0.794945229167819,0.06738690177807372,0.06506558673616133,0.15679637001268326,114.72977271676639,0.96,762.1999151129035,731.7119185083873,30.487996604516177,,,,728.2627445163544,2197.0951569071976,2032.3128651082443,164.78225163290568,2197.09511674115,4.016604775879423e-05,0.8649985661927415,0.026965516693844768,0.0269649127094643,0.3583419607330324,182.0658258161758,0.9249999463485817,549.2740253331126,508.07844396379875,41.19558136931391,0.8649985661926651,0.026965516693844768,0.0269649127094643,0.35834190402962063,182.06575654709715,0.9249999463485704,549.2739032715267,508.07833105683204,41.19557221469468,0.8649983753968088,0.045456723185219323,0.04545598675994051,0.3583418293738688,182.06566534738832,0.9249999463485554,549.2737425651245,508.07818240341044,41.19556016171409,0.8649979637347456,0.04545705572574845,0.04545604181826269,0.35834169140622496,182.06549680569316,0.9249999463485277,549.273445571386,508.077907684203,41.19553788718301,0.8129255839653639,,,0.101,205.2635993759327,2032.3128651082443,2032.3128394593361,2.564890821971587e-05,63.00169881835557,0.18707441603463623,,,256.32799122465065,0.00033252540512202573,110.2210362265998,,,,26.665395878333552,0.00016626166644769845,3.459993471516961,1251.4067546863512,0.0,-0.0,0.0,139.2064873913097
124,1,125,0.11167,4.165401861799681e-05,0.0001383045339743793,1251.407028949563,,,,0,1.0821697206884724e-13,1,2292.2252620902736,2292.2252620902736,1.5272169398396254e-13,366.7560419344438,76.10187870139708,0.33340741285877606,,,345.1715001536904,2292.225220436255,2200.5360714281023,91.68900297617101,2292.225074404273,0.0001460319815675721,0.8811844739843592,0.039024512595056016,0.03820864113177919,0.15687951027306396,115.17079040793416,0.96,764.7242978585549,734.1353259442127,30.588971914342256,0.8342619183701973,0.053073948757863657,0.052443894802903776,0.15685786077210834,115.05724112373002,0.96,764.0757833064263,733.5127519741692,30.563031332257093,0.7956960029785614,0.06421083628240064,0.06346006247165817,0.15683633739434838,114.94346862202619,0.96,763.4249932392923,732.8879935097207,30.536999729571672,,,,730.2172110570804,2200.5360714281023,2035.4957136762744,165.04031999408613,2200.5360336703607,3.775774170957977e-05,0.866353600393861,0.10803633470901,0.10668130050789056,0.35874190315103544,182.55454003650158,0.9249999466181317,550.1344257665002,508.8743144668091,41.26011129969102,0.8663536003937845,0.10803633470901002,0.10668130050789056,0.3587418061489516,182.5544214689722,0.9249999466181125,550.1342172128016,508.87412155463863,41.260095658162975,0.8663532760541508,0.043417401284925466,0.04206250062758348,0.3587416794508858,182.55426660349292,0.9249999466180875,550.1339448128871,508.8738695847184,41.260075228168624,0.8663525796507962,0.04341742181167981,0.04206280589562921,0.3587414473875651,182.55398294811363,0.9249999466180417,550.1334458781716,508.87340807010816,41.26003780806352,0.8649981485971452,,,0.101,205.58506708130372,2035.4957136762744,2035.4956886013647,2.507490969447844e-05,63.1003671239645,0.13500185140285478,,,256.72942745692734,0.0002766090675661957,110.39365380647877,,,,29.567164256112772,0.00013830388722994071,3.4654130564925927,1251.4070289495635,0.0,-0.0,0.0,139.7446229227977
125,1,126,0.11198,4.1654011731499965e-05,0.00022377886562445541,1231.5935543262574,,,,0,1.0822831828217463e-13,1,2292.261570241348,2292.261570241348,1.5272175977267895e-13,366.76185123861575,76.10308413201277,0.33340741285877656,,,345.17785261675886,2292.2615285873367,2200.5709272532217,91.69045530221759,2292.2613825554395,0.0001460318969291456,0.8818192426690639,0.038528551166388376,0.037893782481683666,0.15687991719695202,115.17291629549607,0.96,764.7364299507938,734.1469727527619,30.589457198031752,0.8348919516547323,0.05275877632599254,0.05212874304145757,0.15685826295856475,115.05935860576761,0.96,764.0878860129608,733.5243705724423,30.56351544051846,0.7961113377210508,0.06389787819929008,0.06348254345680064,0.15683673484949895,114.94557771549515,0.96,763.437066591685,732.8995839280177,30.537482663667376,,,,730.2370299403402,2200.5709272532217,2035.527959947622,165.0429283366123,2200.5708882842337,3.896898799787205e-05,0.8663669742519852,0.02696499123135534,0.026951617373231117,0.35874587522313955,182.5593953543584,0.9249999492335159,550.1429645711462,508.8822142994861,41.26075027166004,0.8663669742519088,0.026964991231355345,0.026951617373231106,0.3587458189136365,182.55932652575706,0.924999949233505,550.1428435076485,508.882102315751,41.26074119189755,0.8663667858567377,0.04273350329863527,0.04271999349604839,0.3587457452928573,182.55923653713208,0.9249999492334909,550.1426852254716,508.88195590473765,41.260729320733994,0.8663663810975218,0.04273382569528693,0.04272002424856125,0.3587456102928618,182.55907152309263,0.924999949233465,550.1423949799679,508.8816874276472,41.260707552320746,0.8649986740596346,,,0.101,205.58832395470984,2035.527959947622,2035.5279348727124,2.507490969560472e-05,63.10136675837628,0.13500132594036535,,,256.7334893367395,0.0004475577302473712,110.39540041479798,,,,49.41032352214736,0.0002237778526375458,3.4654671154581536,1231.5935543262574,0.0,-0.0,0.0,137.9138462134543
126,1,127,0.10432,4.163900617164936e-05,0.00013187666690706257,1251.4070970125533,,,,0,1.0822430237601942e-13,1,2306.4209829324022,2306.4209829324022,1.5272173654067463e-13,369.02735726918434,76.57317663335576,0.3334074128597773,,,347.6691054883613,2306.420941293396,2214.163963627932,92.25683181783069,2306.420795445763,0.0001458476331987195,0.8831991366200144,0.03864752058497847,0.03726762663402793,0.15704194504030478,115.99661416366303,0.96,769.4110410426089,738.6345994009044,30.77644164170442,0.8373662257126615,0.053343435477668656,0.0508691614197394,0.15702047921786397,115.88995489476903,0.96,768.8086523280116,738.0563062348912,30.752346093120494,0.7998232703518746,0.06511890528957756,0.06140697265875377,0.15699900515073675,115.78253642992924,0.96,768.2011020751423,737.4730579921367,30.728044083005766,,,,737.992829839743,2214.163963627932,2048.1015130515316,166.06241272099058,2214.1639257725224,3.785540952781178e-05,0.8717189097408254,0.10668122354912198,0.10132928806028169,0.36033039550570517,184.498445777741,0.9249999465766892,553.5413976356937,512.0257632410026,41.51563439469113,0.8717189097407491,0.10668122354912196,0.1013292880602817,0.36033029836170627,184.49832676018187,0.9249999465766703,553.5411897863669,512.025570980376,41.51561880599101,0.8717185863653029,0.04481413152986855,0.03946233102130332,0.3603301713986858,184.49817120938613,0.9249999465766455,553.5409181361607,512.025319703936,41.5155984322247,0.8717178917636919,0.044814148757594256,0.03946263809142421,0.3603299386816572,184.49788609243404,0.9249999465766002,553.540420214301,512.0248591262173,41.51556108808373,0.8663537852195227,,,0.101,206.85825281820473,2048.1015130515316,2048.1014879766217,2.507491003474416e-05,63.49114690459748,0.1336462147804773,,,258.3193491081472,0.000263753333466296,111.07732011650329,,,,41.11348676375592,0.00013187624407137846,3.4868742976105693,1251.4070970125535,0.0,-0.0,0.0,130.54678836034955
127,1,128,0.08887,4.163885824212617e-05,0.0002519119012258002,1251.4050265680917,,,,0,1.0822539057627823e-13,1,2308.8762013494725,2308.8762013494725,1.527217470421165e-13,369.42019221591556,76.65468988480248,0.3334074128597872,,,348.10398491450906,2308.876159710614,2216.5209733102038,92.35504055459185,2308.8760138647954,0.00014584581847926066,0.8840115446165265,0.03809767266713359,0.03728526467062147,0.1570745138760625,116.15711018151114,0.96,770.3158633887824,739.503228853231,30.81263453555136,0.8383502754189879,0.05222038563461369,0.051236335928287254,0.15704961333193623,116.0345456531785,0.96,769.6250619430799,738.8400594653567,30.78500247772317,0.8007675822049907,0.0632741438610271,0.062329832007911055,0.15702497032471735,115.9123290798194,0.96,768.9350885329333,738.1776849916159,30.757403541317327,,,,739.3433270407909,2216.5209733102038,2050.2817536302878,166.23918084334485,2216.520934473632,3.883657177047736e-05,0.8726465192383107,0.026951694944998363,0.026024085447513123,0.3606058327861496,184.83597055366496,0.924999950030801,554.1304757039253,512.5706623366749,41.55981336725035,0.8726465192382343,0.02695169494499836,0.026024085447513126,0.3606057762333916,184.83590123918415,0.9249999500307905,554.1303548046726,512.5705505048663,41.55980429980622,0.8726463311428714,0.041930147731113386,0.04100240295354496,0.36060570232147454,184.83581064827655,0.9249999500307766,554.1301967947425,512.5704043456813,41.55979244906126,0.8726459271186146,0.041930444960474184,0.041002409605551515,0.3606055668445996,184.8356445996652,0.9249999500307512,554.129907170292,512.5701364430649,41.559770727227026,0.8663670815058796,,,0.101,207.07845711665908,2050.2817536302878,2050.2817285553774,2.5074910128821006e-05,63.55873436253892,0.13363291849412032,,,258.594326948277,0.0005038238011824084,111.19556058775912,,,,43.121498239569775,0.00025191043022239286,3.4905852967380313,1251.4050265680917,0.0,-0.0,0.0,111.21236471110632
128,1,129,0.07151,4.1579693864309606e-05,0.00035019069291281546,1250.8883206244682,,,,0,1.0822749891217228e-13,1,2312.5079564042244,2312.5079564042244,1.527217563739765e-13,370.00127302467587,76.77526415262025,0.33340741286373327,,,348.7487231193744,2312.5079148245304,2220.0074589139163,92.50031078807983,2312.507769701996,0.00014512253442185605,0.884471596885537,0.037687803401335346,0.0372277511323249,0.15711728326796118,116.36552160483993,0.96,771.4879132600569,740.6283967296546,30.859516530402285,0.8390499768610177,0.0517234870838138,0.05102378564178409,0.15709343354171604,116.24962713618947,0.96,770.8365580286485,740.0030957075026,30.83346232114591,0.8017538141501084,0.06283296676397593,0.06184673481885825,0.15706971776778125,116.13357437834496,0.96,770.1832984132906,739.3759664767589,30.80733193653164,,,,741.3440476277236,2220.0074589139163,2053.506756804266,166.50066528382942,2220.0074220880956,3.6825820627693925e-05,0.8740194940993629,0.1013292111519156,0.09995623629086343,0.3610138813428843,185.3362490088349,0.9249999510690181,555.0022683216025,513.3770710406764,41.62519728092617,0.8740194940992865,0.1013292111519156,0.09995623629086343,0.3610137841819734,185.3361298514072,0.9249999510690001,555.0020608660399,513.3768791442811,41.625181721758736,0.8740191726968736,0.0414825711361272,0.04010972958212493,0.3610136580020958,185.3359751053566,0.9249999510689769,555.001791449808,513.3766299342669,41.62516151554116,0.8740184851159276,0.041482696298240106,0.04011013830092704,0.3610134285133191,185.33569366212498,0.9249999510689345,555.0013014506449,513.3761766850415,41.625124765603346,0.8717190939030861,,,0.101,207.40418243723087,2053.506756804266,2053.5067317293565,2.5074909604193362e-05,63.65870946093224,0.12828090609691395,,,259.0010795523335,0.0007003813833729606,111.3704642075034,,,,46.60968313193691,0.0003501880630849998,3.49607664601145,1250.8883206244686,0.0,-0.0,0.0,89.45102380785572
129,1,130,0.06391,4.1569458242435745e-05,0.00039201302354715725,1249.6185563258125,,,,0,1.0822786686614747e-13,1,2312.499466589977,2312.499466589977,1.5272175663783134e-13,369.9999146543963,76.77498229078725,0.33340741286441594,,,348.74721373998483,2312.499425020519,2219.9993088216916,92.49997120090389,2312.499280022595,0.0001449979237546084,0.8845994425666991,0.037425356451788676,0.037297510770626575,0.15711717894386282,116.36501640279997,0.96,771.4850760951653,740.6256730513587,30.85940304380664,0.8391702999970257,0.05133181119344674,0.05121148805743868,0.15709333036646336,116.24912401272182,0.96,770.8337281460061,740.0003790201658,30.833349125840243,0.8018286994975737,0.0622851517867994,0.06221026643933403,0.15706961573827144,116.13307332446308,0.96,770.1804757814239,739.3732567501669,30.807219031257002,,,,741.339365805196,2219.9993088216916,2053.499217047018,166.50005333622693,2219.999270383245,3.8438446703561856e-05,0.8740159445645613,0.026024162488153875,0.026027712022955406,0.3610128475581558,185.33498120044928,0.9249999513254629,555.0000609031778,513.3750293210683,41.625031582109465,0.874015944564485,0.02602416248815388,0.026027712022955403,0.3610127908620951,185.33491166891957,0.9249999513254524,554.999939846786,513.3749173439061,41.62502250287993,0.874015755751176,0.040700091444453565,0.040703508390151195,0.36101271648456196,185.33482045300318,0.9249999513254388,554.9997810372076,513.3747704450461,41.62501059216146,0.8740153492067402,0.04069997326060506,0.04070310916979252,0.3610125795215191,185.3346524828241,0.9249999513254136,554.9994885960737,513.3744999369976,41.62498865907608,0.8726466263599306,,,0.101,207.40342092174885,2053.499217047018,2053.4991919721087,2.5074909499169947e-05,63.65847572845756,0.12735337364006946,,,259.0001296199454,0.0007840260440208304,111.37005573657653,,,,47.87262018018495,0.0003920098150454081,3.4960629940869623,1249.6185563258127,0.0,-0.0,0.0,79.86312193478267
130,1,131,0.06078,4.155431351969819e-05,0.00013458425468119953,1251.4071896135326,,,,0,1.0822726184564477e-13,1,2312.350644854251,2312.350644854251,1.52721753932159e-13,369.9761031766802,76.77004140916114,0.333407412865426,,,348.7207553346608,2312.3506032999376,2219.8564401466647,92.49401833944454,2312.3504584861093,0.00014481382845835531,0.8846244593478829,0.03731827303801405,0.03729325625683018,0.1571152771337669,116.35580398854026,0.96,771.4333367167975,740.5760032481256,30.857333468671953,0.8391345082913274,0.051198081393864926,0.05123387309956322,0.15709152442096444,116.24031503086496,0.96,770.7841778020546,739.9528106899725,30.831367112082212,0.8017634374080015,0.06216119904458027,0.06222646113415247,0.15706789818089198,116.12463631525559,0.96,770.1329439672572,739.3276262085668,30.80531775869037,,,,741.2573040567179,2219.8564401466647,2053.3670542131626,166.48934814324576,2219.8564023564086,3.779025625179868e-05,0.873960038045654,0.09995615923514921,0.1000120657540565,0.360996199252279,185.31456382728248,0.92499994685853,554.9645146597427,513.342146568632,41.62236809111072,0.8739600380455776,0.09995615923514922,0.1000120657540565,0.36099610240346874,185.31444505568626,0.9249999468585114,554.9643078595154,513.3419552784225,41.622352581093054,0.8739597163134533,0.0406188701851365,0.04067490962285921,0.3609959758328904,185.31428983450098,0.924999946858487,554.9640375946254,513.3417052834,41.62233231122552,0.8739590252641961,0.040620679273587784,0.040677003216131824,0.360995743849492,185.31400533924818,0.9249999468584422,554.9635422425248,513.3412470827084,41.62229515981647,0.874019678276697,,,0.101,207.39007247552942,2053.3670542131626,2053.367029138253,2.5074909345084022e-05,63.65437868060805,0.1259803217233031,,,258.9834709021696,0.00026916850900014067,111.36289248793291,,,,45.96134600613923,0.00013458386077316067,3.495838817668881,1251.4071896135329,0.0,-0.0,0.0,76.06052898471052
131,1,132,0.05905,4.1554355862897156e-05,0.0001004047395640672,1251.4072578983692,,,,0,1.0822708609917027e-13,1,2312.0815373105706,2312.0815373105706,1.5272175401698013e-13,369.93304596969125,76.76110703871095,0.33340741286542325,,,348.6729191684588,2312.0814957562147,2219.5980969041966,92.483254037675,2312.0813509418717,0.00014481434268856768,0.8849051119056008,0.03734188822107231,0.03706123566335439,0.15711180502607938,116.33897193820742,0.96,771.3387869396432,740.4852354620574,30.853551477585754,0.8393891855268278,0.0511882565222448,0.05093357928674431,0.1570882637934631,116.22439856690507,0.96,770.6946331757991,739.8668478487671,30.827785327032043,0.8018792158850726,0.06206032999266685,0.06194455151559578,0.15706482893203544,116.10954866334635,0.96,770.0479308264296,739.2460135933724,30.8019172330572,,,,741.1089353390857,2219.5980969041966,2053.1280785355148,166.46997810082186,2219.598056636337,4.0267859858078144e-05,0.8738579832504739,0.026027789062707484,0.026129843857887615,0.3609658721040497,185.27737244765333,0.9249999442002363,554.899755539043,513.2822429103395,41.617512628703494,0.8738579832503975,0.026027789062707495,0.026129843857887605,0.36096581565501806,185.27730322383755,0.9249999442002251,554.8996349929856,513.282131405237,41.61750358774862,0.8738577957036799,0.04033316116778045,0.040435081777553755,0.36096574187814584,185.27721275078628,0.9249999442002106,554.8994774435542,513.2819856720138,41.6174917715405,0.8738573928561132,0.04032594815268629,0.04042758056076927,0.3609656066476667,185.2770469168085,0.9249999442001839,554.8991886607539,513.2817185479247,41.61747011282924,0.8740160517021434,,,0.101,207.36593593208698,2053.1280785355148,2053.1280534606053,2.507490933734892e-05,63.64697043460096,0.1259839482978567,,,258.9533390356221,0.00020080947892651214,111.34993578531748,,,,45.740833755480736,0.00010040451926903524,3.4954311550606647,1251.4072578983696,0.0,-0.0,0.0,73.8955985788987
132,1,133,0.06315,4.1554969085428355e-05,0.00014221072403412262,1251.4071677785023,,,,0,1.0822897167944527e-13,1,2321.0712242570294,2321.0712242570294,1.5272176135378736e-13,371.37139588112467,77.05956464533337,0.3334074128653823,,,350.27635297362616,2321.07118270206,2228.228196365058,92.84284151521088,2321.071037880269,0.00014482179101339986,0.885716839044815,0.03750124464064653,0.03668951750143233,0.15722224791519462,116.86639545441865,0.96,774.2913627866545,743.3197082751883,30.971654511466202,0.8409690828120762,0.05167032826512709,0.050090430979878836,0.15719927194629535,116.75799116230726,0.96,773.6862006732965,742.7387526463646,30.947448026931912,0.8042942477131029,0.06293860673578275,0.06052357490775247,0.15717693781656863,116.65196635690025,0.96,773.0934744203181,742.1697354435053,30.923738976812757,,,,746.0760365368376,2228.228196365058,2061.1109296586465,167.1172290137327,2228.2281586723793,3.769267887386781e-05,0.8772560046944303,0.10001198965574844,0.09661396821179202,0.36197781807766094,186.51924783207295,0.9249999474410996,557.0574534566555,515.2781151690791,41.779338287576394,0.8772560046943539,0.10001198965574844,0.09661396821179201,0.3619777209618327,186.51912856184936,0.924999947441081,557.0572466989319,515.2779239181854,41.77932278074652,0.8772556831301405,0.04168407145800506,0.038286184031544594,0.3619775941046322,186.51897276557548,0.924999947441057,557.0569766223105,515.2776740973112,41.779302524999224,0.8772549926502327,0.041714975260659835,0.03831737546654032,0.36197736172704564,186.51868737733975,0.9249999474410128,557.056481894481,515.2772164740704,41.779265420410546,0.8739602212815442,,,0.101,208.1722038955233,2061.1109296586465,2061.1109045837366,2.507490963336027e-05,63.894438819418035,0.1260397787184559,,,259.96017485150134,0.0002844214476637674,111.78287518614556,,,,53.117852259656495,0.0001422103435011645,3.5090226851691577,1251.4071677785025,0.0,-0.0,0.0,79.02636264521242
133,1,134,0.06632,4.155609702942122e-05,0.0003777523551112036,1249.9527178277049,,,,0,1.0822909259828419e-13,1,2321.109683277873,2321.109683277873,1.5272176391568538e-13,371.3775493244597,77.06084148482539,0.3334074128653071,,,350.28323744250525,2321.109641721776,2228.2651170108334,92.84437987545142,2321.1094968862844,0.0001448354915889574,0.8866088198269387,0.03712110622518372,0.03622912544306008,0.15722273699857817,116.86869578339545,0.96,774.304194791853,743.3320270001789,30.972167791674188,0.8409450080619452,0.05100816441531475,0.051032239165445706,0.15719975665237965,116.76028501823792,0.96,773.6990150878681,742.7510544843534,30.947960603514723,0.8040627231752547,0.06208527646295252,0.062316801000800594,0.15717741882339106,116.65425664087189,0.96,773.1062870065633,742.1820355263009,30.924251480262516,,,,746.0973390789959,2228.2651170108334,2061.145089399978,167.11998913452962,2228.265078534508,3.8476325124998866e-05,0.8772701988495593,0.026129920285357707,0.026115726130228795,0.36198207400569693,186.52447491861489,0.9249999514221193,557.066512580403,515.2864970757622,41.7800155046408,0.8772701988494829,0.026129920285357707,0.026115726130228795,0.36198201728126234,186.52440525357207,0.924999951422109,557.0663918167285,515.2863853693633,41.78000644736517,0.8772700103743252,0.040588999117688866,0.04057467187350411,0.36198194279572826,186.5243137755793,0.9249999514220953,557.0662332404706,515.2862386863251,41.77999455414562,0.8772696043140104,0.040460399092103916,0.04044578742832625,0.36198180547782266,186.52414513122963,0.9249999514220704,557.0659408969055,515.2859682685275,41.77997262837803,0.8738580900588937,,,0.101,208.1756540293978,2061.145089399978,2061.1450643250687,2.507490964680667e-05,63.89549777139932,0.12614190994110613,,,259.964474117313,0.0007555047073684705,111.78472387044458,,,,54.60464598025671,0.00037774974328332636,3.5090800123873778,1249.9527178277046,0.0,-0.0,0.0,82.8968642463334
134,1,135,0.07376,4.151866315084364e-05,0.0003396439593180593,1250.174663260516,,,,0,1.0822907321760778e-13,1,2321.116836491671,2321.116836491671,1.5272176359373296e-13,371.37869383866735,77.06107897152349,0.3334074128678038,,,350.2845180315637,2321.116794973008,2228.271984567573,92.844666023649,2321.116650591222,0.00014438178600810646,0.8911045420632591,0.03763670823709077,0.03314098600077042,0.15722282764615392,116.86912209750771,0.96,774.3065728714726,743.3343099566137,30.972262914858927,0.8474898993673361,0.04967152659566513,0.04312663529027424,0.15719984682778557,116.7607117372114,0.96,773.7013988707757,742.7533429159446,30.9480559548311,0.8079735344303748,0.05906143942943307,0.05515062817431302,0.15717750862601584,116.6546841968446,0.96,773.1086788489737,742.1843316950147,30.924347153958962,,,,746.1013014270562,2228.271984567573,2061.151442853276,167.1205048828255,2228.2719477361015,3.683147186754002e-05,0.8772732383922434,0.09661389179113575,0.09661085224845166,0.3619829589651874,186.52556174896762,0.924999951171786,557.0683967162521,515.2882397618782,41.7801569543738,0.877273238392167,0.09661389179113575,0.09661085224845166,0.3619828621638756,186.52544286411464,0.9249999511717683,557.0681906313112,515.2880491333082,41.780141498003,0.8772729193084062,0.036484775304697036,0.03648186637061605,0.36198273653099333,186.52528857029347,0.9249999511717454,557.0679231653726,515.2878017273151,41.780121438057364,0.8772722369845775,0.03704273566584638,0.03704010299527925,0.36198250827655515,186.52500824368053,0.9249999511717036,557.0674372231658,515.2873522307744,41.78008499239133,0.8772561879235066,,,0.101,208.1762957281809,2061.151442853276,2061.151417778367,2.5074909264161313e-05,63.89569472845156,0.12274381207649344,,,259.9652743315189,0.0006792879163289582,111.78506796255313,,,,54.38847085816051,0.00033964183948353885,3.509091633077394,1250.174663260516,0.0,-0.0,0.0,92.21288316209566
135,1,136,0.0834,4.151850634808585e-05,5.392733839789458e-05,1251.4073236978072,,,,0,1.0822892055153661e-13,1,2320.1001910295163,2320.1001910295163,1.527217603522935e-13,371.21603056472264,77.02732634217995,0.3334074128678142,,,350.10255330001246,2320.10014951101,2227.296004925876,92.80400020524485,2320.1000051311203,0.00014437988972612956,0.8962136375843159,0.03861539420502953,0.03350629868397267,0.15720590914455243,116.78937537136683,0.96,773.8614916408125,742.90703197518,30.95445966563251,0.8633550388251274,0.06268568949547712,0.046820550037685746,0.1571874959414499,116.70216865563161,0.96,773.3742323980066,742.4392631020863,30.934969295920247,0.8267428596992249,0.07673318244316354,0.057963857174313516,0.15716834675628136,116.61100927301399,0.96,772.8642810923017,741.9497098486096,30.914571243692087,,,,745.5384358696151,2227.296004925876,2060.248620384966,167.04734673472615,2227.2959671196922,3.7806183640628214e-05,0.8941462604276061,0.026115802513479752,0.00924278047811694,0.36193357633366247,186.46491430582583,0.9249999330262332,556.9632632013731,515.1909811593424,41.77228204203076,0.8941462604275298,0.026115802513479752,0.00924278047811694,0.36189160150512245,186.41336895083424,0.9249999330174212,556.8738820921983,515.1083036344347,41.765578457763574,0.8914977308504176,0.05097746203084693,0.03675265048883544,0.3618524601951238,186.36530602590904,0.9249999330093193,556.7905245062733,515.0311978685265,41.75932663774675,0.8864436149177962,0.049075659089380455,0.03990428115616165,0.3617950756425578,186.2948465870461,0.9249999329974482,556.6682973198477,514.9181377226627,41.750159597185046,0.8772703056953844,,,0.101,208.0851106588816,2060.248620384966,2060.2485953100568,2.507490923229184e-05,63.86770723193395,0.1227296943046155,,,259.8514513395704,0.00010785467673762601,111.73612407601527,,,,52.31893791271716,5.3927282841848704e-05,3.5662338666233495,1251.407323697807,0.0,-0.0,0.0,104.36737079639713
136,1,137,0.10749,4.1518473420547066e-05,0.00015846052574350575,1251.4068946776529,,,,0,1.0822921119457291e-13,1,2324.2706365781087,2324.2706365781087,1.5272176265777785e-13,371.8833018524974,77.16578513439322,0.33340741286781644,,,350.8497928767219,2324.2705950596355,2231.2996326529383,92.97081802720591,2324.2704506801438,0.00014437949180966586,0.8672644301528303,0.029078106143030788,0.05802731357451645,0.15726292467181707,117.05670218602117,0.96,775.3516286937619,744.3375635460113,31.01406514775052,0.8234515140563516,1.3007869278659108e-05,0.03991653263805444,0.1572400942323585,116.95014000129997,0.96,774.7582643987263,743.7679338227772,30.9903305759491,0.7955428224076995,7.242521566381106e-06,0.031207279813091807,0.15721726685185977,116.84295068940074,0.96,774.1605575876554,743.1941352841492,30.96642230350628,,,,747.8494728738935,2231.2996326529383,2063.952012033516,167.34758536971273,2231.299597403229,3.524970898813239e-05,0.9022533787092304,0.09661077620681105,0.08850365792518687,0.36253016621005657,187.19787366340714,0.924999948243329,558.2324171131764,516.3649569374367,41.867460175739765,0.902253378709154,0.09661077620681105,0.08850365792518687,0.36239332022180093,187.02969090648014,0.9249999482176136,557.9414974752954,516.095856273106,41.84564120218934,0.8861745984352501,3.4956695536912084e-06,0.00532662808472117,0.362285208499813,186.89684615494136,0.9249999481977228,557.7115793526272,515.8831820104502,41.828397342176906,0.8804108415060453,1.9780125255676903e-06,0.006034751424276483,0.36214538188605994,186.72506214906488,0.9249999481714819,557.41410346213,515.6080168125233,41.80608664960672,0.8772734212797092,,,0.101,208.45915321538513,2063.952012033516,2063.9519869586065,2.507490935936872e-05,63.98251237303899,0.1227265787202908,,,260.31850524001055,0.00031692105098481675,111.93695725320453,,,,55.75199966992438,0.00015846007561314457,3.57109219735968,1251.406894677653,0.0,-0.0,0.0,134.51372710890092
137,1,138,0.72792,4.1233331169539894e-05,3.44256730603221e-05,8.54181304023358,,,,0,1.0822585880599349e-13,1,104.67170476597411,104.67170476597404,1.5272170739898162e-13,16.74747276255586,3.4751005982303407,0.3334074128868344,,,24.003649972770262,104.67166353264287,100.48466164453755,4.186860901855734,104.6715225463933,0.0001409862495723483,0.23292034825902264,0.020792703327394472,0.6551367852212022,0.23887292096478158,23.99871208091592,0.96,104.65254209917937,100.46644041521219,4.186101683967178,3.132489579040214e-05,5.309705869513674e-06,0.8234254988664308,0.2709960299012895,0.0031110079536494344,0.96,0.011958231588233587,0.011479902324704243,0.0004783292635293434,1.7328493677627672e-05,2.8441939659000253e-06,0.7955283381079877,0.27099766863619773,0.0018268839006954827,0.96,0.007022215625696615,0.00674132700066875,0.00028088862502786483,,,,19.005367928327694,100.48466164453755,91.78883828188489,8.69579145878551,100.48462974067039,3.190386717868427e-05,0.09661181266527703,5.990872238723977e-07,0.8056421651311773,0.20705596287200553,9.502139453705198,0.9134626101378044,50.23921934174678,45.89164843119769,4.347570910549099,0.09661181266520064,5.990872238792064e-07,0.8056421651311773,0.2070556387915021,9.501961372099993,0.9134612523751855,50.238431104093024,45.890860193709294,4.347570910383732,7.7838854412518e-06,7.945172208401325e-07,0.8861676090670298,0.20045046563566207,0.000808933057920574,0.9087780914255554,0.004440661462330584,0.0040355758484038025,0.00040508561392678155,4.4157277313478856e-06,4.602507285601244e-07,0.8804068860290426,0.19971807391241578,0.0004581694645810302,0.9036677600583943,0.0025386333682459847,0.0022940811294923443,0.00024455223875364027,0.903388624705965,,,0.101,9.270672666470375,91.78883828188489,91.78881320689443,2.5074990465912938e-05,2.8454539867384314,0.09661137529403492,,,12.882750572830213,6.885134609694166e-05,5.5395827463169915,,,,43.737980804354024,3.442564597613437e-05,0.19323582494365027,8.541813040233574,0.0,0.0,0.0,6.217756548246827
138,1,139,1.91079,4.02110058008047e-05,1.828079844297723e-05,4.6405149287334794e-05,,,,0,1.082160335784965e-13,1,54.38862062870433,54.38862062870425,1.5272164102058377e-13,8.702179300592693,1.8057022048729838,0.33340741295501974,,,13.244199385931815,54.388580417698456,52.21291268113749,2.175538028380729,54.38845070951821,0.00012970818024740587,0.14280150433984293,0.02448834254568467,0.11460718646486438,0.25365370676483956,13.2410659417057,0.96,54.37640631602236,52.20135006338147,2.175056252640895,2.0755359420782094e-05,6.471903522180588e-06,1.704143989180064e-05,0.2709974026627237,0.002035302997166021,0.96,0.00782334910919141,0.007510415144823753,0.0003129339643676568,1.0760695687443473e-05,3.2324532388248046e-06,9.800251229009002e-06,0.270998598617522,0.0010981412289479335,0.96,0.004221044386660786,0.004052202611194355,0.0001688417754664312,,,,9.730711208550252,52.21291268113749,47.69430116322147,4.51858432058642,52.212885483807874,2.7197329607320452e-05,0.050202379220250636,1.3100588992092395e-05,0.04642253403401849,0.2040227753220533,4.865177538553586,0.9134594103433771,26.105426194724064,23.846247218595195,2.2591789761288683,0.05020237922017423,1.310058899209286e-05,0.04642253403401849,0.20402268516145178,4.865147160525378,0.9134589516924942,26.10528783704094,23.846108861254237,2.2591789757867033,2.456277374765451e-06,6.33344720366954e-07,5.96095278685331e-06,0.19875476974629155,0.00024319610556232708,0.8961259184559587,0.0013654318149677771,0.0012235988392769865,0.00014183297569079074,1.4296469342087121e-06,3.6951808594198797e-07,3.3555988830811766e-06,0.19863678182995817,0.00014331336572575234,0.8951196356733034,0.000806020227908772,0.0007214845327510132,8.45356951577588e-05,0.999986300323784,,,0.101,4.817124417485369,47.69430116322147,47.69427610650289,2.505671857583579e-05,1.4785233360598655,1.3699676215964788e-05,,,6.6942148140212865,3.6561596879270704e-05,2.8785123700291533,,,,27.79204344921358,1.82807864217491e-05,0.10040864436473385,4.6405149284073886e-05,0.0,0.0,0.0,8.867049520674645e-05
139,1,140,0.20267,4.601303208023966e-05,0.00012364452103823207,666.6712157660614,,,,0,1.0821629480729334e-13,1,1432.427696675666,1432.427696675666,1.5272161095232056e-13,229.18843146810661,47.556599529632116,0.333407412568046,,,214.2677623918132,1432.427650662634,1375.1303347314856,57.2970972804786,1432.4274320119646,0.000218650669504363,0.8012385553772908,0.678318293397535,0.01988124236008706,0.1558201376472227,107.21013048120122,0.96,716.7059465969787,688.0377087330995,28.668237863879202,0.7455126811657078,0.7454963809438943,4.455137607307275e-06,0.15580977608042532,107.0532001186702,0.96,715.7044501888445,687.0762721812907,28.628178007553757,4.023789077467618e-05,3.195244005804825e-05,2.4752449708155465e-06,0.2709943443742787,0.004431791941782617,0.96,0.017035226141033304,0.01635381709539197,0.0006814090456413341,,,,352.19090590470694,1375.1303347314856,1271.9953893267143,103.13490437690284,1375.130293703617,4.1027868490755196e-05,0.5413908925139433,0.4911886534415642,1.4014787148189346e-07,0.2768808147984042,88.04791114953638,0.9249999037553454,343.78308567826923,317.9993211651147,25.783764513154566,0.541390892513867,0.4911886534415642,1.4014787148546465e-07,0.27688073250767303,88.04782078348305,0.9249999037552773,343.78283501845743,317.9990893047895,25.78374571366795,0.5413904740268843,0.5413885491842987,5.314347891990934e-07,0.27688062249713746,88.04769997744474,0.9249999037551863,343.7824999231659,317.9987793416458,25.783720581520125,0.5413895736522106,0.5413884563134872,3.1230821077413013e-07,0.2768804167082841,88.04747399424275,0.9249999037550161,343.7818730837245,317.9981995151643,25.78367356856019,0.5087982459694438,,,0.101,128.47153432199815,1271.9953893267143,1271.9953614983563,2.7828357967107506e-05,39.43185706912814,0.4912017540305563,,,160.43211652664013,0.00024728904177070477,68.98581010645525,,,,28.259357786019795,0.00012364398020568503,2.1655618327069055,666.6712157660616,0.0,0.0,0.0,135.11425529930767
140,1,141,0.13268,4.601295204027609e-05,0.0001888682159013984,663.3924420775052,,,,0,1.0821807230897572e-13,1,1432.444237296962,1432.4442372969618,1.527216467646519e-13,229.1910779675139,47.55714867825913,0.33340741256805134,,,214.27123828926153,1432.4441912840098,1375.1462137297415,57.29775890540593,1432.4439726351477,0.00021864886215385753,0.8523708387965335,0.08518688014641015,0.0340545967271674,0.15582018002358633,107.21075842197106,0.96,716.7099495032563,688.041551523126,28.668397980130283,0.7912379642092768,0.045733433362149835,8.150318580689407e-06,0.1558098164319933,107.0538249815699,0.96,715.7084423574469,687.080104663149,28.62833769429787,6.546673470539543e-05,2.9301827866001015e-05,4.072983935281763e-06,0.27099150733928035,0.00665488572055037,0.96,0.025580774444323266,0.02455754346655033,0.0010232309777729331,,,,352.19662181359746,1375.1462137297415,1272.0100579496375,103.13611300015258,1375.14617094979,4.277995144022564e-05,0.5413978125785297,7.292307662730923e-06,3.7224307633287674e-07,0.2768822216959745,88.04945679151761,0.9249998907908378,343.7873785903108,318.0032876513059,25.78409093900491,0.5413978125784533,7.292307662736537e-06,3.7224307632710564e-07,0.27688208047308366,88.04930171003751,0.9249998907907041,343.7869484251929,318.0028897485729,25.78405867662003,0.541397218063827,7.765861809503922e-06,1.0218248668120353e-06,0.2768819020930463,88.04910582510261,0.9249998907905354,343.78640507882403,318.00238715318295,25.78401792564106,0.5413959470497951,6.954468628380704e-06,5.810710438858161e-07,0.2768815848834244,88.04875748693968,0.9249998907902353,343.7854388554622,318.0014933965756,25.78394545888658,0.508804054250773,,,0.101,128.47301585291342,1272.0100579496375,1272.0100254836066,3.246603089259342e-05,39.43231179643877,0.4911959457492269,,,160.43399316449305,0.0003777364310893727,68.986617060732,,,,31.549000482914394,0.00018886708560455492,2.165588790270605,663.3924420775052,0.0,0.0,0.0,88.01890921484338
141,1,142,0.12244,4.3249231606718645e-05,0.00020466361167562888,1068.2713233184206,,,,0,1.0821455924374952e-13,1,2044.8024168742677,2044.8024168742675,1.527215954776689e-13,327.16838669988283,67.88744024022569,0.3334074127523812,,,306.7497400895824,2044.802373625036,1963.0101176690605,81.79208823621103,2044.8022059052714,0.00016771976463939007,0.8515195708269733,0.049691965534273394,0.050543233503833676,0.15582024706938064,107.21175169859427,0.96,716.7162812270208,688.0476299779399,28.668651249080902,0.7812364928249614,0.07118822059867665,0.08118969198299206,0.1558098802722098,107.05481334762743,0.96,715.7147568286023,687.0861665554581,28.628590273144116,0.6545554121917664,0.654502442461149,1.2497004087970355e-05,0.1573174011579531,92.4831750433607,0.96,612.3711678496485,587.8763211356625,24.494846713986014,,,,603.3693554273207,1963.0101176690605,1815.7842047399056,147.22587499606658,1963.0100797359723,3.79330881457256e-05,0.7728403995364782,0.27367884224681965,0.04223625528887116,0.33229171239811894,150.84278396064968,0.9249999393708362,490.7534090128814,453.94687358294647,36.806535429934925,0.7728403995364018,0.27367884224681965,0.04223625528887116,0.33229151915623784,150.84255672682966,0.9249999393707818,490.7529551220364,453.9464537339157,36.80650138812068,0.7728397037742816,0.2855371032888075,0.0540946175783529,0.33229127210507275,150.84226621857232,0.9249999393707123,490.7523748422756,453.945916975138,36.806457867137546,0.7728382303858956,0.2855371356952113,0.054094852359110816,0.332290831849822,150.841748521269,0.9249999393705884,490.7513407587789,453.9449604479055,36.80638031087341,0.7263138654455177,,,0.101,183.3942046787305,1815.7842047399056,1815.7841782988623,2.6441043232567066e-05,56.28931034693707,0.2736861345544824,,,229.01807085564073,0.0004093272225135139,98.4777704679255,,,,25.242590868047277,0.0002046619527222628,3.091358733233057,1068.2713233184206,0.0,-0.0,0.0,130.7991408271074
142,1,143,0.11797,4.324929146411342e-05,0.00021241851129155987,1068.0607890011613,,,,0,1.0821452745108353e-13,1,2044.7885653547548,2044.7885653547546,1.5272160681948406e-13,327.16617045676077,67.88698036977786,0.3334074127523773,,,306.74766454400515,2044.7885221054632,1962.9968202094062,81.79153417539206,2044.7883543847984,0.0001677206648217531,0.8522854192882526,0.04647536121913808,0.045709512757858776,0.15582019124595672,107.21092469905726,0.96,716.7110094564773,688.0425690782182,28.668440378259117,0.7864050827327033,0.06555523187292471,0.060386641965182966,0.1558098269014346,107.05398708739848,0.96,715.7094780249257,687.0810989039286,28.628379120997057,0.7146203275498184,0.060091401405212075,2.6486047160108545e-05,0.15731753084345224,92.4827527575494,0.96,612.3678669033952,587.8731522272594,24.494714676135878,,,,603.3626818813584,1962.9968202094062,1815.7718726091732,147.22490428521667,1962.9967768943898,4.331501635833333e-05,0.7728341313949373,1.2373700538488296e-05,1.864184207940476e-05,0.3322900772899812,150.84086087173603,0.9249999256147386,490.74957454635415,453.94331995084224,36.80625459551191,0.7728341313948609,1.237370053848577e-05,1.864184207940721e-05,0.33228999718759117,150.84076667926578,0.9249999256147111,490.7493863989901,453.943145914531,36.80624048445915,0.772833836795,0.06586502893800739,0.06587089591728908,0.33228989152543,150.84064243105453,0.9249999256146748,490.7491382158336,453.9429163451119,36.80622187072174,0.772833200070235,0.06586585141860113,0.06587088173426169,0.3322896954784341,150.84041189930204,0.9249999256146075,490.748677733212,453.9424903986881,36.806187334523855,0.7263087840526419,,,0.101,183.39295913352652,1815.7718726091732,1815.7718408594349,3.1749738391080014e-05,56.288928050884365,0.2736912159473581,,,229.01655677465507,0.00042483702168068726,98.47711941310168,,,,25.44315381326167,0.00021241673832868773,3.091335299655033,1068.0607890011613,0.0,-0.0,0.0,125.999131278467
143,1,144,0.11496,4.2700609263847626e-05,0.00021797998975552887,1161.7300393877783,,,,0,1.0821594821638644e-13,1,2175.788595129845,2175.788595129845,1.5272167744134395e-13,348.1261752207752,72.23618135831084,0.33340741278897235,,,325.69636080413227,2175.7885524292356,2088.7568569626733,87.03153570677814,2175.7883926694517,0.0001597597840902609,0.8600356089383265,0.05001208837142862,0.04226189872135468,0.155940091452681,108.69323600709521,0.96,726.0616547431235,697.0191885533986,29.042466189724948,0.8047415123765508,0.0747782410011979,0.05644181135735029,0.15592830237794442,108.56632595124564,0.96,725.268736600304,696.2579871362918,29.01074946401221,0.7603618325270463,0.11826515019797312,0.07252364522074528,0.1559165591257492,108.43679884579139,0.96,724.4580013260237,695.4796812729827,28.97832005304098,,,,668.5123307756295,2088.7568569626733,1932.0999450473078,156.65687478567207,2088.7568198329795,3.712969333173788e-05,0.8223464652152686,0.22714683060777416,0.17763449678744292,0.3460032575533139,167.12842055674705,0.9249999457581347,522.1898355741188,483.02556958150916,39.16426599260957,0.8223464652151922,0.22714683060777416,0.17763449678744292,0.34600311547219426,167.1282501040127,0.9249999457581027,522.189517426942,483.0252752953711,39.16424213157081,0.8223459736152344,0.0946757064138084,0.045163569593573906,0.3460029316449308,167.1280295690658,0.9249999457580612,522.1891058018323,483.0248945421454,39.164211259686894,0.8223449245975145,0.09467563151469455,0.045163906987415015,0.34600259903831687,167.12763054580398,0.9249999457579863,522.1883610300869,483.02420562828206,39.1641554018048,0.7728407956916874,,,0.101,195.1420944497781,1932.0999450473078,1932.0999196648675,2.5382440176015766e-05,59.895098296466536,0.22715920430831266,,,243.68851570519314,0.0004359599785607522,104.78606175323304,,,,27.621400581729993,0.00021797827001012197,3.28938382864321,1161.730039387778,0.0,-0.0,0.0,133.552485328019
144,1,145,0.11178,4.270068339964472e-05,0.00022418124316159107,1159.7957868781427,,,,0,1.0821697200883481e-13,1,2175.772364568206,2175.772364568206,1.527216933762355e-13,348.12357833091295,72.23564250366444,0.33340741278896746,,,325.69376540144333,2175.772321867523,2088.7412756224326,87.03088648426818,2175.7721621067008,0.00015976082184853237,0.8666748668876336,0.04698771504727932,0.04034845709797228,0.1559400099908591,108.69236925806057,0.96,726.056244218444,697.0139944497062,29.042249768737815,0.8114955535882622,0.06311509425125889,0.0563610530395475,0.1559282229620558,108.56546070163283,0.96,725.2633257529103,696.2527927227939,29.010533030116445,0.764022981707792,0.07263241952732677,0.06897127034658097,0.1559164818304059,108.43593544174993,0.96,724.4525921353462,695.4744884499323,28.978103685413927,,,,668.5039737625223,2088.7412756224326,1932.0855154545163,156.65571736657134,2088.741232821087,4.280134537430613e-05,0.8223394758748429,1.8870221594930987e-05,2.585956202051718e-05,0.3460013262140222,167.126103309616,0.9249999402008539,522.1855132758024,483.0215685538694,39.163944721933035,0.8223394758747665,1.8870221594925024e-05,2.585956202052305e-05,0.34600128062847996,167.1260486214292,0.9249999402008425,522.1854112002958,483.02147413402594,39.16393706626985,0.8223393167106269,0.05280197429748302,0.05280863120209058,0.34600122085590895,167.1259769133148,0.9249999402008277,522.1852773570588,483.02135032903203,39.16392702802678,0.822338974091717,0.05280268562392919,0.05280863612972679,0.34600111083083473,167.1258449181623,0.9249999402008003,522.1850309879304,483.0211224375887,39.16390855034166,0.772834299170631,,,0.101,195.14063706090616,1932.0855154545163,1932.0854877057352,2.7748780989828346e-05,59.89465097909,0.2271657008293691,,,243.6867171016494,0.00044836248531803755,104.78528835370925,,,,29.54326189045746,0.00022417954253688648,3.289357242551953,1159.7957868781427,0.0,-0.0,0.0,129.6419730572388
145,1,146,0.11143,4.21319402423328e-05,0.000124071039660196,1251.4071126580134,,,,0,1.0821430262146791e-13,1,2287.279540482258,2287.279540482258,1.5272168067020752e-13,365.9647264771614,75.93768074401098,0.3334074128269005,,,344.30788900346124,2287.279498350318,2195.7881724195713,91.49117385081547,2287.2793462703867,0.00015207993134048326,0.8767849439709107,0.04685195421865928,0.03674187713538216,0.15682431227961038,114.87951029632278,0.96,763.058704479659,732.5363563004727,30.522348179186373,0.8300282945042268,0.06694081914736028,0.04840807823139573,0.15680373168706513,114.76937684184702,0.96,762.4272262145366,731.9301371659552,30.49708904858144,0.7925676911778118,0.0851078142521098,0.05656310478209003,0.15678326674209195,114.65900186529146,0.96,761.7934155761913,731.3216789531435,30.471736623047658,,,,727.5212966629612,2195.7881724195713,2031.1039056241057,164.68422942760614,2195.7881350517123,3.7367859011739165e-05,0.8644847341862582,0.17763438490480266,0.1354891265933874,0.3581903738413843,181.8806672778584,0.9249999456693465,548.9476387901598,507.77653605621384,41.17110273394594,0.8644847341861818,0.17763438490480266,0.1354891265933874,0.3581902304965969,181.88049220628915,0.9249999456693178,548.9473300777095,507.7762504971983,41.17107958051114,0.8644842604808314,0.07576993268124711,0.033624988911042625,0.35819004751481387,181.8802687248447,0.9249999456692811,548.9469360014147,507.7758859766269,41.171050024787704,0.8644832563384837,0.07576963817383765,0.0336253559270709,0.3581897197815382,181.87986845396895,0.9249999456692156,548.9462301824279,507.77523309406655,41.170997088361375,0.8223467448736025,,,0.101,205.1414944680347,2031.1039056241057,2031.103880549175,2.50749305916368e-05,62.96422107434727,0.1776532551263976,,,256.17550785315166,0.0002481420790125196,110.1554683768552,,,,25.563939689562343,0.00012407043765545102,3.457936985191755,1251.4071126580136,0.0,-0.0,0.0,139.44429456348243
146,1,147,0.11125,4.2132022667531124e-05,0.00022522230894591325,1249.5620797030178,,,,0,1.0821578843951382e-13,1,2287.2868839457824,2287.2868839457824,1.5272168224484432e-13,365.96590143132516,75.93792454699997,0.33340741282689496,,,344.3091687941618,2287.2868418137596,2195.795222143444,91.49146758931023,2287.286689732754,0.00015208100528867955,0.8801427860987772,0.04153516879627993,0.03817732666841344,0.15682439255568356,114.87993821263296,0.96,763.0611562079508,732.5387099596327,30.522446248318094,0.8332685490613145,0.056204371547373635,0.05296411699028582,0.15680381109627248,114.76980343810627,0.96,762.4296740336237,731.9324870722787,30.49718696134492,0.794521239273232,0.06707409759365295,0.06512054949823275,0.15678334528423282,114.65942714342259,0.96,761.7958594911798,731.3240251115326,30.471834379647216,,,,727.5252971323974,2195.795222143444,2031.1104317730064,164.68475030700674,2195.795182080013,4.006343098791068e-05,0.8644867045495953,2.6048544222512082e-05,2.407818088541587e-05,0.35819100807843046,181.88144210619828,0.9249999491523774,548.9490032827786,507.7778001238184,41.17120315896016,0.8644867045495188,2.6048544222502308e-05,2.407818088542565e-05,0.35819096025536434,181.88138369830102,0.9249999491523682,548.9489002895323,507.7777048550658,41.17119543446653,0.8644865435387168,0.04552880178303253,0.04552651872514711,0.3581908972533722,181.88130675188418,0.924999949152356,548.9487646064551,507.7775793482196,41.171185258235504,0.8644861960981017,0.045529392144954745,0.04552645238533669,0.35819078084295836,181.881164576014,0.9249999491523334,548.9485139012471,507.77734744590254,41.17116645534454,0.8223395665509748,,,0.101,205.14215360907366,2031.1104317730064,2031.1104066980758,2.5074930616796563e-05,62.9644233849632,0.17766043344902518,,,256.17632516670136,0.00045044461687732476,110.1558198216816,,,,27.415215499540786,0.00022522045921522012,3.4579461487359326,1249.562079703018,0.0,-0.0,0.0,139.01378136696073
147,1,148,0.11124,4.165970420841796e-05,0.0001376282956984072,1251.407035667999,,,,0,1.0821527894836897e-13,1,2288.702488224284,2288.702488224284,1.527216810398067e-13,366.19239811588545,75.98492260904624,0.33340741285839687,,,344.55601782212057,2288.70244656458,2197.154208444186,91.54809201850792,2288.702300462694,0.00014610188601097475,0.8807186489660642,0.038983112098814686,0.038407249231527704,0.15684013074237996,114.96358540416728,0.96,763.5401362489589,732.9985307990005,30.541605449958436,0.8335108927211491,0.05304536760065274,0.05280302394081823,0.15681917111478763,114.85207821318146,0.96,762.9015038250177,732.3854436720169,30.516060153000787,0.7946926259445029,0.06417092104491284,0.06399953437364203,0.15679833488455644,114.74035420477183,0.96,762.2606603887173,731.7702339731685,30.490426415548693,,,,728.2962583105663,2197.154208444186,2032.3674910182026,164.78668039263823,2197.1541714108407,3.7033345356380405e-05,0.8650224906763581,0.1354889440668808,0.134953157940118,0.35834897323912585,182.0743923711253,0.9249999465050246,549.2891204518012,508.09240703370807,41.19671341809304,0.8650224906762817,0.1354889440668808,0.13495315794011803,0.358348835788875,182.07422445972108,0.9249999465049974,549.288824578314,508.09213335073326,41.19669122758068,0.8650220378284629,0.04338314566895805,0.04284765137921198,0.3583486610836878,182.07401103714557,0.9249999465049628,549.2884485101927,508.0917854877221,41.19666302247048,0.865021080205863,0.043383033416022766,0.04284814930826154,0.3583483495333786,182.07363044257434,0.924999946504901,549.287777870533,508.0911651460389,41.196612724494045,0.8644850073888968,,,0.101,205.2691165928385,2032.3674910182026,2032.367465943293,2.5074909637689036e-05,63.00339222156428,0.1355149926111033,,,256.3348761791055,0.0002752565910179835,110.22399675701536,,,,26.714769942413138,0.00013762758686243007,3.4600880993869656,1251.407035667999,0.0,-0.0,0.0,139.2065186477082
148,1,149,0.11167,4.165968331340747e-05,0.0002243913485437509,1246.9391920152555,,,,0,1.0821786474354392e-13,1,2288.707697964289,2288.707697964289,1.5272171091106612e-13,366.1932316742862,75.9850955724144,0.33340741285839826,,,344.55692677420546,2288.7076563046057,2197.159209794857,91.54830040811925,2288.7075102029767,0.00014610162901830927,0.8815105004356775,0.03866889608254625,0.037877044612932974,0.15684018808240452,114.96388927267267,0.96,763.5418752693356,733.0002002585621,30.541675010773503,0.8343066662327655,0.052918606061988206,0.052122832550371825,0.15681922784424984,114.85238119709166,0.96,762.9032404057388,732.3871107895092,30.5161296162296,0.795209161969465,0.0640253459062559,0.06350880988129373,0.15679839100305212,114.7406563044411,0.96,762.2623945279018,731.7718987467857,30.490495781116156,,,,728.2990981898001,2197.159209794857,2032.3721205690174,164.78704943600107,2197.159170005019,3.978983828681758e-05,0.8650237089667094,2.4260083778967628e-05,2.304179342752872e-05,0.35834938284202805,182.07489291286745,0.9249999491681872,549.2900010703308,508.0932230686496,41.196778001681324,0.865023708966633,2.4260083778966987e-05,2.3041793427529364e-05,0.35834933489665344,182.0748343419992,0.924999949168178,549.2898978639325,508.0931276027312,41.196770261201266,0.86502354742984,0.042793748908928245,0.04279223930755104,0.3583492716133781,182.0747570341022,0.9249999491681657,549.2897616414064,508.09300159689474,41.19676004451161,0.8650231984594859,0.042794273269705446,0.042792155016082516,0.3583491544462617,182.07461390083122,0.9249999491681431,549.2895094293488,508.0927683007419,41.196741128606874,0.8644867958493401,,,0.101,205.2695841774708,2032.3721205690174,2032.372095494108,2.5074909637660142e-05,63.00353573763954,0.13551320415065976,,,256.3354563685517,0.00044878269608047223,110.22424623847725,,,,31.18709030026544,0.00022438973456143945,3.4600941638226685,1246.9391920152557,0.0,-0.0,0.0,139.2456995723436
149,1,150,0.11198,4.1653745194817565e-05,0.00022377085708769282,1246.6543166087658,,,,0,1.0822813449726629e-13,1,2309.9493569027595,2309.9493569027595,1.5272175875570043e-13,369.5918971044415,76.69031864917162,0.3334074128587943,,,348.2942880325439,2309.9493152490145,2217.5512024515765,92.39796676881573,2309.949169220392,0.00014602862222109537,0.8834205193362867,0.0389518250951953,0.03704180619458604,0.15708587606290175,116.2127333557315,0.96,770.6289936009844,739.803833856945,30.82515974403944,0.8378836438359356,0.05395601913277572,0.0503790415296056,0.15706251674382982,116.09817330870116,0.96,769.9838236631014,739.1844707165774,30.799352946524028,0.800675253016017,0.06608522595164236,0.060619134905090334,0.1570392741115216,115.98338136811121,0.96,769.3363519563063,738.5628978780541,30.773454078252264,,,,739.934142943672,2217.5512024515765,2051.2347167341513,166.3164491873374,2217.5511659214885,3.6530088117321834e-05,0.8730527850012814,0.1349529869599182,0.12692391092534638,0.3607264855029354,184.98386285743402,0.9249999496096792,554.3883617414518,512.8092066750356,41.57915506641628,0.8730527850012049,0.1349529869599182,0.12692391092534636,0.3607263494011666,184.98369601342148,0.9249999496096537,554.388070887531,512.8089376351592,41.57913325237174,0.8730523388611782,0.0463519565376691,0.03832316510633093,0.360726175262941,184.98348254144378,0.924999949609621,554.3876987482846,512.808593406357,41.57910534192758,0.8730513934567407,0.04635182101350018,0.03832362601624545,0.3607258644566139,184.98310153137274,0.9249999496095626,554.3870345442215,512.8079790175996,41.579055526621815,0.8650227529563028,,,0.101,207.17470639014934,2051.2347167341513,2051.234691659241,2.507491035614768e-05,63.5882762187587,0.13497724704369715,,,258.714519214897,0.0004475417131739177,111.2472432624057,,,,48.749492070169566,0.00022376983043584053,3.492209302320405,1246.654316608766,0.0,-0.0,0.0,139.6003503738496
150,1,151,0.10432,4.165373399669449e-05,0.00024019335259662798,1248.499841200138,,,,0,1.0822757120847016e-13,1,2309.941702233594,2309.941702233594,1.5272175779131577e-13,369.590672357375,76.69006451415531,0.33340741285879505,,,348.29292987366057,2309.9416605798597,2217.5438539693196,92.39766058205498,2309.9415145513753,0.0001460284845906755,0.8841182795063152,0.03805566574441001,0.037357905574381504,0.15708578318732036,116.21227944697083,0.96,770.6264392704667,739.801381699648,30.82505757081868,0.8385724146468908,0.052091131662001064,0.051402360851045895,0.15706242475586615,116.09772058861353,0.96,769.9812721032281,739.1820212190989,30.799250884129105,0.8011010014394476,0.06303578004914741,0.06261003162571682,0.15703918301265027,115.9829298380762,0.96,769.3338031776802,738.5604510505731,30.773352127107202,,,,739.9299261631187,2217.5438539693196,2051.227917140387,166.31589721563444,2217.543814356022,3.9613297897880675e-05,0.8730491672414091,2.3212633230320854e-05,2.683039310242767e-05,0.3607254585321571,184.98260393618975,0.9249999498819862,554.3861669580799,512.8071766514904,41.57899030658956,0.8730491672413327,2.3212633230309613e-05,2.6830393102438915e-05,0.3607254097176605,184.98254409571265,0.9249999498819771,554.3860626395968,512.8070801568938,41.5789824827031,0.8730490026176798,0.041480557491017124,0.04148389373451554,0.36072534454085076,184.98246419709002,0.9249999498819649,554.3859233541898,512.8069513178924,41.57897203629737,0.8730486441434219,0.041481078205847594,0.04148382751916631,0.36072522196474666,184.9823139341263,0.9249999498819419,554.3856614041549,512.8067090141105,41.578952390044414,0.8650238004068516,,,0.101,207.1740196311791,2051.227917140387,2051.2278920654767,2.5074910355670466e-05,63.588065431352,0.13497619959314852,,,258.7136641396318,0.00048038670403939906,111.24687558004167,,,,46.897755047877006,0.00024019212299630451,3.4921959812438437,1248.4998412001382,0.0,-0.0,0.0,130.2435034339984
151,1,152,0.08887,4.1564975806306225e-05,8.680582629039854e-05,1251.4072640061772,,,,0,1.0822597310612848e-13,1,2309.9422455584067,2309.9422455584067,1.527217476873652e-13,369.5907592893451,76.6900825525391,0.3334074128647149,,,348.29302648116345,2309.942203993431,2217.544376688028,92.39768236200129,2309.9420590500295,0.0001449434015012141,0.8842077045838788,0.0375143115036033,0.037424886426039757,0.1570857896621654,116.21231109174133,0.96,770.626617349056,739.8015526550937,30.825064693962297,0.838570555222406,0.05137885081138417,0.051380710235868994,0.15706243129895933,116.09775279095615,0.96,769.981453598239,739.1821954543094,30.79925814392961,0.8010594041295136,0.06231616932711357,0.06235776663704756,0.15703918962216795,115.98296259846596,0.96,769.3339881027342,738.5606285786248,30.773359524109377,,,,739.9302180073812,2217.544376688028,2051.228385490086,166.31595317574565,2217.5443386658326,3.802219577596646e-05,0.8730500568187249,0.12692374549655408,0.12692285591923827,0.36072567435994224,184.98286802748936,0.924999942379644,554.3866312282291,512.8076019421569,41.57902928607224,0.8730500568186486,0.12692374549655408,0.12692285591923827,0.3607255421338222,184.9827059347376,0.9249999423796175,554.3863486560037,512.80734056285,41.57900809315381,0.8730496270964995,0.04077871923929949,0.04077809476047979,0.36072537559659096,184.98250178088313,0.9249999423795839,554.3859927594757,512.8070113585636,41.578981400912184,0.8730487237804196,0.04077857637013054,0.040778496733132795,0.36072508232306266,184.98214226427106,0.924999942379525,554.3853660221235,512.8064316265161,41.57893439560742,0.8730530418702157,,,0.101,207.17406693449874,2051.228385490086,2051.228360415177,2.507490937512694e-05,63.58807995019268,0.1269469581297844,,,258.71374019982807,0.00017361165243009202,111.24690828592608,,,,43.990307834344925,8.680565507264143e-05,3.492198464514293,1251.4072640061772,0.0,-0.0,0.0,111.21256355222897
152,1,153,0.07151,4.1565016199283674e-05,0.0003503902494058709,1248.076764532707,,,,0,1.0822767734072671e-13,1,2309.992706848838,2309.992706848838,1.5272175777409478e-13,369.5988330958141,76.69175786738143,0.3334074128647122,,,348.3019799832975,2309.992665283822,2217.592819526332,92.3997008135972,2309.9925203399293,0.00014494389269368728,0.8843126972043498,0.037454322230033484,0.03734932960956245,0.1570864059227195,116.2153226891871,0.96,770.6435645436338,739.8178219618885,30.82574258174536,0.8386822590289438,0.05138728929329567,0.0512755854867578,0.15706303773791822,116.1007371515536,0.96,769.9982733557239,739.1983424214949,30.79993093422895,0.801142101757858,0.062366225823952785,0.062283528195608374,0.15703978637189475,115.98592014255676,0.96,769.3506824405716,738.5766551429487,30.774027297622897,,,,739.9580163052293,2217.592819526332,2051.273213126495,166.31956714191728,2217.592780268413,3.925791894034308e-05,0.8730684395104932,2.6995146614818693e-05,8.61245484660383e-06,0.36073118491809664,184.98962387357227,0.9249999510181729,554.3984039015174,512.8184964534569,41.579907448060595,0.8730684395104168,2.699514661482249e-05,8.612454846600034e-06,0.36073113612906205,184.98956406380742,0.9249999510181639,554.3982996392567,512.8184000108657,41.579899628390905,0.8730682772671875,0.04083180986419012,0.040813159693502146,0.36073107234401514,184.98948587065607,0.9249999510181521,554.398163330464,512.8182739252326,41.579889405231356,0.8730679287069477,0.040832567165519085,0.04081336223899103,0.36073095538896116,184.98934249719366,0.9249999510181305,554.3979133971749,512.8180427369405,41.57987066023441,0.8730492593568311,,,0.101,207.17859452577605,2051.273213126495,2051.273188051586,2.5074909377064293e-05,63.589469606921355,0.1269507406431689,,,258.7193738533592,0.0007007804963562752,111.24933075694445,,,,47.36287745234153,0.0003503876584680502,3.492273084995045,1248.0767645327073,0.0,-0.0,0.0,89.24996943173389
153,1,154,0.06391,4.1565005669197946e-05,0.000392043218746426,1248.6491525400909,,,,0,1.0822826460159106e-13,1,2312.959088457596,2312.959088457596,1.5272175968155217e-13,370.0734541532153,76.79024173679218,0.3334074128647129,,,348.8289481893446,2312.9590468925903,2220.440545870873,92.51835607795306,2312.9589019488253,0.00014494376484148891,0.8845689311706224,0.03749328800372128,0.0372370540374486,0.15712308422003446,116.3935895210928,0.96,771.6455097613087,740.7796893708563,30.865820390452395,0.8391581150006693,0.05152934284000718,0.05105348686828171,0.15709890317513683,116.27627741624676,0.96,770.9864286802991,740.1469715330871,30.839457147211977,0.8018793569250168,0.06264963920345705,0.061912384036298236,0.15707491585176356,116.15908125200504,0.96,770.3269635072178,739.513884966929,30.813078540288693,,,,741.5928310387872,2220.440545870873,2053.9073633882017,166.53314628282968,2220.4405096710316,3.6199841330806635e-05,0.8741902542792922,0.12692270147455068,0.12580088670575174,0.36106465400728666,185.3985185662882,0.9249999513351524,555.1106684157039,513.4773412701501,41.63332714555383,0.8741902542792157,0.12692270147455068,0.12580088670575174,0.36106452745082884,185.39836334684813,0.9249999513351291,555.1103982369503,513.4770913548033,41.63330688214706,0.8741898339290884,0.04132795487764323,0.04020639821574228,0.3610643620474667,185.398160482354,0.9249999513350988,555.1100451258192,513.4767647270072,41.633280398812005,0.8741889310314919,0.04132668942380191,0.0402056870992578,0.3610640588724257,185.39778864329676,0.9249999513350431,555.1093978925578,513.476166036241,41.63323185631676,0.8730503033788346,,,0.101,207.44464370220837,2053.9073633882017,2053.9073383132923,2.5074909469070492e-05,63.671128265034255,0.12694969662116548,,,259.05160520053937,0.0007840864344188942,111.39219023623193,,,,49.218446519902464,0.0003920400975383126,3.496759273519088,1248.6491525400909,0.0,-0.0,0.0,79.8011673388372
154,1,155,0.06078,4.156480343522793e-05,0.00011296821107821191,1251.4072338171434,,,,0,1.082272046902793e-13,1,2312.2412475696397,2312.2412475696397,1.5272175390445027e-13,369.95859961114235,76.76640941931204,0.3334074128647264,,,348.701301352458,2312.241206004836,2219.751418620989,92.48964244254128,2312.24106106353,0.00014494130560308943,0.8847108191255582,0.03737082959764467,0.03722894164270899,0.15711342070741618,116.34680652680348,0.96,771.3827984062905,740.5274864700389,30.855311936251642,0.8392457387100999,0.0512379662091223,0.05115034249969166,0.15709022068170128,116.23395278033502,0.96,770.7483866326131,739.9184511673086,30.829935465304544,0.8018380680636391,0.0621297588734824,0.062171047734860055,0.15706706501239384,116.12054204531955,0.96,770.1098760246265,739.3054809836414,30.804395040985103,,,,741.1969853654247,2219.751418620989,2053.2699034326197,166.48147455376673,2219.751377986386,4.063460288345017e-05,0.8739182895578894,8.765644139809339e-06,0.00028073036554248395,0.360983808790006,185.29936869010874,0.9249999453971532,554.9380575371027,513.3176729206223,41.620384616480486,0.873918289557813,8.765644139802508e-06,0.0002807303655424908,0.3609837589654468,185.29930758832242,0.9249999453971435,554.9379511432776,513.3175745063345,41.620376636943156,0.8739181240300952,0.040421049831762326,0.04069275973075561,0.3609836938468978,185.29922773093097,0.9249999453971307,554.9378120911152,513.3174458830847,41.6203662080305,0.8739177684801748,0.04042649872876164,0.04069766128007872,0.360983574487623,185.29908135606254,0.9249999453971074,554.9375572148907,513.3172101225782,41.620347092312585,0.8730685328813095,,,0.101,207.3802602466946,2053.2699034326197,2053.2698783577102,2.5074909444414173e-05,63.651367006411206,0.12693146711869047,,,258.97122427062396,0.00022593642190118748,111.3576264363683,,,,45.871652052067,0.00011296793299947072,3.4956724716259724,1251.4072338171436,0.0,-0.0,0.0,76.06053167140598
155,1,156,0.05905,4.155243115091399e-05,0.0001164033325895316,1251.4072290202416,,,,0,1.0822801658413617e-13,1,2315.2737248255075,2315.2737248255075,1.5272175833501063e-13,370.4437959720812,76.86708766420685,0.3334074128655516,,,349.2409822611244,2315.2736832730766,2222.6625969428214,92.6109415392844,2315.2735384821062,0.00014479097036465126,0.8850371971642326,0.037372462340361616,0.03704608430168716,0.1571508471928924,116.52727850634525,0.96,772.3953382755417,741.49952474452,30.895813531021716,0.8397502211085667,0.05134740070411805,0.05084291830565128,0.15712727579470914,116.41384134199949,0.96,771.7591834470425,740.8888161091606,30.870367337881728,0.8025848739513425,0.062442205686882024,0.06169539979917873,0.15710375101730434,116.29986241277966,0.96,771.1190167595219,740.274256089141,30.84476067038095,,,,742.8701503510516,2222.6625969428214,2055.962746881342,166.69981256564844,2222.662559446991,3.749583060933086e-05,0.8750650659926995,0.12580074088927243,0.12465396445446242,0.3613249644499001,185.7178455702427,0.9249999457375951,555.6661753187643,513.991182018074,41.67499330069026,0.8750650659926231,0.12580074088927246,0.1246539644544624,0.36132483909109964,185.7176917611346,0.9249999457375707,555.6659079071012,513.9909346622866,41.674973244814616,0.8750646499477179,0.04109156073088164,0.03994503481325879,0.3613246752530795,185.71749073995085,0.924999945737539,555.6655584125582,513.9906113798355,41.67494703272263,0.8750637562977965,0.041070979636680424,0.03992499181905866,0.3613243749473423,185.7171222797234,0.9249999457374806,555.6649178085673,513.9900188211464,41.674898987420946,0.8741904934665877,,,0.101,207.65223743501556,2055.962746881342,2055.9627218064325,2.507490941658146e-05,63.7348451533216,0.12580950653341227,,,259.31085822810417,0.00023280666490806853,111.50366903808478,,,,48.35649023694748,0.00011640305252058927,3.5002585382308373,1251.4072290202419,0.0,-0.0,0.0,73.89559687364526
156,1,157,0.06315,4.155543075829507e-05,0.00036789389106442954,1251.402342148476,,,,0,1.0822819345957312e-13,1,2316.016206899147,2316.016206899147,1.5272175903058735e-13,370.56259310386355,76.89173806905168,0.3334074128653515,,,349.3733304099068,2316.0161653437162,2223.3753796956657,92.64064082065285,2316.0160205163183,0.0001448273981674843,0.8855743006015492,0.03731430644151206,0.03677720300419551,0.15716095086767168,116.57567181774068,0.96,772.6664340399791,741.7597766783799,30.906657361599216,0.840390466434741,0.051127636125947805,0.05048739079977349,0.15713637805617406,116.45773591342487,0.96,772.0054584248976,741.1252400879016,30.880218336995974,0.803117156989701,0.061900363855276315,0.06136808081691773,0.15711200105143439,116.33992267874127,0.96,771.3441280514414,740.4903629293838,30.853765122057656,,,,743.2802087979086,2223.3753796956657,2056.6220816619943,166.75325891600136,2223.375340577996,3.911766959135952e-05,0.8753450454214803,0.0002808752524272334,8.95823646536126e-07,0.3614083600279144,185.82017447434532,0.9249999512576177,555.8440476515298,514.155716984502,41.68833066702782,0.8753450454214038,0.00028087525242723616,8.958236465333763e-07,0.361408310264361,185.82011340944828,0.9249999512576086,555.8439415241099,514.1556188166387,41.68832270747128,0.8753448803082058,0.03992939768537401,0.03964916732488618,0.36140824522555437,185.82003360028224,0.9249999512575966,555.8438028201498,514.1554905154757,41.68831230467415,0.8753445256486716,0.04001702081150947,0.039736251460634434,0.3614081260124634,185.81988731383282,0.9249999512575747,555.8435485822065,514.1552553453785,41.6882932368281,0.8739183838583003,,,0.101,207.71883024786146,2056.6220816619943,2056.622056587085,2.5074909470178442e-05,63.75528453152183,0.1260816161416997,,,259.3940054846642,0.0007357877794219408,111.5394223584056,,,,48.971130988871344,0.0003678911286487738,3.5013794967997613,1251.402342148476,0.0,-0.0,0.0,79.02605790667626
157,1,158,0.06632,4.154278987425874e-05,0.00037782153045372405,1246.475450433106,,,,0,1.082302223728937e-13,1,2326.587429722081,2326.587429722081,1.5272168078745545e-13,372.25398875553304,77.2427026667731,0.3334074128661946,,,351.2659358711316,2326.5873881792913,2233.523753765104,93.06348974021275,2326.587243505317,0.00014467397421077978,0.8871461650553882,0.037358607034592164,0.03578674258075304,0.15729154231077475,117.18939217671124,0.96,776.0893034954261,745.0457313556091,31.043572139817048,0.8419103436900345,0.05162435275348286,0.05010447549818938,0.15726980918281552,117.08871223629019,0.96,775.5297041003608,744.5085159363463,31.021188164014504,0.8055169317774068,0.06320432887906496,0.06080455409135917,0.15724815391020364,116.98783145813015,0.96,774.9682359095301,743.9695064731488,30.99872943638119,,,,749.1350804273939,2233.523753765104,2066.009329611294,167.51438699369956,2233.523716604994,3.716011033606738e-05,0.8793407506182043,0.12465387137590611,0.12065816617918207,0.3626002134497454,187.28397447119752,0.9249999515347623,558.3812824392814,516.5026591942537,41.87862324502764,0.8793407506181279,0.12465387137590611,0.12065816617918208,0.36260013005720376,187.28387196160455,0.9249999515347472,558.3811052293347,516.5024952750532,41.87860995428154,0.8793404757157457,0.0424106405432518,0.038415045135711874,0.3626000215578206,187.28373858965236,0.9249999515347276,558.3808746670428,516.5022820049334,41.87859266210944,0.8793398868789885,0.042063067569779275,0.03806770633946238,0.3625998237246412,187.28349540493932,0.9249999515346918,558.380454269335,516.5018931370541,41.87856113228091,0.8750652533716666,,,0.101,208.66694229074074,2066.009329611294,2066.0093045363847,2.5074909694138642e-05,64.04628921795012,0.12493474662833334,,,260.5779805117224,0.000755643058052466,112.04853162004063,,,,62.59364162074867,0.0003778192513261202,3.517361863831066,1246.475450433106,0.0,-0.0,0.0,82.66625187272359
158,1,159,0.07376,4.153970609262273e-05,0.0003396997882450032,1248.3523556443758,,,,0,1.0822986951937656e-13,1,2326.583498065768,2326.583498065768,1.5272170968859688e-13,372.2533596905228,77.24257213578349,0.3334074128664003,,,351.2652289892339,2326.5834565260616,2233.519979413901,93.0633324755793,2326.5833118894807,0.00014463658097040686,0.8919243288116245,0.037634903845236566,0.03285674008900029,0.15729149099324277,117.18915510101073,0.96,776.0879866608934,745.0444671944576,31.043519466435775,0.8487173065138772,0.049639127488625076,0.042832164664782374,0.1572697584612638,117.08847661018385,0.96,775.5283935636577,744.5072578211114,31.02113574254632,0.8095959516653536,0.05895146727371396,0.05487244738576718,0.15724810378220802,116.98759727803932,0.96,774.9669316649297,743.9682543983324,30.998677266597205,,,,749.1328962600998,2233.519979413901,2066.0058369088238,167.51410440566343,2233.5199413144874,3.8099414343924516e-05,0.8793390985657689,9.7814191098021e-07,2.6301943463808826e-06,0.362599731375491,187.2833818687088,0.9249999512845071,558.3802581270079,516.5017115657128,41.87854656129514,0.8793390985656924,9.781419109712634e-07,2.630194346389831e-06,0.36259966790815384,187.28330385206294,0.9249999512844956,558.3801232581209,516.5015868119924,41.87853644612844,0.8793388878409472,0.035833227643664804,0.03583481551846335,0.362599583958551,187.28320065778928,0.9249999512844803,558.3799448641216,516.5014217975433,41.8785230665783,0.8793384321558665,0.03738654361837915,0.03738799834150113,0.36259942876008194,187.2830098815388,0.9249999512844522,558.3796150652367,516.5011167335753,41.87849833166155,0.875345150482183,,,0.101,208.66658952779122,2066.0058369088238,2066.005811833914,2.5074909659921523e-05,64.04618094417354,0.12465484951781709,,,260.57754159527303,0.0006793995741820874,112.0483428859674,,,,60.71337823211126,0.00033969788874206255,3.5173555171282747,1248.3523556443765,0.0,-0.0,0.0,92.07846975232917
159,1,160,0.0834,4.1495728346343884e-05,5.562012306387337e-05,1251.4073211661016,,,,0,1.0822942771619624e-13,1,2326.5417097269396,2326.5417097269396,1.5272175866775266e-13,372.2466735563104,77.2411847629344,0.33340741286933345,,,351.25771583950393,2326.541668231211,2233.479863161343,93.06166096505613,2326.541524126399,0.0001441048122457267,0.8970099730144208,0.03836086452620945,0.0332752203234132,0.15729093848824469,117.18660245429986,0.96,776.0738077481054,745.0308554381811,31.04295230992429,0.8642721554024291,0.062131720122367215,0.04657687123381536,0.1572692195176109,117.08597276665202,0.96,775.5144670989175,744.4938884149608,31.02057868395674,0.8278702417636111,0.07596073531885794,0.05768644522060044,0.15724757795550004,116.98514061855208,0.96,774.9532492793761,743.955119308201,30.998129971175107,,,,749.1096703597242,2233.479863161343,2065.968691251832,167.51113420553096,2233.479825457363,3.770398042684836e-05,0.9153756343674636,0.12065812285354557,0.08462158705185084,0.36259820586020985,187.28150548313124,0.9249999340504867,558.3770233200208,516.4987097463264,41.87831357369447,0.9153756343673871,0.12065812285354559,0.08462158705185084,0.3625962731700136,187.27912974989815,0.9249999340500844,558.372916298911,516.494910751846,41.87800554706501,0.9009632883105517,0.051173522583798016,0.029549122114193513,0.3625942391406906,187.27662945428324,0.9249999340513824,558.3685939029403,516.4909125365829,41.8776813663575,0.888471333231385,0.04596466797345605,0.03683176689793751,0.3625908030149136,187.27240567241154,0.924999934051209,558.3612919354907,516.4841582170768,41.87713371841399,0.8793408990045435,,,0.101,208.662837816435,2065.968691251832,2065.9686661769224,2.507490920399441e-05,64.04502942880679,0.12065910099545656,,,260.5728994452052,0.00011124024606587479,112.04634676143824,,,,57.62306970993059,5.562006940806336e-05,3.6201858902767876,1251.4073211661018,0.0,-0.0,0.0,104.36737058525287
160,1,161,0.10749,4.149574764184475e-05,0.00015817121716314982,1251.4068974869624,,,,0,1.0822948129492618e-13,1,2327.0362300762317,2327.0362300762317,1.527217555594782e-13,372.32579681219704,77.25760283853089,0.3334074128693321,,,351.34664360745614,2327.036188580484,2233.9546026964217,93.0814417790176,2327.036044475439,0.0001441050449832318,0.8680201427415132,0.028812616155834223,0.05780244642874185,0.15729751265590688,117.2169528606863,0.96,776.2423607460476,745.1926663162056,31.04969442984194,0.8243353332970912,1.8390677120572616e-05,0.03995521278245845,0.15727560587074213,117.1156204332404,0.96,775.6793386735061,744.6521651265659,31.027173546940226,0.7965061643736412,1.024240965798286e-05,0.03137431979962788,0.15725377469059404,117.01407031352943,0.96,775.1143450558857,744.1097712536503,31.004573802235427,,,,749.3843462356457,2233.9546026964217,2066.40785930122,167.54670815471584,2233.954567455936,3.524048612460707e-05,0.897819902592388,2.655385884325554e-06,0.017558387160959935,0.3626947861794088,187.40023504044936,0.9249999482633422,558.582223245972,516.6885276033469,41.893695642625204,0.8978199025923115,2.6553858843185916e-06,0.01755838716095994,0.3626590675734284,187.35632331175515,0.9249999482566466,558.5063383048836,516.6183340330264,41.88800427185716,0.8907767728563017,0.017238696035365025,0.02742521148961498,0.3626361763562681,187.3281825200438,0.9249999482525317,558.4577011594433,516.573344673713,41.88435648573035,0.8836997445107658,0.017733467359857147,0.02250505608047633,0.3626129293925973,187.29960536339735,0.9249999482482978,558.4083047456371,516.527652991134,41.8806517545031,0.87933922176057,,,0.101,208.70719378942326,2066.40785930122,2066.407834226311,2.5074909219022856e-05,64.05864363833783,0.1206607782394299,,,260.6282517448766,0.0003163424338259369,112.07014825029692,,,,58.031760659213695,0.00015817078630344332,3.570116322551767,1251.4068974869624,0.0,-0.0,0.0,134.5137274108736
161,1,162,0.72792,4.0697463746011746e-05,4.89482689880319e-05,0.0001160298217241797,,,,0,1.0822871616600369e-13,1,100.95552681091272,100.95552681091264,1.5272172387911902e-13,16.152884289746034,3.351723490122302,0.33340741292257475,,,23.253742255309827,100.9554861134489,96.9171371534582,4.03821404806076,100.95535120151897,0.00013491192992665655,0.2257618062270544,0.020293385776718367,0.6625517222911771,0.23992617143425127,23.246898793142904,0.96,100.9290459287243,96.89188409157533,4.0371618371489735,4.3199029228410156e-05,6.418718711743055e-06,0.8242985529865746,0.2709945073614521,0.004304075003008809,0.96,0.016544289052646894,0.015882517490541016,0.0006617715621058768,2.3912049131410804e-05,3.4286882569434626e-06,0.7964856810127667,0.2709967593761688,0.002539387163914029,0.96,0.009760983742018368,0.009370544392337633,0.000390439349680735,,,,18.45868288261393,96.9171371534582,89.64818078088243,7.268922940866851,96.9171037217493,3.3431708909312185e-05,0.046687840914213845,0.04659172178428402,0.8977237834624582,0.20627873452696038,5.3573957263896475,0.9249987538664473,28.077479627146484,25.97163366682106,2.105845960325427,0.04668784091413745,0.04659172178428402,0.8977237834624581,0.20627305891804676,5.348152444513075,0.9249987270753447,28.029808707718807,25.92753737480531,2.102271332913498,0.03394926801925237,9.033493950166838e-07,0.8568284081864443,0.20543369422345292,3.957971483474143,0.9249983314358278,20.828597886913983,19.266418291542756,1.5621795953712245,0.032154081083738066,5.363904178664012e-07,0.8515461998174456,0.205337181184031,3.7951632282370653,0.924998261379294,19.981217499970008,18.482591447713304,1.4986260522567014,0.9534056228298317,,,0.101,9.054466258869125,89.64818078088243,89.64815570588134,2.5075001092740274e-05,2.7790936042073553,0.04659437717016835,,,11.307236193101511,9.789653792814514e-05,4.86211156303365,,,,50.76692221177818,4.8948221817270247e-05,0.15947903093134175,0.00011602982173085225,0.0,0.0,0.0,8.446042782946489e-05
162,1,163,1.91079,4.0697779102430405e-05,1.6974589893520902e-05,5.767028225593068e-05,,,,0,1.082143221941836e-13,1,50.483105749779135,50.48310574977906,1.5272165072524224e-13,8.077296919964663,1.6760391108926673,0.3334074129225537,,,12.351294447888247,50.48306505199996,48.463612933500904,2.019317205562538,50.48293013906344,0.00013491293651738662,0.13256757195944596,0.02341819326639183,0.11661242753400027,0.25485283907624023,12.347851749117435,0.96,50.469697016596726,48.45090913593286,2.0187878806638695,2.2826229765136477e-05,6.545318380001185e-06,2.6918117843274864e-05,0.27099715059684204,0.0022328238292125607,0.96,0.008582592659396227,0.008239288953020379,0.0003433037063758491,1.1913773881650668e-05,3.330291451934195e-06,1.5328566701694333e-05,0.2709984560292729,0.001209874941600606,0.96,0.004650529807315567,0.004464508615022945,0.00018602119229262244,,,,9.022243742869783,48.463612933500904,44.26943565520491,4.194150676639015,48.463586331843935,2.6601656968655707e-05,0.0465974061322252,3.5692497725263676e-06,9.400403176117517e-05,0.20380325596197513,4.510949886061627,0.9134586799451797,24.23081252282861,22.13384602110215,2.0969665017264587,0.0465974061321488,3.5692497725278804e-06,9.400403176117366e-05,0.20380317426811848,4.51092400784044,0.9134582581460867,24.230694418121907,22.133727916847743,2.096966501274163,2.342231230312013e-06,5.35460587016497e-07,0.033947461248609076,0.19869382256580737,0.000231020094284008,0.8956085842150692,0.0012982165586046734,0.001162693894056491,0.00013552266454818263,1.389275052776239e-06,3.164668339643897e-07,0.03215300827551926,0.19860405415058302,0.00013882887343357757,0.8948365682481855,0.000781174334809855,0.0006990233609648096,8.215097384504542e-05,0.9534047089659435,,,0.101,4.471213001175696,44.26943565520491,44.26941058011984,2.5075085067268062e-05,1.3723525053113523,0.046595291034056546,,,6.213560256722844,3.394917978127907e-05,2.671830910390823,,,,25.844744445421252,1.6974578747655432e-05,0.09319854377065709,5.76702822561676e-05,0.0,0.0,0.0,0.00011019579863180978
163,1,164,0.20267,4.6036592947753334e-05,0.00012364452098608862,667.3302037657276,,,,0,1.0821441952881308e-13,1,1427.5232101322538,1427.5232101322538,1.5272157922774647e-13,228.40371362116062,47.39377057639083,0.33340741256647455,,,213.5013045543857,1427.5231640956608,1370.4220271154672,57.10091779647791,1427.5229449119452,0.0002191837156005954,0.7993912738596737,0.6859896986586016,0.019165996758373893,0.15579563174324823,106.82674018853946,0.96,714.2552914867101,685.6850798272417,28.57021165946846,0.7433873319866426,0.743369490007748,4.984250870470669e-06,0.15578641785996755,106.67021706291155,0.96,713.2509429703887,684.7209052515731,28.530037718815603,3.783110883158107e-05,2.8670240302722374e-05,2.7529053527919757e-06,0.27099445219572926,0.004347302934728347,0.96,0.01671045484627844,0.0160420366524273,0.0006684181938511391,,,,350.49576864302884,1370.4220271154672,1267.6402067410693,102.78177996610869,1370.4219867071777,4.0408289582461e-05,0.5395375252063793,0.49294024887035054,1.2979619649605815e-07,0.27649489502540053,87.62418226718931,0.9249999044361343,342.6061644726245,316.91066939640825,25.695495076216286,0.5395375252063028,0.4929402488703506,1.2979619648731727e-07,0.27649479081302597,87.62406786161516,0.9249999044360482,342.60584628252946,316.91037507057115,25.695471211958296,0.5395369155250103,0.5395350654229486,4.9212916870883e-07,0.276494646729737,87.62390968529579,0.9249999044359292,342.6054063548269,316.9099681374476,25.695438217379365,0.5395356406430077,0.539534552385672,3.010177171042333e-07,0.2764943726787168,87.62360882892852,0.9249999044357027,342.60456959719687,316.9091941366421,25.695375460554736,0.5070561818798769,,,0.101,128.031660880848,1267.6402067410693,1267.6401791558646,2.7585204598266353e-05,39.296846408973146,0.49294381812012306,,,159.88281179267386,0.00024728904166641786,68.74960907084976,,,,24.698901246097833,0.00012364390216847553,2.1581476065807,667.3302037657274,0.0,0.0,0.0,135.2478123972
164,1,165,0.13268,4.603657278887431e-05,0.00018886821586305334,663.6005759536465,,,,0,1.0821640089583048e-13,1,1427.527833747817,1427.5278337478169,1.5272161315337807e-13,228.40445339965075,47.393924080427524,0.3334074125664759,,,213.50228256120747,1427.5277877112442,1370.426465786866,57.10110274111944,1427.5275685279855,0.0002191832586449797,0.8525600381497316,0.08600880610383026,0.032840041813772404,0.15579564190780945,106.82690864156821,0.96,714.2563711819522,685.6861163346741,28.5702548472781,0.7902774055061905,0.04689899473287431,8.921213326435774e-06,0.15578642747110277,106.67038453031365,0.96,713.2520187384256,684.7219379888886,28.530080749537028,4.9672036703486965e-05,1.6589091133314504e-05,4.748163261408601e-06,0.270993632790183,0.0049893893255894255,0.96,0.019178607607777204,0.018411463303466113,0.0007671443043110905,,,,350.4973527049494,1370.426465786866,1267.6442858008024,102.78213614563825,1370.4264219464405,4.3840425438394156e-05,0.5395393015336608,2.0094101436576896e-06,2.330828621496187e-07,0.2764952541002916,87.62457737823503,0.9249998872618337,342.60727076528536,316.9116868329735,25.695583932311898,0.5395393015335844,2.0094101436652773e-06,2.3308286214229518e-07,0.27649514167452766,87.62445395587633,0.9249998872617232,342.6069274981407,316.9113693108655,25.69555818727519,0.5395388726728713,3.020664262309032e-06,1.0635164013147519e-06,0.27649500061830956,87.62429910267487,0.9249998872615848,342.6064968139153,316.91097092795815,25.69552588595715,0.539537944072306,2.8981931901791734e-06,5.947638918464609e-07,0.27649474844893485,87.62402226816315,0.9249998872613372,342.6057268690992,316.91025872900525,25.695468140094004,0.5070577417195059,,,0.101,128.03207286588105,1267.6442858008024,1267.6442525279224,3.327288009186563e-05,39.296972859824876,0.4929422582804942,,,159.88336203663616,0.0003777364310126826,68.74984567575353,,,,28.4316987830384,0.00018886696160017993,2.158155419812423,663.6005759536464,0.0,0.0,0.0,88.04652441752981
165,1,166,0.12244,4.301682656238699e-05,0.00020466355301466808,1104.9894982021408,,,,0,1.0821596349266776e-13,1,2099.8829001509826,2099.8829001509826,1.5272167720080917e-13,335.98126402415716,69.71611228501263,0.33340741276788183,,,314.0766479370049,2099.882857134156,2015.887385141988,83.9953077142495,2099.8826928562376,0.00016427791836390746,0.8558219662141804,0.05077255713067737,0.047510629066228535,0.15579578435817484,106.82926848356571,0.96,714.2714962553046,685.7006364050924,28.570859850212205,0.7886522935274889,0.07422039777190796,0.07584550975060957,0.15578656195683838,106.67272688307115,0.96,713.2670651489585,684.7363825430002,28.530682605958326,0.7065508515255129,0.7065116704929733,1.0491004163851162e-05,0.15582089319034498,100.57465257036802,0.96,672.3441314519742,645.4503661938953,26.89376525807897,,,,630.224852690197,2015.887385141988,1864.6956727944769,151.19167356971818,2015.8873463641949,3.877779307329094e-05,0.7936576734815798,0.25411959957528923,1.227627370210132e-06,0.337977594929489,157.55653496290137,0.9249999391869507,503.9724612007432,466.1744959625854,37.797965238157865,0.7936576734815034,0.25411959957528923,1.2276273702085108e-06,0.3379774609208531,157.5563760725761,0.9249999391869147,503.9721527876703,466.17421068049356,37.79794210717678,0.7936571900514079,0.3049215021010609,0.05080318472252419,0.3379772836703149,157.55616591157337,0.9249999391868671,503.97174485565404,466.1738333433793,37.79791151227477,0.7936561442257123,0.304921639429148,0.0508034392757417,0.3379769546007524,157.55577574314623,0.9249999391867787,503.9709875201274,466.1731328080186,37.79785471210876,0.7458783910145671,,,0.101,188.33426295224217,1864.6956727944769,1864.6956456701296,2.712434728518523e-05,57.80556585662878,0.25412160898543285,,,235.18709020293474,0.0004093271051915928,101.13044878726194,,,,27.64687936796163,0.00020466203836706635,3.174628681240203,1104.9894982021408,0.0,-0.0,0.0,135.2949141598701
166,1,167,0.11797,4.301681904228316e-05,0.00021241844193265028,1107.6840877059942,,,,0,1.0821478033049822e-13,1,2099.885003223399,2099.885003223399,1.5272164754708884e-13,335.9816005157438,69.71618210701683,0.3334074127678823,,,314.0769639629805,2099.8849602065798,2015.8894040916207,83.99539183715083,2099.8847959287714,0.0001642778086897544,0.8747213430168087,0.04739304559381059,0.028493668791182255,0.1557957900564769,106.82936284598671,0.96,714.2721010473454,685.7012170054516,28.570884041893816,0.8111319255835351,0.06472926100961415,0.04224962895356792,0.1557865673508065,106.6728207927317,0.96,713.2676683795506,684.7369616443686,28.530706735182044,0.757024244998976,0.05049298420704365,1.959073358053655e-05,0.1558208836855494,100.5747803242621,0.96,672.3450265018754,645.4512254418005,26.893801060074985,,,,630.2258793569374,2015.8894040916207,1864.6975142981894,151.19184824661323,2015.889362544803,4.1546817720492696e-05,0.7936587015239074,1.3595761056841467e-06,3.3153377821792485e-07,0.33797785974676137,157.5568485537616,0.9249999275478353,503.97307573747986,466.17505854322866,37.79801719425122,0.7936587015238309,1.35957610569437e-06,3.31533778208372e-07,0.3379776980930336,157.55665688534887,0.9249999275477838,503.9727037011713,466.1747144096442,37.797989291527124,0.7936581277118884,0.05248439998088591,0.05248346232040547,0.3379774898146774,157.55640993545353,0.9249999275477175,503.9722243607798,466.17427101978336,37.79795334099643,0.7936569053648739,0.052484544154136316,0.05248378301497482,0.33797711369621836,157.55596398237344,0.9249999275475977,503.9713587453718,466.17347032553334,37.79788841983845,0.745879040848605,,,0.101,188.33444894411716,1864.6975142981894,1864.6974825683064,3.172988302302331e-05,57.805622943243876,0.25412095915139493,,,235.187356377284,0.00042483688296286867,101.13056324223213,,,,24.953841813365802,0.0002124166341969381,3.174632436124501,1107.6840877059942,0.0,-0.0,0.0,130.67349182667616
167,1,168,0.11496,4.245962702682539e-05,0.0002179793529940813,1210.6202945972186,,,,0,1.0821509155027035e-13,1,2234.396357660889,2234.396357660889,1.5272160206637653e-13,357.50341722574217,74.1819590743415,0.33340741280504493,,,335.2800506090166,2234.3963152012616,2145.0203124128207,89.37584635053432,2234.396158763355,0.0001564379068258249,0.8874755637897803,0.06477938707998948,0.052025166307017916,0.15632444413849175,111.88662122112154,0.96,745.5555937820419,715.7333700307603,29.8222237512817,0.8317181137575852,0.0963571114604077,0.07577092328635766,0.15630619077345792,111.76035314228835,0.96,744.8011748424391,715.0091278487415,29.79204699369764,0.7848404662254226,0.15028489644605025,0.12246867521960367,0.15628803523572882,111.63307624560672,0.96,744.0393901388737,714.2778145333187,29.761575605554974,,,,699.1134620009173,2145.0203124128207,1984.1436388300879,160.87663567947766,2145.0202745095658,3.790325507256136e-05,0.8444970793489396,0.20634079681924128,0.15550241899420905,0.3523504351945758,174.778617326317,0.9249999463449521,536.2555247725817,496.03633164182224,40.2191931307595,0.8444970793488631,0.20634079681924125,0.15550241899420908,0.3523503313361262,174.7784915626247,0.9249999463449301,536.2552969706549,496.03612092504034,40.21917604561455,0.8444967249312818,0.10948345259401333,0.05864485537461989,0.35235019559761566,174.77832719493662,0.9249999463449012,536.2549992432564,496.0358455271973,40.219153716059175,0.8444959636517482,0.10948411868378642,0.05864506039691211,0.35234994679552395,174.77802591703903,0.9249999463448484,536.2544535230724,496.03534073602793,40.219112787044445,0.7936578436046531,,,0.101,200.39850752183887,1984.1436388300879,1984.143613107539,2.5722548669628962e-05,61.508452803732716,0.20634215639534695,,,250.25258811544288,0.00043595870503786263,107.60861288964044,,,,24.17237947261219,0.0002179773878137558,3.377986847280832,1210.6202945972188,0.0,-0.0,0.0,139.17290906689627
