,Day,Time,LMP,bypass_pretreatment_flow,excess_solar_power,power_from_grid,intake.op_mode,intake.startup,intake.shutdown,intake.energy_intensity,intake.power_consumption,intake.recovery,intake.feed_flowrate,intake.product_flowrate,intake.reject_flowrate,intake.feed_cost,intake.chemical_cost,pretreatment.op_mode,pretreatment.startup,pretreatment.shutdown,pretreatment.power_consumption,pretreatment.feed_flowrate,pretreatment.product_flowrate,pretreatment.reject_flowrate,pretreatment.inlet_flowrate,pretreatment.leftover_flow,pretreatment.uf_pumps[1].op_mode,pretreatment.uf_pumps[1].startup,pretreatment.uf_pumps[1].shutdown,pretreatment.uf_pumps[1].energy_intensity,pretreatment.uf_pumps[1].power_consumption,pretreatment.uf_pumps[1].recovery,pretreatment.uf_pumps[1].feed_flowrate,pretreatment.uf_pumps[1].product_flowrate,pretreatment.uf_pumps[1].reject_flowrate,pretreatment.uf_pumps[2].op_mode,pretreatment.uf_pumps[2].startup,pretreatment.uf_pumps[2].shutdown,pretreatment.uf_pumps[2].energy_intensity,pretreatment.uf_pumps[2].power_consumption,pretreatment.uf_pumps[2].recovery,pretreatment.uf_pumps[2].feed_flowrate,pretreatment.uf_pumps[2].product_flowrate,pretreatment.uf_pumps[2].reject_flowrate,pretreatment.uf_pumps[3].op_mode,pretreatment.uf_pumps[3].startup,pretreatment.uf_pumps[3].shutdown,pretreatment.uf_pumps[3].energy_intensity,pretreatment.uf_pumps[3].power_consumption,pretreatment.uf_pumps[3].recovery,pretreatment.uf_pumps[3].feed_flowrate,pretreatment.uf_pumps[3].product_flowrate,pretreatment.uf_pumps[3].reject_flowrate,reverse_osmosis.op_mode,reverse_osmosis.startup,reverse_osmosis.shutdown,reverse_osmosis.power_consumption,reverse_osmosis.feed_flowrate,reverse_osmosis.product_flowrate,reverse_osmosis.reject_flowrate,reverse_osmosis.inlet_flowrate,reverse_osmosis.leftover_flow,reverse_osmosis.ro_skid[1].op_mode,reverse_osmosis.ro_skid[1].startup,reverse_osmosis.ro_skid[1].shutdown,reverse_osmosis.ro_skid[1].energy_intensity,reverse_osmosis.ro_skid[1].power_consumption,reverse_osmosis.ro_skid[1].recovery,reverse_osmosis.ro_skid[1].feed_flowrate,reverse_osmosis.ro_skid[1].product_flowrate,reverse_osmosis.ro_skid[1].reject_flowrate,reverse_osmosis.ro_skid[2].op_mode,reverse_osmosis.ro_skid[2].startup,reverse_osmosis.ro_skid[2].shutdown,reverse_osmosis.ro_skid[2].energy_intensity,reverse_osmosis.ro_skid[2].power_consumption,reverse_osmosis.ro_skid[2].recovery,reverse_osmosis.ro_skid[2].feed_flowrate,reverse_osmosis.ro_skid[2].product_flowrate,reverse_osmosis.ro_skid[2].reject_flowrate,reverse_osmosis.ro_skid[3].op_mode,reverse_osmosis.ro_skid[3].startup,reverse_osmosis.ro_skid[3].shutdown,reverse_osmosis.ro_skid[3].energy_intensity,reverse_osmosis.ro_skid[3].power_consumption,reverse_osmosis.ro_skid[3].recovery,reverse_osmosis.ro_skid[3].feed_flowrate,reverse_osmosis.ro_skid[3].product_flowrate,reverse_osmosis.ro_skid[3].reject_flowrate,reverse_osmosis.ro_skid[4].op_mode,reverse_osmosis.ro_skid[4].startup,reverse_osmosis.ro_skid[4].shutdown,reverse_osmosis.ro_skid[4].energy_intensity,reverse_osmosis.ro_skid[4].power_consumption,reverse_osmosis.ro_skid[4].recovery,reverse_osmosis.ro_skid[4].feed_flowrate,reverse_osmosis.ro_skid[4].product_flowrate,reverse_osmosis.ro_skid[4].reject_flowrate,posttreatment.op_mode,posttreatment.startup,posttreatment.shutdown,posttreatment.energy_intensity,posttreatment.power_consumption,posttreatment.feed_flowrate,posttreatment.product_flowrate,posttreatment.reject_flowrate,posttreatment.chemical_cost,brine_discharge.op_mode,brine_discharge.startup,brine_discharge.shutdown,brine_discharge.feed_flowrate,brine_discharge.power_consumption,brine_discharge.brine_cost,power_generation.op_mode,power_generation.startup,power_generation.shutdown,power_generation.power_utilized,power_generation.power_curtailed,num_skids_online,net_power_consumption,water_revenue,demand_response_revenue,emissions_cost,energy_cost
0,1,1,0.1016,1.5753041072540215e-05,8.933736623588294e-05,1035.2966704691937,,,,0,3.981144021319226e-14,1,2004.0730431806812,2004.0730431806812,5.618037273638427e-14,320.651686908909,66.53522503359862,0.33340741458621026,,,299.8823355425155,2004.0730274276402,1923.910046996334,80.16291862484732,2004.072965621181,6.180645900707148e-05,0.8358937889161272,0.29094378242660973,0.05501028191832138,0.15586322306531444,100.05117808307561,0.96,668.6630439189431,641.9165221621853,26.74652175675779,0.7684417805213057,0.2699474585407227,0.07802222581001417,0.15587122164238998,99.96080379479184,0.96,668.0247719180251,641.3037810413041,26.72099087672099,0.7115546829300741,0.25068310999830207,0.09778636601551131,0.15587943249008726,99.87035366464802,0.96,667.3851497842131,640.6897437928445,26.69540599136854,,,,584.0014430046215,1923.910046996334,1779.6167321979028,144.29330064810515,1923.9100328460079,1.415032602690318e-05,0.7574472321140534,0.28815327418013,0.11093014453585567,0.3281618497949427,146.00093597958247,0.9249999749548501,480.9786819519213,444.9052687593441,36.07341319257725,0.7574472321140253,0.28815327418013,0.11093014453585567,0.3281616040017769,146.0006486693084,0.9249999749548415,480.9780957028495,444.90472647896314,36.073369223886324,0.757446320068572,0.2658829509466557,0.0824514353294797,0.3281612827984217,146.00027321140618,0.9249999749548291,480.97732958972546,444.9040178243366,36.073311765388844,0.7574443612091302,0.2658826032963293,0.08245180439172507,0.32816069415826116,145.99958514432447,0.9249999749547977,480.97592560151173,444.90271913525896,36.07320646625273,0.71184672581987,,,0.101,179.7412899519882,1779.6167321979028,1779.6167214670784,1.0730824488207153e-05,55.16811869813498,0.28815327418013,,,224.4562599071441,0.00017867549086148597,96.51619176007196,,,,28.32866604278858,8.933721141765301e-05,3.0297851455057807,1035.2966704691937,0.0,0.0,0.0,105.18614171967008
1,1,2,0.1016,1.577437257277025e-05,8.935377976086717e-05,1026.5843057032664,,,,0,3.981121136533335e-14,1,1990.3381673433373,1990.3381673433373,5.618036943446791e-14,318.454106774934,66.0792271557988,0.33340741458481654,,,297.94763119079846,1990.3381515689648,1910.724565855556,79.61352357731488,1990.338089432871,6.213609384176937e-05,0.835023992391555,0.05068545588518039,0.05155525240975268,0.15592481399292915,99.40636234364638,0.96,664.0911825148023,637.5275352142103,26.56364730059208,0.7665743029092444,0.06830082335790945,0.07016830096997072,0.15593430322455365,99.31590020525391,0.96,663.4464679963769,636.9086092765217,26.537858719855105,0.7083789428787949,0.08098578405982393,0.0841615241111031,0.15594401109651193,99.22536864189816,0.96,662.8004389216917,636.288421364824,26.5120175568677,,,,577.5627049098806,1910.724565855556,1767.420156108824,143.3043935856825,1910.7245496945065,1.6161049460262004e-05,0.7522539656992584,0.004878644979420275,0.010071911394215274,0.3267829548999509,144.39072655886298,0.924999972597523,477.6812408665146,441.8551347118768,35.826106154637806,0.7522539656992303,0.00487864497942029,0.010071911394215255,0.32678293335361575,144.39070142295117,0.9249999725975206,477.68118920629223,441.8550869261714,35.826102280120836,0.7522538853268046,0.06951023451537214,0.0747026692571396,0.3267829051935799,144.39066857151073,0.9249999725975175,477.6811216888318,441.8550244725209,35.826097216310934,0.7522537126886913,0.0695113752834822,0.07470202380392102,0.32678285357771875,144.39060835655576,0.9249999725975119,477.6809979328677,441.85490999825475,35.826087934612936,0.7069680808404497,,,0.101,178.50943576699123,1767.420156108824,1767.4201445554909,1.1553333046824944e-05,54.790024839373544,0.2930319191595503,,,222.9179606517525,0.00017870821734804364,95.85472308025358,,,,27.435734226400967,8.935359903412048e-05,3.009015529413985,1026.5843057032664,0.0,0.0,0.0,104.30096545945186
2,1,3,0.1016,1.5556184215025143e-05,8.944075498086824e-05,1037.3982970993106,,,,0,3.981100836928942e-14,1,2004.5848605289282,2004.5848605289282,5.6180366071126574e-14,320.73357768462853,66.55221736956041,0.333407414599411,,,299.9547342995138,2004.5848449727441,1924.401394647205,80.18339144363354,2004.5847860908384,5.8881905583460394e-05,0.8356311166002478,0.05283516300058929,0.0522280387918964,0.15586251102442772,100.05933715906438,0.96,668.7206277013169,641.9718025932641,26.748825108052724,0.7682362000447135,0.07301939449515024,0.07135749735968114,0.15586906639184736,99.98492892103786,0.96,668.1952361493626,641.4674267033881,26.72780944597448,0.7115608759684126,0.08885333873793563,0.08567140564831796,0.1558757655606222,99.91046821941153,0.96,667.6689222401593,640.9621653505529,26.70675688960634,,,,584.2422784872997,1924.401394647205,1780.071234450512,144.33014621014516,1924.4013806606572,1.3986547877212519e-05,0.7576386671577046,0.23767404846699444,0.23228934700854836,0.32821293301820287,146.06064997273336,0.9249999778317669,481.10050907539824,445.01796022959513,36.0825488458031,0.7576386671576765,0.23767404846699444,0.23228934700854836,0.32821289819754484,146.06060926749407,0.9249999778317622,481.10042603957544,445.0178834214587,36.08254261811676,0.7576385391866435,0.07817157385310827,0.07278691999326936,0.3282128533657259,146.06055685924235,0.9249999778317562,481.1003191304089,445.0177845304791,36.08253459992977,0.7576382667691971,0.0781717059265126,0.0727871518460068,0.3282127725516268,146.0604623878299,0.9249999778317457,481.1001264152747,445.01760626897914,36.08252014629554,0.7574473065535854,,,0.101,179.78719467950174,1780.071234450512,1780.07122482887,9.62164205176858e-06,55.182208267965876,0.2425526934464147,,,224.5135768181529,0.0001788817456683502,96.54083803180575,,,,26.586178689505164,8.944049483912256e-05,3.0305541402712213,1037.3982970993104,0.0,0.0,0.0,105.39966698528995
3,1,4,0.1016,1.5578409638535192e-05,4.5955969894161596e-05,1039.456088771676,,,,0,3.9810496761415944e-14,1,2004.5848765766173,2004.5848765766173,5.6180361124797005e-14,320.7335802522588,66.5522179023437,0.3334074145979233,,,299.9547365224776,2004.5848609982077,1924.4014097243214,80.18339207184681,2004.5848017961684,5.92020391389798e-05,0.8360805441818226,0.05234325292601559,0.051893825344440786,0.15586251096503936,100.0593378403708,0.96,668.7206325094544,641.9718072090761,26.748825300378208,0.7687257468703043,0.07170575403585545,0.07121620721026468,0.1558690663258707,99.98492966206541,0.96,668.1952413844551,641.4674317290769,26.72780965537827,0.7119077320709912,0.08642280862229565,0.08607595251971689,0.15587576548783968,99.91046902004142,0.96,667.6689279022588,640.9621707861685,26.706757116090326,,,,584.2422838664385,1924.4014097243214,1780.071244444659,144.3301503960303,1924.4013948406894,1.4883632175003751e-05,0.7576385497086014,0.010071940060807534,0.01007205750991061,0.3282129088506019,146.06062168726157,0.9249999762092402,481.10045217675736,445.0179068177553,36.08254535900205,0.7576385497085734,0.010071940060807544,0.010072057509910602,0.32821288737730864,146.0605965850505,0.9249999762092384,481.1004009700089,445.01785945151323,36.0825415184956,0.7576384695612305,0.0746480257420526,0.07464809536746558,0.32821285904972647,146.06056347019833,0.9249999762092358,481.1003334180257,445.0177969659292,36.082536452096505,0.7576382964145738,0.07464811215176363,0.07464808250638699,0.3282128065720159,146.060502123928,0.9249999762092311,481.1002082758975,445.01768120946133,36.082527066436135,0.752254011472198,,,0.101,179.78719568891057,1780.071244444659,1780.0712348230268,9.621632248304163e-06,55.18220857778443,0.24774598852780197,,,224.51358255155122,9.191198768560966e-05,96.54084049716703,,,,24.5282651741083,4.595589169974977e-05,3.030553865392979,1039.456088771676,0.0,0.0,0.0,105.60873861920227
4,1,5,0.1016,1.5555218174757814e-05,4.8235857318922195e-05,1039.4560786008387,,,,0,3.9812223040941155e-14,1,2014.2547984053558,2014.2547984053558,5.6180383509190864e-14,322.2807677448569,66.87325930705782,0.3334074145995251,,,301.32792260554635,2014.2547828501376,1933.6845350236201,80.57018895931758,2014.2547239829373,5.8867200231491636e-05,0.8375319466250389,0.05253260636762039,0.05108120392440407,0.15582583762247232,100.50890861515465,0.96,671.8833115539369,645.0079790917794,26.875332462157534,0.7709325621687937,0.07205194229830662,0.06984512699981724,0.1558309279141192,100.44265442534245,0.96,671.4184817282251,644.561742459096,26.85673926912904,0.7147792316325272,0.08699611027157751,0.08412461071004157,0.15583612962395668,100.37635956504926,0.96,670.9529307007755,644.1148134727446,26.838117228031003,,,,588.8045424336843,1933.6845350236201,1788.6581362202248,145.02638452661824,1933.6845207468434,1.4276776912143446e-05,0.7612934468751256,0.23228931881155085,0.22863442164502673,0.32918792847845946,147.2012168847927,0.9249999764850031,483.42129514685945,447.1646866431947,36.25660850366475,0.7612934468750975,0.23228931881155085,0.22863442164502673,0.32918789380509184,147.20117629478193,0.9249999764849981,483.42121276458107,447.16461043958674,36.25660232499433,0.761293318705182,0.07518768737516666,0.07153283823121515,0.32918784848856897,147.20112324547705,0.9249999764849915,483.4211050946536,447.1645108449032,36.25659424975043,0.7612930433989235,0.07518769845712177,0.07153295147277208,0.3291877654255372,147.20102600863265,0.9249999764849794,483.420907740749,447.16432829254023,36.25657944820874,0.7576387411276417,,,0.101,180.6544717582427,1788.6581362202248,1788.6581265985624,9.621662494417293e-06,55.44840222282697,0.24236125887235838,,,225.59661293959348,9.647172346394783e-05,97.0065435640252,,,,31.331002904215385,4.823578461077948e-05,3.0451732558543285,1039.4560786008387,0.0,0.0,0.0,105.6087375858452
5,1,6,0.1016,1.5555219205914982e-05,8.936069404277831e-05,1035.3168241346043,,,,0,3.981622640429782e-14,1,2034.7361502854314,2034.7361502854314,5.61804036857471e-14,325.55778404566905,67.55324018947633,0.33340741459952417,,,304.2661434436675,2034.7361347302124,1953.3466328284724,81.3894430345197,2034.736075862992,5.886722031874336e-05,0.839530618946857,0.05245326669216859,0.050454594370350526,0.15576253321733297,101.49764265810501,0.96,678.7685646757809,651.6178220887496,27.15074258703128,0.7744504632174061,0.07226063959738259,0.06874273854877025,0.1557665456736047,101.42206625057288,0.96,678.2456734904828,651.1158465508635,27.12982693961932,0.7200090739046034,0.08771271089956631,0.08248286862749006,0.15577069642524197,101.3464345349896,0.96,677.7218376967284,650.6129641888593,27.108873507869106,,,,598.5442201948649,1953.3466328284724,1806.8455792348009,146.50103905073,1953.3466182855311,1.4542941209435545e-05,0.7690343046983954,0.010072086255756736,0.002331228432486922,0.3312647772491019,149.63610582305455,0.9249999781506737,488.3367565258169,451.7114891165515,36.62526740926541,0.7690343046983673,0.010072086255756736,0.0023312284324869224,0.3312647556536074,149.63608046657,0.9249999781506717,488.3367056102215,451.71144201962585,36.62526359059562,0.7690342254830826,0.07673861910793871,0.06899771233003808,0.33126472742859925,149.63604732600191,0.9249999781506693,488.336639064247,451.7113804645997,36.62525859964726,0.7690340553277493,0.07673873554753462,0.06899772361870878,0.33126467569206935,149.63598657923848,0.9249999781506647,488.3365170852457,451.71126763402395,36.625249451221705,0.7576385949326924,,,0.101,182.49140350271492,1806.8455792348009,1806.8455696131384,9.621662533090677e-06,56.01221295627883,0.24236140506730758,,,227.8905218050727,0.00017872202236509507,97.99292437618126,,,,49.98521108935947,8.93606405302837e-05,3.0761368902075947,1035.3168241346045,0.0,0.0,0.0,105.1881893320758
6,1,7,0.1016,1.5540034471166946e-05,4.832854537847217e-05,1039.4560781646926,,,,0,3.981579962142061e-14,1,2034.7918193408143,2034.7918193408143,5.618040102869752e-14,325.56669109453026,67.55508840211503,0.33340741460041645,,,304.2741854625676,2034.7918038007797,1953.4000753424293,81.39166980593467,2034.7917451483643,5.865241559941495e-05,0.8404267790971213,0.05149583124935574,0.05059967109909146,0.15576239360847424,101.5003188411926,0.96,678.7870701234312,651.6355873184939,27.15148280493731,0.7753385154870829,0.07035672731423781,0.06946867504456095,0.15576640104308295,101.42474691428552,0.96,678.2642298225305,651.1336606296293,27.130569192901195,0.7205847651553217,0.08465415925848965,0.08407846800777151,0.15577054673689505,101.34911970708946,0.96,677.7404452024024,650.6308273943063,27.109617808096168,,,,598.5708342065495,1953.4000753424293,1806.8950110045012,146.5050500591316,1953.4000610636328,1.427879661192123e-05,0.769055468435533,0.228634393877765,0.22861323014062748,0.3312704701394795,149.642790157735,0.9249999767178577,488.35017912547886,451.7239043212296,36.62627480424927,0.7690554684355048,0.228634393877765,0.22861323014062748,0.3312704354286182,149.64274940142542,0.9249999767178524,488.35009728956123,451.72382862300503,36.62626866655617,0.7690553411190152,0.07169821851779444,0.07167710288186185,0.3312703900649471,149.64269613695305,0.9249999767178454,488.34999033807566,451.72372969287994,36.62626064519567,0.7690550676528896,0.07169822662144348,0.07167721429630317,0.331270306919514,149.64259851043607,0.9249999767178325,488.34979431051704,451.72354836738657,36.62624594313047,0.7612935198664783,,,0.101,182.49639611145463,1806.8950110045012,1806.8950013828876,9.621613491127452e-06,56.01374534113953,0.23870648013352172,,,227.89675930551093,9.665708237032294e-05,97.99560650136969,,,,45.88548260150687,4.832849313107666e-05,3.076221345642942,1039.4560781646926,0.0,0.0,0.0,105.60873754153276
7,1,8,0.1016,1.550707464874003e-05,8.936767363776471e-05,1038.7695731186516,,,,0,3.981625702840876e-14,1,2040.956296929156,2040.956296929156,5.6180400232619295e-14,326.55300750866496,67.75974905804797,0.33340741460257095,,,305.1666410596285,2040.9562814220812,1959.3179743076737,81.63824892948655,2040.9562232371604,5.818492091968845e-05,0.8411482141925437,0.05108377367906009,0.050362338583637666,0.1557473298055195,101.81100233053662,0.96,680.9306301435151,653.6934049377745,27.237225205740604,0.776436293610657,0.0699993508508868,0.06890157272731268,0.15575140301377405,101.722236635223,0.96,680.31915675469,653.1063904845023,27.21276627018766,0.7221148429175877,0.08457503607526928,0.08304495831300321,0.15575566380001027,101.63340209386884,0.96,679.7064363389553,652.518178885397,27.188257453558286,,,,601.5228448954252,1959.3179743076737,1812.3690701208536,146.9488896656516,1959.3179597865053,1.4521168320475427e-05,0.7713852262211487,0.0023312563103753225,1.4985247594888573e-06,0.33189869174010517,150.38076208060085,0.924999978216064,489.8295917353079,453.09236168474325,36.73723005056462,0.7713852262211206,0.002331256310375316,1.4985247594953697e-06,0.3318986701288542,150.38073668231684,0.9249999782160623,489.82954090119506,453.0923146631892,36.73722623800584,0.7713851471339547,0.07202270744283876,0.06969290142789933,0.33189864188398355,150.38070348797694,0.9249999782160601,489.8294744634381,453.09225320826437,36.737221255173715,0.7713849772565874,0.07202281894062208,0.06969290933692432,0.33189859011264655,150.38064264453067,0.9249999782160562,489.8293526865642,453.0921405646568,36.73721212190741,0.7690343498118597,,,0.101,183.04927608220623,1812.3690701208536,1812.3690604992232,9.621630504577986e-06,56.183441173746466,0.2309656501881403,,,228.58717824501164,0.00017873607856172896,98.29248664535501,,,,50.96945702236054,8.936763946229598e-05,3.0855405768328117,1038.7695731186518,0.0,0.0,0.0,105.538988628855
8,1,9,0.1016,1.5507050073553454e-05,8.93846871328192e-05,1030.6683141945987,,,,0,3.9816686530730785e-14,1,2045.0682363897372,2045.0682363897372,5.61803637226891e-14,327.21091782235794,67.89626544813927,0.3334074146026375,,,305.7640188227611,2045.068220882687,1963.2654361898353,81.80272650790992,2045.0681626977453,5.818494178915812e-05,0.8416830322307475,0.05083595857918431,0.0503011405409806,0.15573898207254172,102.00707365128036,0.96,682.278559758768,654.9874173684171,27.29114239035075,0.7772895357603292,0.06971136839048823,0.06885812624081603,0.1557425214926956,101.92136347391192,0.96,681.6897911658053,654.422199519173,27.26759164663229,0.7232835681169166,0.08424468650370046,0.08307596130437155,0.15574623440109703,101.83558169756883,0.96,681.0998117731723,653.8558193022453,27.243992470926884,,,,603.497236300846,1963.2654361898353,1816.0204727900013,147.24494934301495,1963.265422133016,1.4056819484113696e-05,0.7729394382009781,0.2286132060902837,0.22705899411045433,0.3323185832995825,150.8743831927323,0.9249999782591689,490.8165035598163,454.00525512207133,36.811248437744936,0.77293943820095,0.2286132060902837,0.22705899411045433,0.33231855159537677,150.87434591018504,0.9249999782591646,490.816429099606,454.00518624637635,36.81124285322967,0.7729393229069283,0.07148452179594969,0.06993034602297597,0.3323185104712535,150.8742975502928,0.924999978259159,490.81633251585123,454.0050969064025,36.8112356094487,0.7729390763795719,0.07148454379217349,0.06993044466918892,0.3323184357208806,150.87420964763584,0.9249999782591489,490.8161569577427,454.00493451515104,36.81122244259164,0.769055537599341,,,0.101,183.41806775179015,1816.0204727900013,1816.0204631683794,9.621622050915716e-06,56.29663465649004,0.23094446240065902,,,229.04771503641652,0.00017876987247690022,98.4905174656591,,,,62.011276835358125,8.938464187089037e-05,3.0917572756884284,1030.6683141945987,0.0,0.0,0.0,104.71590072217123
9,1,10,0.1016,1.5497460559911864e-05,5.558456211770146e-05,1039.4560364537474,,,,0,3.981633939112694e-14,1,2045.0693203796952,2045.0693203796952,5.618039328003081e-14,327.21109126075123,67.89630143660588,0.3334074146032241,,,305.7641765496127,2045.0693048822345,1963.2664769573553,81.80276987322313,2045.0692468305785,5.8051656104436416e-05,0.8418397046431765,0.0505366528810178,0.05037998046858876,0.15573897995235478,102.00712625691965,0.96,682.2789209021308,654.9877640660457,27.291156836085214,0.7774317228561598,0.06919669795012375,0.06905451085429312,0.1557425192694202,101.92141604978332,0.96,681.6901525450684,654.4225464432656,27.26760610180277,0.7233680253857117,0.08350249738664285,0.08341804011784781,0.1557462320744232,101.83563424290978,0.96,681.1001733833792,653.8561664480441,27.244006935335143,,,,603.4977561239498,1963.2664769573553,1816.0214329872142,147.24502932885167,1963.2664623160658,1.4641289471025603e-05,0.772939768819012,1.5212520620735236e-06,1.1906340280644586e-06,0.332318677254764,150.87449365286685,0.9249999772546721,490.8167246690747,454.0054591551068,36.811265513967946,0.772939768818984,1.521252062067076e-06,1.1906340280708938e-06,0.33231865418881285,150.8744665284676,0.9249999772546702,490.8166704966096,454.00540904557687,36.81126145103274,0.7729396842205474,0.07037582403037693,0.07037546271675793,0.3323186238648911,150.8744308690613,0.9249999772546679,490.8165992781403,454.0053431684932,36.81125610964711,0.7729395018514985,0.07037591172603767,0.07037548625411107,0.33231856791393327,150.8743650735541,0.9249999772546634,490.8164678722412,454.0052216180374,36.811246254203844,0.7713852726576542,,,0.101,183.41816473170866,1816.0214329872142,1816.0214233656282,9.621585952462135e-06,56.296664422603634,0.22861472734234578,,,229.04783896241082,0.00011116936921596923,98.49057075383666,,,,53.22422770545509,5.55845449102781e-05,3.091758723710042,1039.4560364537472,0.0,0.0,0.0,105.60873330370073
10,1,11,0.1016,1.5490659839140662e-05,8.93879466578163e-05,1037.3658364423225,,,,0,3.981642176360574e-14,1,2045.0782186976169,2045.0782186976169,5.618038455485637e-14,327.21251499161866,67.89659686076087,0.33340741460371864,,,305.7654711570799,2045.078203206957,1963.2750194418518,81.80312581007716,2045.0781452519293,5.795502775676017e-05,0.8418588385214681,0.05041693734513793,0.050397803466846226,0.15573896252746505,102.00755865981806,0.96,682.28188938422,654.9906138088512,27.291275575368775,0.7774355397767254,0.06906289794257017,0.06905908102200463,0.1557425010233496,101.92184758899637,0.96,681.693118711511,654.4253939630505,27.267724748460477,0.7233659734349605,0.08338545942953116,0.08338751138028234,0.1557462130072613,101.83606490826544,0.96,681.1031371561983,653.8590116699503,27.244125486247906,,,,603.5020346355964,1963.2750194418518,1816.029337202016,147.24566807892282,1963.2750052809388,1.4160913082529062e-05,0.7729431827146862,0.2270589778736491,0.22705556397797497,0.3323195974422773,150.87557577430266,0.9249999782593682,490.81888536156106,454.00745828873124,36.81142707282978,0.7729431827146581,0.2270589778736491,0.22705556397797497,0.3323195688485676,150.87554214949236,0.9249999782593648,490.81881820688244,454.0073961706534,36.81142203622908,0.7729430784563295,0.07028884575640214,0.07028545152062006,0.33231953160129224,150.87549834851262,0.9249999782593603,490.818730728584,454.00731525322703,36.811415475356974,0.7729428549624976,0.07028888370633542,0.07028553059533639,0.33231946358382075,150.87541836328867,0.9249999782593523,490.8185709839112,454.0071674894042,36.81140349450699,0.7729395008742889,,,0.101,183.41896305740363,1816.029337202016,1816.029327580398,9.621617836426986e-06,56.296909453262494,0.22706049912571113,,,229.0488331621908,0.00017877640749098484,98.49099825974204,,,,55.32090057211146,8.938788853477802e-05,3.0917722988481717,1037.3658364423227,0.0,0.0,0.0,105.39636898253995
11,1,12,0.1016,1.5490562424646243e-05,8.936881289183054e-05,1033.7485005509598,,,,0,3.981656908789079e-14,1,2045.0792302350396,2045.0792302350396,5.61803708780545e-14,327.2126768376063,67.8966304438033,0.33340741460375856,,,305.7656183237194,2045.0792147444772,1963.2759905196979,81.8031662716542,2045.079156791352,5.7953125000911456e-05,0.8418580204924258,0.05039973746415419,0.05040055549319666,0.15573896054729947,102.00760780489166,0.96,682.2822267681089,654.9909376973844,27.29128907072441,0.7774357634790139,0.06905796699576273,0.06905774329347418,0.1557424989494663,101.92189664503087,0.96,681.6934558949278,654.4257176591306,27.267738235797164,0.7233588889165905,0.08340421445965919,0.08341129897802918,0.15574621083964768,101.8361138737969,0.96,681.1034741283154,653.8593351631828,27.244138965132638,,,,603.5025207767999,1963.2759905196979,1816.0302352934502,147.2457408981376,1963.2759761915877,1.4328110073236498e-05,0.7729435325743067,1.2034012358789944e-06,8.535416152918432e-07,0.33231969399176153,150.87568931179206,0.92499997825891,490.8191121161187,454.0076680364673,36.8114440796514,0.7729435325742786,1.203401235883344e-06,8.535416152876785e-07,0.3323196689483706,150.87565986197995,0.9249999782589078,490.81905329967776,454.0076136312596,36.811439668418174,0.7729434409157869,0.07031065495911425,0.07031029249965676,0.3323196361325241,150.87562127213846,0.9249999782589049,490.81897622898276,454.007542340867,36.811433888115786,0.7729432437222935,0.07031073006397072,0.07031034130417474,0.33231957580583643,150.8755503308894,0.9249999782588996,490.8188345468087,454.00741128485646,36.81142326195225,0.7729398187251151,,,0.101,183.41905376463848,1816.0302352934502,1816.0302256718194,9.621630962513482e-06,56.296937294096956,0.22706018127488495,,,229.04894661009533,0.00017873821314905094,98.49104704234098,,,,58.93896042122421,8.936877579036072e-05,3.0917737497866655,1033.7485005509598,0.0,0.0,0.0,105.0288476559775
12,1,13,0.1016,1.5490537887904995e-05,8.93670802635088e-05,1030.9102570580403,,,,0,3.9816678131099796e-14,1,2045.0787789660455,2045.0787789660455,5.618035894431245e-14,327.2126046345673,67.89661546167271,0.3334074146037785,,,305.76555266971724,2045.0787634755077,1963.275557301871,81.80314822091131,2045.0787055227822,5.795272539617784e-05,0.8418521807578297,0.050397697945858744,0.05040353768045474,0.15573896142938565,102.00758591251508,0.96,682.282076475655,654.9907934166288,27.291283059026206,0.7774279792586148,0.0690672624353615,0.06907504665576054,0.15574249987463118,101.92187476083892,0.96,681.6933054754072,654.425573256391,27.267732219016278,0.7234077255437281,0.08333434542315347,0.08328550879601584,0.15574621180811432,101.83609199636327,0.96,681.10332357172,653.8591906288513,27.244132942868823,,,,603.5023038671452,1963.275557301871,1816.029834577186,147.2457084077223,1963.2755429849083,1.431696270810432e-05,0.772943363256408,0.22705555819957848,0.2270557275174772,0.33231964812171066,150.87563537083804,0.9249999782588622,490.8190043865865,454.0075683866289,36.8114359999576,0.7729433632563799,0.22705555819957848,0.2270557275174772,0.33231962293161227,150.8756057485069,0.9249999782588596,490.8189452255811,454.00751366269895,36.81143156288216,0.7729432711221107,0.07028071281257546,0.0702808826062517,0.33231958995836436,150.87556697357184,0.9249999782588563,490.818867785204,454.00744203035015,36.81142575485385,0.7729430730307484,0.0702807307834235,0.07028090147496872,0.33231952941219556,150.87549577422837,0.9249999782588502,490.81872558753656,454.0073104975079,36.811415090028696,0.7729432383991857,,,0.101,183.4190132922958,1816.029834577186,1816.0298249555537,9.621632212789449e-06,56.29692487189276,0.22705676160081437,,,229.04889605776648,0.00017873475180723127,98.49102530483958,,,,61.776880872949974,8.936705002513348e-05,3.091773070665647,1030.9102570580405,0.0,0.0,0.0,104.74048211709689
13,1,14,0.1016,1.5490410272611947e-05,8.933998177315314e-05,1033.215907039081,,,,0,3.9816589410201924e-14,1,2045.0765036691996,2045.0765036691996,5.618036956478185e-14,327.21224058707196,67.89653992181744,0.3334074146038302,,,305.7652216426244,2045.0764881787893,1963.2733730194134,81.80305720914224,2045.0764302285554,5.795023386634519e-05,0.8420245773432926,0.05040054849415602,0.05022815190869309,0.15573896588031585,102.00747544967348,0.96,682.2813181410326,654.9900654153912,27.29125272564129,0.7772857100509599,0.06900773994667088,0.06915000915432581,0.15574250453955413,101.92176441902748,0.96,681.6925470476807,654.4248451657735,27.267701881907232,0.722873199099924,0.08377474923560066,0.08430927567940476,0.15574621668759248,101.83598177392346,0.96,681.1025650398421,653.8584624382485,27.24410260159372,,,,603.5012102647461,1963.2733730194134,1816.0278142678858,147.24554460022938,1963.2733588681149,1.4151298475505353e-05,0.7729425343276758,8.537785190334724e-07,1.6827072513503461e-06,0.33231942217735905,150.87536967128588,0.9249999782581936,490.818473737896,454.0070775362736,36.81139620162243,0.7729425343276477,8.537785190365862e-07,1.6827072513472618e-06,0.33231939362782403,150.87533609843166,0.9249999782581907,490.8184066869231,454.0070155141236,36.81139117279945,0.7729424301342874,0.07040363758566975,0.07040447857349309,0.3323193563840125,150.8752923015362,0.9249999782581869,490.8183192167028,454.0069346041699,36.81138461253287,0.7729422065831186,0.07040387658601308,0.0704047430336428,0.3323192882620807,150.87521219349236,0.9249999782581799,490.81815922659314,454.0067866133186,36.81137261327461,0.7729435880219024,,,0.101,183.4188092410565,1816.0278142678858,1816.0278046462365,9.621649146283093e-06,56.29686224230446,0.2270564119780975,,,229.04864107272957,0.00017868070134895593,98.4909156612737,,,,59.46960213002905,8.933997094825349e-05,3.0917697053727293,1033.2159070390812,0.0,0.0,0.0,104.97473615517063
14,1,15,0.1016,1.5490634382253152e-05,3.6158552120835645e-05,1039.4561225863379,,,,0,3.981621898661393e-14,1,2040.2655125734964,2040.2655125734964,5.6180404160400113e-14,326.44248201175947,67.7368150174401,0.33340741460374024,,,305.06641476714327,2040.265497082862,1958.6548215631124,81.61061756512983,2040.2654391282422,5.79546199661996e-05,0.8433547703774477,0.05063490596892336,0.04930471293476829,0.1557495231874387,101.76270590171761,0.96,680.5980299538512,653.3741087556972,27.223921198154073,0.7795478152721459,0.06913855959038151,0.06687645436919554,0.15575298228430223,101.68885801900817,0.96,680.0890244043569,652.8854634281826,27.203560976174344,0.7254431741343088,0.08050002669707242,0.07793005166268757,0.1557565769264968,101.6148508464175,0.96,679.5783847700341,652.3952493792326,27.183135390801407,,,,601.1915704382844,1958.6548215631124,1811.755648383366,146.8991582870093,1958.6548066703754,1.4892737044448068e-05,0.7711241638688006,0.22705573215593408,0.22887410261480925,0.33182822311720156,150.29794909487924,0.924999975602275,489.66381476250746,452.9390167086363,36.72479805387114,0.7711241638687725,0.22705573215593408,0.22887410261480923,0.33182819938580826,150.29792120777822,0.9249999756022725,489.6637589269481,452.938965060744,36.72479386620406,0.77112407632442,0.06978451935653283,0.0716028731664002,0.3318281680170359,150.2978843458846,0.9249999756022693,489.66368512204645,452.93889679121025,36.7247883308362,0.7711238868692426,0.06978364642847834,0.0716019661423544,0.33182810967705534,150.2978157897424,0.9249999756022631,489.66354785887324,452.9387698227753,36.724778036097895,0.7729434140655468,,,0.101,182.98732048672,1811.755648383366,1811.755638761747,9.621619040542891e-06,56.16442509988435,0.22705658593445313,,,228.50981585712967,7.231711104745368e-05,98.25922081856577,,,,49.78929158147303,3.615852696890723e-05,3.0844962909312357,1039.4561225863379,0.0,0.0,0.0,105.60874205477192
15,1,16,0.1016,1.5490514737873465e-05,8.942953498031858e-05,1038.5723367164594,,,,0,3.98162464138362e-14,1,2040.2683741486833,2040.2683741486833,5.6180401379333495e-14,326.4429398637893,67.73691002173628,0.33340741460378587,,,305.06682971536696,2040.2683586581684,1958.6575686776753,81.61073202823654,2040.268300705912,5.795225655511796e-05,0.8442905845797611,0.05091747893259405,0.04998166473028063,0.15574951681271829,101.76284455319596,0.96,680.5989851237196,653.3750257187708,27.223959404948786,0.7873167413501566,0.07239652265739578,0.06462759657938515,0.15575297568635585,101.68899633277984,0.96,680.0899782483252,652.8863791183921,27.20359912993308,0.746678829260879,0.10249139556420984,0.08125574043763967,0.15575657010489782,101.61498882939115,0.96,679.5793373338671,652.3961638405124,27.183173493354666,,,,601.1929456784445,1958.6575686776753,1811.7581956856686,146.89935930343913,1958.657554989108,1.3688567269363424e-05,0.7711255176497394,1.671891470683118e-06,3.1811053203077107e-07,0.33182857239433877,150.29835960244532,0.9249999782099558,489.6646353836329,452.9397770600464,36.72485832358649,0.7711255176497112,1.671891470672935e-06,3.181105320409915e-07,0.3318285187084631,150.29829651537094,0.9249999782099502,489.66450907089603,452.9396602207648,36.72484885013125,0.771125324434993,0.07003607627612128,0.0700348281655483,0.33182845031386726,150.29821614386694,0.9249999782099431,489.6643481512793,452.9395113701193,36.72483678115998,0.7711249160593469,0.07004066760645866,0.07003963841635431,0.3318283288558437,150.29807341676138,0.9249999782099306,489.6640623832997,452.93924703473834,36.72481534856141,0.7729425959525952,,,0.101,182.98757776425256,1811.7581956856686,1811.7581860640332,9.621635562493066e-06,56.16450406625573,0.22705740404740477,,,228.5101301323933,0.0001788594234573715,98.25935595692911,,,,50.675284730563064,8.942943692955554e-05,3.0845012757937904,1038.5723367164592,0.0,0.0,0.0,105.51894941039227
16,1,17,0.1016,1.5498088518613314e-05,8.939620730174913e-05,1038.0990942633773,,,,0,3.981624084591581e-14,1,2040.229324971605,2040.229324971605,5.6180400375876707e-14,326.4366919954568,67.7356135890573,0.3334074146033054,,,305.06116738412726,2040.2293094735164,1958.6200813591024,81.60917005662937,2040.2292514157314,5.8057785120554e-05,0.8321758321891233,0.04727787084533964,0.05939262323597745,0.1557496035891408,101.76095798532542,0.96,680.5859883984403,653.3625488625028,27.223439535937676,0.7653562656335519,0.06248281000040721,0.08444328571701194,0.15575306577936787,101.68710850965475,0.96,680.0769592187066,652.8738808499584,27.203078368748326,0.7077212891982846,3.032625628147355e-06,0.03896057268822263,0.15575666347964387,101.6131008891471,0.96,679.5663037985845,652.3836516466412,27.182652151943365,,,,601.1742223865988,1958.6200813591024,1811.7235191823197,146.8965476966119,1958.6200668789318,1.4480170776998144e-05,0.7711104700110172,0.22887412154639108,0.22888916918511315,0.3318245285503613,150.29360763469586,0.924999978208799,489.65512091230494,452.93097617370887,36.72414473859606,0.7711104700109891,0.22887412154639106,0.22888916918511318,0.33182450643731193,150.29358164947294,0.9249999782087969,489.6550688837025,452.9309280472517,36.724140836450786,0.7711103890591257,0.07384218535666744,0.0738571207325348,0.3318244775331743,150.29354768398838,0.9249999782087941,489.6550008767074,452.93086514078135,36.72413573592603,0.7711102151636229,0.07382076784696061,0.07383546874268464,0.3318244245460883,150.29348541844155,0.924999978208789,489.65487620621695,452.93074982057794,36.72412638563901,0.7711242065621382,,,0.101,182.9840754374143,1811.7235191823197,1811.723509560669,9.621650531312605e-06,56.16342909465191,0.22887579343786177,,,228.50575735315113,0.0001787928974154756,98.25747566185498,,,,51.12063913386787,8.939613213309075e-05,3.084441544244755,1038.0990942633775,0.0,0.0,0.0,105.47086797715913
17,1,18,0.15246,1.5499218104819123e-05,2.1806304123202127e-05,561.276657477943,,,,0,3.9809466176771944e-14,1,1271.7345002883962,1271.7345002883962,5.617964685871552e-14,203.47752004614338,42.22158540957476,0.3334074146028568,,,191.09783465334806,1271.7344847891782,1220.8650496407943,50.86937706836652,1271.7344267091607,5.8080017380211866e-05,0.8067085944877062,0.045944220998350244,0.0714114586997674,0.15651951618255894,95.58082391173215,0.96,636.1082673246984,610.6639366317104,25.444330692988014,0.7061078666830719,0.056843458553278055,0.116091857503758,0.15653312493063382,95.51624441179044,0.96,635.6232137641098,610.1982852135453,25.42492855056441,7.566030343134694e-06,1.50089150638298e-06,0.7077152240594479,0.27099902205611676,0.0007663298254766067,0.96,0.0029456203523857694,0.0028277955382903374,0.00011782481409543178,,,,298.939989692402,1220.8650496407943,1129.3001055146344,91.5649305315421,1220.8650360461768,1.3594617342092616e-05,0.4997725418396907,1.8605300629650865e-07,0.2713381142243329,0.2647822342731712,74.81099013361533,0.9249999567597165,305.4462852958661,282.5378006910922,22.908484604773935,0.49977254183966247,1.8605300627180898e-07,0.2713381142243329,0.2647323112127823,74.75651471647964,0.9249999567375111,305.2814261968165,282.3853060248209,22.896120171995527,0.4930205809380124,0.04275719252516505,0.32084700064627836,0.26469310082494635,74.7137292881803,0.9249999567205044,305.15190142064534,282.26549560727653,22.886405813368803,0.48571498570549354,0.04228969873833932,0.3276849281964686,0.26464272002216865,74.65875555412669,0.9249999566981266,304.9854231328487,282.1115031914449,22.873919941403834,0.7711256924006027,,,0.101,114.0593106569781,1129.3001055146344,1129.3000958931382,9.62149638383614e-06,35.008303270953675,0.22887430759939736,,,142.4343463152405,4.3612616321371795e-05,61.24676891555342,,,,42.82054294370567,2.180629433511603e-05,1.978280650322859,561.2766574779431,0.0,0.0,0.0,85.57223919908719
18,1,19,0.15246,1.5497811977400553e-05,4.1542577251072066e-05,561.2765549787256,,,,0,3.980242709688491e-14,1,1232.907725227412,1232.907725227412,5.6179434265628596e-14,197.2652360363859,40.93253647755007,0.3334074146033743,,,186.01470409066974,1232.9077097296,1183.5913456104784,49.31630606710336,1232.9076516775817,5.805201809823706e-05,0.7925812108311195,0.05428810182570158,0.06841548548228824,0.157151193154179,93.04105500597618,0.96,616.7167024697068,592.0480343709185,24.668668098788302,0.6854956620927203,0.07565889641811695,0.09627110100846863,0.1571709078362807,92.97305429016272,0.96,616.1886629371311,591.5411164196457,24.647546517485306,5.4038577387025984e-06,9.311990749131118e-07,3.0933716793685324e-06,0.2709992409593623,0.0005947945308321839,0.96,0.002286270743936966,0.0021948199141794884,9.145082975747696e-05,,,,286.75625690393287,1183.5913456104784,1094.821935877015,88.76939553685376,1183.5913314138688,1.4196609522096055e-05,0.46598110689576083,0.2288892978386708,0.2626807327826008,0.26192049422693614,71.68910968564673,0.9249999614049225,295.8979734028129,273.7056139773967,22.192359425416225,0.4659811068957328,0.22888929783867093,0.2626807327826008,0.26192047504493154,71.68908876384387,0.924999961404913,295.8979087181061,273.70555414404265,22.192354574063497,0.46598100040441626,0.08090318547469776,0.10794276600829389,0.2619204461058536,71.6890572000058,0.9249999614049028,295.8978111310086,273.7054638759782,22.192347255030406,0.46598076647013453,0.08305186317979844,0.10278608241515749,0.26192039481256213,71.68900125443643,0.9249999614049028,295.89763816194096,273.7053038795973,22.192334282343648,0.7711105161083229,,,0.101,110.57701552357852,1094.821935877015,1094.8219262553202,9.621694601667165e-06,33.93948001218747,0.2288894838916771,,,138.08574092007328,8.308542309380506e-05,59.37686859563151,,,,22.07154616745584,4.1542544162566634e-05,1.8639239806660444,561.2765549787257,0.0,0.0,0.0,85.57222357205652
19,1,20,0.15246,1.627176491467326e-05,1.4212171640652592e-05,561.2766731711984,,,,0,3.980304180476127e-14,1,1232.49672300796,1232.49672300796,5.61794171104578e-14,197.19947568127358,40.91889120386428,0.33340741455111716,,,185.9616062598711,1232.4967067361952,1183.1967706501548,49.299865443756545,1232.4966360939113,7.064228386635328e-05,0.7901815770179925,0.06313397607369245,0.06553360988681939,0.15715943653622094,93.01255846158224,0.96,616.4954766078255,591.8356575435124,24.65981906431307,0.684592487986757,0.09141384041279717,0.09231701451876044,0.15717797643922943,92.94879852770563,0.96,616.0002013415755,591.3601932879124,24.640008053663063,2.4671122487400866e-06,5.930914157047913e-07,3.529836905649102e-06,0.270999681896242,0.0002492705832308645,0.96,0.0009581445104081345,0.0009198187299918081,3.832578041632693e-05,,,,286.62865907332935,1183.1967706501548,1094.4569353398401,88.73982053223448,1183.1967558720744,1.4778080254961173e-05,0.48022734121715444,0.17423359860840415,0.15998736428701063,0.26192062245378966,71.68925072904311,0.924999946057328,295.89841561006546,273.70601847775936,22.192397132306073,0.48022734121712635,0.1742335986084042,0.15998736428701069,0.2619203975631064,71.6890054409028,0.9249999460570819,295.8976572439064,273.70531698903034,22.192340254876047,0.4755248213067608,0.12341834902748455,0.11387452812513998,0.2618844534531713,71.64980126930388,0.9249999460411398,295.7764316002627,273.59318327048385,22.183248329778834,0.46988777179823055,0.12044527660046271,0.11653827127236666,0.26183934493489364,71.60060163407957,0.9249999460161491,295.62425141784,273.45241660256653,22.171834815273517,0.5968771035529253,,,0.101,110.54015046932385,1094.4569353398401,1094.456925718056,9.62178414426132e-06,33.92816499553505,0.40312289644707494,,,138.03972664762037,2.8424340440665283e-05,59.35708245847676,,,,21.85378526783809,1.4212161908153619e-05,1.9058672755392723,561.2766731711984,0.0,0.0,0.0,85.5722415916809
20,1,21,0.15246,1.6905842970401336e-05,1.5333852686960313e-05,561.2766711910633,,,,0,3.980928340437142e-14,1,1246.2957547348558,1246.2957547348558,5.6179403722600584e-14,199.40732075757694,41.37701905719722,0.33340741450918127,,,187.74827221697396,1246.2957378290128,1196.4438273082562,49.85182613784408,1246.2956534461,8.438291281723714e-05,0.7924513589260674,0.06607718663245138,0.06380740472437654,0.15691459930942583,93.9014853200586,0.96,623.3584869659651,598.4241474873264,24.93433947863864,0.6891443005263682,0.09431219695086122,0.08976038441124998,0.15692902542148054,93.84645106585917,0.96,622.9358756145627,598.0184405899802,24.917435024582545,3.199812651155038e-06,1.506290688046478e-06,7.735902856471891e-07,0.2709995714330283,0.00033583105619895,0.96,0.0012908655723108946,0.0012392309494184577,5.163462289243742e-05,,,,289.7827762269032,1196.4438273082562,1104.0269865523076,92.41682656311471,1196.4438131154222,1.4192833965715476e-05,0.5340191764404769,0.35978524141321855,0.3059934061898962,0.26312039627585604,73.3048306056956,0.9205929259845261,302.62893297513466,278.5980548951542,24.030878079980443,0.5340191764404488,0.35978524141321855,0.3059934061898962,0.26304575836888217,73.22759121488991,0.9205365811519586,302.4143489563949,278.3834708796151,24.030878076779796,0.4838363908900303,0.12078523452496032,0.11247366494169087,0.2618844316186458,71.64977727779142,0.9249999483246245,295.7763564913608,273.59311447015443,22.18324202120637,0.4723447672359298,0.11747698494880852,0.11501998951110934,0.26183932262933024,71.6005771285263,0.9249999483018998,295.62417469253194,273.45234630738383,22.171828385148103,0.4659811599783773,,,0.101,111.50672564178308,1104.0269865523076,1104.0269769306733,9.621634361925426e-06,34.22483658312154,0.5340188400216227,,,142.26869342127017,3.0667706048470946e-05,61.175538171146165,,,,27.76114889615567,1.5333844326008025e-05,2.024219511006886,561.2766711910633,0.0,0.0,0.0,85.57224128978952
21,1,22,0.15246,1.6783894180196817e-05,1.808073277914412e-05,561.2766658918264,,,,0,3.9809830708265614e-14,1,1256.22566462458,1256.22566462458,5.617952178573896e-14,200.99610633993282,41.70669206553606,0.3334074145173686,,,189.04700281308692,1256.225647840686,1205.9765437496942,50.249022656237315,1256.2255664059312,8.143475469050854e-05,0.7963720411447668,0.06602586993918994,0.062105187720490555,0.15674701950646555,94.56968039035047,0.96,628.4654346227297,603.3268172378205,25.138617384909242,0.6944200630180446,0.09316628775834539,0.08789052526666903,0.1567694891458484,94.4767704506239,0.96,627.7580101136627,602.6476897091162,25.11032040454652,5.388001732301821e-06,2.927345119469944e-06,7.391560383496497e-07,0.270999295606789,0.0005519721125318173,0.96,0.0021216695389005553,0.002036802757344532,8.486678155602404e-05,,,,294.0692217485706,1205.9765437496942,1115.528231061813,90.44829837778124,1205.976529439594,1.4310100180217874e-05,0.5095584176046182,0.14976843586517952,0.17422919470103818,0.2648717113780197,74.90862839613924,0.924999952338517,305.7416162721553,282.8109804796448,22.930635792510472,0.50955841760459,0.14976843586517938,0.1742291947010382,0.26487020276510115,74.90698246680898,0.9249999482435364,305.73664108474543,282.80637717954215,22.930263905203272,0.4856847980845343,0.10830227434210149,0.10645386714759747,0.2623594942925687,72.16793606796512,0.9249999524593325,297.37591377796537,275.07270610716853,22.30320767079683,0.4747754027948582,0.10824015543901423,0.10580951988008579,0.2622840762147987,72.08567481765732,0.9249999524222408,297.12235830472804,274.83816729545737,22.28419100927066,0.49044632272160205,,,0.101,112.66835133724312,1115.528231061813,1115.5282214402603,9.621552538880602e-06,34.5813751629162,0.5095536772783981,,,140.69736174956552,3.616146905014109e-05,60.49986555231317,,,,34.50796424927613,1.8080723869390555e-05,1.9795770360886005,561.2766658918264,0.0,0.0,0.0,85.57224048186785
22,1,23,0.1016,1.6138639264130946e-05,8.952879617608528e-05,874.2339501061255,,,,0,3.981134088172966e-14,1,1760.958214162273,1760.958214162273,5.618036213520123e-14,281.7533142659637,58.46381271018746,0.33340741456073947,,,268.66480097502665,1760.9581980236337,1690.5198046366072,70.43832519319206,1760.9581298297994,6.81938342032673e-05,0.8038189221327916,0.06604471752505885,0.05859783653703403,0.15674677219495783,94.57070917132818,0.96,628.4732630045768,603.3343324843937,25.1389305201831,0.7114679418572083,0.09586695440624082,0.07881907556707707,0.1567692408422641,94.47779116899542,0.96,627.7657866574613,602.6551551911627,25.11063146629847,0.5674106311873122,0.567406157479094,9.142935140897107e-07,0.16431644800691184,79.61630063470302,0.96,504.71908016776143,484.5303169610509,20.188763206710487,,,,476.66737562415574,1690.5198046366072,1563.7307504192818,126.78903903689604,1690.519789456178,1.518042922970807e-05,0.665560988045059,0.2247392498120803,0.06873667937163945,0.30482739947122633,119.16727999372668,0.9249999675676895,422.63095976805346,390.93362407855096,31.697335689502495,0.6655609880450308,0.2247392498120803,0.06873667937163945,0.3048272070738851,119.1670622339692,0.9249999675676223,422.63045422630273,390.9331564524195,31.697297773883268,0.6655602014440644,0.23988450283640067,0.060009099476870546,0.3048269555906048,119.1667775994623,0.9249999675675367,422.6297934301276,390.9325452159428,31.697248214184818,0.6655585117188475,0.24984680941823764,0.05906370049424835,0.3048264945619767,119.16625579699758,0.924999967567389,422.62858203169407,390.9314246723686,31.697157359325455,0.62549231432274,,,0.101,157.93680579234749,1563.7307504192818,1563.7307383506552,1.206862666768779e-05,48.47565326299774,0.3745076856772598,,,197.2274076177833,0.00017905732226568613,84.80778527564684,,,,29.035300871522885,8.9528477116123e-05,2.662240689253002,874.2339501061256,0.0,0.0,0.0,88.82216933078234
23,1,24,0.1016,1.595739913004394e-05,8.952188457960004e-05,946.0237449466028,,,,0,3.981122424614489e-14,1,1873.7699066293799,1873.7699066293799,5.618036288636341e-14,299.8031850607008,62.20916090009541,0.3334074145727152,,,282.19468844154807,1873.7698906719806,1798.8190325745709,74.95079302394062,1873.7698255985113,6.507346949607832e-05,0.8137603351448948,0.0654877184540192,0.055546305441916084,0.15674553509105354,94.57585738918416,0.96,628.512436137369,603.3719386918742,25.14049744549484,0.7373154978599206,0.09814899328969054,0.07230143728697831,0.15676801976671922,94.48281265676124,0.96,627.8040423290046,602.6918806358444,25.11216169316022,0.6746424979938641,0.10723410365434323,2.236847791281757e-06,0.157123912728569,93.13601839560268,0.96,617.4533471321377,592.7552132468521,24.69813388528556,,,,524.7532815668098,1798.8190325745709,1663.9075474381527,134.91147113836482,1798.8190185765172,1.3998053753114799e-05,0.7081972868341229,0.10969764667052397,0.06706134788145998,0.31537422325155967,131.18850582248768,0.9249999751253126,449.70515995774576,415.9772617746396,33.72789818310615,0.7081972868340948,0.10969764667052391,0.06706134788145994,0.3153741385350611,131.18840857021152,0.9249999751252929,449.7049473843579,415.97706514425226,33.72788224010568,0.7081969668989703,0.12005924113637126,0.07742247568146542,0.3153740331602532,131.18828760276412,0.9249999751252691,449.7046829743637,415.97682056500344,33.72786240936027,0.7081963009685427,0.11992853343933507,0.0772907441896398,0.31537385194393835,131.18807957134646,0.9249999751252307,449.7042282600501,415.9763999542574,33.72782830579271,0.665563103517396,,,0.101,168.05466229125344,1663.9075474381527,1663.9075373793723,1.0058780343289458e-05,51.581133970582734,0.3344368964826043,,,209.86230417653874,0.00017904353588237232,90.24079079591165,,,,28.979155918428887,8.952157111163545e-05,2.8327878415357306,946.023744946603,0.0,0.0,0.0,96.11601248657485
24,1,25,0.1016,1.5957465748611678e-05,8.953245207502766e-05,945.49485371936,,,,0,3.981165266950122e-14,1,1873.7654201081289,1873.7654201081289,5.6180377459149316e-14,299.80246721730066,62.209011947589886,0.33340741457268325,,,282.19410260211185,1873.7654041506632,1798.8147255126719,74.95061356302801,1873.7653390756998,6.507496346895953e-05,0.8205811324850983,0.061089402344357314,0.05426860500415372,0.1567455827866138,94.57565884065653,0.96,628.510925417695,603.3704884009873,25.140437016707775,0.7442140431447023,0.0823320702177159,0.07543352493293415,0.15676806800764576,94.48261421238095,0.96,627.802530549547,602.6904293275651,25.11210122198195,0.6758353670168525,0.1031732899403574,0.10198042091736904,0.15712396668904136,93.13582954907437,0.96,617.4518831084577,592.7538077841193,24.69807532433829,,,,524.7513055027185,1798.8147255126719,1663.9035520329514,134.91115738284753,1798.814709415799,1.609687288138135e-05,0.7081950395511994,0.22474091736648794,0.2247431646494108,0.31537368618011496,131.18788926263284,0.9249999698820374,449.7038148122541,415.9760151571724,33.72779965508171,0.7081950395511715,0.22474091736648763,0.2247431646494107,0.3153736592779217,131.18785837965567,0.9249999698820298,449.70374730825466,415.9759527159716,33.72779459228313,0.7081949333244504,0.08435350742523189,0.08435554099975173,0.31537362354803955,131.18781736273664,0.9249999698820195,449.7036576534738,415.9758697852972,33.72778786817654,0.7081947025997313,0.08437320188207402,0.08437480025088545,0.315373556590813,131.18774049769345,0.9249999698819995,449.7034896418163,415.9757143745102,33.72777526730616,0.6655614359629876,,,0.101,168.0542587553281,1663.9035520329514,1663.9035401071683,1.1925783217995461e-05,51.58101011302149,0.3344385640370119,,,209.86181492599746,0.00017906461522391027,90.24058041817891,,,,29.505081737865755,8.953213424571315e-05,2.832779715026552,945.49485371936,0.0,0.0,0.0,96.06227713788697
25,1,26,0.1016,1.5768946718343557e-05,8.933106472471531e-05,1025.2695913473908,,,,0,3.981210310413581e-14,1,1993.798397713853,1993.798397713853,5.6180382558761805e-14,319.0077436342165,66.19410680409992,0.33340741458516704,,,298.43339167430946,1993.7983819449064,1914.046387097458,79.75193279572754,1993.7983198931854,6.20517211189237e-05,0.830164698520607,0.06044552190623518,0.05086195587072646,0.15590834527005568,99.56836742193204,0.96,665.2437316180414,638.6339823533197,26.609749264721717,0.7621593795569012,0.08530069146502098,0.06735535505282211,0.15591746428402176,99.47784688422901,0.96,664.6000667526956,638.0160640825878,26.58400267010783,0.7058811099550055,0.10600029906311284,0.07595455612495976,0.15592680884392116,99.38717736814841,0.96,663.9545215224483,637.3963406615504,26.558180860897988,,,,579.1804521638721,1914.046387097458,1770.492852121779,143.55352119806656,1914.0463733198453,1.3777612532855913e-05,0.7535622062269837,0.06706160478018935,0.021694438104403867,0.32712963949687157,144.79526880773798,0.9249999774305135,478.5119128863579,442.6235086201129,35.88840426624501,0.7535622062269556,0.06706160478018855,0.021694438104403618,0.32712957128708386,144.79518919474685,0.9249999774305044,478.5117495599339,442.62335754316996,35.888392016763895,0.7535619560835959,0.10811812051519916,0.06275109775605367,0.32712948415889653,144.79508750061981,0.9249999774304927,478.51154093387163,442.6231645640615,35.88837636981013,0.7535614268071336,0.10811414264455017,0.06274741843714796,0.3271293292212252,144.7949066607675,0.9249999774304718,478.511169939682,442.62282139443454,35.88834854524752,0.7081974778533224,,,0.101,178.81977806429967,1770.492852121779,1770.49284239029,9.731488920815133e-06,54.88527841577515,0.2918025221466773,,,223.30549327184232,0.00017866290620077816,96.0213621068922,,,,31.164298549061442,8.933093855812258e-05,3.0142477953446685,1025.2695913473908,0.0,0.0,0.0,104.16739048089491
26,1,27,0.1016,1.5768714830817256e-05,8.928085089440523e-05,1026.3219510489075,,,,0,3.981186875325491e-14,1,1993.7925470355062,1993.7925470355062,5.618037908529811e-14,319.006807525681,66.19391256157881,0.3334074145852525,,,298.4325694009724,1993.7925312667915,1914.0407704513639,79.75169876880689,1993.7924692201707,6.204662074927057e-05,0.8341873633717112,0.05579476429152071,0.05177209944041655,0.1559083726002703,99.5680929835482,0.96,665.2417814048144,638.6321101486218,26.609671256192634,0.7664871238050016,0.07570092302274724,0.07137317877464674,0.1559174922143987,99.4775727933676,0.96,664.5981165299205,638.0141918687236,26.58392466119683,0.7090945133671347,0.09041971851730138,0.08720631510517221,0.15592683737628793,99.3869036240566,0.96,663.9525712854356,637.3944684340182,26.55810285141743,,,,579.1777112235,1914.0407704513639,1770.4876505948607,143.5531039368982,1914.0407545317591,1.5919604789049924e-05,0.7535595105871702,0.22474329610538069,0.22474599174519308,0.3271289522839096,144.79446666626293,0.9249999752633224,478.5102683554929,442.62198639207674,35.88828196341617,0.753559510587142,0.22474329610538002,0.22474599174519289,0.3271289357526787,144.79444737138567,0.9249999752633206,478.51022877182464,442.6219497771836,35.888278994641006,0.7535594487602033,0.07716483317840203,0.07716734050179465,0.32712891402565514,144.79442201209795,0.9249999752633181,478.5101767469415,442.6219016541669,35.88827509277464,0.7535593154486535,0.07716581492472346,0.07716792628320351,0.3271288738960636,144.7943751737534,0.9249999752633135,478.5100806575,442.6218127714336,35.888267886066366,0.7081950991144284,,,0.101,178.81925271008095,1770.4876505948607,1770.487640029848,1.0565012662539912e-05,54.885117168440686,0.29180490088557004,,,223.30484495903744,0.0001785627434234957,96.0210833323861,,,,30.107850129240187,8.92807598103913e-05,3.014237785383169,1026.3219510489075,0.0,0.0,0.0,104.274310226569
27,1,28,0.1016,1.5572851421779677e-05,4.656784341295824e-05,1039.4560861470493,,,,0,3.9811878994536405e-14,1,2012.5721591353251,2012.5721591353251,5.618037936789866e-14,322.011545461652,66.8173956832928,0.3334074145982582,,,301.0883531474467,2012.5721435624737,1932.0692010628454,80.50288337761874,2012.5720844404646,5.912200923108804e-05,0.8362848517542025,0.05353709689070895,0.05143960850821762,0.15583133037859664,100.43747532426079,0.96,671.3821275558341,644.5268424536007,26.855285102233395,0.7695439663569048,0.07324174211017753,0.07018489955827437,0.15583720677992402,100.36280178649137,0.96,670.8576684251118,644.0233616881072,26.83430673700454,0.7135791962169088,0.08852605233300742,0.08404136948323342,0.15584322532281786,100.28807603669456,0.96,670.3322884595185,643.5189969211377,26.813291538380803,,,,588.0090131321668,1932.0692010628454,1787.1639524363445,144.90523473973823,1932.0691871760828,1.3886762619680194e-05,0.7606577601263472,0.021694352041906197,0.014596102502729085,0.32901806944931555,147.0023975421027,0.9249999763458254,483.01758984323044,446.7912591796058,36.22633066362466,0.7606577601263191,0.021694352041906215,0.01459610250272907,0.3290180044596093,147.00232148121603,0.9249999763458169,483.0174353324917,446.79111625717195,36.22631907531975,0.7606575276683611,0.07796602236523606,0.07086794345707821,0.3290179246710423,147.00222810045037,0.9249999763458069,483.0172456379302,446.79094078970223,36.22630484822797,0.7606570444296956,0.07796577709923859,0.07086804811819644,0.3290177861725568,147.0020660083978,0.92499997634579,483.0169163624303,446.7906362098645,36.22628015256586,0.7535623518527131,,,0.101,180.5035591960708,1787.1639524363445,1787.163942814716,9.621628508072924e-06,55.40208252552667,0.2464376481472869,,,225.40815719859958,9.313574113259579e-05,96.92550759539782,,,,30.144979032219517,4.656778048112506e-05,3.042630092350723,1039.4560861470495,0.0,0.0,0.0,105.6087383525402
28,1,29,0.1016,1.557274574690171e-05,8.943279970286795e-05,1034.7638698335586,,,,0,3.9813239284252806e-14,1,2012.5739192162955,2012.5739192162955,5.6180382760440766e-14,322.01182707460725,66.817454117981,0.33340741459829204,,,301.08860361984046,2012.5739036435498,1932.0708907427945,80.50295378094988,2012.5738445237444,5.91198053391535e-05,0.8376583675988819,0.05253009964509504,0.05115658380041572,0.15583132387253343,100.43755897971998,0.96,671.3827147879491,644.5274061964311,26.855308591517936,0.770974457580279,0.07169315960477055,0.07026266838139629,0.15583720013274113,100.36288527718152,0.96,670.8582551193186,644.0239249145459,26.834330204772815,0.7145624983816181,0.08611444348608181,0.08513114132137248,0.15584321853451932,100.28815936293896,0.96,670.3328746164766,643.5195596318175,26.813314984659133,,,,588.0098458865356,1932.0708907427945,1787.1655173853096,144.90535834475924,1932.0708757300688,1.501272566181734e-05,0.7606579840493001,0.22474610235013942,0.2247458784271866,0.3290181578460923,147.00250103182475,0.9249999779174781,483.01779929539157,446.79145368198607,36.22634561340547,0.760657984049272,0.22474610235013942,0.22474587842718657,0.329018141216658,147.00248156951602,0.9249999779174765,483.0177597595132,446.7914171112987,36.22634264821452,0.760657921943437,0.07351679414045484,0.073516399865379,0.32901811912101975,147.0024557098196,0.9249999779174741,483.0177072279287,446.79136851958305,36.226338708345686,0.7606577873077652,0.07351709169941592,0.07351634882134628,0.3290180779928755,147.00240757537517,0.9249999779174699,483.0176094472353,446.79127807244174,36.22633137479358,0.7535595456079544,,,0.101,180.50371725591629,1787.1655173853096,1787.1655077636653,9.621644170426471e-06,55.402131038944596,0.2464404543920456,,,225.4083523328248,0.00017886585305684592,96.92559150311466,,,,34.83856522738652,8.943261348591949e-05,3.042631677349774,1034.7638698335586,0.0,0.0,0.0,105.13200917508955
29,1,30,0.1016,1.5542537783643004e-05,8.939701535264858e-05,1033.842923611151,,,,0,3.9816315548875605e-14,1,2036.2962545161433,2036.2962545161433,5.6180394426639636e-14,325.80740072258294,67.60503564993596,0.33340741460031675,,,304.4916485597644,2036.2962389736056,1954.8443330751788,81.45184721146592,2036.2961802866448,5.868696060401429e-05,0.8396619258457876,0.05239478187541493,0.050391223628509216,0.1557583345021983,101.57959620991429,0.96,679.334943606719,652.1615458624502,27.1733977442688,0.774678628889303,0.07222519877204782,0.06852102746302399,0.15576255454809657,101.4972340505887,0.96,678.7657391476392,651.6151095817336,27.15062956590564,0.7203502270020886,0.08780260607506135,0.08201487745459078,0.15576693757594315,101.41481829926147,0.96,678.1954975322866,651.067677630995,27.12781990129147,,,,599.2903945569202,1954.8443330751788,1808.2309528321196,146.6133666387173,1954.8443194708368,1.3604342053569043e-05,0.7696243696932114,0.014595996192439911,0.005629610548528598,0.33142372161523354,149.82275280887907,0.9249999781678908,488.71138918680225,452.05802432819166,36.65336485861058,0.7696243696931833,0.014595996192439904,0.005629610548528605,0.33142365438879784,149.82267385638428,0.9249999781678828,488.71123078011186,452.05787780200257,36.65335297810925,0.7696241274055663,0.0770021741535386,0.0680359686914093,0.33142356869360784,149.82257321370983,0.9249999781678728,488.71102885515324,452.05769102141545,36.65333783373779,0.769623615389287,0.07700205055607996,0.06803622247455823,0.3314234166740115,149.82239467794705,0.9249999781678555,488.7106706487694,452.0573596805097,36.653310968259696,0.7606579014574206,,,0.101,182.6313262360441,1808.2309528321196,1808.2309432104794,9.621640209758608e-06,56.0551595377957,0.23934209854257932,,,228.06525261870334,0.00017879446975117044,98.06805862604243,,,,52.57071393306284,8.939693715319551e-05,3.078496482181248,1033.842923611151,0.0,0.0,0.0,105.03844103889294
30,1,31,0.1016,1.5542616086020197e-05,8.941229218609429e-05,1037.3742013869808,,,,0,3.9816194425564557e-14,1,2036.291018809878,2036.291018809878,5.618040511605824e-14,325.8065630095805,67.60486182448794,0.3334074146002856,,,304.4908914125692,2036.2910032672619,1954.8393067955874,81.45163778314965,2036.290944578737,5.86885248162815e-05,0.8403808224914482,0.051446541269947556,0.05072764462428693,0.1557583472080957,101.57934346219595,0.96,679.3331978869022,652.159869971426,27.17332791547616,0.7754464076315333,0.07034847761411746,0.06958069887188705,0.15576256772526417,101.49698166930807,0.96,678.7639939184663,651.6134341617276,27.15055975673866,0.7208747669558075,0.08469588969878389,0.08417134974506503,0.15576695122513845,101.41456628106516,0.96,678.1937527733686,651.0660026624338,27.127750110934823,,,,599.2878886972769,1954.8393067955874,1808.2263022542454,146.6129895640409,1954.8392918182867,1.4977300848440313e-05,0.7696219295543598,0.22474598499187814,0.22474842513072968,0.331423091647238,149.8220129582025,0.924999978168199,488.7099047817615,452.056651253712,36.65325352804951,0.7696219295543317,0.22474598499187814,0.22474842513072968,0.33142307479836,149.82199317045433,0.9249999781681972,488.7098650804015,452.05661452995406,36.65325055044749,0.7696218665865737,0.07179375294388811,0.07179601376288061,0.33142305211834544,149.8219665344724,0.924999978168195,488.7098116390086,452.0565650966656,36.65324654234299,0.7696217288181862,0.07179403194631633,0.07179591851741705,0.33142300911830974,149.82191603414762,0.9249999781681906,488.7097103171148,452.0564713739139,36.6532389432009,0.760658018815682,,,0.101,182.6308565276788,1808.2263022542454,1808.2262926326157,9.6216296077467e-06,56.05501536988161,0.23934198118431807,,,228.06466748873714,0.00017882496944026603,98.06780702015698,,,,49.035703487805904,8.94121940885952e-05,3.0784874545134517,1037.3742013869808,0.0,0.0,0.0,105.39721886091723
31,1,32,0.1016,1.5504720990482292e-05,5.7444371537377e-05,1039.4560227262616,,,,0,3.9815976373439545e-14,1,2036.2910733506194,2036.2910733506194,5.6180401383367484e-14,325.8065717360991,67.60486363524056,0.3334074146027766,,,304.4908993826691,2036.2910578458984,1954.8393597055538,81.45163998773154,2036.2909996932851,5.815261312285633e-05,0.8403244304545976,0.05087510326921368,0.050931495306064264,0.15575834707693972,101.57934607101062,0.96,679.3332159059291,652.1598872696919,27.173328636237237,0.7752860118240208,0.06961304713453542,0.06977344294204794,0.1557625675865373,101.49698432617615,0.96,678.7640122908763,651.6134517992411,27.150560491635108,0.7207182568822842,0.0840107212564215,0.08416723132994483,0.15576695107866,101.41456898548233,0.96,678.1937714964798,651.0660206366207,27.12775085985919,,,,599.287914771582,1954.8393597055538,1808.2263505379121,146.61299541869337,1954.8393459566055,1.374894834149167e-05,0.7696223799502223,0.005629503978275189,0.005629053582412689,0.33142318376716084,149.82212112314465,0.9249999772503446,488.71012225561014,452.0568519684525,36.65327028715765,0.7696223799501942,0.00562950397827519,0.005629053582412688,0.3314231183948997,149.82204434830098,0.9249999772503371,488.70996821763515,452.0567094833255,36.65325873430968,0.7696221517239681,0.07125839792526564,0.07125811278787127,0.3314230399911871,149.82195226899955,0.9249999772503285,488.7097834733405,452.0565385948529,36.6532448784876,0.7696216837393473,0.07125831944122257,0.07125836452006155,0.33142290780918293,149.8217970311368,0.9249999772503141,488.70947201001957,452.05625049128116,36.653221518738434,0.7696245110298466,,,0.101,182.63086140432912,1808.2263505379121,1808.226340916301,9.621611069510357e-06,56.055016866675274,0.23037548897015334,,,228.06467428170535,0.0001148889706045661,98.0678099411333,,,,46.95382516566084,5.7444339159499646e-05,3.0784885953637318,1039.4560227262616,0.0,0.0,0.0,105.60873190898818
32,1,33,0.1016,1.5504512143543665e-05,4.205681353357922e-05,1039.4561039064674,,,,0,3.981513467937179e-14,1,2030.7423624120036,2030.7423624120036,5.618039535455124e-14,324.91877798592054,67.42064643207851,0.3334074146028525,,,303.6899699544918,2030.7423469074915,1949.5125972087023,81.22969155036272,2030.742288759065,5.814842631950576e-05,0.8400153701325466,0.05073001526817526,0.05103907559022631,0.15577371291176034,101.29296353459128,0.96,677.3511506503997,650.2571046243837,27.09404602601603,0.7745910270446108,0.06936113014384475,0.0700561149232548,0.15577735097803197,101.23002009990846,0.96,676.9144355198451,649.8378580990513,27.076577420793843,0.7195335761270375,0.0835558916970541,0.08474057245230081,0.15578108900627213,101.16698631999209,0.96,676.4767025888201,649.4176344852673,27.05906810355285,,,,596.6368204816862,1949.5125972087023,1803.2990917139916,146.21349010134708,1949.5125818153388,1.5393363546770053e-05,0.7675247950163371,0.2247485316422862,0.2268461165761715,0.33085852660250864,149.15924418162274,0.9249999761657401,487.37822405226717,450.82484563204787,36.553378420219296,0.767524795016309,0.2247485316422862,0.2268461165761715,0.33085850997869753,149.15922467413822,0.9249999761657383,487.37818479956917,450.8248093233023,36.553375476266886,0.7675247339474275,0.07037410298396607,0.07247152076050667,0.33085848825216846,149.15919917878585,0.9249999761657358,487.3781334981587,450.82476186949765,36.55337162866107,0.7675246027728485,0.07037435125010161,0.07247143221660042,0.33085844842857587,149.15915244713932,0.9249999761657315,487.37803946534376,450.8246748891439,36.55336457619983,0.7696219643794386,,,0.101,182.13320826311315,1803.2990917139916,1803.2990820923503,9.621641165996785e-06,55.90227184313374,0.2303780356205614,,,227.44322217122672,8.411359558480492e-05,97.8005855336275,,,,43.00402096323284,4.2056767157530235e-05,3.070098926752922,1039.4561039064677,0.0,0.0,0.0,105.60874015689708
33,1,34,0.1016,1.550452005077615e-05,5.8918780594729934e-05,1039.4560106525912,,,,0,3.9815827162671084e-14,1,2035.0255780145415,2035.0255780145415,5.618040014061957e-14,325.6040924823266,67.56284919008277,0.3334074146028509,,,304.30796061556856,2035.0255625100212,1953.6244841869602,81.40102017445683,2035.0255043614168,5.8148604618328006e-05,0.8401868232853821,0.0509820508917487,0.05081059773891316,0.15576174044157426,101.51288279170966,0.96,678.8739387579451,651.7189812076272,27.15495755031788,0.7750566431273711,0.06995896191132374,0.0694933458285634,0.1557657981248631,101.43595588741898,0.96,678.3418139371964,651.2081413797085,27.1336725574879,0.7204059799593543,0.0845984144683203,0.08372601063600353,0.15576999065628064,101.35912193643993,0.96,677.8097516662755,650.6973615996244,27.11239006665106,,,,598.6826029983987,1953.6244841869602,1807.1025908249082,146.52187962473147,1953.6244704496396,1.3737320573292029e-05,0.7691440826284228,0.0056289468410628055,0.004009659228977032,0.33129431896951383,149.67079313892964,0.9249999773032203,488.40640348570685,451.7759121390263,36.63049134668057,0.7691440826283947,0.005628946841062801,0.004009659228977037,0.33129425355489633,149.67071632866802,0.9249999773032134,488.4062492747512,451.7757694938924,36.63047978085874,0.7691438543271355,0.07222716652030753,0.07060804614059954,0.3312941751233113,149.6706242338092,0.9249999773032054,488.4060643770413,451.7755984635111,36.63046591353021,0.7691433864599564,0.0722270788932773,0.0706082952061694,0.33129404317303496,149.6704692969918,0.9249999773031924,488.4057533121403,451.77531072847836,36.630442583661946,0.769622521516651,,,0.101,182.51736167331575,1807.1025908249082,1807.1025812032688,9.621639478278913e-06,56.02018031557216,0.230377478483349,,,227.92293866266849,0.00011783778410174053,98.00686362494744,,,,46.05209139125637,5.8918743630300215e-05,3.0765754060439097,1039.4560106525912,0.0,0.0,0.0,105.60873068230326
34,1,35,0.1016,1.5513272702147636e-05,8.941635375324214e-05,1036.757503696576,,,,0,3.9816183645741267e-14,1,2035.025309560655,2035.025309560655,5.618040495606244e-14,325.60404952970475,67.56284027741374,0.3334074146023078,,,304.3079218086358,2035.0252940473822,1953.6242263451522,81.401009431048,2035.0252357762004,5.8271181901337226e-05,0.8402940349129872,0.05095661786268244,0.050849406235077346,0.15576174111118235,101.51286987467273,0.96,678.8738494560012,651.7188954777611,27.154953978240066,0.7751902291347703,0.06981098341984203,0.06967739741244279,0.1557657988189735,101.43594295116438,0.96,678.3417244046453,651.2080554284595,27.13366897618581,0.7205066607268598,0.08424084673788397,0.08414016597037845,0.15576999137490835,101.35910898279872,0.96,677.8096619155538,650.6972754389316,27.112386476622117,,,,598.6824748041514,1953.6242263451522,1807.1023528527103,146.52185853119354,1953.6242113839041,1.4961248185514716e-05,0.7691435513809622,0.22684622336367574,0.2268467546111364,0.33129420510318,149.6706594575787,0.9249999781547582,488.40613467239626,451.7756639026164,36.630470769779855,0.769143551380934,0.22684622336367574,0.2268467546111364,0.33129418828266083,149.67063970681994,0.9249999781547564,488.40609501903816,451.7756272232602,36.63046779577799,0.7691434884350552,0.07149005636210735,0.07149042225418772,0.3312941656194174,149.670613095499,0.9249999781547539,488.40604159180805,451.7755778030722,36.63046378873579,0.7691433505956158,0.07149030801752017,0.07149034388186074,0.33129412256799456,149.67056254425373,0.924999978154749,488.40594010066155,451.77548392376167,36.63045617689993,0.7675248297952614,,,0.101,182.51733763812376,1807.1023528527103,1807.1023432310535,9.621656796796178e-06,56.02017293843402,0.23247517020473854,,,227.92290805841932,0.0001788330615375628,98.00685046512031,,,,48.750498803750475,8.941624952632949e-05,3.0765739417925673,1036.7575036965757,0.0,0.0,0.0,105.3345623755721
35,1,36,0.1016,1.550490258814449e-05,8.909099493055952e-05,1036.1386438048385,,,,0,3.981620472679277e-14,1,2035.0300982420981,2035.0300982420981,5.618040392234436e-14,325.60481571873567,67.56299926163766,0.3334074146033728,,,304.30861372998726,2035.0300827371955,1953.6288236087778,81.40120098369916,2035.030024592477,5.814471841715279e-05,0.8402900087247,0.050875334737069296,0.05087936092535647,0.15576172914455486,101.51310072665282,0.96,678.8754454490897,651.7204276311261,27.155017817963635,0.7751727608952994,0.06968090851371703,0.069698376753188,0.15576578644445088,101.43617358736998,0.96,678.3433206486485,651.2095878227026,27.13373282594591,0.7204804471005988,0.08411332006958123,0.08413953369584223,0.15576997859173602,101.35933941596444,0.96,677.8112584947388,650.6988081549492,27.112450339789618,,,,598.6847653141795,1953.6288236087778,1807.1066065786968,146.5222034443336,1953.6288100230306,1.358574718734191e-05,0.769145822256494,0.0040095524338060315,0.0040072815582742,0.33129478900291226,149.6713450763904,0.9249999781470335,488.4075111826789,451.776937170825,36.63057401185389,0.769145822256466,0.004009552433806066,0.004007281558274165,0.33129472170616014,149.67126605606035,0.9249999781470276,488.40735253497894,451.77679042170314,36.63056211327582,0.7691455801925028,0.0713361761212479,0.07133408436380027,0.3312946362321817,149.67116569191205,0.9249999781470204,488.40715103559916,451.77660403477773,36.6305470008214,0.769145069831167,0.07133607654664229,0.07133435731109108,0.33129448532001937,149.67098848981666,0.9249999781470087,488.4067952697736,451.77627495139114,36.63052031838247,0.7691442242025183,,,0.101,182.5177672644484,1807.1066065786968,1807.106596956836,9.621860865414805e-06,56.0203048039396,0.23085577579748176,,,227.92344314054347,0.0001781840513082576,98.00708055043368,,,,49.37276977882281,8.909117719303304e-05,3.07658229453663,1036.1386438048385,0.0,0.0,0.0,105.27168621057159
36,1,37,0.1016,1.5507624488223366e-05,8.966818708477768e-05,1034.8124603700815,,,,0,3.9816232360448765e-14,1,2034.3929748450369,2034.3929748450369,5.618040335680916e-14,325.5028759752059,67.54184676485522,0.3334074146022821,,,304.21657280230073,2034.3929593374123,1953.0171850934844,81.3757160455619,2034.3929011390464,5.819836587962189e-05,0.8402560545083348,0.05085247565380525,0.05088642987017043,0.15576345182654786,101.48011382198747,0.96,678.6473377311664,651.5014442219198,27.145893509246648,0.7750724258212933,0.06966048184460596,0.06976081691861205,0.1557674391782571,101.40557490512658,0.96,678.1315000753042,651.006240072292,27.125260003012208,0.7203776089969166,0.08400382088956385,0.08410665899324604,0.15577156667301964,101.3308840751867,0.96,677.6140633325757,650.5095007992727,27.104562533303046,,,,598.3801663973,1953.0171850934844,1806.5408396934713,146.4763304240314,1953.0171701175025,1.4975981926402736e-05,0.768904556617727,0.2268468614001744,0.22708812703894135,0.3312298370411399,149.59508159670577,0.9249999781542054,488.25437285817395,451.6352842275062,36.619088630667754,0.768904556617699,0.22684686140017438,0.22708812703894138,0.33122982026771214,149.5950619030769,0.9249999781542037,488.25433330645035,451.6352476421618,36.61908566428853,0.7689044945239302,0.0712592952230497,0.07150038089162229,0.331229798000371,149.59503575906191,0.9249999781542013,488.25428080007987,451.63519907376923,36.61908172631069,0.7689043599803168,0.0712595638502061,0.07150027370105634,0.3312297565892991,149.59498713845534,0.9249999781541973,488.25418315279836,451.63510875003396,36.61907440276443,0.7691435861660196,,,0.101,182.4606248090406,1806.5408396934713,1806.540830071977,9.621494169003474e-06,56.002766030497604,0.23085641383398045,,,227.85208657469394,0.00017933538854236425,97.9763972271184,,,,50.24517264213547,8.966786452888933e-05,3.075617967739673,1034.8124603700815,0.0,0.0,0.0,105.13694597360028
37,1,38,0.1016,1.550666539814376e-05,3.047226478017048e-05,1039.4561370598608,,,,0,3.981575792949861e-14,1,2034.3915059755138,2034.3915059755138,5.6180400220807384e-14,325.5026409560822,67.54179799838705,0.33340741460267365,,,304.2163606645529,2034.3914904688484,1953.0157749977654,81.37565729157366,2034.3914322893393,5.8179509165461705e-05,0.8406083886364872,0.05089932044168682,0.05054698631353446,0.15576345555865886,101.48004288725014,0.96,678.6468470952965,651.5009732114846,27.14587388381191,0.775071914219736,0.06965324607915606,0.0696537576807134,0.15576744302339293,101.40550419164818,0.96,678.1310104519298,651.0057700338526,27.125240418077176,0.719910843714359,0.08449764696340403,0.08496441224596157,0.15577157063088898,101.33081358565457,0.96,677.6135747421127,650.5090317524282,27.10454298968457,,,,598.3794611454599,1953.0157749977654,1806.5395291170053,146.47623169719014,1953.0157608141956,1.4183570094082532e-05,0.7689044095436832,0.0040071746470352245,0.004007321721079057,0.33122976726425374,149.5949995832582,0.9249999745848946,488.2542099191021,451.6351317661372,36.61907815296489,0.768904409543655,0.004007174647035187,0.004007321721079094,0.33122970445601646,149.5949258403131,0.924999974584889,488.2540618172951,451.6349947719668,36.619067045328336,0.7689041916431459,0.07142672957695415,0.07142703245773843,0.33122963110570364,149.59483971996033,0.9249999745848808,488.25388885723453,451.6348347839112,36.61905407332336,0.7689037495345346,0.07142667144096469,0.07142728188674694,0.33122950869835455,149.59469600192833,0.9249999745848648,488.2536002205638,451.63456779499023,36.61903242557356,0.7691459639527904,,,0.101,182.46049244081755,1806.5395291170053,1806.5395194953837,9.62162148940659e-06,56.00272540262716,0.2308540360472096,,,227.85192830062084,6.0944522469534106e-05,97.97632916926696,,,,45.600268607756924,3.0472243077235473e-05,3.075616760265019,1039.4561370598606,0.0,0.0,0.0,105.60874352528185
38,1,39,0.1016,1.5507646990694027e-05,8.94552474776906e-05,1035.851420283338,,,,0,3.981619982825701e-14,1,2034.3929063171074,2034.3929063171074,5.618040512525124e-14,325.50286501073714,67.54184448972796,0.33340741460261325,,,304.216562905828,2034.3928908094604,1953.0171193116971,81.37571330465421,2034.3928326163514,5.819310886359872e-05,0.8426712567595541,0.05125983741930405,0.0491969692962371,0.15576345200351602,101.48011045835923,0.96,678.6473144658995,651.5014218872634,27.145892578636037,0.7784341494038908,0.07003242932658574,0.06667019414243089,0.1557674393577144,101.4055716047792,0.96,678.131477223561,651.0062181346185,27.125259088942492,0.7238633568335555,0.08155770758794272,0.0776051944687462,0.15577156685451563,101.3308808426896,0.96,677.614040926891,650.5094792898153,27.104561637075694,,,,598.380133634776,1953.0171193116971,1806.5407788291204,146.47632549983618,1953.0171043289567,1.4982740280353065e-05,0.7689045302536127,0.22708823395075747,0.227088113240828,0.33122982996976386,149.59507329409956,0.9249999781491124,488.254356186155,451.63526880340237,36.61908738275266,0.7689045302535845,0.2270882339507575,0.227088113240828,0.3312298132483974,149.5950536615955,0.9249999781491106,488.2543167571896,451.63523233160925,36.61908442558031,0.7689044683397377,0.071260439926588,0.07126016322999627,0.3312297910431395,149.59502759047245,0.9249999781491082,488.25426439720997,451.6351838986281,36.61908049858186,0.7689043341603689,0.07126062104780606,0.07126003642197175,0.3312297497332025,149.5949790886085,0.9249999781491036,488.254166988402,451.63509379548066,36.619073192921334,0.7689045914022073,,,0.101,182.46061866174117,1806.5407788291204,1806.540769207492,9.621628160836874e-06,56.00276414370273,0.2310954085977927,,,227.8520789165059,0.0001789106360774979,97.97639393409753,,,,49.20616328489071,8.945510928935884e-05,3.0756178630073037,1035.8514202833383,0.0,0.0,0.0,105.24250430078715
39,1,40,0.1016,1.5507839107224194e-05,6.633836950693612e-05,1039.4559263920992,,,,0,3.9816333325038674e-14,1,2044.8955274672642,2044.8955274672642,5.6180394037714814e-14,327.1832843947623,67.89053151191317,0.33340741460253664,,,305.7388875628711,2044.895511959425,1963.0996356120202,81.79581815050096,2044.8954537625211,5.819690390573715e-05,0.844646835278908,0.051522975210196525,0.04954739669084268,0.15573942220829134,101.99618722792358,0.96,682.2038174786803,654.9156647795331,27.288152699147226,0.787995435121023,0.07348290137381713,0.0639216156566849,0.15574287308767748,101.91306796395116,0.96,681.6327687496726,654.3674579996856,27.265310749986973,0.7476842896015983,0.10416096375664391,0.08034003098860122,0.15574649824887032,101.82963237099642,0.96,681.0588675341684,653.8165128328015,27.24235470136676,,,,603.4142228539265,1963.0996356120202,1815.867106846246,147.23251546084376,1963.09962230709,1.33049302560512e-05,0.7728839402359392,0.004007216631316956,2.7806648990409774e-05,0.33230296277670984,150.8560144383258,0.9249999776943728,490.77981654614405,453.9713193580317,36.80849718811238,0.7728839402359111,0.004007216631316952,2.780664899041438e-05,0.3323018408318111,150.8546951186309,0.9249999776946052,490.77718140056777,453.96888184854635,36.80829955202142,0.7728800303004624,0.07223750023818348,0.06826193827745869,0.33230047543392355,150.85308952009748,0.9249999776946745,490.7739744351723,453.9659154056611,36.808059029511206,0.7728720200712771,0.07223751095284377,0.06826982504193549,0.33229820848507763,150.8504237768723,0.9249999776945649,490.7686499252057,453.96099023400694,36.80765969119874,0.7689045494179256,,,0.101,183.40257779147086,1815.867106846246,1815.8670972246446,9.621601547868509e-06,56.29188031223363,0.23109545058207442,,,229.02837204571566,0.0001326771122803175,98.48219997965774,,,,53.09996083165107,6.633834893299085e-05,3.0915199308435897,1039.4559263920994,0.0,0.0,0.0,105.60872212143727
40,1,41,0.1016,1.550774445318483e-05,8.935552901903734e-05,1037.8910663678864,,,,0,3.9816372024154395e-14,1,2044.8224756340496,2044.8224756340496,5.6180392595701925e-14,327.17159610144796,67.88810619105044,0.3334074146025744,,,305.7282610286969,2044.822460126305,1963.0295058540191,81.79289607725092,2044.8224019312704,5.8195034677840834e-05,0.8331035618769899,0.0473605933573904,0.05890386675930858,0.15573956616146925,101.99264128154465,0.96,682.1794697830651,654.8922909917424,27.287178791322642,0.7665352706054744,0.06250002846314906,0.08396019297869765,0.15574302375937446,101.90952450240637,0.96,681.6084093372878,654.3440729637962,27.2643363734915,0.7090677512971938,3.090089659272066e-06,0.03861962839406373,0.15574665550798514,101.82609524474594,0.96,681.0345228109175,653.7931418984807,27.24138091243677,,,,603.3791123480482,1963.0295058540191,1815.8022368155728,147.22725453514374,1963.0294913507166,1.4503302608408219e-05,0.7728464619160905,0.22708821848489977,0.22712569680474845,0.33229345130861143,150.84482977640013,0.9249999782561438,490.757476084305,453.9506547070221,36.80682137728286,0.7728464619160623,0.22708821848489974,0.22712569680474848,0.33229342938912265,150.8448040011257,0.9249999782561416,490.75742459966136,453.9506070837267,36.80681751593461,0.7728463817340587,0.0736923779145543,0.07372602648095795,0.3322934007015478,150.84477026721422,0.9249999782561386,490.757357218084,453.95054475576774,36.8068124623163,0.7728462093297935,0.07368043533681419,0.07370624607829775,0.3322933480069675,150.84470830330818,0.924999978256133,490.75723344866634,453.95043026905637,36.80680317960997,0.7689045648837833,,,0.101,183.39602591837286,1815.8022368155728,1815.8022271939583,9.621614417241927e-06,56.28986934128276,0.23109543511621672,,,229.0201902450562,0.00017871174203043644,98.47868180537417,,,,54.61260099450267,8.935549733158313e-05,3.091385514896005,1037.8910663678867,0.0,0.0,0.0,105.44973234297726
41,1,42,0.15246,1.5491830944619422e-05,2.193042316413912e-05,561.2766571690555,,,,0,3.9809811317354216e-14,1,1280.0568813659763,1280.0568813659763,5.6179704700194615e-14,204.80910101855622,42.49788846135041,0.33340741460338036,,,192.21002680516088,1280.0568658741454,1228.8545355815227,51.20227231589682,1280.0568078974193,5.7976726085168825e-05,0.8088565725929429,0.045917903574180935,0.07016489285822786,0.15640744691522743,96.1368648689859,0.96,640.2672605872622,614.6565701637716,25.610690423490563,0.7095101834512859,0.05680303734590143,0.11382812450009001,0.1564199777090553,96.0723817216083,0.96,639.7865483194083,614.195086386632,25.591461932776305,7.698513448045609e-06,1.518453250810513e-06,0.7090615712369965,0.27099900433722096,0.0007802145666796829,0.96,0.0029989907488369673,0.002879031118883487,0.00011995962995348087,,,,301.58509608251376,1228.8545355815227,1136.690380095923,92.16414189878498,1228.854521994708,1.3586814577283023e-05,0.5020816158840679,2.5226709603921316e-05,0.2707900727416265,0.26538850683380555,75.47260170710432,0.9249999571048514,307.4436289748244,284.3853436138724,23.058285360951977,0.5020816158840397,2.5226709603903776e-05,0.27079007274162653,0.26533836599982974,75.41788015210786,0.9249999570829786,307.278771704647,284.2328506393088,23.045921065338163,0.49577360275186416,0.04236652551146702,0.31943930449366165,0.2652990013256787,75.37491975816154,0.9249999570661179,307.1493036670466,284.11309270490614,23.036210962140466,0.48873581885340256,0.04190624540890912,0.3260166358853001,0.2652483976929008,75.31969446514006,0.924999957044045,306.9828176481899,283.9590931378355,23.023724510354366,0.7728865548054964,,,0.101,114.80572838968823,1136.690380095923,1136.69037047444,9.621483006112069e-06,35.23740178297361,0.2271134451945037,,,143.3664529148104,4.3860855006611054e-05,61.64757475336847,,,,47.32425989958558,2.1930414419335205e-05,1.9886726533733743,561.2766571690554,0.0,0.0,0.0,85.57223915199421
42,1,43,0.15246,1.5491152087732373e-05,4.0370429717388126e-05,561.2765671977616,,,,0,3.980844575753438e-14,1,1250.707171878518,1250.707171878518,5.6179465096138076e-14,200.1131475005629,41.523478106366795,0.3334074146035323,,,188.32397941289807,1250.707156387366,1200.678814487917,50.02828393699654,1250.7070984249135,5.79624523867059e-05,0.7957941407851155,0.05414322037448225,0.06720565218230966,0.15683645590906148,94.20617537669744,0.96,625.6927454479041,600.665035629988,25.02770981791619,0.691495711633771,0.0759552455543031,0.09396971737181795,0.15685897584227457,94.1171933910946,0.96,625.0120057796616,600.0115255484752,25.00048023118644,5.583627550251714e-06,1.0794468554918797e-06,3.1943327533114326e-06,0.27099922073179733,0.0006106451060260466,0.96,0.0023471973476164813,0.0022533094537118214,9.38878939046606e-05,,,,292.3098165377952,1200.678814487917,1110.627844409296,90.05095591695587,1200.678800326252,1.416166503038399e-05,0.4727084670822811,0.22712826577077022,0.25650141457255693,0.2631933520519762,73.07750198169472,0.9249999617779,300.16984659232406,277.65709662477786,22.5127499675462,0.47270846708225295,0.2271282657707702,0.2565014145725569,0.26319333217397023,73.0774802976912,0.9249999617778913,300.1697801947901,277.65703520705887,22.51274498773123,0.47270835626617286,0.08183691963833616,0.10490216612402746,0.2631933013926239,73.07744671973458,0.924999961777879,300.16967737734007,277.6569401009178,22.512737276422254,0.47270811211731556,0.08397401095297846,0.10000171768906545,0.2631932471405819,73.0773875386747,0.924999961777857,300.16949616179767,277.65677247654145,22.512723685256198,0.7728465075196259,,,0.101,112.17341228533891,1110.627844409296,1110.6278347876919,9.621604195059628e-06,34.429463176688174,0.22715349248037417,,,140.0792791283738,8.074091288311124e-05,60.23409002520073,,,,31.53076214961316,4.0370386842042484e-05,1.8908334025480225,561.2765671977617,0.0,0.0,0.0,85.57222543497073
43,1,44,0.15246,1.655845787651561e-05,1.4047422167999863e-05,561.2766734537234,,,,0,3.9805096013265216e-14,1,1241.0378820963792,1241.0378820963792,5.6179439119917346e-14,198.56606113542065,41.20245768559979,0.33340741453268385,,,187.06506491205843,1241.0378655379213,1191.3962775870941,49.641511566128955,1241.0377891532232,7.63846980575533e-05,0.7924621130836497,0.06204781191717657,0.06537983961864238,0.157005983825814,93.55882263290913,0.96,620.722245958482,595.8933561201426,24.828889838339315,0.6881919038593249,0.08936831709000938,0.09267212486445547,0.15702041821782473,93.50594626391384,0.96,620.3144053732157,595.501829158287,24.812576214928615,2.9814556339006053e-06,7.964517326663543e-07,3.398623649037563e-06,0.2709996222435629,0.00029601523547811195,0.96,0.0011378215256171967,0.0010923086645925081,4.5512861024688906e-05,,,,289.2941799269226,1191.3962775870941,1102.0414785649605,89.35478403584922,1191.3962626008095,1.498628462156621e-05,0.48464388600864206,0.23643316816021712,0.22449774923385607,0.26319352019421244,73.07768655718323,0.9249999463704596,300.1704179809157,277.6576205343455,22.512797446570268,0.48464388600861397,0.23643316816021712,0.22449774923385604,0.2631932862070901,73.07743131138358,0.9249999463703649,300.16963640550557,277.6568975771046,22.512738828400984,0.47767737080241934,0.12126988123834112,0.11630086670209462,0.26184562967960273,71.60745639451649,0.9249999456340212,295.64545727601416,273.47203190725844,22.173425368755716,0.4704107370806859,0.11756839888755537,0.11986577392418502,0.2617760859589828,71.5316056638393,0.9249999455952631,295.410750938374,273.2549285462518,22.15582239212226,0.5364385660690125,,,0.101,111.30618933506102,1102.0414785649605,1102.0414689434206,9.62153976711299e-06,34.163285835513776,0.46356143393098737,,,138.99633676826048,2.809484446082694e-05,59.76842481035201,,,,26.38880286258529,1.4047414709754387e-05,1.9173758799003613,561.2766734537233,0.0,0.0,0.0,85.57224163475469
44,1,45,0.15246,1.6872066072071476e-05,2.4639460030016836e-05,561.2766498829923,,,,0,3.980929569228805e-14,1,1251.5804303362243,1251.5804303362243,5.6179465067791944e-14,200.2528688537959,41.55247028716265,0.333407414511437,,,188.43814122711896,1251.5804134641583,1201.5171167164356,50.06321319651825,1251.5803299129536,8.35512045029559e-05,0.7933722777836764,0.06496526467564326,0.06405509997561658,0.15682439251354816,94.25424772101252,0.96,626.060184063773,601.0177767012221,25.04240736255094,0.6908047951966663,0.09275186821658232,0.09013897687924097,0.1568422185287777,94.18331238788504,0.96,625.5179121475678,600.4971956616649,25.02071648590279,4.176065460292803e-06,1.829898896325103e-06,6.352890699668313e-07,0.27099925841225697,0.000581118221402561,0.96,0.002233701612936892,0.002144353548419416,8.934806451747669e-05,,,,291.8889836152724,1201.5171167164356,1109.731612997638,91.78549003045006,1201.517103028088,1.3688347606585328e-05,0.5272917603196577,0.2908583103713247,0.24821043606030896,0.2642532280606295,74.4226944370849,0.9222950772106452,305.36214494369347,281.634003048052,23.728141895641475,0.5272917603196297,0.2908583103713247,0.24821043606030893,0.2641613923001976,74.32737410147632,0.9222281119628767,305.0992137765279,281.3710718824854,23.728141894042466,0.48344348691421085,0.11953422120633578,0.1137681050945443,0.26184556316163043,71.60738296270357,0.9249999570121649,295.645225565956,273.4718209393611,22.173404626594902,0.4719894552562262,0.11709695912300422,0.11551824094746392,0.2617760193342557,71.53153211400765,0.9249999569801103,295.4105187419105,273.25471712773924,22.155801614171217,0.47270852146845826,,,0.101,112.08289291276144,1109.731612997638,1109.731603376069,9.621568873818428e-06,34.401680002926774,0.5272914785315418,,,141.84874340895092,4.9278936242137424e-05,60.994959665848896,,,,31.133441790556798,2.463944319806856e-05,2.010016462809724,561.2766498829922,0.0,0.0,0.0,85.57223804116101
45,1,46,0.15246,1.6773610825923855e-05,1.2347208849498363e-05,561.2766762557048,,,,0,3.980961533941891e-14,1,1250.1297974177103,1250.1297974177103,5.6179471033763595e-14,200.02076758683364,41.50430927426798,0.3334074145181289,,,188.24837044608452,1250.1297806440994,1200.1245114755493,50.00518797814794,1250.1296994536972,8.11904022631921e-05,0.7957117781176813,0.06510689419766727,0.06276739386366227,0.15684756858880167,94.16214401778528,0.96,625.355990964312,600.3417513257396,25.014239638572448,0.6927441432686778,0.09134140603041493,0.08940205795840332,0.1568669519310268,94.08591057536574,0.96,624.7724944157255,599.7815946390965,24.9908997766291,3.2030383748770164e-06,6.953022747334434e-07,1.6683293601581702e-06,0.27099959692789727,0.00031585293351180766,0.96,0.001214073659658148,0.0011655107132718203,4.8562946386328523e-05,,,,292.15880868691676,1200.1245114755493,1110.1150876621086,90.00940900505789,1200.1244966671666,1.4808382595826813e-05,0.507550630579507,0.21667971485462295,0.2364208445947737,0.26450950356020836,74.51339872452753,0.9249999411837235,304.54493954281156,281.7040511649014,22.840888377910208,0.5075506305794789,0.21667971485462298,0.2364208445947737,0.2645062439684467,74.50984229863944,0.9249999385307499,304.5341577111909,281.6940771633653,22.840080547825607,0.4829442228407357,0.10695587025052875,0.10745513432400387,0.26184402323967426,71.60570465069435,0.9249999405951075,295.6400402386729,273.4670196583076,22.17302058036528,0.47205490642150844,0.10685394100070038,0.10678848983541815,0.26177448784798424,71.52986301305542,0.9249999405533129,295.40535917449114,273.24993967553434,22.15541949895679,0.49246197477405246,,,0.101,112.12162385387298,1110.1150876621086,1110.115078040543,9.621565469987393e-06,34.41356771752536,0.5075380252259476,,,140.01463818676478,2.4694417724936775e-05,60.20629442030886,,,,31.25216377279603,1.234720396969497e-05,1.9701003904212302,561.2766762557048,0.0,0.0,0.0,85.57224206194476
46,1,47,0.1016,1.61392619752877e-05,8.958170897375361e-05,872.2658807856736,,,,0,3.98116972833829e-14,1,1760.6201904374345,1760.6201904374345,5.618036841227547e-14,281.6992304699895,58.45259032252282,0.33340741456067985,,,268.5224637667054,1760.6201742981725,1690.195301848994,70.4248042437081,1760.620106092702,6.82054705307368e-05,0.8031533480559214,0.06607877124155843,0.05863720130331837,0.15684723072360424,94.16347919705885,0.96,625.3662053478324,600.3515571339191,25.014648213913333,0.7105911388922277,0.09629622977816091,0.07844923415461116,0.1568666160426707,94.0872255315336,0.96,624.7825641160487,599.7912615514068,24.991302564641916,0.5718205246174246,0.5718180510325859,7.294535362426111e-07,0.16380237177841978,80.27175903811295,0.96,510.4713366288209,490.05248316366806,20.418853465152843,,,,476.5276104578212,1690.195301848994,1563.4305852991138,126.76470136968665,1690.1952866688002,1.5180193727412168e-05,0.6654332925952391,0.1579480369282947,6.537491256260907e-05,0.3047965388820567,119.13235196116533,0.9249999675367794,422.5498650420683,390.85861144658367,31.691253595484614,0.665433292595211,0.15794803692829468,6.537491256263164e-05,0.3047963406518391,119.1321276086125,0.9249999675366735,422.54934410030745,390.85812957542703,31.69121452488041,0.6654324819754898,0.2422139404442942,0.05972568130954014,0.3047960815198092,119.13183432882943,0.9249999675365381,422.54866311009613,390.85749965944643,31.691163450649658,0.6654307404822174,0.252171072607649,0.05879523854694003,0.3047956063646621,119.13129655921391,0.9249999675363123,422.5474144163284,390.8563446176565,31.691069798671954,0.6253722482170825,,,0.101,157.90648911521052,1563.4305852991138,1563.430573221725,1.2077388865335628e-05,48.46634814427253,0.37462775178291763,,,197.18954901023938,0.00017916286923946932,84.79150607440293,,,,30.690951298641654,8.958135834715486e-05,2.6617298076481575,872.2658807856739,0.0,0.0,0.0,88.62221348782444
47,1,48,0.1016,1.5958852883922807e-05,8.915880667307487e-05,949.7252035544717,,,,0,3.9810313467993824e-14,1,1873.4106295191052,1873.4106295191052,5.618035244329734e-14,299.7457007230568,62.197232900034294,0.33340741457233136,,,282.1398191928247,1873.4106135602522,1798.4741265184432,74.93642193826857,1873.410548456712,6.510354033450007e-05,0.813800686495131,0.06597739208271915,0.05533005364350948,0.15683841934688494,94.1983782249793,0.96,625.633126498152,600.6078014382259,25.025325059926086,0.7383143002201241,0.09933515733412106,0.07161199600622453,0.15686010699030956,94.11274961258147,0.96,624.9779887363502,599.9788691868962,24.999119549454054,0.6782311386551677,0.10641185082823197,1.2367904889515428e-06,0.15693370120146047,93.82869135526394,0.96,622.7994332222096,597.8874558933211,24.911977328888426,,,,524.595502309245,1798.4741265184432,1663.5885093617394,134.88560316937077,1798.47411253111,1.398733297088901e-05,0.7080615117238389,0.17661647373310171,0.13398825460450153,0.3153398649289367,131.14906432028454,0.9249999751291845,449.6189407649507,415.89750902518966,33.72143173976104,0.7080615117238108,0.1766164737331015,0.1339882546045015,0.3153397787349947,131.14896537664004,0.9249999751291794,449.61872445327685,415.89730893689443,33.72141551638242,0.7080611860636553,0.1200581934097302,0.07742948932156464,0.31533967146442116,131.14884223875055,0.9249999751291724,449.6184552477362,415.8970599217729,33.72139532596333,0.708060508033842,0.11992160012153928,0.07729183256991465,0.3153394868997504,131.14863037356997,0.924999975129158,449.61799206514627,415.8966314778823,33.72136058726398,0.6654354893386035,,,0.101,168.0224394455357,1663.5885093617394,1663.5884993084308,1.0053308499500526e-05,51.57124379021392,0.3345645106613964,,,209.82206510713374,0.00017831929191558646,90.2234879960675,,,,25.032824871232293,8.915876770860486e-05,2.832244717545147,949.7252035544718,0.0,0.0,0.0,96.49208068113433
48,1,49,0.1016,1.5958727655907573e-05,8.913377320082515e-05,945.6267377249053,,,,0,3.9811588166949594e-14,1,1873.4059652018475,1873.4059652018475,5.6180374759796735e-14,299.74495443229563,62.19707804470134,0.33340741457237605,,,282.13921041346777,1873.40594924312,1798.4696487768458,74.936235365702,1873.4058841425478,6.510057196125483e-05,0.8207408483085491,0.06117327852499261,0.05423311671157462,0.15683847062434753,94.1981746943126,0.96,625.6315701708725,600.6063073640375,25.02526280683488,0.7451286314047633,0.08217696752718368,0.07536263634254452,0.15686015883286988,94.11254600441946,0.96,624.9764300722742,599.9773728693832,24.999057202890985,0.6791739749747905,0.10264557345780737,0.10170273713818453,0.156933754346705,93.8284897147357,0.96,622.7978838994013,597.8859685434252,24.911915355976127,,,,524.5934484843689,1798.4696487768458,1663.5843559419563,134.88527672850432,1798.469632670461,1.6106384941042578e-05,0.708059183325544,0.15794976885790796,0.15795209725620313,0.3153393081454331,131.1484251619148,0.9249999698197784,449.6175459885792,415.8962164698786,33.721329518700614,0.7080591833255158,0.157949768857908,0.15795209725620316,0.3153392811646181,131.14839419015348,0.9249999698197761,449.6174782775791,415.89615383720445,33.72132444037463,0.7080590768036276,0.0843973403428084,0.08439944960283616,0.3153392453453984,131.14835307263073,0.9249999698197734,449.6173883857239,415.8960706872399,33.721317698483986,0.7080588455020651,0.0844179100438962,0.08441957257567315,0.3153391782561344,131.1482760596699,0.9249999698197686,449.6172200185785,415.89591494763346,33.721305070945085,0.66543375740899,,,0.101,168.0220199501376,1663.5843559419563,1663.5843440002511,1.194170527028976e-05,51.571115034200645,0.33456624259100964,,,209.82155610102424,0.00017826935674270024,90.22326912344042,,,,29.128208526198954,8.913380105007689e-05,2.8322362889567523,945.6267377249053,0.0,0.0,0.0,96.07567655285037
49,1,50,0.1016,1.5769720876581797e-05,8.937254340151167e-05,1029.3584569445518,,,,0,3.9810980682640604e-14,1,1993.416172170908,1993.416172170908,5.618036722258012e-14,318.9465875473453,66.18141691607414,0.33340741458506246,,,298.3796789455742,1993.4161564011872,1913.6794505629032,79.73664377345445,1993.4160943363577,6.206482954623113e-05,0.8301865612801972,0.06035361868024769,0.05090790570859951,0.15591013790794234,99.55040725282834,0.96,665.1160872527214,638.5114437626124,26.604643490108934,0.7622324416202448,0.08467754532987307,0.06757373511439152,0.15591929485933528,99.45992258557398,0.96,664.4725152208225,637.8936146119895,26.578900608832978,0.7059423783591203,0.10358744446911533,0.07681904108478554,0.15592867111128222,99.3693491071719,0.96,663.8274918628136,637.2743921883011,26.553099674512538,,,,579.0016080501031,1913.6794505629032,1770.153435825184,143.5260009648027,1913.6794367899868,1.3772916479702419e-05,0.7534177531024854,0.13398852508230435,0.08862995530536422,0.3270913336142565,144.7505602357016,0.9249999774227986,478.4201838583572,442.5386592675916,35.88152459076561,0.7534177531024573,0.1339885250823052,0.08862995530536447,0.327091264373115,144.75047942337977,0.9249999774227912,478.42001803823507,442.53850588397876,35.8815121542563,0.7534174990200905,0.10812385975759428,0.06276543754113134,0.3270911758655431,144.75037612494472,0.9249999774227816,478.41980607840264,442.538309821134,35.88149625726862,0.7534169611690131,0.10811970819708641,0.06276159253013833,0.32709101833261606,144.75019226607697,0.9249999774227651,478.4194288149918,442.5379608524796,35.881467962512176,0.7080617060597882,,,0.101,178.78549701834362,1770.153435825184,1770.1534260919732,9.733210960919769e-06,54.8747565105807,0.2919382939402123,,,223.2626840141055,0.0001787456476667627,96.00295412606536,,,,26.80859518766024,8.937233975590251e-05,3.013669966394046,1029.3584569445518,0.0,0.0,0.0,104.58281922556645
50,1,51,0.1016,1.5769908834053206e-05,8.940849273865204e-05,1029.9168990493827,,,,0,3.9810909838183995e-14,1,1993.4100707234322,1993.4100707234322,5.6180365026795223e-14,318.9456113157492,66.18121434801796,0.3334074145849801,,,298.37882164266773,1993.4100549535233,1913.6735931692938,79.73639971538731,1993.409992884681,6.20688422728041e-05,0.8339967467500097,0.05572603989634547,0.05191585442653304,0.15591016653354933,99.5501211253977,0.96,665.1140534613035,638.5094913228512,26.604562138452195,0.7662590941279834,0.07557225939420978,0.07154560688647116,0.1559193241109576,99.45963681810687,0.96,664.4704814040023,637.8916621478422,26.578819256160063,0.7088766914951506,0.09024631596126846,0.08731200282523813,0.1559287009903644,99.36906369916314,0.96,663.8254580193756,637.2724396986005,26.55301832077505,,,,578.9987503055069,1913.6735931692938,1770.1480115555091,143.52556568310337,1913.673577238613,1.5930680941586488e-05,0.7534149524273844,0.15795223183868579,0.1579550325137876,0.3270906191934064,144.74972638337852,0.9249999752360067,478.41847393866925,442.5370765457172,35.88139739295206,0.7534149524273563,0.15795223183868637,0.15795503251378779,0.32709060267950096,144.7497071097835,0.9249999752360047,478.4184343907225,442.53703996386645,35.88139442685605,0.7534148906675784,0.07732879190951661,0.07733140026202868,0.3270905809809052,144.74968178506964,0.9249999752360021,478.4183824263369,442.5369918968098,35.881390529527124,0.7534147575246821,0.07732981122066622,0.07733201486499723,0.32709054091812256,144.7496350272752,0.9249999752359971,478.4182864828841,442.53690314911603,35.88138333376811,0.7080592430790114,,,0.101,178.78494916710642,1770.1480115555091,1770.1480009804927,1.0575016419937083e-05,54.874588358220784,0.29194075692099014,,,223.2620076740969,0.0001788173575223764,96.00266329986167,,,,26.245890291748676,8.940825132497982e-05,3.0136595530470016,1029.9168990493824,0.0,0.0,0.0,104.63955694341728
51,1,52,0.1016,1.5573465660166305e-05,4.634646405356293e-05,1039.4560871047202,,,,0,3.981110934305079e-14,1,2008.1399315008105,2008.1399315008105,5.618036818748349e-14,321.3023890401297,66.6702457258269,0.3334074145982254,,,300.45855113514904,2008.1399159273449,1927.8142625246346,80.32559427185983,2008.1398567964945,5.913085040422314e-05,0.835764813088231,0.05346652878307907,0.05169846244485773,0.15584820815773512,100.22747218501816,0.96,669.9057890593533,643.1095574969792,26.796231562374192,0.7686866813392353,0.07306375915035014,0.07063617193909826,0.15585446752973825,100.15286799176556,0.96,669.3802610321897,642.6050505909021,26.77521044128758,0.7123765683066876,0.08820630018598438,0.08470642337444739,0.1558608702977008,100.07821095836532,0.96,668.8538067049515,642.0996544367534,26.75415226819806,,,,585.9168686031717,1927.8142625246346,1783.2281342628885,144.5861143769233,1927.8142486398117,1.3884823078381187e-05,0.7589825929027689,0.08862986723956459,0.08306222676418006,0.32857102161959834,146.4793622678209,0.9249999762793994,481.9538576374068,445.8073068823664,36.14655075504043,0.7589825929027408,0.08862986723956458,0.08306222676418007,0.32857095611971054,146.47928565918878,0.9249999762793923,481.9537016521646,445.8071625960176,36.14653905614705,0.7589823583927804,0.0774195548689573,0.07185208714375534,0.3285708758286993,146.47919175087674,0.9249999762793837,481.9535104424283,445.80698572701186,36.14652471541643,0.758981871244869,0.07741930370661987,0.07185218998643297,0.3285707366138292,146.47902892528523,0.924999976279369,481.95317890781183,445.80667905749243,36.14649985031938,0.7534179009217495,,,0.101,180.10604156055174,1783.2281342628885,1783.2281246412597,9.621628841022953e-06,55.280072162149544,0.2465820990782504,,,224.91174772870076,9.269298904240482e-05,96.71205152334133,,,,27.025513233605338,4.634639466099275e-05,3.0359294154431593,1039.4560871047204,0.0,0.0,0.0,105.60873844983956
52,1,53,0.1016,1.557338740985167e-05,8.943758274077289e-05,1035.487376069193,,,,0,3.981214294688926e-14,1,2008.1416760773025,2008.1416760773025,5.6180381665815783e-14,321.3026681723684,66.67030364576644,0.33340741459824835,,,300.4587986663011,2008.141660503915,1927.8159373197298,80.32566405498882,2008.1416013747184,5.912919665052461e-05,0.83711909084786,0.05263855523922072,0.05128427747959173,0.1558482012981775,100.22755485859886,0.96,669.9063711229885,643.110116278069,26.79625484491956,0.7701028632857155,0.07184583750535149,0.07042965555887126,0.15585446053043817,100.15295050203497,0.96,669.3808425579947,642.6056088556749,26.775233702319827,0.7133532767289372,0.0862913994417329,0.08531469101948326,0.15586086315866127,100.07829330566726,0.96,668.8543876937352,642.1002121859858,26.754175507749437,,,,585.9176921302446,1927.8159373197298,1783.2296854683423,144.58623683527352,1927.8159223036157,1.5016114106734756e-05,0.7589828052846975,0.15795514534142796,0.15795493295949936,0.3285711072395547,146.47946244262278,0.9249999778700368,481.9540608199314,445.8074955928109,36.14656522712047,0.7589828052846694,0.15795514534142796,0.15795493295949936,0.32857109066584966,146.47944305802352,0.9249999778700351,481.9540213503626,445.8074590834598,36.14656226690281,0.7589827432753273,0.07377598813952006,0.07377560325697309,0.32857106863917973,146.47941729563934,0.9249999778700326,481.95396889478775,445.8074105620531,36.14655833273464,0.7589826088330027,0.07377628977178619,0.07377555218365246,0.32857102763225526,146.47936933395903,0.9249999778700282,481.95387123853396,445.8073202300184,36.1465510085156,0.7534149874190075,,,0.101,180.10619823230257,1783.2296854683423,1783.229675846701,9.62164115959404e-06,55.2801202495186,0.24658501258099255,,,224.9119411014051,0.00017887539737835467,96.71213467360418,,,,30.99558127263544,8.943736455750971e-05,3.0359309626776967,1035.487376069193,0.0,0.0,0.0,105.20551740863
53,1,54,0.1016,1.5549586516267465e-05,8.941551108489241e-05,1033.641479026655,,,,0,3.9816291579259225e-14,1,2035.0747222693612,2035.0747222693612,5.618039565966406e-14,325.61195556309775,67.56448077934279,0.33340741459987255,,,304.3150584744458,2035.0747067197747,1953.6716620153277,81.40298591730544,2035.0746479326333,5.8787141506505466e-05,0.8393702585892189,0.05264083365715519,0.050389665915796314,0.15576168730380652,101.51390808049318,0.96,678.8810270414267,651.7257859597696,27.15524108165711,0.774314979463302,0.07265851412175983,0.06844639794417348,0.1557656686383469,101.4383704321096,0.96,678.3585248521267,651.2241838580416,27.134340994085143,0.7199669613870064,0.08843956136307207,0.08182587670500285,0.15576978787895696,101.36277996184302,0.96,677.8350960390796,650.7216921975164,27.113403841563184,,,,598.706102797448,1953.6716620153277,1807.146232103685,146.5254163082256,1953.6716484119104,1.360341735269488e-05,0.7691626945624036,0.08306211894015363,0.07288222966244755,0.3312993336072791,149.67668140149635,0.924999978155333,488.41822469620223,451.78684717465353,36.631377521548686,0.7691626945623755,0.08306211894015364,0.07288222966244755,0.3312992657465397,149.67660171840464,0.9249999781553261,488.41806472161915,451.7866991981643,36.63136552345483,0.769162449768041,0.07796876320150642,0.06778905670879277,0.3312991791769451,149.6765000671074,0.9249999781553175,488.4178606428111,451.7865104252672,36.631350217543904,0.7691619322416354,0.07796863344739842,0.06778931003876582,0.3312990254940729,149.67631961043963,0.9249999781553029,488.417498351278,451.7861753055999,36.63132304567816,0.7589827357184185,,,0.101,182.5217694424722,1807.146232103685,1807.1462224820345,9.621650595378643e-06,56.02153319521423,0.2410172642815816,,,227.92844100018553,0.0001788313632819117,98.00922963007977,,,,51.90171993458538,8.941541461448279e-05,3.0766497711344556,1033.641479026655,0.0,0.0,0.0,105.01797426910814
54,1,55,0.1016,1.5549907987574928e-05,4.8000235256837666e-05,1039.4560797200177,,,,0,3.981583213514486e-14,1,2035.0692348102473,2035.0692348102473,5.618040120087886e-14,325.6110775696396,67.56429859570021,0.33340741459974416,,,304.31426558284363,2035.0692192603394,1953.666394048102,81.40276641867096,2035.0691604667732,5.879356630797833e-05,0.8402319044103633,0.05159118786367218,0.05072954204252769,0.15576170102426443,101.51364329957138,0.96,678.8791965014614,651.7240286414028,27.155167860058466,0.7752143139817855,0.07052100127307599,0.06962166675459244,0.1557656828052679,101.43810613512004,0.96,678.3566956968813,651.222427869006,27.134267827875306,0.7205697491758662,0.08486468204003242,0.08426189425117263,0.1557698024924598,101.36251614815222,0.96,677.8332682684304,650.7199375376931,27.113330730737186,,,,598.7034765413493,1953.666394048102,1807.1413548038092,146.52502392901738,1953.6663787328266,1.5315275243482928e-05,0.7691601486248013,0.1579550410712993,0.15795758700890158,0.3312986754068798,149.6759084967877,0.9249999766981463,488.41667370690686,451.785411797875,36.6312619090319,0.7691601486247732,0.1579550410712993,0.15795758700890158,0.3312986587696159,149.6758889610822,0.9249999766981445,488.41663448620864,451.78537551872904,36.631258967479546,0.7691600873478038,0.07200508132701433,0.07200744374725146,0.33129863689470157,149.67586327525606,0.924999976698142,488.4165829182665,451.78532781838265,36.63125509988384,0.769159955186491,0.07200537093389406,0.07200734798903834,0.33129859647017684,149.6758158082234,0.9249999766981377,488.4164876214448,451.78523966882267,36.631247952622104,0.7589828399885472,,,0.101,182.52127683518475,1807.1413548038092,1807.1413451822013,9.621607962317064e-06,56.021381998918095,0.24101716001145293,,,227.9278308344796,9.600025530540128e-05,98.00896725882623,,,,46.083083239850666,4.800014933921775e-05,3.0766403397838693,1039.456079720018,0.0,0.0,0.0,105.60873769955379
55,1,56,0.1016,1.550515452550681e-05,8.914775414835381e-05,1038.0163223679733,,,,0,3.981614397133583e-14,1,2035.787894031427,2035.787894031427,5.6180402497783806e-14,325.7260630450283,67.58815808184337,0.33340741460325474,,,304.41813130961117,2035.7878785262724,1954.356307561096,81.43151281504574,2035.7878203761416,5.815013096400396e-05,0.8404019444856021,0.05097699914202055,0.05080695906678183,0.15575991243988743,101.5484330371586,0.96,679.1196533823422,651.9548672470485,27.164786135293728,0.7753433193507011,0.0697262057298749,0.06959720036095922,0.15576384108723212,101.47272743594698,0.96,678.5962454956584,651.4523956758321,27.143849819826364,0.7207088094779506,0.08410640783108458,0.08396734752900031,0.15576790790569503,101.39697083650559,0.96,678.0719214981411,650.9490446382155,27.122876859925643,,,,599.0471870522076,1954.356307561096,1807.7795292396615,146.57676473853908,1954.3562939782005,1.3582895355842163e-05,0.7694322377174778,0.0728821216782838,0.07261003258560728,0.3313719487632931,149.76195168444963,0.9249999781564137,488.5893844044766,451.9451699015965,36.644214502880146,0.7694322377174498,0.07288212167828381,0.07261003258560726,0.3313718809655851,149.7618720670038,0.9249999781564069,488.58922462123047,451.94502210209396,36.64420251913652,0.7694319939120676,0.07129976618230442,0.07102785961804065,0.33137179484339957,149.76177093043327,0.924999978156399,488.5890216514443,451.94483435504225,36.64418729640199,0.7694314798650603,0.07129966283090065,0.07102813815233147,0.3313716427916764,149.7615923703209,0.9249999781563868,488.58866330104917,451.9445028809287,36.644160420120414,0.769162837250417,,,0.101,182.58573245320582,1807.7795292396615,1807.7795196178454,9.621816218396541e-06,56.041165406429506,0.23083716274958307,,,228.00831626345098,0.00017829730653123223,98.04357599328391,,,,48.03499589211191,8.914788808523283e-05,3.077727949212056,1038.0163223679733,0.0,0.0,0.0,105.46245835258608
56,1,57,0.1016,1.5506782600547928e-05,5.9750824433581166e-05,1039.4560036042108,,,,0,3.9815909835802016e-14,1,2035.782994733108,2035.782994733108,5.618040218446818e-14,325.7252791572973,67.58799542513918,0.3334074146025962,,,304.41742305289154,2035.7829792263253,1954.3516042023932,81.43131684176635,2035.7829210441596,5.818216564999824e-05,0.8404295805757092,0.05085199070583008,0.05082435461572297,0.15575992450014212,101.54819658150582,0.96,679.1180194683003,651.9532986895683,27.164720778731983,0.7753671318906856,0.0696561258864108,0.06963231334642637,0.15576385355014447,101.47249135048379,0.96,678.5946123847845,651.450827889393,27.143784495391348,0.7207268209093218,0.08408145119235841,0.08406343976098718,0.1557679207715729,101.39673512090195,0.96,678.0702891910747,650.9474776234317,27.12281156764301,,,,599.0448418714108,1954.3516042023932,1807.775175612983,146.57641344978825,1954.3515890627714,1.513962157542993e-05,0.7694299177994144,0.15795769500064805,0.1579600149187116,0.3313713515301652,149.76125031074073,0.9249999773479477,488.58797722612525,451.94386786664546,36.644109359479785,0.7694299177993859,0.1579576950006479,0.15796001491871173,0.33137133484954445,149.76123072206468,0.924999977347946,488.5879379137432,451.9438315026921,36.644106411051084,0.7694298559838929,0.0713123823889435,0.07131452031711819,0.3313713127194264,149.76120473384177,0.9249999773479439,488.58788575814907,451.9437832587677,36.644102499381326,0.7694297218220898,0.07131266123950546,0.07131441928247596,0.3313712713096201,149.76115610476361,0.9249999773479407,488.58778816475393,451.9436929848779,36.644095179876054,0.7691601833210682,,,0.101,182.5852927369113,1807.775175612983,1807.7751659913847,9.621598362521212e-06,56.04103044400248,0.23083981667893183,,,228.0077705595572,0.0001195014523664909,98.04334134060959,,,,46.591733309279775,5.975072022425456e-05,3.077719413404783,1039.4560036042108,0.0,0.0,0.0,105.60872996618781
57,1,58,0.1016,1.5499039331272033e-05,8.807564839953975e-05,1038.4198511823934,,,,0,3.981609540184982e-14,1,2035.7875550368096,2035.7875550368096,5.6180401815183645e-14,325.7260088058896,67.58814682722208,0.33340741460532036,,,304.4180823208566,2035.7875395377703,1954.3559822416478,81.43149926006862,2035.7874815017167,5.803605359611916e-05,0.8404393412689226,0.0508301506990544,0.05082039000584101,0.15575991328201086,101.54841652537196,0.96,679.1195392857204,651.9547577142916,27.16478157142879,0.7753644814258306,0.0696331427418424,0.06963579320669737,0.1557638419492189,101.47271110638032,0.96,678.5961325367966,651.4522872353248,27.143845301471867,0.7207186394658893,0.08405642196980613,0.08406460341323856,0.15576790878700786,101.39695468910433,0.96,678.0718096791994,650.9489372920315,27.122872387167963,,,,599.0470249252503,1954.3559822416478,1807.7792282687724,146.5767403896181,1954.3559686583906,1.3583257058408097e-05,0.7694321059890143,0.07260992459334266,0.07260773640374252,0.3313719133267474,149.76191006931683,0.9249999781308084,488.58930090032123,451.94509264774405,36.64420825257717,0.7694321059889866,0.07260992459334285,0.07260773640374231,0.33137184580465506,149.76183077554128,0.9249999781307995,488.58914176661744,451.94494544906723,36.64419631755019,0.7694318636601476,0.07127934084206408,0.07127733316580942,0.33137176028849896,149.76173035065906,0.9249999781307809,488.58894022507945,451.9447590231399,36.644181201939546,0.7694313536896933,0.07127924146777162,0.07127760960016806,0.33137160988807135,149.7615537297332,0.9249999781307349,488.58858576637243,451.9444311488212,36.644154617551216,0.7694323804060094,,,0.101,182.58570205514604,1807.7792282687724,1807.779218646286,9.622486474951999e-06,56.041156076331944,0.2305676195939907,,,228.00827835446964,0.00017615876631710335,98.04355969242194,,,,47.63122235327435,8.807672564313891e-05,3.077727429327842,1038.4198511823936,0.0,0.0,0.0,105.50345688013117
58,1,59,0.1016,1.550584226156455e-05,4.252970241564018e-05,1039.456102232244,,,,0,3.9815892767490874e-14,1,2035.6377230584778,2035.6377230584778,5.618040205349299e-14,325.7020356893564,67.58317240554146,0.3334074146025914,,,304.39642305730246,2035.6377075526357,1954.2121434073365,81.42550597530571,2035.637649382642,5.816999358603333e-05,0.8405141631738252,0.05083627285803201,0.05076145095312941,0.155760290528054,101.54103239975086,0.96,679.0685122065165,651.9057717182558,27.162740488260724,0.775432596420326,0.06962919098221587,0.06956107598772046,0.155764223560401,101.46549354932509,0.96,678.5462029169282,651.4043548002511,27.14184811667711,0.7207454489106279,0.08402168545620659,0.08399487601146804,0.15576829457811214,101.38989710822649,0.96,678.0229342591972,650.9020168888293,27.120917370367874,,,,598.9753524319466,1954.2121434073365,1807.6461720299349,146.56595598474044,1954.2121280146755,1.5392660883845917e-05,0.7693750095606732,0.15796012290945516,0.15801721933779647,0.33135655737914704,149.74387714558836,0.9249999762647908,488.5531103539234,451.91161548146886,36.64149487245452,0.7693750095606451,0.15796012290945508,0.15801721933779656,0.33135654077750215,149.74385765007423,0.924999976264789,488.5530712255378,451.91157928771224,36.64149193782553,0.7693749486847798,0.07117315571156754,0.0712300706869353,0.3313565190797286,149.74383217011493,0.924999976264787,488.5530200860932,451.9115319837262,36.641488102366985,0.7693748179240166,0.07117343338197854,0.07122996914765525,0.33135647930840567,149.74378546616913,0.9249999762647838,488.5529263491211,451.91144527702767,36.641481072093406,0.7694299524972021,,,0.101,182.57226337502345,1807.6461720299349,1807.6461624083606,9.621574243907535e-06,56.03703133292799,0.2305700475027978,,,227.9915024801236,8.505871975530692e-05,98.03634606645313,,,,46.48806422045086,4.252954914323365e-05,3.0774997857301143,1039.4561022322437,0.0,0.0,0.0,105.60873998679598
59,1,60,0.1016,1.5506874279208457e-05,8.96238553019297e-05,1039.4198092448735,,,,0,3.9816171622657817e-14,1,2038.3657609982567,2038.3657609982567,5.618040326234369e-14,326.1385217597211,67.67374326514212,0.3334074146021884,,,304.791122546549,2038.3657454913823,1956.8310598088647,81.53462749203615,2038.3656873009008,5.8190481486573434e-05,0.840740179933084,0.050878899329977155,0.050652882570718365,0.15575373998596298,101.67303618018794,0.96,679.9799009464588,652.7807049086003,27.199196037858375,0.7758558985607881,0.06976468950311356,0.06934138736265147,0.15575746029422954,101.59705843330903,0.96,679.455539410104,652.2773178336998,27.178221576404226,0.7214046763081059,0.084310172458295,0.08365094506081704,0.15576131898608087,101.52102793305198,0.96,678.9302469443383,651.7730370665646,27.157209877773546,,,,600.2811466944343,1956.8310598088647,1810.0686750885864,146.76237113440027,1956.8310462229865,1.3585878210542144e-05,0.7704065465192512,0.07260762887439937,0.07157609191582132,0.33163459093476083,150.07044109839921,0.9249999781955403,489.2080710520105,452.517455056192,36.690615995818504,0.770406546519223,0.07260762887439934,0.07157609191582133,0.3316345234492698,150.07036181746543,0.924999978195533,489.207912158205,452.5173080794218,36.69060407878314,0.7704063039031896,0.07166767933384383,0.07063632411543401,0.33163443763297074,150.07026100178675,0.9249999781955222,489.2077101046681,452.5171211798993,36.6905889247688,0.7704057920311167,0.07166757954570584,0.0706366054386057,0.3316342859242975,150.07008277678284,0.9249999781954993,489.207352908103,452.5167907730732,36.69056213502982,0.7694322482161455,,,0.101,182.81693618394723,1810.0686750885864,1810.0686654671601,9.621426232224191e-06,56.11212892774618,0.23056775178385452,,,228.2970373406152,0.0001792517253655135,98.16772605646452,,,,48.46966505563767,8.962436233617492e-05,3.0816251889727804,1039.4198092448735,0.0,0.0,0.0,105.60505261927914
60,1,61,0.1016,1.5505792574809434e-05,4.9319626214131805e-05,1039.4560733694755,,,,0,3.981616983233105e-14,1,2038.360758377707,2038.360758377707,5.618040415281315e-14,326.1377213404332,67.67357717813988,0.33340741460268886,,,304.7903980833838,2038.3607428719145,1956.8262573159814,81.53442738816602,2038.3606847041474,5.816776712469959e-05,0.8409079534038163,0.05079175851195144,0.05062398504121911,0.15575375161753152,101.67279424749168,0.96,679.978232142624,652.779102856919,27.199129285704966,0.7760131159069111,0.06957044999300492,0.06941323264688189,0.15575747233488635,101.59681694590832,0.96,679.4538718787629,652.2757170036124,27.178154875150582,0.7215545414797079,0.08387985162096678,0.08372998644936476,0.15576133143594992,101.52078688998382,0.96,678.9285806827604,651.7714374554499,27.15714322731048,,,,600.2787482655694,1956.8262573159814,1810.0642285368733,146.76201350609404,1956.8262420429674,1.5273013878516694e-05,0.770404189193873,0.1580173268959798,0.15801968422135795,0.3316339826684567,150.06972648180124,0.9249999768232539,489.2066395068311,452.5161302056007,36.690509301230385,0.770404189193845,0.15801732689597983,0.1580196842213579,0.3316339660311575,150.06970693657047,0.9249999768232521,489.20660033441953,452.51609397112003,36.69050636329953,0.7704041279555622,0.07101942954487879,0.07102160549250627,0.33163394413781644,150.06968121662726,0.92499997682325,489.20654878668824,452.51604628946876,36.690502497219505,0.7704039958002764,0.0710196877214981,0.07102148395233844,0.33163390363159145,150.06963363057045,0.9249999768232463,489.2064534150285,452.51595807068384,36.69049534434463,0.7693750442296209,,,0.101,182.81648708222423,1810.0642285368733,1810.0642189152636,9.62160974815681e-06,56.11199108464307,0.23062495577037914,,,228.29648129467634,9.863911870305692e-05,98.16748695671083,,,,48.42970802044704,4.931955296939327e-05,3.081616502143557,1039.4560733694757,0.0,0.0,0.0,105.6087370543387
61,1,62,0.1016,1.5500742143228434e-05,8.932033107499261e-05,1038.17674665905,,,,0,3.981626538315869e-14,1,2040.5062241729336,2040.5062241729336,5.618039947301203e-14,326.4809958676694,67.74480664254139,0.33340741460326445,,,305.1013280032461,2040.5062086721914,1958.8859045561169,81.62024602317166,2040.5061505792885,5.80929029156955e-05,0.8414026930541213,0.05077803840361406,0.050283298753309044,0.15574886805361485,101.77700658866542,0.96,680.6965374543272,653.468675956154,27.22786149817315,0.7763661751214554,0.0695292931418177,0.06917623392727341,0.15575243086258958,101.7004501314166,0.96,680.1689598049009,652.9622014127049,27.20675839219602,0.7216620478344357,0.0843905071498417,0.08428300079511387,0.1557561319149704,101.6238712831641,0.96,679.6406533200604,652.455027187258,27.185626132802483,,,,601.306995440598,1958.8859045561169,1811.9694064652476,146.91648450739018,1958.8858909726378,1.3583479195343511e-05,0.7712155399978752,0.07157598473607521,0.07076463393207306,0.33185286207233256,150.32690326900624,0.9249999782098496,489.7217818617814,452.99263755103647,36.729144310744886,0.7712155399978471,0.0715759847360752,0.07076463393207309,0.33185279456467043,150.32682393695382,0.9249999782098429,489.72162304314213,452.9924906437954,36.729132399346724,0.7712152976092026,0.0712631099597416,0.07045194030610125,0.33185270879832446,150.32672314810623,0.9249999782098349,489.721421269037,452.99230400274865,36.72911726628836,0.7712147864360605,0.07126310832434182,0.07045231768855782,0.3318525572766675,150.3265450865317,0.9249999782098215,489.7210647986774,452.99197426766716,36.729090531010215,0.770406688367945,,,0.101,183.00891005299002,1811.9694064652476,1811.9693968435452,9.621702582096081e-06,56.17105160042268,0.229593311632055,,,228.5367692364858,0.00017864155943135153,98.2708107716889,,,,51.24075479967467,8.932032532845227e-05,3.084861164040985,1038.17674665905,0.0,0.0,0.0,105.47875746055948
62,1,63,0.1016,1.55012178998203e-05,8.941854231250906e-05,1038.6074760606234,,,,0,3.981625086760042e-14,1,2040.5014592105417,2040.5014592105417,5.6180401272373864e-14,326.4802334736867,67.74464844578998,0.33340741460306744,,,305.1006369377448,2040.501443709324,1958.881330182833,81.62005542428473,2040.5013856071178,5.810220603719764e-05,0.8430678000266129,0.050974028982786794,0.049308922010295256,0.15574887858650457,101.77677584325163,0.96,680.6949481683567,653.4671502416224,27.227797926734244,0.7792849917439354,0.06970542454384547,0.06678660792136554,0.15575244178963768,101.70021977671618,0.96,680.1673714827596,652.9606766234491,27.206694859310403,0.7252821227554039,0.08134057997456015,0.07772050505359195,0.15575614323628476,101.623641317777,0.96,679.6390659560013,652.4535033177613,27.185562638240075,,,,601.3047097949328,1958.881330182833,1811.965173895555,146.91614132106878,1958.881315216624,1.496620889184095e-05,0.7712132814817811,0.15801979142375136,0.15802204993984537,0.331852280498404,150.32621982907378,0.9249999782121489,489.7204136476436,452.9913719541148,36.72904169352878,0.771213281481753,0.15801979142375133,0.1580220499398454,0.33185226341255003,150.32619975054158,0.9249999782121471,489.72037345135294,452.991334772546,36.72903867880694,0.7712132167557125,0.0709281271988228,0.07093020805231287,0.331852239753539,150.3261719475296,0.9249999782121446,489.720317791006,452.99128328672504,36.729034504280925,0.7712130732015442,0.07092792160748376,0.070929634842,0.33185219407468697,150.32611826778788,0.9249999782121396,489.7202103266215,452.99118388216937,36.72902644445215,0.7704042238401734,,,0.101,183.00848256345105,1811.965173895555,1811.965164273916,9.621639063905176e-06,56.170920390762205,0.22959577615982657,,,228.53623683441944,0.00017883749793891335,98.27058183880035,,,,50.806621491545364,8.941845463666558e-05,3.084852852920791,1038.6074760606236,0.0,0.0,0.0,105.52251956775933
63,1,64,0.1016,1.549793578934664e-05,4.1759925742830996e-05,1039.4561049535228,,,,0,3.9816223364479934e-14,1,2040.5018692603182,2040.5018692603182,5.618040345371824e-14,326.4802990816509,67.74466205944256,0.333407414603247,,,305.1006964141082,2040.5018537623826,1958.8817238772028,81.62007182821685,2040.5017957054197,5.805696282877533e-05,0.8438067118257493,0.05098473551147043,0.05024582371233404,0.15574887768501727,101.7767955911958,0.96,680.6950841848297,653.4672808174365,27.227803367393218,0.7865656634488939,0.07235980316182676,0.06507913145686824,0.155752440849151,101.70023960223139,0.96,680.1675081821691,652.9608078548822,27.206700327286804,0.7455326133908182,0.10220444358959259,0.0819539529541783,0.1557561422564058,101.62366122068099,0.96,679.6392033384209,652.453635204884,27.18556813353684,,,,601.304905219324,1958.8817238772028,1811.9655355480986,146.91617480990814,1958.8817103580066,1.3519196214671271e-05,0.7712250699961868,0.07076452672895,0.07075273821454438,0.33185258699259873,150.32657995693117,0.9249999762451191,489.72113558431005,452.99203878221954,36.72909680209053,0.7712250699961587,0.07076452672895,0.07075273821454438,0.33185236852847844,150.3263232275817,0.9249999762450916,489.7206216245976,452.99156336948425,36.72905825511335,0.7712219122388699,0.07033896108170737,0.07033026559854988,0.3318522042571292,150.32613018322823,0.9249999762450816,489.7202351587763,452.9912058886038,36.72902927017246,0.7712170326752139,0.0703410767265214,0.07033711725285163,0.33185198442941105,150.325871851583,0.9249999762450701,489.7197179903227,452.9907275077909,36.72899048253179,0.7712156818472986,,,0.101,183.008519090358,1811.9655355480986,1811.9655259264803,9.621618395064336e-06,56.17093160199106,0.22878431815270137,,,228.53628527687545,8.351990672136601e-05,98.27060266905643,,,,49.95814105009988,4.175990011403778e-05,3.084889084906429,1039.456104953523,0.0,0.0,0.0,105.60874026327791
64,1,65,0.1016,1.5498089579274675e-05,8.679594635072788e-05,1039.4531991897927,,,,0,3.981543050679333e-14,1,2032.4645741251104,2032.4645741251104,5.6180398085484115e-14,325.19433186001766,67.47782386095366,0.33340741460317846,,,303.9382825988547,2032.4645586270208,1951.1659205444098,81.29858002268391,2032.4645005670939,5.8059926785644486e-05,0.8312626835223668,0.04726626772782185,0.059810296031204364,0.15576763876531738,101.40190730219283,0.96,678.1061047747999,650.9818605838078,27.124244190992037,0.7636815056698739,0.06242150339583614,0.08530566117485607,0.1557725743726592,101.31300438839604,0.96,677.4901165770873,650.3905119140038,27.09960466308356,0.7054301815413323,3.0093670089535585e-06,0.040105441216494855,0.15577774081100415,101.22337090826579,0.96,676.8682792152067,649.7935480465984,27.074731168608313,,,,597.4588477147244,1951.1659205444098,1804.8284203180062,146.33748572148372,1951.16590603949,1.4504919846297454e-05,0.7681757591446541,0.15802215705788722,0.1610714679094199,0.33103364284221526,149.36476328544137,0.9249999780805349,487.7915797562864,451.20720058243444,36.58437917385197,0.768175759144626,0.1580221570578872,0.1610714679094199,0.33103362099114947,149.36473763745406,0.9249999780805326,487.7915281941878,451.2071528874932,36.58437530669456,0.7681756789247821,0.07276338952694845,0.0758096228410363,0.33103359243284697,149.3647041167572,0.9249999780805296,487.7914608049742,451.2070905524706,36.58437025250356,0.7681755066144327,0.07274683009811643,0.07578835615889772,0.33103354008696784,149.3646426750717,0.924999978080524,487.7913372840416,451.206976295608,36.584360988433595,0.7712133162131628,,,0.101,182.28767045211865,1804.8284203180062,1804.828410696407,9.621599303189e-06,55.94968102985819,0.22878668378683722,,,227.6361053687764,0.00017359230393392068,97.88352530857385,,,,44.23186196415518,8.67958448218709e-05,3.0727027038284946,1039.453199189793,0.0,0.0,0.0,105.60844503768294
65,1,66,0.15246,1.5498826872733034e-05,2.1758064748026525e-05,561.2766575974025,,,,0,3.9809215540141196e-14,1,1267.6398027664718,1267.6398027664718,5.6179613199224304e-14,202.8223684426355,42.08564145184687,0.3334074146029286,,,190.55366152953593,1267.639787267645,1216.9341400251456,50.70558916771438,1267.63972919286,5.8074784936878895e-05,0.8067041875770223,0.04625249770906389,0.07081099365440824,0.1565776862636053,95.30878263458528,0.96,634.0621341401365,608.699648774531,25.362485365605462,0.7055201499859663,0.05711081504295239,0.11527217072686002,0.15659183961760453,95.24411855561206,0.96,633.5746724587008,608.2316855603528,25.34298689834801,7.506028510665805e-06,1.4873991460098063e-06,0.7054241629119676,0.2709990297008259,0.0007603393385755294,0.96,0.00292259402263443,0.002805690261729051,0.00011690376090537952,,,,297.6429504325224,1216.9341400251456,1125.6640140899697,91.2701123389312,1216.9341264289008,1.359624491531824e-05,0.4983028116513116,0.0707487498732687,0.3406216973666113,0.26448491520163103,74.48656871581888,0.9249999565965883,304.4635795218014,281.6287978429083,22.834781678893176,0.4983028116512833,0.07074874987326867,0.3406216973666113,0.26443509947615323,74.43221416211524,0.9249999565742201,304.2987201423851,281.47630291729695,22.822417225088135,0.49151218862907103,0.04292203544524412,0.3195855257409552,0.2643959660114546,74.38951557670553,0.9249999565571058,304.16917062297034,281.3564696122584,22.81270101071187,0.4841847628442853,0.042426397174440154,0.3264171409445875,0.2643456827585709,74.33465197788274,0.9249999565345666,304.00265614174407,281.20244371750607,22.800212424238012,0.7712290930688441,,,0.101,113.69206542308696,1125.6640140899697,1125.6640044684818,9.621487860065061e-06,34.895584436789065,0.2287709069311559,,,141.97574022320526,4.351613806382203e-05,61.04956829597827,,,,40.61208506194552,2.175805448552246e-05,1.972302574775951,561.2766575974026,0.0,0.0,0.0,85.5722392173
66,1,67,0.15246,1.5510921988151392e-05,4.038472812706197e-05,561.2765670777806,,,,0,3.980861646081199e-14,1,1247.9439282767896,1247.9439282767896,5.617943457644386e-14,199.67102852428633,41.431738418789415,0.33340741460232104,,,187.9632010194058,1247.9439127658675,1198.0261003445426,49.91775418102269,1247.9438545255655,5.824030206589667e-05,0.7946126128676012,0.05499946090364956,0.06709103561307077,0.15688234996656777,94.02585584756855,0.96,624.312421773956,599.3399249029977,24.9724968709583,0.6900296605496179,0.07755658631167767,0.09304707574802613,0.15690540447458193,93.9367545448634,0.96,623.629162500162,598.6839960001556,24.945166500006493,5.371548903197053e-06,9.429458144932748e-07,3.0774254219899403e-06,0.2709992462777513,0.0005906269738624113,0.96,0.0022702514473941747,0.002179441389498407,9.081005789576828e-05,,,,291.4441462442442,1198.0261003445426,1108.1740838141336,89.85200234965127,1198.026086163785,1.4180757599427182e-05,0.47166408705838175,0.1610754452962494,0.18771416988917913,0.2629949557633477,72.86108371752712,0.9249999616975417,299.50666615303214,277.0436547197131,22.463011433319004,0.4716640870583536,0.1610754452962494,0.18771416988917908,0.26299493649385475,72.8610626979231,0.9249999616975337,299.50660169340745,277.0435950945604,22.46300659884708,0.47166397777106944,0.0837587712242954,0.10360698208229696,0.2629949058301854,72.86102924929062,0.9249999616975193,299.5064991183687,277.0435002126492,22.462998905719562,0.4716637362848936,0.08607966830667053,0.09860069486606224,0.26299485204529677,72.86097057950336,0.9249999616974948,299.50631919897677,277.0433337872111,22.462985411765633,0.768175804830482,,,0.101,111.9255824652275,1108.1740838141336,1108.1740741925316,9.621601977493008e-06,34.35339659823815,0.2318241951695181,,,139.7697958439556,8.076949463734107e-05,60.101012212900905,,,,30.056483805319754,4.0384680243749714e-05,1.8866558881726985,561.2765670777806,0.0,0.0,0.0,85.57222541667844
67,1,68,0.15246,1.627148884438304e-05,1.4639508630412448e-05,561.2766724283415,,,,0,3.9802693537508e-14,1,1239.3168975942006,1239.3168975942006,5.617946665505257e-14,198.2907036150721,41.14532100012745,0.33340741455091344,,,186.8420796933827,1239.3168813227117,1189.744138257323,49.57267242738854,1239.3168106847115,7.063800017715232e-05,0.7915109408109438,0.06261248955973435,0.06571416161639175,0.15703637057253828,93.44788662953304,0.96,619.8662654869893,595.0716148675097,24.79465061947961,0.6871467976450093,0.09019523954241597,0.09307810244702457,0.1570512896308119,93.39394011739961,0.96,619.449572923924,594.671590006967,24.777982916957,2.501295997412635e-06,6.018239084829313e-07,3.472076814282816e-06,0.270999677205325,0.0002529464500307268,0.96,0.0009722737981309202,0.0009333828462056821,3.889095192523892e-05,,,,288.7560817250096,1189.744138257323,1100.5132514051672,89.23087202323296,1189.7441234284004,1.48289225234039e-05,0.48479339179995445,0.24196380641425877,0.228834501672686,0.26299518932428584,72.86133955643385,0.9249999475743407,299.5074564040895,277.04438147190695,22.463074932182554,0.4847933917999263,0.24196380641425874,0.228834501672686,0.26299493668786017,72.8610639748437,0.9249999475741582,299.5066112944677,277.0435997454964,22.46301154897129,0.47760335419960137,0.12169653368247225,0.11575715725394033,0.26179739298293936,71.55484491067409,0.9249999469283898,295.4826732593711,273.321457083177,22.161216176194092,0.4702122924487644,0.11788603444594627,0.1193374782820755,0.26172770153042385,71.47883328305797,0.9249999468899622,295.2473824704719,273.1038131045869,22.14356936588502,0.5969607482894919,,,0.101,111.15183839192191,1100.5132514051672,1100.5132417836246,9.621542735990197e-06,34.11591079356018,0.40303925171050814,,,138.80358517257565,2.9279018224699146e-05,59.68554162420753,,,,25.473371300499636,1.4639500364790739e-05,1.9174024302482466,561.2766724283416,0.0,0.0,0.0,85.57224147842496
68,1,69,0.15246,1.6877187406723116e-05,1.5333802485426546e-05,561.2766711911831,,,,0,3.9802181638516724e-14,1,1242.2230751991335,1242.2230751991335,5.617950619724798e-14,198.75569203186137,41.241806096611235,0.33340741451113226,,,187.2188202552144,1242.2230583219462,1192.5340556594356,49.68891898580996,1242.2229746452454,8.367670092013056e-05,0.7916290870534712,0.06494755213287967,0.0648294058903522,0.15698427250238606,93.63897945377802,0.96,621.3399727428293,596.4863738331161,24.853598909713238,0.6876218164329461,0.09212247852981631,0.09164745974187956,0.15700036106449192,93.57950907891092,0.96,620.8817268292164,596.0464577560476,24.835269073168732,3.159238480977146e-06,1.451432644084428e-06,7.934901605591293e-07,0.27099957667608626,0.0003317225254746016,0.96,0.0012750731997725228,0.0012240702717816207,5.100292799090272e-05,,,,288.6207316463096,1192.5340556594356,1100.6790251926564,91.85501628944301,1192.5340414820994,1.4177336141634353e-05,0.5283361965357061,0.28637205352571815,0.24282924878996645,0.2627075361572244,72.83008810915291,0.9210138387263419,301.0039177629928,277.2287737705621,23.775143992430692,0.528336196535678,0.28637205352571815,0.24282924878996642,0.2626370559284592,72.75720809082868,0.9209605081812926,300.80082048307986,277.025676493447,23.77514398963287,0.48321037483338103,0.11941218234580711,0.11380516171202748,0.26179728180789064,71.55472354850184,0.9249999482779316,295.4822971480725,273.3211095790115,22.161187569061017,0.4717377076219629,0.11702992484381412,0.11550450967061561,0.26172759033400356,71.47871189782619,0.9249999482408913,295.24700608795416,273.1034653496357,22.143540738318446,0.4716641400600232,,,0.101,111.1685815444583,1100.6790251926564,1100.6790155710928,9.62156365278369e-06,34.12104978097235,0.5283358599399769,,,141.54397595134023,3.0667604993059634e-05,60.8639096590763,,,,25.731508256206656,1.5333793342176435e-05,2.011620475526728,561.2766711911831,0.0,0.0,0.0,85.57224128980779
69,1,70,0.15246,1.6747470576121666e-05,1.7424990350315798e-05,561.2766672193393,,,,0,3.980889919952529e-14,1,1243.2233787972552,1243.2233787972552,5.617942129110766e-14,198.91574060756085,41.27501617606888,0.3334074145199715,,,187.3487947154674,1243.2233620497848,1193.4943502103567,49.72893125876491,1243.2232814691215,8.05806633701274e-05,0.7940383905213098,0.0655475767686361,0.06313827330079758,0.1569649786361843,93.71085357036108,0.96,621.8933249778007,597.0175919786886,24.875732999112046,0.6900617730238707,0.09210461438323303,0.08966465779230831,0.15698469347695068,93.63741802196235,0.96,621.3279457116753,596.4748278832081,24.85311782846703,5.111880650214427e-06,2.7035574560200866e-06,7.509152868273409e-07,0.27099933242212393,0.0005231231439777427,0.96,0.0020107796457182157,0.0019303484598894864,8.043118582872989e-05,,,,289.9815678523185,1193.4943502103567,1103.9821922930566,89.51214365967272,1193.4943359527292,1.4257627302667101e-05,0.5022999436257275,0.21589850838259406,0.2419347612925726,0.26355658003426363,73.47374316328249,0.9249999464267264,301.3815032814687,278.77787438936485,22.603628892103867,0.5022999436256995,0.21589850838259408,0.2419347612925726,0.26355616676723276,73.47329416465357,0.9249999216912497,301.38014217177204,278.77660790818686,22.603534263585207,0.48222892250300714,0.1069120848679222,0.10789353719829609,0.2617977844875169,71.55527157385303,0.924999951406006,295.4839918352294,273.32267808883984,22.161313746389556,0.471682360125805,0.1070096089284941,0.10706495642465196,0.2617280921244902,71.47925895052943,0.9249999513705742,295.24869866425905,273.105031906665,22.14366675759409,0.4977294380916878,,,0.101,111.50220142159871,1103.9821922930566,1103.9821826714972,9.621559340317685e-06,34.22344796108475,0.5022705619083122,,,139.24111554509489,3.4849984328922005e-05,59.87367968439081,,,,27.555949045020068,1.742497993196664e-05,1.9585111698802393,561.2766672193393,0.0,0.0,0.0,85.57224068426048
70,1,71,0.1016,1.6149043714778983e-05,8.958572493291653e-05,871.9772330954112,,,,0,3.981090759888116e-14,1,1754.611452897083,1754.611452897083,5.618035446346124e-14,280.7378324635333,58.25310023618316,0.3334074145600372,,,267.7252664042161,1754.6114367480393,1684.4269136328862,70.18445473470373,1754.6113683675899,6.838044946354922e-05,0.8018487962100731,0.06669012229682268,0.05887971660805934,0.15696458986465156,93.71230815060065,0.96,621.9045183442297,597.0283376104605,24.876180733769218,0.7087625959493583,0.09731857006825997,0.07861774714277243,0.15698430176777947,93.63887089654169,0.96,621.3391365814311,596.4855711181738,24.853565463257304,0.5720444965509244,0.5720402698439144,8.851736402309675e-07,0.1637236874031275,80.37408735707376,0.96,511.3677134419292,490.913004904252,20.454708537677206,,,,474.04736134932165,1684.4269136328862,1558.0948262369436,126.33207220709791,1684.4268984440419,1.518884447998038e-05,0.663162154589791,0.1608635469731213,1.3360090575896124e-06,0.30424845461870953,118.51226256410736,0.9249999674527156,421.10770818160915,389.5246163620761,31.583091819533045,0.6631621545897629,0.1608635469731211,1.3360090575718304e-06,0.30424826820847956,118.51205173885947,0.9249999674526315,421.1072170682187,389.5241620821705,31.58305498604818,0.663161390412833,0.24105452625182394,0.0601220583419981,0.3042480245382097,118.51177615403321,0.9249999674525242,421.1065750978112,389.52356825951927,31.58300683829191,0.66315974878044,0.2506888666159127,0.05921147796127772,0.3042475777889664,118.5112708923216,0.9249999674523418,421.1053980964027,389.52247953317794,31.582918563224773,0.6232379446442848,,,0.101,157.36757744993133,1558.0948262369436,1558.09481416749,1.2069453667626861e-05,48.30093961334525,0.37676205535571533,,,196.51657034914354,0.00017917088001067355,84.50212525013173,,,,27.163240864662864,8.958533713786076e-05,2.652645448372827,871.9772330954112,0.0,0.0,0.0,88.59288688249377
71,1,72,0.1016,1.5968998715053664e-05,8.910788964476225e-05,943.8113941289149,,,,0,3.9810732223946905e-14,1,1867.0156722298714,1867.0156722298714,5.6180355723201506e-14,298.7225075567794,61.984920318031726,0.3334074145716728,,,281.30634048164296,1867.0156562608727,1792.334967348901,74.68062363953771,1867.0155909884388,6.527243370310928e-05,0.8128529315065509,0.06651717220623579,0.055513036909758014,0.15692185037139264,93.87377757505956,0.96,623.1457553080623,598.2199250957398,24.925830212322506,0.7371513974124237,0.10014277284319101,0.07175397138012551,0.15694775332526692,93.77554463141016,0.96,622.3909353363541,597.4952979228998,24.895637413454235,0.6771992760946284,0.1051568928918956,2.1133481916133782e-06,0.15697941471968585,93.65701827517321,0.96,621.4789003440225,596.6197443302615,24.859156013760973,,,,521.7921440385895,1792.334967348901,1657.909786783677,134.42516650327593,1792.334953286953,1.4061948137020867e-05,0.705644441244406,0.17597246263156263,0.13349017597694718,0.3147290603432541,130.448205702619,0.9249999748893222,448.0841105699954,414.47779102554995,33.60631954444541,0.7056444412443779,0.1759724626315623,0.13349017597694707,0.3147289820801741,130.448115938634,0.9249999748893203,448.0839136586552,414.4776088825644,33.606304776090795,0.705644146521151,0.12042159575373433,0.07793883964541624,0.31472888569106644,130.44800538498112,0.9249999748893172,448.08367114180896,414.4773845544863,33.6062865873226,0.7056435361788496,0.12028478702981588,0.0778009996314063,0.3147287214534125,130.4478170123554,0.9249999748893093,448.0832579164934,414.47700232107627,33.60625559541713,0.6631639903953156,,,0.101,167.44888846515138,1657.909786783677,1657.90977667409,1.0109586977224766e-05,51.395203390293986,0.3368360096046839,,,209.10583028334753,0.0001782177259042651,89.91550702183943,,,,26.736246182084408,8.910791559337156e-05,2.8225765651887844,943.811394128915,0.0,0.0,0.0,95.89123764349775
72,1,73,0.1016,1.5969015819710917e-05,8.91102467535164e-05,942.032791270962,,,,0,3.981141366947121e-14,1,1867.01250306837,1867.01250306837,5.6180373564882363e-14,298.7220004909392,61.984815101869884,0.33340741457166223,,,281.3059283425338,1867.012487099354,1792.3319249534911,74.68049687306222,1867.0124218265532,6.527280082210403e-05,0.8198252417414292,0.06148713902910565,0.05451482879422735,0.1569218864413466,93.8736399758253,0.96,623.1446986716799,598.2189107248126,24.925787946867256,0.74389660320401,0.08249761820510405,0.07575241241351788,0.1569477897751346,93.77540721254606,0.96,622.3898787383761,597.494283588841,24.895595149535097,0.6778951015281336,0.10287789823887104,0.1021820728053659,0.15697945160675897,93.65688115416242,0.96,621.4778444164973,596.6187306398374,24.85911377665988,,,,521.7907517540413,1792.3319249534911,1657.9069615982498,134.42494732388957,1792.3319089221393,1.6031352105290802e-05,0.7056427719299556,0.1608647375270851,0.1608664068415356,0.31472866691008805,130.44775444241455,0.9249999697853275,448.0831231175794,414.4768753450761,33.60624777250329,0.7056427719299274,0.1608647375270852,0.16086640684153566,0.3147286386066976,130.44772197980492,0.9249999697853252,448.08305190562237,414.476809474017,33.60624243160539,0.7056426594129693,0.08501839587792992,0.08501988298611167,0.31472860078933923,130.4476786051397,0.9249999697853225,448.0829567562979,414.47672146089354,33.60623529540433,0.7056424140696446,0.08503891230770769,0.08504003441691275,0.3147285294014174,130.44759672668218,0.9249999697853181,448.08277714263966,414.47655531826314,33.60622182437655,0.663162799841352,,,0.101,167.44860312142325,1657.9069615982498,1657.906949679677,1.1918572837582663e-05,51.39511580954574,0.3368372001586477,,,209.1054881158926,0.0001782224276931339,89.91535988983382,,,,28.51275927971072,8.911028927466271e-05,2.822570617342497,942.0327912709621,0.0,0.0,0.0,95.71053159312973
73,1,74,0.1016,1.5780270756007785e-05,8.93610288516178e-05,1023.3257659030315,,,,0,3.9811301310088684e-14,1,1986.611424618808,1986.611424618808,5.618037228910634e-14,317.85782793900927,65.95549929734443,0.3334074145843753,,,297.4256886861643,1986.6114088385373,1907.146892745791,79.46445386440801,1986.6113466101992,6.222833812250863e-05,0.8292170735380858,0.060592401411617106,0.051200569614960535,0.15594323579728295,99.23252680306926,0.96,662.8515490997959,636.337487135804,26.51406196399182,0.7607547434143282,0.08488797342178517,0.06802983321146684,0.15595314704633242,99.1419230840663,0.96,662.2042485312649,635.7160785900143,26.488169941250636,0.7039955851261899,0.10355056124415124,0.07745007764609493,0.1559632806469618,99.05123879902871,0.96,661.5555489791383,635.0933270199728,26.462221959165564,,,,575.8236527413085,1907.146892745791,1764.1108197129258,143.03605919767983,1907.1468789106054,1.3835185682175289e-05,0.7508458114025145,0.13349064356508442,0.08828760409252694,0.32641025678822544,143.95605391582714,0.9249999773067467,476.78700952870025,441.0279729941993,35.759036534500964,0.7508458114024864,0.13349064356508533,0.0882876040925272,0.3264101947468359,143.9559815771285,0.9249999773067419,476.7868605643852,441.0278352022091,35.75902536217619,0.7508455841322363,0.10867171042177697,0.06346878570250995,0.3264101159579434,143.95588971127265,0.9249999773067361,476.78667138847266,441.0276602144915,35.7590111739812,0.7508451049972645,0.10866761297367368,0.06346492204605363,0.32640997686897666,143.95572753708026,0.9249999773067261,476.78633742904725,441.02735130202575,35.758986127021494,0.705644618907831,,,0.101,178.1751927910055,1764.1108197129258,1764.1108099641026,9.748823065482545e-06,54.6874354111007,0.2943553810921695,,,222.50055242636742,0.0001787226759452955,95.67523754333799,,,,28.099036399151597,8.936084840098907e-05,3.003382311934502,1023.3257659030314,0.0,0.0,0.0,103.969897815748
74,1,75,0.1016,1.578059091835701e-05,8.942462434763347e-05,1024.5617812663172,,,,0,3.9811064637280065e-14,1,1986.6071189956376,1986.6071189956376,5.6180367416540145e-14,317.857139039302,65.95535635065517,0.33340741458424183,,,297.42508640308927,1986.6071032150467,1907.1427593405888,79.46428163919116,1986.6070409797799,6.223526681341257e-05,0.8332254621511126,0.05604199029615012,0.05203360168312326,0.15594325755111343,99.23232578778725,0.96,662.8501138952056,636.3361093393975,26.5140045558082,0.7649931194689513,0.07596065543915471,0.07172227938453173,0.15595316924431263,99.14172232315403,0.96,662.2028133212708,635.71470078842,26.488112532850806,0.7070743393311794,0.09062248959313322,0.08754373538814379,0.15596330329006178,99.051038292148,0.96,661.5541137633035,635.0919492127713,26.462164550532147,,,,575.8216424714885,1907.1427593405888,1764.1069903287864,143.03575313740882,1907.1427434661953,1.5874393572799667e-05,0.7508437626576132,0.1608665217850573,0.16086857052995965,0.32640973926380756,143.95545045633597,0.9249999751578976,476.7857679045953,441.02682346738976,35.75894443720551,0.7508437626575852,0.16086652178505798,0.16086857052995987,0.3264097223398589,143.9554307234519,0.9249999751578953,476.7857272693169,441.02678587975714,35.75894138955975,0.7508436990842663,0.07778313998280532,0.07778502503077533,0.32640970004483877,143.95540472803881,0.9249999751578922,476.78567373781283,441.02673636311584,35.75893737469703,0.7508435617893721,0.07778411036148648,0.07778565356937896,0.32640965873655864,143.9553565636618,0.9249999751578866,476.7855745544701,441.02664461852356,35.75892993594653,0.70564283464986,,,0.101,178.17480602320745,1764.1069903287864,1764.10697975528,1.057350652073954e-05,54.687316700192376,0.2943571653501417,,,222.50007700509101,0.00017884953251368072,95.67503311218914,,,,26.860021905624798,8.942437520108327e-05,3.0033747861888367,1024.5617812663174,0.0,0.0,0.0,104.09547697665782
75,1,76,0.1016,1.558443513610462e-05,4.588612574405763e-05,1039.456089065872,,,,0,3.9811179242582414e-14,1,2008.4499030286745,2008.4499030286745,5.618036839610267e-14,321.35198448458794,66.68053678055199,0.3334074145975037,,,300.5025356558297,2008.4498874442393,1928.111835028832,80.3379931262014,2008.4498281550336,5.9289205723236346e-05,0.8355392499647334,0.053899601013728586,0.05158581320010785,0.15584701494403877,100.24188411475667,0.96,670.0072460399659,643.2069561983673,26.80028984159861,0.7685192481357649,0.07382595570579074,0.07029982703897718,0.15585322649170835,100.16752920871302,0.96,669.4835814940744,642.7042382343114,26.779343259763007,0.7123305203296159,0.08933711563507384,0.0840809346366373,0.1558595803321588,100.09312233235998,0.96,668.9590006209932,642.2006405961533,26.75836002483979,,,,586.0630263656382,1928.111835028832,1783.5033887119705,144.60843237977278,1928.1118210917432,1.3937088822189433e-05,0.7590997024343621,0.0882875337649738,0.08003159398822503,0.3286022538019167,146.51589223310418,0.9249999762472931,482.0282314125021,445.8761026070892,36.152128805412914,0.7590997024343339,0.08828753376497378,0.08003159398822506,0.32860219360829895,146.5158218275165,0.9249999762472886,482.02808808075383,445.87597002522324,36.15211805553057,0.7590994847740146,0.07914951217092235,0.07089372648117406,0.32860211830424796,146.515733747988,0.9249999762472828,482.02790876831995,445.87580416122336,36.15210460709658,0.7590990280756695,0.07914927246587608,0.07089380617957863,0.32860198562291043,146.51557855702933,0.9249999762472724,482.0275928301674,445.8755119184347,36.15208091173269,0.750845944449969,,,0.101,180.13384225990904,1783.5033887119705,1783.5033790903394,9.621631111687841e-06,55.28860505007109,0.2491540555500311,,,224.94646464912927,9.177231113441158e-05,96.72697979912559,,,,27.243452873941692,4.58860583064436e-05,3.0363979177183804,1039.456089065872,0.0,0.0,0.0,105.60873864909259
76,1,77,0.1016,1.5584414891335014e-05,8.945054813365699e-05,1035.2643936274685,,,,0,3.981224969420331e-14,1,2008.4522654567222,2008.4522654567222,5.618038590320786e-14,321.3523624730756,66.68061521316318,0.3334074145975055,,,300.50287092066213,2008.4522498723074,1928.1141029602254,80.3380876233427,2008.4521905835682,5.9288739304095244e-05,0.8369420369452755,0.05278999413232386,0.05138720715178179,0.15584700569430332,100.2419960794483,0.96,670.0080341672473,643.2077128005574,26.800321366689897,0.7699818362520765,0.07203889113846808,0.07057630302215635,0.15585321705250302,100.16764096352385,0.96,669.4843689699866,642.7049942111872,26.779374758799438,0.7133347622647234,0.0865030928498387,0.08549885091473121,0.15585957070345535,100.09323387768997,0.96,668.9597874463342,642.2013959484808,26.758391497853356,,,,586.0641414629952,1928.1141029602254,1783.5054887295275,144.6085992614228,1928.1140879909503,1.496927523225299e-05,0.7591001971771939,0.16086866764836658,0.16086817290553468,0.3286024105993173,146.5160756660978,0.9249999778736673,482.02860404115114,445.8764480725396,36.15215596861159,0.7591001971771658,0.16086866764836658,0.1608681729055347,0.32860239358957605,146.51605577061414,0.9249999778736653,482.0285635379485,445.87641060707705,36.15215293087147,0.759100133693304,0.0740664446321032,0.07406579571281378,0.328602371076079,146.51602943765033,0.9249999778736627,482.02850992932565,445.87636101910084,36.1521489102248,0.7590999963600771,0.07406672265435574,0.07406575436994817,0.3286023293123694,146.51598058863286,0.9249999778736578,482.02841048252503,445.8762690308101,36.152141451714925,0.7508437985866596,,,0.101,180.13405436168227,1783.5054887295275,1783.5054791078921,9.621635354656227e-06,55.28867015061535,0.24915620141334038,,,224.946727060091,0.00017890125872624174,96.72709263583913,,,,31.436941469678,8.945032200427863e-05,3.0364005244077408,1035.2643936274685,0.0,0.0,0.0,105.1828623925508
77,1,78,0.1016,1.554908093372321e-05,8.937775623085949e-05,1035.9737467493885,,,,0,3.981584436215844e-14,1,2030.271699667378,2030.271699667378,5.6180400231802243e-14,324.84347194678054,67.40502042895696,0.3334074145999085,,,303.6222157271246,2030.2716841182971,1949.0607603248861,81.21086501353692,2030.2716253384228,5.877987429795513e-05,0.8388006818274402,0.05255967786496866,0.05070103298280397,0.1557738712146821,101.29019029564797,0.96,677.3319175324912,650.2386408311916,27.093276701299622,0.7733844796825003,0.07238456029319472,0.06898191686277096,0.15577867985224989,101.20742746800599,0.96,676.757587832284,649.6872843189926,27.070303513291364,0.7186402184940481,0.08790948329460833,0.08260402706528361,0.15578365615867001,101.12459796347068,0.96,676.182119973648,649.1348351747021,27.04728479894593,,,,596.4123007224701,1949.0607603248861,1802.8811480029642,146.17959867717883,1949.060746680143,1.3644743220489252e-05,0.7673473201347022,0.08003150018423213,0.0717843772267238,0.33081077884124827,149.10321576618443,0.9249999781042474,487.26546962404694,450.7205487331993,36.54492089084767,0.7673473201346741,0.08003150018423213,0.0717843772267238,0.33081071732643114,149.1031435855959,0.9249999781042431,487.2653243475458,450.7204143524368,36.54490999510901,0.7673470983107807,0.07711887088842348,0.0688719062709467,0.3308106391234979,149.10305182342475,0.9249999781042377,487.26513965949863,450.7202435159945,36.54489614350408,0.7673466302917719,0.07711876889635118,0.06887213496465643,0.33081050082605457,149.1028895472651,0.9249999781042281,487.2648130490516,450.71994140133353,36.54487164771806,0.7590998321674013,,,0.101,182.0909959482994,1802.8811480029642,1802.8811383813127,9.62165146962322e-06,55.88931558809189,0.24090016783259874,,,227.3905025061914,0.00017875606259738793,97.77791607766231,,,,46.152033782324544,8.937767545851866e-05,3.069388368871929,1035.9737467493885,0.0,0.0,0.0,105.25493266973787
78,1,79,0.1016,1.5549269851787068e-05,8.941888864684443e-05,1035.705711388494,,,,0,3.981588279178742e-14,1,2030.2675096118849,2030.2675096118849,5.618040191969638e-14,324.8428015379016,67.40488131911458,0.33340741459983386,,,303.62161228045613,2030.267494062615,1949.0567378677897,81.21069741115801,2030.2674352789477,5.878366739096719e-05,0.8394637340150853,0.05167396290993665,0.05101091072229146,0.15577388272036743,101.28998885755936,0.96,677.330520478592,650.2372996594484,27.093220819143674,0.7740918156927491,0.0706640788453334,0.06995674283508459,0.1557786917383,101.20722631990643,0.96,676.7561911506034,649.6859435045792,27.070247646024175,0.7191239026711318,0.08507944831211295,0.08459576413502924,0.1557836684257671,101.12439710299033,0.96,676.1807236497524,649.1334947037623,27.04722894599016,,,,596.4103015317864,1949.0567378677897,1802.8774260443688,146.1792968946771,1949.0567229390458,1.4928743851082899e-05,0.7673453318370588,0.1608682669556728,0.16087025525331625,0.3308102686355572,149.10261709849112,0.9249999781051828,487.26426469506634,450.7194341743743,36.54483052069202,0.7673453318370307,0.16086826695567277,0.16087025525331625,0.3308102513874468,149.10259685982476,0.9249999781051808,487.2642239609851,450.7193964953491,36.54482746563597,0.7673452672284555,0.07238453854243235,0.07238636962475758,0.3308102281715876,149.10256961869425,0.9249999781051781,487.26416913313557,450.7193457795882,36.54482335354735,0.7673451258578036,0.07238478781248821,0.07238629224645655,0.33081018414175895,149.10251795477632,0.9249999781051731,487.26406514985905,450.7192495950573,36.54481555480176,0.7591002328600951,,,0.101,182.0906200304813,1802.8774260443688,1802.877416422743,9.621625875591023e-06,55.88920020737544,0.24089976713990494,,,227.39003440547472,0.00017883810885771948,97.77771479435414,,,,46.417090711227544,8.94187724529411e-05,3.0693810567603483,1035.705711388494,0.0,0.0,0.0,105.22770027707098
79,1,80,0.1016,1.551434095839656e-05,5.8413878941115465e-05,1039.4560149037854,,,,0,3.9815022860727163e-14,1,2030.2674476656541,2030.2674476656541,5.618039585433539e-14,324.84279162650466,67.40487926249972,0.3334074146021399,,,303.6216034353504,2030.267432151313,1949.0566789087243,81.21069495453028,2030.2673738632545,5.828805855478577e-05,0.8394094263885837,0.0511484038707579,0.051202711497259516,0.15577388289177035,101.28998585680583,0.96,677.3304996671355,650.2372796804501,27.093219986685416,0.7739554039727017,0.0699877276402589,0.07012413936030633,0.15577869191251695,101.20722337173878,0.96,676.7561706798296,649.6859238526363,27.070246827193216,0.7189934513697626,0.08444105774040812,0.08457150904177735,0.15578366860265147,101.12439420680575,0.96,676.1807035162893,649.1334753756377,27.04722814065165,,,,596.4102719454417,1949.0566789087243,1802.8773708636293,146.17929426482524,1949.0566651284548,1.378026965194116e-05,0.7673456937078363,0.07178428317579744,0.07178392130501991,0.3308103402297046,149.10270108473117,0.9249999772299209,487.2644341673759,450.719590509773,36.54484365760291,0.7673456937078083,0.07178428317579744,0.07178392130501991,0.33081027977154526,149.10263014405436,0.9249999772299166,487.26429138609984,450.71945843709375,36.5448329490061,0.767345480672213,0.07184412683988184,0.07184391339612438,0.3308102062900487,149.10254392200193,0.924999977229911,487.2641178481602,450.7192979145008,36.54481993365938,0.767345040904364,0.07184405959379808,0.0718441445472377,0.33081008090287745,149.1023967946542,0.924999977229901,487.26382172681866,450.7190240022618,36.54479772455685,0.7673474498685298,,,0.101,182.09061445722656,1802.8773708636293,1802.8773612420157,9.621613656715703e-06,55.88919849677251,0.2326525501314702,,,227.39002813557985,0.00011682804179819654,97.77771209829933,,,,42.66665017615379,5.841384621344398e-05,3.0693819089922214,1039.4560149037857,0.0,0.0,0.0,105.6087311142246
80,1,81,0.1016,1.551428411218269e-05,8.948583081898575e-05,1033.1535002560613,,,,0,3.981577079525911e-14,1,2025.620228150443,2025.620228150443,5.61804012820977e-14,324.09923650407086,67.25059157459471,0.33340741460215617,,,302.9533469237566,2025.6202126361588,1944.5953481753113,81.02480617397134,2025.6201543492828,5.8286876095834345e-05,0.8390390687115612,0.05100600359036129,0.051376361267383826,0.1557880228201725,101.05407266197989,0.96,675.6916039970776,648.6639398371944,27.027664159883123,0.7732521673156251,0.06977026452271813,0.07047350117979483,0.1557924499715875,100.9844637362718,0.96,675.2069804696406,648.1987012508549,27.008279218785617,0.7179106201832064,0.08408532265746466,0.08516815384402088,0.15579699684967396,100.91481052550495,0.96,674.7215698825646,647.732707087262,26.98886279530261,,,,594.1963579901496,1944.5953481753113,1798.750640584569,145.84469266305317,1944.5953332476222,1.4927689088030304e-05,0.7655888766940443,0.160870349252118,0.16262716626590998,0.33033840660211705,148.549130237367,0.924999978057402,486.14891550789736,449.6877361774348,36.46117933046257,0.7655888766940162,0.16087034925211802,0.16262716626590998,0.3303383894513981,148.54911012669783,0.9249999780574,486.1488749329561,449.6876986456141,36.46117628734204,0.7655888130974792,0.07122878133449305,0.07298544890922683,0.33033836674790523,148.5490835049312,0.9249999780573974,486.1488212213296,449.6876489623595,36.461172258970116,0.7655886755132661,0.07122900791282787,0.07298537330392564,0.33033832463258156,148.54903412115362,0.9249999780573926,486.1487215854392,449.68755679916075,36.46116478627844,0.7673453675720845,,,0.101,181.67381469904151,1798.750640584569,1798.7506309629462,9.621622953645794e-06,55.76126985812164,0.23265463242791543,,,226.8695389006207,0.00017897163124646189,97.5539017272669,,,,45.67028781434848,8.948565152277119e-05,3.062355241998806,1033.1535002560613,0.0,0.0,0.0,104.96839562601582
81,1,82,0.1016,1.5514172331610236e-05,2.9147905177204235e-05,1039.4561400387956,,,,0,3.9814292912433145e-14,1,2025.6182058164352,2025.6182058164352,5.6180387851816764e-14,324.0989129306296,67.25052443310565,0.3334074146022026,,,302.95305658916834,2025.6181903022627,1944.5934067368826,81.0247252807035,2025.618132017586,5.8284676826398414e-05,0.8389088453585118,0.051169446516717405,0.05129966986976673,0.15578802890798918,101.05397566683138,0.96,675.690929040854,648.66329187922,27.027637161634146,0.7731025729707321,0.0701141500350264,0.0702637443799193,0.15579245620791468,100.9843669584816,0.96,675.2063063611996,648.1980541067516,27.00825225444805,0.7178032164067928,0.08465043880010006,0.08475784257651366,0.15579700323443255,100.91471396385533,0.96,674.7208966155324,647.732060750911,26.98883586462132,,,,594.1953922641866,1944.5934067368826,1798.7488378597698,145.84455461730604,1944.593392477076,1.4259806551668786e-05,0.765588489461081,0.07178382661363057,0.07178421384659385,0.33033827622975886,148.5489772735202,0.9249999741943445,486.1486088063481,449.68745060048843,36.46115820585964,0.765588489461053,0.07178382661363057,0.07178421384659385,0.33033821704444083,148.54890787374106,0.92499997419434,486.1484687864317,449.68732108206717,36.4611477043645,0.7655882809988602,0.07220818927976967,0.07220872137838867,0.3303381459820358,148.54882454708303,0.9249999741943339,486.14830066780445,449.68716557233836,36.46113509546608,0.7655878524771441,0.07220812241330075,0.07220894544942272,0.33033802490138975,148.54868256984224,0.9249999741943223,486.1480142164917,449.6869006048758,36.461113611615836,0.7673458241342513,,,0.101,181.67363262383674,1798.7488378597698,1798.7488282381319,9.621637765811802e-06,55.761213973652865,0.23265417586574857,,,226.8693192936263,5.8295814498288514e-05,97.55380729625931,,,,39.366028882115764,2.914788423239779e-05,3.0623531123981382,1039.4561400387956,0.0,0.0,0.0,105.60874382794164
82,1,83,0.1016,1.55217658088443e-05,8.949361855675729e-05,1034.4645432406658,,,,0,3.9815454926927466e-14,1,2025.620234690897,2025.620234690897,5.618039991121794e-14,324.0992375505435,67.25059179173778,0.33340741460164874,,,302.9533478464504,2025.6202191691311,1944.5953543452454,81.02480643105197,2025.6201607762973,5.839283385819076e-05,0.8390081008701993,0.05129267017696886,0.05119341466528143,0.15578802280073303,101.05407297170858,0.96,675.6916061523725,648.6639419062776,27.02766424609492,0.7732242816027084,0.07026246312795272,0.07014075449597643,0.1557924499517361,100.98446404433956,0.96,675.2069826154936,648.1987033108738,27.00827930461977,0.7178949284209546,0.08476343936759761,0.08467172735343578,0.15579699682951417,100.91481083040226,0.96,674.7215720084312,647.7327091280938,26.988862880337287,,,,594.196361045117,1944.5953543452454,1798.7506462859665,145.8446931249322,1944.5953394108985,1.4934346721854125e-05,0.7655888789215725,0.16262726095731894,0.1626268714968275,0.3303384072104753,148.54913095072305,0.9249999780575906,486.14891694705886,449.68773750875084,36.461179438308015,0.7655888789215444,0.16262726095731891,0.1626268714968275,0.33033839008036536,148.54911086421941,0.9249999780575886,486.14887642087336,449.6877000220292,36.46117639884417,0.7655888154028859,0.07224368363089922,0.07224314922687354,0.3303383674050112,148.54908427544797,0.924999978057586,486.14882277581785,449.6876504003528,36.461172375465054,0.7655886779901501,0.07224390868327986,0.07224308317027393,0.3303383253434631,148.54903495472652,0.9249999780575813,486.1487232671485,449.6875583548336,36.46116491231498,0.7655889124290506,,,0.101,181.67381527488263,1798.7506462859665,1798.7506366643486,9.621617924901687e-06,55.761270034864964,0.2344110875709495,,,226.86953963371468,0.00017898716939429546,97.55390204249731,,,,44.359249406572104,8.949342789507092e-05,3.0623552512361525,1034.464543240666,0.0,0.0,0.0,105.10159759325164
83,1,84,0.1016,1.5521221261789207e-05,8.935722893004876e-05,1036.691189052669,,,,0,3.981557572151417e-14,1,2029.3982103821775,2029.3982103821775,5.6180399758610454e-14,324.7037136611484,67.37602058468829,0.33340741460186557,,,303.4964378119852,2029.3981948609562,1948.2222110197672,81.17592545915707,2029.3981364789242,5.8382031959115466e-05,0.8393120389898349,0.05136067750441754,0.05105673938478198,0.15577671703176774,101.24087165734345,0.96,676.9897537911673,649.9101636395205,27.079590151646727,0.7738044655341527,0.07043427066985697,0.0698540867384127,0.15578117868759422,101.16549345241178,0.96,676.4663307471453,649.4076775172596,27.058653229885817,0.7187926009595721,0.08510871996248262,0.08421104742386515,0.15578577891773898,101.09007270222997,0.96,675.9420519406116,648.9043698629871,27.037682077624517,,,,595.9957630405013,1948.2222110197672,1802.1054899076103,146.11670748137246,1948.2221973889827,1.3630784635227683e-05,0.7670171821513385,0.07178411971831454,0.07035581648854845,0.3307220259124699,148.99908105165818,0.9249999780942937,487.05583183842737,450.52663378124333,36.52919805718405,0.7670171821513104,0.07178411971831453,0.07035581648854847,0.330721964392785,148.99900887461973,0.9249999780942895,487.0556865027202,450.5264993457153,36.52918715700489,0.767016960544263,0.07283855482620288,0.07141040968482573,0.33072188634629796,148.99891730777048,0.9249999780942844,487.05550212361794,450.5263287950472,36.5291733285707,0.767016493593818,0.07283847447603994,0.07141065887237204,0.3307217486915403,148.9987558064529,0.9249999780942754,487.05517692421716,450.52602798560434,36.52914893861283,0.7655886193243664,,,0.101,182.01265448066863,1802.1054899076103,1802.105480285919,9.621691336924795e-06,55.86527018713592,0.23441138067563347,,,227.2926717142268,0.00017871512274045037,97.73584883711752,,,,44.81393435283789,8.935716211729346e-05,3.0680678184407304,1036.6911890526692,0.0,0.0,0.0,105.32782480775116
84,1,85,0.1016,1.552158026568442e-05,8.943624213443214e-05,1029.380103592543,,,,0,3.98162983587876e-14,1,2029.3942363232668,2029.3942363232668,5.6180396270012174e-14,324.70307781172266,67.37588864593246,0.33340741460172285,,,303.4958658124582,2029.3942208016865,1948.21839591603,81.17576649650132,2029.3941624125314,5.838915506759694e-05,0.839446833578808,0.05122511049663668,0.05109031590766348,0.1557767281653366,101.24068066309695,0.96,676.9884282423859,649.9088911126904,27.079537129695463,0.7739226967913421,0.07015729741847875,0.07003906616128937,0.15578119014538883,101.16530278576259,0.96,676.4650060563725,649.4064058141176,27.058600242254943,0.7189171330790467,0.08456672829413374,0.08444219617465913,0.15578579069981877,101.08988236359866,0.96,675.9407281137727,648.9030989892218,27.037629124550914,,,,595.9938677399233,1948.21839591603,1802.1019597532934,146.1164212486764,1948.21838100197,1.491405987427624e-05,0.7670152755333149,0.1626269656674859,0.16262887228550943,0.33072153790356035,148.99850850281985,0.9249999780961308,487.0546789517158,450.5255673619551,36.52911158976071,0.7670152755332869,0.1626269656674859,0.16262887228550943,0.3307215206881371,148.99848830509896,0.9249999780961288,487.05463828148163,450.5255297419884,36.52910853949321,0.7670152110938573,0.07202630205866878,0.07202805150907456,0.3307214975526874,148.99846116180234,0.9249999780961261,487.05458362559517,450.52547918529336,36.529104440301815,0.7670150702261918,0.07202651455795524,0.07202793792558143,0.33072145374931883,148.99840977020216,0.9249999780961211,487.05448014317733,450.5253834640567,36.52909667912067,0.7655889146141995,,,0.101,182.01229793508267,1802.1019597532934,1802.1019501316505,9.621642956639703e-06,55.8651607523521,0.23441108538580044,,,227.29222780246087,0.00017887270974061456,97.73565795505817,,,,52.12219620387296,8.943612704161229e-05,3.0680608323866507,1029.380103592543,0.0,0.0,0.0,104.58501852500237
85,1,86,0.1016,1.5515640735819185e-05,3.3264946958002124e-05,1039.456130317208,,,,0,3.9814897793235977e-14,1,2029.3943411176833,2029.3943411176833,5.618039258283102e-14,324.70309457882934,67.37589212510709,0.33340741460208606,,,303.4958809084284,2029.3943256020427,1948.2184966043492,81.17577069184803,2029.3942672961973,5.8305845260487476e-05,0.8398278656402147,0.05116203287096728,0.050781000809560585,0.15577672787792715,101.24068559335792,0.96,676.9884624597009,649.9089239613129,27.07953849838804,0.7739471023329895,0.06998650670216355,0.06996210116051618,0.15578118984299133,101.16530781770159,0.96,676.4650410167194,649.4064393760506,27.058601640668847,0.7184642807596721,0.0848628217373176,0.08531567405669217,0.15578579038202345,101.08988749736885,0.96,675.940763819777,648.9031332669858,27.037630552791136,,,,595.9939151160324,1948.2184966043492,1802.1020476531205,146.11643480137508,1948.2184824544956,1.4149853459358608e-05,0.7670156776817283,0.07035572231713078,0.0703553201687175,0.33072161957863433,148.99860425315975,0.9249999750452672,487.05487326902164,450.5257456195208,36.529127649500836,0.7670156776817002,0.07035572231713078,0.07035532016871748,0.33072156118908425,148.99853574854478,0.924999975045263,487.0547353278201,450.52561802391074,36.52911730390934,0.7670154745104825,0.07192848179237063,0.07192821837574541,0.33072149234095344,148.99845497357353,0.9249999750452574,487.0545726789213,450.52546757368077,36.52910510524054,0.7670150610144848,0.07192856907536171,0.07192857828706868,0.3307213774168795,148.9983201407544,0.9249999750452477,487.0543011787326,450.5252164360082,36.52908474272438,0.7670173120153833,,,0.101,182.0123068129652,1802.1020476531205,1802.1020380314935,9.621626994378627e-06,55.86516347724674,0.2329826879846167,,,227.2922447803443,6.65299114516748e-05,97.73566525554806,,,,42.04607231507645,3.326492355604057e-05,3.068061890888396,1039.4561303172081,0.0,0.0,0.0,105.60874284022832
86,1,87,0.1016,1.5515661441231244e-05,8.946264141887859e-05,1034.869823285701,,,,0,3.981591777422462e-14,1,2029.3962732069367,2029.3962732069367,5.618040226698855e-14,324.7034037131099,67.3759562704703,0.3334074146020717,,,303.4961589997669,2029.3962576912754,1948.2203514096684,81.17584797540295,2029.3961993850712,5.830620418799272e-05,0.8418265866698144,0.05148543361949939,0.049486712589899826,0.155776722463561,101.24077847410832,0.96,676.9891070761976,649.9095427931496,27.07956428304795,0.7772470129402254,0.07034749428734897,0.06704758368011307,0.15578118427243376,101.16540051451679,0.96,676.4656850448825,649.4070576430872,27.058627401795338,0.7223841054977792,0.08195120809597262,0.07803138335786552,0.15578578465526674,101.0899800111418,0.96,675.9414072639911,648.9037509734314,27.037656290559664,,,,595.9948388703283,1948.2203514096684,1802.1037685653223,146.11656790776794,1948.22033647309,1.4936578374982972e-05,0.7670160426510071,0.1626289664569737,0.16262860148769487,0.33072174405394755,148.9987503655303,0.9249999780967904,487.0551659671117,450.5260178515069,36.52914811560481,0.767016042650979,0.16262896645697367,0.16262860148769487,0.3307217269444494,148.99873029207805,0.9249999780967884,487.05512554714824,450.52598046304064,36.529145084107604,0.7670159793157099,0.07183922603885788,0.0718387212336305,0.33072170430440545,148.99870373000041,0.9249999780967858,487.0550720616643,450.5259309889679,36.5291410726964,0.7670158423324052,0.07183874577289831,0.07183796445497792,0.3307216623287491,148.99865448271953,0.9249999780967811,487.05497289716584,450.5258392618067,36.52913363535911,0.7670153112258956,,,0.101,182.01248062509757,1802.1037685653223,1802.1037589436967,9.621625703354654e-06,55.86521682552499,0.23298468877410447,,,227.29245595703645,0.00017892537979510216,97.73575606152568,,,,46.63392359751306,8.946248694172852e-05,3.0680639069501012,1034.869823285701,0.0,0.0,0.0,105.14277404582721
87,1,88,0.1016,1.5515807486951883e-05,6.437182644354981e-05,1039.4559535937885,,,,0,3.9816135535259097e-14,1,2037.6847089182354,2037.6847089182354,5.618040226174532e-14,326.0295534269177,67.65113233608542,0.33340741460201484,,,304.6925321770815,2037.684693402428,1956.1772496895849,81.50738540373277,2037.6846350933179,5.830911008486786e-05,0.8436045637030032,0.05171051653530677,0.04993253950211788,0.15575501271268397,101.6467309973453,0.96,679.7984193990914,652.6064826231277,27.19193677596363,0.7864966812807501,0.07369192268137033,0.06444225434084556,0.15575910724347536,101.56427870501948,0.96,679.2291348054941,652.0599694132744,27.169165392219785,0.7458131872055929,0.10439380445706552,0.08096472274925184,0.15576337773719928,101.48152247471674,0.96,678.6570808887325,651.5107976531831,27.14628323554935,,,,599.9549822199202,1956.1772496895849,1809.463899694694,146.71333664233163,1956.1772363370253,1.3352559448869614e-05,0.7701522816293875,0.07035522721573982,0.06721898823735928,0.3315657876714355,149.98961607123098,0.9249999775495212,489.0460543819343,452.36758932397123,36.6784650579631,0.7701522816293594,0.07035522721573982,0.06721898823735928,0.33156534632778933,149.9890976391811,0.9249999775495655,489.04501497978526,452.36662787702835,36.678387102756915,0.770150845757241,0.07244859810343282,0.0693137316619017,0.3315648685693439,149.98853643222125,0.924999977549578,489.0438898157735,452.3655871003488,36.67830271542469,0.7701480818570146,0.0724518082217568,0.06931956869714741,0.3315641838171697,149.9877320772869,0.9249999775495442,489.0422771595325,452.3640953933455,36.67818176618693,0.7670158063272866,,,0.101,182.7558538691641,1809.463899694694,1809.4638900730884,9.621605599086657e-06,56.093380890535514,0.2329841936727135,,,228.220760536037,0.0001287439985132307,98.1349270304959,,,,47.94760778820243,6.437179756782421e-05,3.0806034908730027,1039.4559535937883,0.0,0.0,0.0,105.60872488512891
88,1,89,0.1016,1.551570072198493e-05,8.940555657201844e-05,1036.125055306777,,,,0,3.9816245900808934e-14,1,2037.668996833313,2037.668996833313,5.618039971070991e-14,326.0270394933301,67.65061069486599,0.3334074146020583,,,304.6902578656716,2037.6689813176124,1956.1621660901865,81.50675692042448,2037.668923010611,5.830700117014033e-05,0.8318012821727431,0.04760950903007032,0.059412790560330414,0.15575504966387868,101.64597225142626,0.96,679.7931837441458,652.60145639438,27.19172734976581,0.7647376238227462,0.0628386290225168,0.08459768648052067,0.15575914563417273,101.56352055536236,0.96,679.2238971335553,652.0549412482131,27.168955885342232,0.7068483465150691,2.96500183716965e-06,0.03896780569236088,0.15576341756833725,101.48076505888295,0.96,678.65184213291,651.5057684475936,27.146073685316434,,,,599.9474589622148,1956.1621660901865,1809.4499475876062,146.71220405135762,1956.162151638964,1.4451222660587055e-05,0.7701427951105008,0.16262869453319612,0.16263818105208297,0.33156349161436705,149.98691898717144,0.924999978182573,489.04064666972266,452.36258749988485,36.67805916983781,0.7701427951104727,0.16262869453319612,0.16263818105208297,0.3315634688156765,149.9868922063706,0.9249999781825703,489.0405929764403,452.36253783359854,36.67805514284174,0.7701427109120065,0.07433681585888255,0.07434495070411708,0.3315634387081837,149.98685684018446,0.9249999781825669,489.0405220701635,452.36247224529234,36.678049824871174,0.7701425286225998,0.074318090212238,0.07432364344665277,0.3315633825970715,149.98679092848832,0.9249999781825605,489.0403899226377,452.3623500088308,36.67803991380691,0.7670160782510641,,,0.101,182.75444470634827,1809.4499475876062,1809.4499379659862,9.62162002922907e-06,56.0929483752158,0.23298392174893595,,,228.21900056032555,0.00017881151713505743,98.13417024094,,,,51.26737444453131,8.940546868703606e-05,3.0805708297555796,1036.125055306777,0.0,0.0,0.0,105.27030561916855
89,1,90,0.15246,1.5503382822900456e-05,2.1784747889222927e-05,561.276657531345,,,,0,3.980941775000191e-14,1,1271.3281283311173,1271.3281283311173,5.6179643524629605e-14,203.41250053297875,42.208093860593095,0.3334074146025738,,,191.04373087775306,1271.3281128277345,1220.4749325013408,50.85312218755583,1271.3280546888968,5.813883754723182e-05,0.8068740758332567,0.04614340101041403,0.07107060734990044,0.15652520088302788,95.55377574497332,0.96,635.905160997453,610.4689545575549,25.43620643989809,0.7062250717967287,0.05703012081487088,0.11554267284088846,0.15653885907801915,95.48920858516868,0.96,635.4200241102802,610.003223145869,25.416800964411188,7.352690413759431e-06,1.4227948808218073e-06,0.7068424166195362,0.27099904730102164,0.0007465476110782596,0.96,0.0028695811637653736,0.002754797917214757,0.00011478324655061695,,,,298.81113802324893,1220.4749325013408,1128.9392471421052,91.53567176176155,1220.4749189038664,1.359747429349878e-05,0.49872395528720975,0.06721805238286796,0.338636892206159,0.2647526435365279,74.77870101535176,0.9249999567329186,305.34857607854974,282.44741966111684,22.901156417432926,0.49872395528718155,0.06721805238286795,0.338636892206159,0.26470276588944164,74.72427553722022,0.9249999567107152,305.18383172128017,282.29503113099435,22.88880059028583,0.49242527123678653,0.042804918979760714,0.32052235865498063,0.2646636055022066,74.68154496670827,0.9249999566936076,305.0544444753839,282.17534792892263,22.879096546461273,0.4854118459368514,0.04234445006747399,0.3270751327532224,0.2646132658412124,74.62661650396869,0.9249999566712048,304.8880666286528,282.0214484210712,22.866618207581535,0.7701532530839359,,,0.101,114.02286396135263,1128.9392471421052,1128.9392375206169,9.621488145040745e-06,34.997116661405265,0.22984674691606408,,,142.3888326716627,4.356950435169994e-05,61.227198048814955,,,,42.60114068526185,2.178473814630286e-05,1.9752850277480292,561.276657531345,0.0,0.0,0.0,85.57223920722886
90,1,91,0.15246,1.5502456184802097e-05,3.440137740688151e-05,561.2766106980608,,,,0,3.980400029684153e-14,1,1239.1441908530805,1239.1441908530805,5.6179443669115694e-14,198.26307053649288,41.13958713632228,0.33340741460291357,,,186.81989309226404,1239.1441753506244,1189.5783525410818,49.56576468921179,1239.144117230294,5.812033057619768e-05,0.7935443056552439,0.054524682953854195,0.067854453131867,0.15703567827017378,93.45039817824397,0.96,619.8856580956545,595.0902317718283,24.7954263238262,0.6874598980134317,0.07627984769704149,0.09504502148033853,0.1570582382577717,93.36892884886281,0.96,619.2562832941329,594.4860319623675,24.770251331765326,5.219880238808798e-06,1.0614921717018824e-06,3.194302346680184e-06,0.2709992776220833,0.0005660651572659273,0.96,0.0021758405065010673,0.002088806886241024,8.703362026004332e-05,,,,288.69598543845166,1189.5783525410818,1100.3599159589992,89.21842251958022,1189.5783384785793,1.4062502459574668e-05,0.468338249870219,0.16263910502963622,0.19302481044662673,0.26236510276711056,72.1740528543797,0.9249999603778483,297.394758697391,275.09014001166645,22.304618685724602,0.4683382498701909,0.16263910502963624,0.1930248104466267,0.26236508307567236,72.17403137611772,0.9249999603778386,297.39469251628134,275.09007879413974,22.304613722141582,0.46833811926198654,0.08198121013428025,0.10606836210908023,0.26236504282450435,72.1739874725131,0.9249999603778153,297.3945572357871,275.089953659681,22.30460357610608,0.4683378234313603,0.08411518134125595,0.10118920384674698,0.2623649752217801,72.17391373544112,0.9249999603777787,297.39433002911994,275.089743493512,22.30458653560796,0.7701428425874959,,,0.101,111.13635151185893,1100.3599159589992,1100.3599063373783,9.621620961998218e-06,34.11115739472898,0.2298571574125042,,,138.78422639537166,6.880277468756835e-05,59.67721735000981,,,,25.37572254866588,3.440133411766651e-05,1.8733524424337569,561.2766106980608,0.0,0.0,0.0,85.57223206702636
91,1,92,0.15246,1.6581773543235775e-05,1.5335347386397583e-05,561.276671188363,,,,0,3.980277821543195e-14,1,1236.321865078373,1236.321865078373,5.617944610895846e-14,197.8114984125397,41.04588592060199,0.3334074145306884,,,186.45483735344544,1236.3218484965996,1186.868900748028,49.45287086450131,1236.3217716125296,7.688406994830933e-05,0.7909537949112201,0.06290806801617818,0.06549857876020199,0.15709006836941358,93.25527012254622,0.96,618.3771347607756,593.6420493703445,24.735085390431077,0.6860623148572005,0.09095902081666142,0.09235660397289264,0.15710590497006088,93.19926768086971,0.96,617.9434854431896,593.2257460254621,24.717739417727664,3.0066620191743595e-06,8.210302874288463e-07,3.034248507074096e-06,0.2709996177326736,0.00029955002950121467,0.96,0.0011514085641185934,0.0011053522215538486,4.605634256474546e-05,,,,287.8180363572576,1186.868900748028,1097.853657982965,89.01522756695361,1186.8688855499183,1.5198109542567675e-05,0.46837116039659965,0.30573066851267383,0.3056977579862929,0.26236968073911826,72.17904714047789,0.9249999485851242,297.4101520857108,275.1043753879765,22.305776697734295,0.46837116039657156,0.30573066851267383,0.3056977579862929,0.26236725928318344,72.1764059580004,0.9249999485841361,297.40201400128876,275.09684766001067,22.3051663412781,0.46779709745816667,0.11819580676172767,0.11873682856554756,0.2619935432034345,71.76878538928518,0.9249999483878851,296.1442464459529,273.9334126778756,22.210833768077308,0.46688182905178266,0.1177124096475215,0.11916840402709919,0.26192479162866783,71.69379786949412,0.9249999483509724,295.912473016966,273.71902225710204,22.193450759863897,0.5316302264576901,,,0.101,110.88321945627945,1097.853657982965,1097.8536483613564,9.621608531161588e-06,34.03346339747191,0.46836977354231,,,138.46813983294658,3.067069545579384e-05,59.54130012816703,,,,23.87946798466236,1.533533763952636e-05,1.8714212473031204,561.2766711883629,0.0,0.0,0.0,85.57224128937783
92,1,93,0.15246,1.6894093022562643e-05,2.1513105058235968e-05,561.2766581994006,,,,0,3.98091540853656e-14,1,1246.9757909679975,1246.9757909679975,5.6179420034614154e-14,199.51612655487958,41.399596260137514,0.33340741450993316,,,187.83695596669241,1246.9757740739044,1197.096662378295,49.879027599095686,1246.9756899773906,8.409651389942767e-05,0.7921791163854868,0.06556805717477204,0.0643427357005053,0.15690146518332657,93.95191096155659,0.96,623.7454430647858,598.7956253421944,24.949817722591508,0.6890271394420253,0.09350020174465881,0.09053537715983391,0.15691903708155502,93.88451671805178,0.96,623.2282162837677,598.299087632417,24.92912865135069,4.00087974401755e-06,1.660045195930211e-06,6.6582747112558e-07,0.27099932583221165,0.000528287084035986,0.96,0.0020306288370839846,0.0019494036836006244,8.122515348336075e-05,,,,290.4259508125334,1197.096662378295,1105.4848017599954,91.6118470593436,1197.096648819339,1.3558955803205173e-05,0.531661987173001,0.22593102519690642,0.16264019842050517,0.26467648923988835,74.89890065154185,0.9220455913402518,306.9076276875693,282.98282505801865,23.924802629550662,0.5316619871729729,0.22593102519690644,0.16264019842050514,0.26460128988752996,74.82078125594285,0.9219909912227484,306.69281667561614,282.76801404764797,23.924802627968162,0.477503461191296,0.12129246164951846,0.1115860979163891,0.2607362386146061,70.39747890018675,0.9249999546597726,291.88649314568255,269.9949929255564,21.89150022012614,0.4659927437738267,0.11554747400639116,0.11643655928434711,0.26065492159163633,70.30879000486192,0.9249999546194355,291.609711310471,269.7389697287724,21.870741581698645,0.4683383062904197,,,0.101,111.65396497775954,1105.4848017599954,1105.4847921384655,9.621529940542954e-06,34.27002885455986,0.5316616937095803,,,141.49091473301812,4.302621974300947e-05,60.84109333519778,,,,28.640278096909523,2.1513090475491613e-05,2.0068201793110965,561.2766581994007,0.0,0.0,0.0,85.57223930908062
93,1,94,0.15246,1.6894443545751734e-05,1.205245902914839e-05,561.2766767211314,,,,0,3.980697764854929e-14,1,1245.467650443857,1245.467650443857,5.617942289729422e-14,199.27482407101712,41.349525994736055,0.33340741450992817,,,187.64046469849882,1245.4676335494134,1195.6488474672376,49.818701977801666,1245.4675494450391,8.410437432742682e-05,0.7944370180644199,0.06545238836711346,0.06319448668818038,0.15692532288123204,93.86054113545067,0.96,623.044102895312,598.1223387794995,24.92176411581254,0.6908465796509349,0.09174740098698396,0.08992796077807447,0.1569466719175167,93.77962265071679,0.96,622.4222899047483,597.5253983085582,24.89689159618997,3.045102950502374e-06,6.936382701224622e-07,1.6494150636550048e-06,0.2709996159941867,0.0003009123313443076,0.96,0.0011566449789988246,0.0011103791798388698,4.6265799159955806e-05,,,,287.9237349313407,1195.6488474672376,1099.318033776844,96.33079884316965,1195.6488326200133,1.484722420099896e-05,0.5853007563010448,0.3056965675342219,0.2520577984061783,0.2633194635256102,73.87924341290176,0.9141807927625915,306.9074178071897,280.5688665156966,26.3385512914931,0.5853007563010169,0.30569656753422214,0.2520577984061783,0.2632444247578641,73.80164227320144,0.9141206842397356,306.6926075633838,280.3540562771091,26.338551286274665,0.4770530294333309,0.10730428443996957,0.10775471619793468,0.26051389129578845,70.15497554448503,0.924999938646428,291.1292808922782,269.294566963536,21.834713928742165,0.465254028224121,0.10672185772876223,0.10746057327846799,0.26045236718441045,70.08787370075241,0.9249999386088903,290.91952635716177,269.10054402050207,21.818982336659708,0.46837240726887164,,,0.101,111.03112141146124,1099.318033776844,1099.3180241552682,9.621575802572457e-06,34.078859047082155,0.5316275927311284,,,146.1495421842149,2.4104918285564557e-05,62.844303139212414,,,,25.31868047754668,1.2052453321256024e-05,2.1129085702595134,561.2766767211316,0.0,0.0,0.0,85.5722421329037
94,1,95,0.1016,1.6164152017860224e-05,8.956858065395754e-05,867.0807117229946,,,,0,3.9810734239848914e-14,1,1745.3422459519206,1745.3422459519206,5.61803538304229e-14,279.2547593523073,57.94536256560377,0.33340741455902734,,,266.70633208098485,1745.3422297877687,1675.5284746903076,69.81368644542958,1745.342161135737,6.86520317180967e-05,0.8014039988865818,0.06631142558948852,0.059344444767326705,0.15692504338735142,93.8616057238441,0.96,623.052279303804,598.1301881316517,24.922091172152225,0.7077411818447304,0.09647198972920559,0.07957738753541002,0.15694639231795413,93.78067735212996,0.96,622.4303988920692,597.5331829363864,24.897215955682753,0.5629370174244954,0.562934661674237,6.893526921565088e-07,0.16476307280565852,79.06404900501082,0.96,499.8594829398638,479.86510362226926,19.994379317594593,,,,470.2369375577906,1675.5284746903076,1549.863770700568,125.66468878485465,1675.5284594854224,1.5204885162440256e-05,0.6596582822463375,0.07435790938044363,3.834351509780483e-07,0.30340560308240055,117.55953652335977,0.9249999675783865,418.88282220072176,387.4665969548107,31.416225245911036,0.6596582822463094,0.07435790938044358,3.834351510004972e-07,0.30340546952616043,117.55938563851795,0.9249999675783529,418.8824689627449,387.46627020967946,31.41619875306544,0.6596577326624772,0.2430021263629288,0.06039742313378251,0.3034052949706243,117.5591884348589,0.9249999675783092,418.88200728691146,387.46584315953015,31.41616412738132,0.6596565521576123,0.2537195055870363,0.05931698165354496,0.3034049750106697,117.55882696105401,0.9249999675782303,418.8811610350443,387.46506037654746,31.416100658496845,0.619945523085335,,,0.101,156.5362408407574,1549.863770700568,1549.8637587270603,1.1973507603918605e-05,48.0457768917176,0.3800544769146656,,,195.47841857282907,0.00017913668171131962,84.05571998631649,,,,26.39906746180061,8.956819939112036e-05,2.6386308493127366,867.0807117229946,0.0,0.0,0.0,88.09540031105625
95,1,96,0.1016,1.5983816605097083e-05,8.954162550950662e-05,934.9456002482283,,,,0,3.9811271233254155e-14,1,1857.1515334403919,1857.1515334403919,5.6180361709305764e-14,297.1442453504627,61.65743091022101,0.3334074145709809,,,280.03583296292317,1857.1515174565752,1782.8653938644102,74.28605807768378,1857.1514519420937,6.551448161529373e-05,0.8113216369262101,0.0661660764371965,0.05624843839756818,0.15692371774574138,93.86665693415519,0.96,623.0910728113853,598.1674298989299,24.923642912455453,0.7337435047391938,0.09916470070960533,0.07316237781514193,0.15694509175711496,93.7855850579042,0.96,622.4681299357766,597.5694047383455,24.898725197431077,0.6699974757959117,0.10706163624486732,1.1778734510396514e-06,0.15734814721408327,92.38359097086379,0.96,611.592249194932,587.1285592271347,24.46368996779725,,,,517.4866532040277,1782.8653938644102,1649.1504300538809,133.71494949830515,1782.865379552186,1.431222428197518e-05,0.7019161045090132,0.26598186585999345,0.2237240435973176,0.3137899590304338,129.37179713167566,0.9249999741809759,445.71664001149605,412.2878805026652,33.428759508830886,0.7019161045089851,0.2659818658599934,0.22372404359731757,0.31378989776712335,129.37172695626253,0.9249999741809619,445.7164852607059,412.287737358182,33.42874790252383,0.7019158712431695,0.1209173947380982,0.07865925615740592,0.3137898218600198,129.37164000680065,0.9249999741809447,445.71629351971654,412.2875599977642,33.42873352195234,0.7019153850345221,0.120754284961921,0.07849545208501126,0.31378969012608543,129.3714891092888,0.9249999741809155,445.71596076026736,412.2872521952693,33.428708564998075,0.6596602247595624,,,0.101,166.56419343544195,1649.1504300538809,1649.1504197337367,1.0320143933379417e-05,51.1236633316703,0.3403397752404371,,,208.0010481921738,0.0001790829136945173,89.44045072263474,,,,29.141347978703738,8.954129626375606e-05,2.8076634652956898,934.9456002482284,0.0,0.0,0.0,94.99047298522
96,1,97,0.1016,1.598400928812409e-05,8.957731696269566e-05,932.5144889630574,,,,0,3.9812247994678996e-14,1,1857.1509710866071,1857.1509710866071,5.6180383432028075e-14,297.1441553738572,61.65741224007536,0.3334074145709029,,,280.0357601961375,1857.150955102598,1782.864854000242,74.28603558334345,1857.1508895835855,6.551901236093178e-05,0.8180829793786506,0.06179163026169916,0.055030287809258574,0.1569237243195135,93.86663187794376,0.96,623.0908803849112,598.1672451695148,24.92363521539645,0.7405516484400385,0.08325414541235963,0.0764460017115149,0.15694509840248613,93.7855599740721,0.96,622.4679370943063,597.569219610534,24.898717483772263,0.6709739162030957,0.10416517010012696,0.10318872969294307,0.15734815423730875,92.38356834412161,0.96,611.5920721043681,587.1283892201933,24.46368288417473,,,,517.4864042620376,1782.864854000242,1649.1499222423686,133.7149159965042,1782.8648382388728,1.5761369319497002e-05,0.7019156198710128,0.07435814847958813,0.07435863311758806,0.31378985405104903,129.37167687699636,0.924999970200462,445.7163767392983,412.2876352017088,33.42874153758952,0.7019156198709848,0.07435814847958785,0.07435863311758793,0.3137898219081869,129.3716400582488,0.9249999702004513,445.71629554657227,412.28756009843494,33.428735448137346,0.7019154911948399,0.0859732386486219,0.08597361869695147,0.3137897786680664,129.37159052790574,0.9249999702004364,445.7161863222052,412.28745906589205,33.428727256313174,0.7019152098722646,0.08599738611094951,0.08599756127320693,0.31378969684237795,129.37149679888674,0.9249999702004079,445.71597963079694,412.2872678763328,33.42871175446416,0.6596599856604188,,,0.101,166.56414214647924,1649.1499222423686,1649.1499105172843,1.1725084301964915e-05,51.123647589513425,0.3403400143395816,,,208.0009950503106,0.00017915410864622767,89.44042787163355,,,,31.57208637302253,8.957697746622329e-05,2.807661940809102,932.5144889630576,0.0,0.0,0.0,94.74347207864662
97,1,98,0.1016,1.5796283370597843e-05,8.92869095478966e-05,1018.2788982414136,,,,0,3.981069925518813e-14,1,1976.1151858078915,1976.1151858078915,5.6180365631264833e-14,316.1784297292627,65.607024168822,0.3334074145834097,,,295.9624517989972,1976.1151700116081,1897.0705032342566,79.04460430142751,1976.1151075356843,6.247592380542022e-05,0.827587890384608,0.061125106927939495,0.051620195921982144,0.15599908678876845,98.74503230443156,0.96,659.3590434906004,632.9846817509763,26.374361739624057,0.7582485737230116,0.08614924489233404,0.06845231960936096,0.15601018243524395,98.65420261826246,0.96,658.7056869616736,632.3574594832066,26.348227478466978,0.7007542472155717,0.10699113814300414,0.07721080713052812,0.15602151621663576,98.56321687630323,0.96,658.0503770834104,631.7283620000738,26.32201508333648,,,,570.9439205522093,1897.0705032342566,1754.7901588287323,142.2803303460379,1897.0704891747703,1.405948644604007e-05,0.7468785753687863,0.22372560689942003,0.17876265140164493,0.3253631625102287,142.73608301788096,0.9249999769866669,474.2678353223292,438.6977367586708,35.570098563658355,0.7468785753687581,0.223725606899419,0.1787626514016446,0.32536311688873587,142.73602990402355,0.9249999769866628,474.26772534188393,438.6976350267596,35.57009031512433,0.7468784080080894,0.10952407928527101,0.06456116247202162,0.3253630592955965,142.73596285243485,0.9249999769866577,474.2675865011752,438.6975065991047,35.570079902070454,0.7468780559772423,0.10951935406942653,0.06455650796444881,0.32536295787688624,142.73584477786991,0.9249999769866484,474.26734200938205,438.69728044419725,35.57006156518477,0.7019162446209907,,,0.101,177.233806041702,1754.7901588287323,1754.790149002692,9.826040390992722e-06,54.3984949236907,0.2980837553790082,,,221.3249743292757,0.0001785748263084429,95.16973896158855,,,,25.86154801323079,8.928676920915449e-05,2.987513614722876,1018.2788982414137,0.0,0.0,0.0,103.45713606132762
98,1,99,0.1016,1.5796339391631128e-05,8.929762521406949e-05,1016.2686671636886,,,,0,3.9811319166282986e-14,1,1976.114025207992,1976.114025207992,5.6180371314740206e-14,316.17824403327876,65.60698563690534,0.3334074145833857,,,295.962290554389,1976.1140094116527,1897.0693890571374,79.04455787738078,1976.1139469345183,6.247713429406041e-05,0.8320862963077493,0.05663669278858378,0.05213828686544241,0.15599909329841052,98.74497848774786,0.96,659.3586566214486,632.9843103565908,26.374346264857945,0.7631133625871743,0.07676916314082231,0.07190437427665962,0.15601018906567915,98.65414887000281,0.96,658.7053000941479,632.3570880903819,26.34821200376591,0.7043692701042665,0.09150651727324374,0.08789149438454893,0.15602152296819952,98.56316319663837,0.96,658.049990218922,631.7279906101651,26.32199960875693,,,,570.9433800340169,1897.0693890571374,1754.7891234055348,142.28025002772904,1897.0693734332638,1.562387358444972e-05,0.7468778867331525,0.07435870203945037,0.07435939067508326,0.3253629959419352,142.7358890644511,0.9249999752142831,474.2674345830432,438.6973652342566,35.570069348786596,0.7468778867331243,0.07435870203944979,0.0743593906750831,0.3253629773123419,142.7358673753463,0.9249999752142806,474.267389672366,438.6973236918801,35.570065980485914,0.7468778161870386,0.07839337240041731,0.07839396422146801,0.32536295261093123,142.73583861725908,0.9249999752142771,474.2673301242504,438.69726860987305,35.57006151437739,0.7468776632533891,0.07839435959375075,0.07839475231760405,0.3253629065372444,142.7357849769603,0.9249999752142709,474.2672190536042,438.6971658695251,35.57005318407912,0.7019156910611282,,,0.101,177.23370146395905,1754.7891234055348,1754.7891129032905,1.0502244297400445e-05,54.39846282557158,0.29808430893887045,,,221.32484982756714,0.000178596200856029,95.16968542585387,,,,27.87097278250232,8.929749768128614e-05,2.9875112529067045,1016.2686671636886,0.0,0.0,0.0,103.25289658383076
99,1,100,0.1016,1.5601400422684046e-05,4.561535136791359e-05,1039.456090200492,,,,0,3.981156100736022e-14,1,2010.6502061476767,2010.6502061476767,5.618037415226307e-14,321.7040329836283,66.75358684410287,0.3334074145963633,,,300.81502090841724,2010.6501905462762,1930.2241257704077,80.42600524043375,2010.6501310108415,5.9535434852914926e-05,0.835436202846053,0.054625135598255777,0.0512752290599521,0.15583855915936054,100.34586028265531,0.96,670.7386051198233,643.9090609150304,26.82954420479291,0.768604208373548,0.07510098696785347,0.06961014118147972,0.15584456351875892,100.27169079419141,0.96,670.2170133643675,643.4083328297928,26.808680534574737,0.7127162309579935,0.09124274982272287,0.08289578896899588,0.1558507087270369,100.19746983157053,0.96,669.6945125266507,642.9067320255846,26.787780501066095,,,,587.101196608976,1930.2241257704077,1785.4572574426084,144.76685421594073,1930.2241116585492,1.4111858293462733e-05,0.7599311855961368,0.17876262400564452,0.16570932514266012,0.3288240908174664,146.77540581231756,0.9249999762506672,482.5562448031811,446.36451498255366,36.19172982062742,0.7599311855961087,0.17876262400564455,0.1657093251426601,0.3288240450131286,146.77535222006063,0.9249999762506633,482.55613582572886,446.3644141784111,36.19172164731778,0.7599310167272213,0.08219999176024612,0.06914679122006342,0.32882398553401154,146.77528262796417,0.9249999762506583,482.5559943132812,446.3642832793979,36.191711033883266,0.7599306553816074,0.08219977211779146,0.06914677998957316,0.3288238772634456,146.77515594863357,0.9249999762506493,482.55573671635807,446.3640450022458,36.19169171411226,0.7468786739549051,,,0.101,180.3311830017035,1785.4572574426084,1785.457247820976,9.621632630060437e-06,55.34917498072086,0.2531213260450949,,,225.19289879126586,9.123075612796846e-05,96.83294648024433,,,,28.791447164712075,4.561528792291489e-05,3.0397240433010744,1039.4560902004923,0.0,0.0,0.0,105.60873876436999
100,1,101,0.1016,1.5601365195342403e-05,8.944919573270803e-05,1033.7816227037647,,,,0,3.981315646930622e-14,1,2010.6565449543646,2010.6565449543646,5.618038238000999e-14,321.7050471926983,66.7537972924849,0.3334074145963749,,,300.8159218072043,2010.6565293529995,1930.2302110255728,80.42625879273217,2010.6564698183047,5.9534694683050955e-05,0.8372086356482467,0.053021006282462986,0.051248573480269385,0.1558385350801545,100.3461611514463,0.96,670.7407198460915,643.9110910522478,26.829628793843625,0.7704515769945183,0.0722838129610991,0.07043644434012887,0.15584453893313505,100.2719910935864,0.96,670.2191263006014,643.4103612485773,26.80876505202408,0.7139792867415656,0.08668572937661001,0.0854226735930378,0.1558506836349851,100.19776956217159,0.96,669.6966236716121,642.9087587247476,26.78786494686447,,,,587.1041904463171,1930.2302110255728,1785.4628888465345,144.76730738034777,1930.2301962268823,1.4798690373781925e-05,0.759933325501145,0.0743594496479586,0.07435730974295036,0.32882467680187133,146.7760914649959,0.9249999778972875,482.55763823041053,446.365804697297,36.191833533113545,0.7599333255011169,0.0743594496479586,0.07435730974295036,0.32882465813055356,146.7760696190532,0.9249999778972853,482.5575938078036,446.3657636063855,36.191830201418114,0.7599332562746632,0.07412527488830611,0.07412303534086422,0.3288246336635553,146.77604099201034,0.9249999778972825,482.5575355961706,446.3657097606249,36.19182583554571,0.7599331073435835,0.07412548870592156,0.07412303674394545,0.3288245886887256,146.77598837025764,0.9249999778972772,482.5574285924976,446.3656107822272,36.19181781027041,0.7468779263463968,,,0.101,180.33175177349997,1785.4628888465345,1785.4628792248966,9.621637915683032e-06,55.34934955424257,0.2531220736536031,,,225.19360619477345,0.00017889855559658548,96.8332506637526,,,,34.47050967100783,8.944899217157911e-05,3.039733014620509,1033.7816227037647,0.0,0.0,0.0,105.0322128667025
101,1,102,0.1016,1.5545665356618686e-05,8.940953888821916e-05,1038.8527759279737,,,,0,3.9815477428768723e-14,1,2031.9789819539567,2031.9789819539567,5.6180400413080984e-14,325.11663711263304,67.46170220087136,0.33340741460009493,,,303.868223127824,2031.9789664082912,1950.6997513694394,81.2791563070601,2031.9789076764991,5.873179198388773e-05,0.8390905449457544,0.05249928915611625,0.050617379858608536,0.1557696662693062,101.36497650611553,0.96,677.8503140099244,650.7363014495273,27.114012560397022,0.7738016980763139,0.072237555899689,0.06888743481789336,0.1557739142603205,101.28943675219378,0.96,677.3266913860804,650.2336237306371,27.093067655443246,0.719179153220188,0.08769430866495272,0.0824944421863304,0.15577830321126407,101.21380986951472,0.96,676.8019022804946,649.7298261892747,27.07207609121984,,,,597.2269959893596,1950.6997513694394,1804.397214576472,146.30252299337522,1950.6997375698472,1.379959226028431e-05,0.767992445986917,0.16570926796103444,0.15765014747526246,0.33098430423439434,149.3068534863328,0.9249999781229156,487.67514450796955,451.0994980009615,36.575646507008045,0.7679924459868889,0.1657092679610344,0.15765014747526246,0.33098425846099344,149.30679976301255,0.9249999781229119,487.6750364764995,451.0993980718523,36.57563840464718,0.7679922811561255,0.07676618758776944,0.06870716270630715,0.33098420040533805,149.30673162426183,0.9249999781229074,487.67489945720587,451.09927132900646,36.57562812819942,0.7679919335898354,0.07676614232069033,0.06870731607443845,0.3309840977295292,149.3066111157524,0.9249999781228991,487.67465712817216,451.0990471746516,36.57560995352057,0.7599312823910069,,,0.101,182.24411867222366,1804.397214576472,1804.3972049548368,9.62163507966172e-06,55.93631365187063,0.24006871760899304,,,227.58171826732806,0.00017881958306614705,97.86013885495107,,,,44.4868300905557,8.940944429869324e-05,3.071969106719767,1038.8527759279737,0.0,0.0,0.0,105.54744203428211
102,1,103,0.1016,1.5545886514568302e-05,4.7865887496089514e-05,1039.4560803313036,,,,0,3.981536718437612e-14,1,2031.9773836985541,2031.9773836985541,5.618039707931358e-14,325.1163813917687,67.461649138792,0.3334074146000126,,,303.86799268035327,2031.9773681526679,1950.6982170397532,81.2790923766565,2031.9773094164098,5.8736257993600626e-05,0.8398197305411489,0.051593503478485105,0.05086431788309062,0.15576967052866603,101.36489953751031,0.96,677.8497807685137,650.7357895377731,27.1139912307406,0.7745595183298836,0.07054318349642542,0.06978536324285572,0.15577391864911969,101.28935993653029,0.96,677.3261586334368,650.2331122880993,27.093046345337452,0.7196902194487147,0.08493112992853737,0.08442006370001069,0.15577830772957302,101.21373320631267,0.96,676.8013700144592,649.7293152138808,27.072054800578442,,,,597.2262308977328,1950.6982170397532,1804.3957912848848,146.30241068685942,1950.6982019717443,1.5068008817129988e-05,0.7679915969972354,0.07435736721680655,0.07435821620648811,0.33098409051821454,149.30660261602233,0.924999976655041,487.6746407649058,451.09903132279334,36.57560944211245,0.7679915969972073,0.07435736721680655,0.07435821620648811,0.3309840716553163,149.30658047702423,0.9249999766550387,487.67459624585985,451.09899014267575,36.57560610318406,0.7679915271463367,0.0721822317134587,0.07218298572324756,0.33098404669103165,149.30655117695477,0.9249999766550357,487.6745373266951,451.0989356424483,36.57560168424679,0.7679913758831579,0.0721824028352323,0.07218296054190983,0.33098400021392654,149.3064966277314,0.9249999766550301,487.67442763428363,451.0988341769675,36.57559345731611,0.759933364822159,,,0.101,182.2439749197734,1804.3957912848848,1804.3957816632806,9.621604442376186e-06,55.936269529831435,0.240066635177841,,,227.58154329901572,9.573172912132868e-05,97.86006361857676,,,,43.88226176417243,4.7865827568682693e-05,3.071966097023937,1039.4560803313036,0.0,0.0,0.0,105.60873776166044
103,1,104,0.1016,1.5511614128485527e-05,4.8842816017136645e-05,1039.4560756879011,,,,0,3.981568816987158e-14,1,2033.7992416879601,2033.7992416879601,5.618039876582272e-14,325.4078786700736,67.52213482404028,0.33340741460231493,,,304.13084735750533,2033.7992261763459,1952.447201209657,81.35196671706909,2033.799167926726,5.824961976251862e-05,0.8400640714886288,0.05111851005384196,0.05087416910636198,0.1557648033641129,101.45457177365522,0.96,678.4706385210627,651.3318129802201,27.13882554084258,0.7748557596927439,0.0699667982484023,0.06967055688554201,0.15576900140909614,101.37702213770648,0.96,677.9337594226305,650.8164090457253,27.11735037690519,0.7200978017288377,0.08443659712926645,0.08402901484914338,0.15577335454731864,101.29925344614364,0.96,677.3947699830327,650.2989791837114,27.09579079932133,,,,598.0964026630348,1952.447201209657,1806.0136027320798,146.4335844484426,1952.4471871805222,1.4029134642151916e-05,0.768680425339729,0.1576500901514194,0.1569612618089259,0.33116946995132773,149.5242078447015,0.9249999767420658,488.1120121149013,451.50359985380663,36.608412261094685,0.7686804253397008,0.15765009015141943,0.1569612618089259,0.33116942394808263,149.52415383715362,0.9249999767420619,488.1119036151428,451.50349949153065,36.60840412361212,0.7686802575232642,0.0718052536022683,0.07111652322534075,0.3311693643967021,149.52408392417752,0.9249999767420569,488.1117631617552,451.50336957214796,36.60839358960727,0.7686798990650453,0.07180521776341979,0.07111669458153237,0.331169256332123,149.52395705700224,0.9249999767420475,488.1115082887228,451.50313381459426,36.6083744741285,0.7679925426317741,,,0.101,182.40737387594004,1806.0136027320798,1806.0135931104667,9.621612912242833e-06,55.98642168469447,0.23200745736822598,,,227.7855903278734,9.768581203291007e-05,97.94780384098556,,,,45.17869473720712,4.88427928914531e-05,3.074721007267739,1039.4560756879014,0.0,0.0,0.0,105.60873728989075
104,1,105,0.1016,1.551211633469487e-05,8.953833899537749e-05,1039.0555270297173,,,,0,3.981575517299098e-14,1,2033.804100687919,2033.804100687919,5.6180401315192206e-14,325.40865611006706,67.52229614283891,0.33340741460211143,,,304.1315488305038,2033.8040851758024,1952.4518658396416,81.3521610766519,2033.8040269162932,5.8259509295530925e-05,0.8401820472967888,0.05098076820594036,0.050862792397780375,0.15576479089784495,101.45480604368052,0.96,678.4722594860552,651.333369106613,27.138890379442273,0.7749747795696874,0.06981851419436105,0.06969949431741759,0.15576898853707397,101.37725596409493,0.96,677.9353791001761,650.817963936169,27.117415164007078,0.7201795797712615,0.08424781002505137,0.08416603198262766,0.15577334126892398,101.29948682272834,0.96,677.3963883300621,650.3005327968596,27.09585553320255,,,,598.098725588199,1952.4518658396416,1806.0179195835015,146.43393150180898,1952.4518510853102,1.4754331518042318e-05,0.7686820085113408,0.0743582735551509,0.07435669038353901,0.3311699111177234,149.5247258064458,0.9249999781452216,488.1130519884509,451.50456242171447,36.60848956673638,0.7686820085113127,0.0743582735551509,0.07435669038353901,0.33116989229639626,149.5247037103001,0.9249999781452195,488.1130075979728,451.50452136052223,36.608486237450585,0.7686819392802468,0.07149776459973875,0.07149608284275623,0.3311698676008208,149.52467471781708,0.9249999781452167,488.11294935295905,451.5044674838844,36.6084818690746,0.7686817902270012,0.07149793833794356,0.07149604717598756,0.33116982214561713,149.524621353636,0.9249999781452117,488.11284214592763,451.5043683173802,36.608473828547396,0.7679916362934298,,,0.101,182.40780987793366,1806.0179195835015,1806.0179099619552,9.621546205585052e-06,55.986555507088546,0.2320083637065703,,,227.786132466455,0.00017907659162504896,97.94803696057565,,,,45.582825881849764,8.953815023677478e-05,3.0747277465299017,1039.0555270297175,0.0,0.0,0.0,105.56804154621928
105,1,106,0.1016,1.5508309497479736e-05,7.38659768873906e-05,1039.4557576554803,,,,0,3.981588896045582e-14,1,2035.6012960879386,2035.6012960879386,5.618040098729661e-14,325.6962073740702,67.58196303011955,0.3334074146026632,,,304.3911785256751,2035.601280579629,1954.1771734836466,81.42404889515201,2035.6012223787989,5.820083024646264e-05,0.8403332085236225,0.05095797976468602,0.05080681853785235,0.1557599111137067,101.54845904014594,0.96,679.1198330632385,651.9550397407089,27.164793322529558,0.7752447189848988,0.0698396651712889,0.06956972575607746,0.15576431892640663,101.4636934828265,0.96,678.5337496187419,651.3923996339922,27.14134998474965,0.7205868872972963,0.08434261127991523,0.08393530375388045,0.15576889113940265,101.37902600270267,0.96,677.9476396968183,650.8297341089456,27.117905587872812,,,,598.9579313328368,1954.1771734836466,1807.613829329558,146.5633303125583,1954.177159642116,1.384153053735759e-05,0.7693615067563574,0.156961204608265,0.1562817063632484,0.33135290357201835,149.7395864855664,0.9249999778221821,488.54449794950807,451.90364976844404,36.64084818106402,0.7693615067563293,0.156961204608265,0.1562817063632484,0.33135285798307534,149.739532950199,0.9249999778221784,488.5443904995632,451.90355037724555,36.64084012231759,0.7693613432430502,0.07171551819299593,0.07103611423019252,0.3313528005069838,149.73946545568722,0.9249999778221736,488.5442550324162,451.90342507013526,36.640829962280904,0.7693609993046403,0.07171548969929424,0.07103628062165517,0.3313526991583321,149.73934644138416,0.924999977822165,488.54401616062887,451.9032041137331,36.64081204689577,0.7686805218365842,,,0.101,182.56899676228537,1807.613829329558,1807.613819707892,9.621666008849612e-06,56.036028709216296,0.23131947816341586,,,227.98741817921643,0.00014773271853998945,98.03458981706306,,,,46.462570564012424,7.386598757139039e-05,3.077445356060377,1039.4557576554803,0.0,0.0,0.0,105.60870497779679
106,1,107,0.1016,1.550841455451683e-05,8.93917080574254e-05,1037.1217714622594,,,,0,3.981618548122406e-14,1,2035.6010533325086,2035.6010533325086,5.618040490521988e-14,325.6961685332014,67.58195497063929,0.3334074146026254,,,304.3911434366712,2035.6010378240942,1954.1769404363115,81.4240391848464,2035.600979621158,5.82029361407889e-05,0.8403634661553694,0.050884459263708735,0.05085420163196181,0.15575991170939668,101.54844736016766,0.96,679.1197523544811,651.9549622603018,27.164790094179246,0.7752978992963653,0.06970570227649318,0.06965252196502664,0.1557643195462769,101.46368178727973,0.96,678.5336687050633,651.3923219568607,27.141346748202533,0.7206351575552055,0.08412214485840187,0.08407387460049266,0.15576889178370085,101.37901428922383,0.96,677.9475585616137,650.8296562191491,27.117902342464607,,,,598.9578151144154,1954.1769404363115,1807.6136136033003,146.56331210669123,1954.1769257099916,1.4726320025733836e-05,0.7693611762682633,0.07435674760857237,0.07435707809666652,0.3313528297307473,149.739499781779,0.9249999781604047,488.5443237597455,451.9034888081543,36.64083495159122,0.7693611762682352,0.07435674760857236,0.07435707809666653,0.33135281070804945,149.73947744331343,0.9249999781604026,488.5442789245693,451.9034473356162,36.64083158895312,0.7693611051927671,0.07129547992922755,0.07129571797951062,0.3313527851321752,149.73944740941542,0.9249999781603997,488.5442186440072,451.90339157609617,36.640827067911,0.7693609497468129,0.0712956409205925,0.07129569047841995,0.3313527366528864,149.7393904799075,0.9249999781603943,488.5441043816698,451.9032858834339,36.64081849823587,0.7686820477831625,,,0.101,182.56897497393334,1807.6136136033003,1807.613603981649,9.621651430674572e-06,56.036022021702315,0.23131795221683735,,,227.98739114792366,0.00017878390495391526,98.03457819360717,,,,48.79643023837355,8.939162644563693e-05,3.077444407476079,1037.1217714622594,0.0,0.0,0.0,105.37157198056555
107,1,108,0.1016,1.5505420069752357e-05,8.936665798075195e-05,1036.5196184366966,,,,0,3.9816206476624826e-14,1,2035.6024864817762,2035.6024864817762,5.61804038446317e-14,325.6963978370842,67.58200255119498,0.3334074146028572,,,304.3913505960504,2035.6024709763562,1954.1783163035952,81.4240965126499,2035.6024128162453,5.816011090761854e-05,0.8401941805860121,0.05081950962348299,0.05098879519284027,0.15575990818271732,101.54851651033556,0.96,679.1202301825908,651.9554209752872,27.164809207303605,0.775095597757699,0.06964300895331553,0.0698453104919819,0.15576431588644157,101.46375084092382,0.96,678.534146440932,651.3927805832947,27.14136585763732,0.7204804875623116,0.08413127043747684,0.08428594043037063,0.1557688879908546,101.37908324479102,0.96,677.9480361927225,650.8301147450135,27.11792144770896,,,,598.9585010908781,1954.1783163035952,1807.6148871542773,146.563415368853,1954.1783025231302,1.3780465197080642e-05,0.7693619589969264,0.15628164913847356,0.15628086640981045,0.33135302556312823,149.73972974891137,0.9249999781598209,488.5447853231362,451.90391575399536,36.64086956914081,0.7693619589968983,0.15628164913847356,0.15628086640981045,0.3313529798086241,149.73967601911528,0.9249999781598172,488.5446774830245,451.90381600189255,36.640861481131886,0.7693617944741504,0.07148582453358807,0.07148513525220469,0.3313529218046337,149.73960790467675,0.9249999781598125,488.5445407717175,451.9036895439343,36.64085122778317,0.7693614475851929,0.07148580461129624,0.07148530677291631,0.3313528192023238,149.7394874181747,0.9249999781598041,488.544298945252,451.9034658544549,36.64083309079711,0.7693616032529541,,,0.101,182.56910360258203,1807.6148871542773,1807.6148775326103,9.62166695643747e-06,56.0360615017826,0.23063839674704592,,,227.98755078905518,0.00017873392909633138,98.03464683929373,,,,49.39960495340094,8.936659906274022e-05,3.077447160053168,1036.5196184366966,0.0,0.0,0.0,105.31039323316837
108,1,109,0.1016,1.5505397809409913e-05,3.662722152687475e-05,1039.4561212553065,,,,0,3.981485063296932e-14,1,2029.0826465930381,2029.0826465930381,5.6180392317613695e-14,324.65322345488613,67.36554386688887,0.333407414602865,,,303.45099012499765,2029.0826310876403,1947.9192700108656,81.16330291711958,2029.0825729279852,5.8159655188823703e-05,0.8398820195843946,0.05074978043697519,0.05106194143859271,0.1557786129111212,101.20856062097131,0.96,676.7654558609312,649.6948376264938,27.07061823443732,0.7743215543220651,0.06937434963734157,0.07014839307297552,0.15578209217831407,101.15033741445735,0.96,676.3610202777463,649.3065794666364,27.054440811109913,0.7191749080772118,0.08346203805091897,0.08476761753601873,0.1557856539699558,101.09209208956895,0.96,675.9560967893075,648.9178529177352,27.03824387157235,,,,595.845324749809,1947.9192700108656,1801.8252629868514,146.09399175330338,1947.9192547401547,1.5270711013073394e-05,0.7668975211257555,0.07435713523276047,0.07682157310393138,0.33068988690460216,148.96137526032297,0.9249999755391387,486.97990244486516,450.4563978495524,36.523504595312744,0.7668975211257274,0.07435713523276047,0.0768215731039314,0.3306898681433357,148.9613532499734,0.9249999755391364,486.9798581174926,450.4563568467328,36.52350127075983,0.7668974521616964,0.07023395400921467,0.07269829632166881,0.33068984362325,148.96132448349087,0.9249999755391334,486.979800183713,450.4563032579865,36.52349692572645,0.7668973040285071,0.07023408605074118,0.07269822960742688,0.33068979867920345,148.9612717560218,0.9249999755391278,486.97969399408413,450.4562050325798,36.52348896150436,0.7693612156287659,,,0.101,181.98435156167199,1801.8252629868514,1801.8252533651807,9.621670546531293e-06,55.85658315259239,0.23063878437123403,,,227.25733506820237,7.325442038859393e-05,97.72065407932702,,,,41.82465506281427,3.6627185724531464e-05,3.067589798441686,1039.4561212553062,0.0,0.0,0.0,105.60874191953913
109,1,110,0.1016,1.5505664526967793e-05,4.930750224487852e-05,1039.4560734128881,,,,0,3.981585861198787e-14,1,2035.322362645751,2035.322362645751,5.618040061729749e-14,325.65157802332016,67.57270243983893,0.33340741460276074,,,304.3508437519702,2035.3223471400863,1953.9093974161362,81.41289155900573,2035.3222889751423,5.816494409919455e-05,0.8405407381959266,0.05109093924164797,0.05043222063011601,0.15576106528605654,101.52594563014561,0.96,678.9642403286907,651.8056707155431,27.158569613147666,0.775076615656665,0.0700753834256923,0.06932032209109239,0.1557650313162477,101.4502923172138,0.96,678.4410270869822,651.303386003503,27.137641083479327,0.7200519123930821,0.08520989599543909,0.08433289167956882,0.15576913450295016,101.37460580461082,0.96,677.917021559469,650.8003406970904,27.11668086237874,,,,598.824524468002,1953.9093974161362,1807.3661342856067,146.5432491060371,1953.9093833916438,1.402449226020151e-05,0.7692560904644908,0.15628080925089463,0.15392223991215934,0.3313245042967589,149.706237705894,0.9249999767892771,488.4775598119433,451.8417314881303,36.63582832381303,0.7692560904644626,0.15628080925089466,0.15392223991215934,0.33132445854859616,149.7061839857621,0.9249999767892734,488.4774519754487,451.84163173937344,36.635820236075254,0.7692559236938329,0.0726653715200589,0.07030689998792237,0.3313243993393292,149.70611445882977,0.9249999767892685,488.4773124087267,451.8415026401564,36.63580976857024,0.7692555675100491,0.0726655017355288,0.07030723825398684,0.3313242919171346,149.70598831751607,0.9249999767892596,488.4770591955251,451.8412684179465,36.635790777578606,0.7693620555163448,,,0.101,182.5439795628463,1807.3661342856067,1807.366124663973,9.621633557746205e-06,56.028350162853805,0.2306379444836551,,,227.95617981683324,9.861510164797471e-05,98.02115732123829,,,,46.26342229253419,4.930746581382656e-05,3.0770236721328352,1039.4560734128884,0.0,0.0,0.0,105.60873705874943
110,1,111,0.1016,1.551616817110014e-05,8.946647218541273e-05,1037.3894698068061,,,,0,3.981616530861235e-14,1,2035.3271047796738,2035.3271047796738,5.618040395179043e-14,325.6523367647478,67.57285987868518,0.3334074146020354,,,304.3515290449695,2035.3270892635055,1953.9139497120964,81.41308123800417,2035.3270309501008,5.831340484253035e-05,0.8426746980380961,0.05135094617406142,0.04921698633189181,0.15576105349451666,101.52617446530259,0.96,678.9658220847432,651.8071892013535,27.158632883389764,0.7785287291903842,0.07016425916859287,0.06671214563487361,0.15576501913761542,101.45052074725585,0.96,678.4426077399788,651.3049034303796,27.137704309599183,0.7240681365605021,0.08169981054723431,0.07768358637981433,0.15576912193705206,101.37483383241103,0.96,677.9186011253786,650.8018570803633,27.116744045015217,,,,598.826793243407,1953.9139497120964,1807.3703471543356,146.54358779651642,1953.913934950852,1.476124421529932e-05,0.7692576316608724,0.07682163034777709,0.0768200891513955,0.33132493428068177,149.70674265218892,0.9249999781591228,488.47857274725004,451.84266912240577,36.63590362484427,0.7692576316608443,0.07682163034777709,0.0768200891513955,0.3313249154941375,149.70672059193055,0.9249999781591207,488.4785284641213,451.84262816051165,36.635900303609645,0.7692575625930647,0.07144941405754561,0.07144777515831383,0.3313248908417853,149.70669164369832,0.9249999781591179,488.47847035426537,451.8425744088948,36.635895945370564,0.7692574138828633,0.07144877232079087,0.0714469259479767,0.33132484546155966,149.7066383555892,0.924999978159113,488.4783633852156,451.8424754625236,36.63588792269193,0.7668975604013283,,,0.101,182.5444050625879,1807.3703471543356,1807.3703375327111,9.621624583264416e-06,56.02848076178441,0.23310243959867172,,,227.9567089335576,0.00017893304503689738,98.02138484142976,,,,48.333525943675646,8.946632435192439e-05,3.0770302397976446,1037.3894698068061,0.0,0.0,0.0,105.3987701323715
111,1,112,0.1016,1.5506309366356727e-05,6.546209943859582e-05,1039.4559390573763,,,,0,3.981627665096523e-14,1,2042.738957490115,2042.738957490115,5.6180398021576006e-14,326.8382331984184,67.81893338867181,0.33340741460265094,,,305.4254054134731,2042.7389419838055,1961.0293284563277,81.70955535234705,2042.7388838086747,5.8175130825359156e-05,0.8444409705091369,0.05144685147905779,0.04968057900801711,0.15574379822545836,101.89141773794313,0.96,681.4839158049668,654.2245591727682,27.25935663219865,0.7876299280196379,0.07327179950161057,0.0641706006723569,0.1557474385112498,101.8085802086242,0.96,680.9139552964359,653.6773970845784,27.236558211857478,0.747187838164371,0.1037834624028601,0.08066376079899124,0.1557512543447868,101.7254074669057,0.96,680.3410127072718,653.127372198981,27.213640508290922,,,,602.3782877837443,1961.0293284563277,1813.9520724891606,147.0772424668541,1961.029314956015,1.3500312601938873e-05,0.7720598757315392,0.1539221832726316,0.1511199392019648,0.332080819561758,150.59483317410763,0.9249999776417791,490.2578510951465,453.48850130171724,36.7693497934293,0.7720598757315111,0.1539221832726316,0.15111993920196476,0.3320806956875694,150.59468755450374,0.9249999776417732,490.2575599119812,453.48823195729295,36.76932795468827,0.7720594550558199,0.07166153926983161,0.06885964680707635,0.33208055148513527,150.59451803817814,0.9249999776417643,490.25722094433826,453.4879184122264,36.76930253211188,0.772058611768906,0.0716653617349546,0.06886416384891188,0.33208032263681825,150.59424901695482,0.9249999776417459,490.25668300454885,453.4874208179242,36.76926218662466,0.7692561863795914,,,0.101,183.20915932140522,1813.9520724891606,1813.9520628675536,9.621607110143736e-06,56.23251424716398,0.2307438136204087,,,228.7868364474303,0.00013092457535216615,98.37833967239503,,,,51.55710984792097,6.546207902953716e-05,3.088237818287776,1039.4559390573763,0.0,0.0,0.0,105.60872340822944
112,1,113,0.1016,1.55062108012964e-05,8.940674699587732e-05,1035.4623580820091,,,,0,3.9816410087046974e-14,1,2042.7349107990524,2042.7349107990524,5.618039031305443e-14,326.8375857278484,67.81879903852854,0.3334074146026948,,,305.42481761923017,2042.7348952928414,1961.025443634838,81.70939348478507,2042.7348371196229,5.817321859582625e-05,0.832912442582622,0.047400063221478404,0.05892859114799332,0.15574380665447718,101.89122164393756,0.96,681.4825673800481,654.2232646848461,27.259302695201992,0.7662310678622014,0.06253371548548489,0.08393257564292138,0.15574744731071477,101.80838427686307,0.96,680.9126063994449,653.6761021434671,27.23650425597782,0.7084492834659456,2.6338493344051046e-06,0.0387411885477598,0.15575126351686547,101.72521169842953,0.96,680.33966334013,653.1260768065247,27.21358653360526,,,,602.376345207887,1961.025443634838,1813.9484794810667,147.07694988334984,1961.0254293644164,1.4270421581729615e-05,0.7720575058217815,0.07682014589120088,0.07682251580095864,0.3320802381664856,150.5941497338269,0.924999978235363,490.2564841807687,453.48723719695664,36.7692469838121,0.7720575058217534,0.07682014589120087,0.07682251580095865,0.3320802119479856,150.5941189128408,0.92499997823536,490.2564225504912,453.4871801889498,36.76924236154139,0.7720574081307245,0.07381876702396237,0.07382081394905772,0.33208017678919327,150.59407758215445,0.924999978235356,490.2563399047882,453.4871037416744,36.769236163113824,0.772057194401512,0.07380020576908244,0.07380162313647642,0.3320801099238652,150.5939989790648,0.9249999782353486,490.25618272836823,453.4869583534857,36.76922437488251,0.7692576708361675,,,0.101,183.20879642758774,1813.9484794810667,1813.9484698594467,9.621619809003555e-06,56.232402863913066,0.23074232916383247,,,228.78638276638713,0.00017881388792516053,98.37814458954647,,,,55.54786939333059,8.940666940991703e-05,3.0882296141757712,1035.4623580820094,0.0,0.0,0.0,105.20297558113212
113,1,114,0.15246,1.5495351157006393e-05,2.1958122898957313e-05,561.2766570998309,,,,0,3.9810079847474565e-14,1,1283.510634121758,1283.510634121758,5.6179722395449724e-14,205.36170145948128,42.612553052842365,0.3334074146030847,,,192.67397617745675,1283.5106186264068,1232.1701381761784,51.34042242400748,1283.5105606001862,5.802622073882303e-05,0.8084391632173695,0.04602088428920307,0.07049416365445553,0.15636336183022134,96.3688764365046,0.96,641.993399943795,616.3136639460431,25.67973599775181,0.7096628527454952,0.057182316190097005,0.11375053130680313,0.156375444719489,96.30446210309724,0.96,641.5147097040174,615.8541213158566,25.66058838816073,6.190776691610392e-06,9.23164160212178e-07,0.7084440158534142,0.27099918628524766,0.0006376378549151343,0.96,0.00245095237359311,0.002352914278649384,9.803809494372713e-05,,,,302.6863188864641,1232.1701381761784,1139.757312509087,92.41281207956932,1232.170124588656,1.3587522317149493e-05,0.5035066923078623,0.15111971133343569,0.4196705248473549,0.26564086729273606,75.74802866213592,0.9249999572313381,308.27246325719653,285.1520153285061,23.120447928690478,0.5035066923078342,0.15111971133343569,0.4196705248473549,0.2655906496298692,75.69321939069884,0.9249999572095986,308.1076511877019,284.9995641645742,23.10808702312771,0.49713528925988415,0.04277892565554509,0.3177010445263855,0.2655512245541908,75.65019006765891,0.9249999571928472,307.97821845647053,284.8798388885646,23.098379567905926,0.49005507686701877,0.042332348246248305,0.32433446578074154,0.2655005474568272,75.59488076597043,0.9249999571709108,307.81179168728704,284.72589412744185,23.085897559845204,0.7720601427753635,,,0.101,115.11548856341778,1139.757312509087,1139.7573028876018,9.621485142182244e-06,35.33247668778169,0.22793985722463658,,,143.75327320793545,4.391625480002082e-05,61.813907479412244,,,,49.19919240188543,2.1958114570878442e-05,1.9942037507425994,561.2766570998309,0.0,0.0,0.0,85.57223914144022
114,1,115,0.15246,1.5494404842091523e-05,2.4743038263562803e-05,561.2766495845726,,,,0,3.980406839758325e-14,1,1235.8232663327897,1235.8232663327897,5.617942315886885e-14,197.73172261324635,41.029332442248624,0.3334074146034559,,,186.3904785024489,1235.8232508383849,1186.3902651175974,49.432927713233354,1235.8231928308307,5.8007554195242e-05,0.7937277223819599,0.053762833647022334,0.068474274482432,0.1570978095968631,93.22785034468947,0.96,618.1648513003242,593.4382572483113,24.726594052013017,0.6871283542505287,0.0745631274182294,0.09709762591319601,0.15711641285423292,93.16230527407882,0.96,617.6571004320612,592.9508164147786,24.706284017282524,3.1565978110031304e-06,8.120422904955113e-07,3.846221171126254e-06,0.27099958795568435,0.00032288368060963163,0.96,0.0012410984453434769,0.001191454507529736,4.964393781374214e-05,,,,287.6622599276058,1186.3902651175974,1097.4109306177966,88.97931954770701,1186.3902501655036,1.4952093805393009e-05,0.46708310679857795,0.07682272857203791,0.1132463140813219,0.2621281695674438,71.91562320317372,0.924999957193477,296.597742262144,274.35289889616513,22.24484336597884,0.4670831067985502,0.07682272857203802,0.11324631408132181,0.2621281495550098,71.9156013752665,0.9249999571934666,296.59767488252436,274.3528365700168,22.244838312507614,0.4670829722914634,0.07990683332104664,0.10995915028946739,0.26212810811067283,71.91555617121533,0.9249999571934088,296.59753534408185,274.35270749694627,22.244827847135586,0.4670826654165566,0.08194439147160594,0.10491680292206813,0.2621280375211007,71.91547917795025,0.9249999571933778,296.59729767675344,274.35248765466844,22.244810022084973,0.7720575600945264,,,0.101,110.83850399239746,1097.4109306177966,1097.410920996181,9.621615687785157e-06,34.01973884915169,0.22794243990547358,,,138.41228732905478,4.9486070934295574e-05,59.51728355149355,,,,23.61466706698875,2.4743011248756003e-05,1.8683318513051481,561.2766495845726,0.0,0.0,0.0,85.57223799566395
115,1,116,0.15246,1.657718494910507e-05,1.8405710996333563e-05,561.276665218101,,,,0,3.9804748032472054e-14,1,1236.1695360098463,1236.1695360098463,5.617941355117299e-14,197.78712576157542,41.0408285955269,0.3334074145307969,,,186.43519565806815,1236.1695194326614,1186.7226649395752,49.446777705815705,1236.169442645391,7.678727047043904e-05,0.7905852028396707,0.06256367407900236,0.06570619362129147,0.15709163332164855,93.24972005539082,0.96,618.3341722522705,593.6008053621797,24.733366890090828,0.6855829773704744,0.09074308616105056,0.09228846304110482,0.1571099203943252,93.1851247218721,0.96,617.8339216793098,593.1205648121373,24.71335686717245,3.31109680195712e-06,1.229881247104224e-06,1.0753822562452263e-06,0.2709995522274496,0.0003508808052422385,0.96,0.0013487138107270307,0.0012947652582979495,5.3948552429081354e-05,,,,287.76996373594153,1186.7226649395752,1097.7183957549985,89.00425492521435,1186.7226506802126,1.4259362526636837e-05,0.46738011496684645,0.3905570858856169,0.3902600777173482,0.26218299687077773,71.97542477750183,0.9249999527132415,296.7823044827829,274.523617612701,22.25868687008186,0.4673801149668183,0.3905570858856168,0.39026007771734833,0.2621796788848388,71.97180577612077,0.9249999527136867,296.7711376575582,274.5132883000283,22.257849357529878,0.46729903395093286,0.11812685413559175,0.11791079247612228,0.26212616519868476,71.91343734924885,0.9249999527019359,296.5909965918864,274.34665781931494,22.24433877257144,0.4671754843339261,0.11787608975573986,0.11778327083837033,0.26212236813972983,71.90929583307006,0.9249999526973604,296.57821194798527,274.3348320229541,22.24337992503117,0.5326201855423451,,,0.101,110.86955797125485,1097.7183957549985,1097.7183861334024,9.621596135243662e-06,34.02927026840495,0.4673798144576548,,,138.45107308917372,3.681142765612611e-05,59.533961428344696,,,,23.798107364302254,1.840569774377876e-05,1.8692347482185236,561.2766652181009,0.0,0.0,0.0,85.5722403791517
116,1,117,0.15246,1.690012862234866e-05,1.7152915670851044e-05,561.2766677582443,,,,0,3.9808694671039434e-14,1,1241.2038758018916,1241.2038758018916,5.6179402048631805e-14,198.59262012830263,41.2079686766228,0.3334074145096217,,,187.0866233752415,1241.203858901763,1191.5556236732664,49.64815098638613,1241.2037746596523,8.424211065473368e-05,0.791448863305762,0.06548370677937773,0.06462004631328644,0.15700229972646235,93.57237095750347,0.96,620.8267007376255,595.9936327081206,24.833068029505007,0.6874167261340013,0.09307155979915824,0.09123781103563137,0.15701824492590097,93.51388662287091,0.96,620.375667881524,595.560641166263,24.815026715261013,3.493939823599098e-06,1.2170270360631558e-06,1.0341840144387372e-06,0.27099953319502557,0.00036579486711150046,0.96,0.00140604050278014,0.0013497988826689337,5.624162011120657e-05,,,,290.03944051498956,1191.5556236732664,1102.1888594689042,89.366749817459,1191.555609286363,1.4386903087810377e-05,0.5329177264419508,0.1423597496798401,0.07682213820473575,0.26918281418783807,79.61624536652776,0.924999945222719,319.7515486610856,295.7701649963837,23.98138366470189,0.5329177264419228,0.14235974967984014,0.07682213820473573,0.26918249216304857,79.61589653505726,0.9249998973527886,319.7505467649331,295.76922293606117,23.98132382887195,0.45212762389226413,0.10800812457234223,0.12317953463101096,0.25619477261213885,65.44305384973141,0.9249999478815539,276.1541567381593,255.44258059007186,20.71157614808748,0.44100674861376143,0.10281352752010842,0.12898226324027307,0.25612256989332055,65.36424476367313,0.9249999478373783,275.89935712218505,255.20689094638738,20.69246617579769,0.46708316443454306,,,0.101,111.32107480635932,1102.1888594689042,1102.188849847313,9.62159109741528e-06,34.167854643536025,0.532916835565457,,,139.014941712468,3.430583315935129e-05,59.77642493636124,,,,27.170522397094867,1.715290513439575e-05,1.9589698253898993,561.2766677582445,0.0,0.0,0.0,85.57224076642194
117,1,118,0.15246,1.6898671042478298e-05,1.3437893809850132e-05,561.276674481893,,,,0,3.9809026103411235e-14,1,1247.9660477572836,1247.9660477572836,5.6179417375009774e-14,199.67456764116537,41.43247278554181,0.3334074145100241,,,187.9660022774021,1247.9660308586124,1198.0473087871844,49.91863786613275,1247.9659466533174,8.42052950962976e-05,0.7941523990375842,0.06584991236357397,0.06314637663175182,0.15688248769130345,94.02532068584496,0.96,624.3083203385344,599.335987524993,24.972332813541385,0.690945631545242,0.09292936492222982,0.08940045951098911,0.15690449631126177,93.94024623206877,0.96,623.6559528815843,598.7097147663209,24.946238115263423,4.2870845677948706e-06,1.8703469280663918e-06,1.0772021838758425e-06,0.27099944442084745,0.00043535948836872276,0.96,0.0016734331984316084,0.0016064958704943434,6.693732793726517e-05,,,,289.56214453322644,1198.0473087871844,1100.5678882148081,97.4794066932573,1198.0472949080656,1.3879118757872784e-05,0.6354854484351731,0.3902598440037645,0.28769212201054256,0.27054091845482287,81.6643714391658,0.9134615745724235,330.4527576761377,301.85589634864425,28.596861327493453,0.6354854484351452,0.39025984400376473,0.28769212201054256,0.2705408325596159,81.66428125414312,0.9134615123728443,330.4525201628081,301.85565883533656,28.596861327471565,0.4404895741815318,0.10175472266949523,0.11339277238022755,0.25409605023840415,63.15136958736612,0.9249999390375307,268.68483528445495,248.53345625842982,20.151379026025122,0.42942897618942927,0.10111353030315086,0.11269130272748305,0.25403266534468394,63.08212225255136,0.9249999389905788,268.45718178466467,248.32287677239754,20.134305012267163,0.4673804063163954,,,0.101,111.15735670969563,1100.5678882148081,1100.5678785932298,9.621578307136228e-06,34.11760453465905,0.5326195936836046,,,147.3980849587582,2.6875787834570134e-05,63.381176532266025,,,,27.408869352112742,1.3437887256191e-05,2.140889447241279,561.2766744818931,0.0,0.0,0.0,85.57224179150941
118,1,119,0.1016,1.624096860273946e-05,8.95261913264743e-05,834.1853502248819,,,,0,3.9811782467092346e-14,1,1698.4521119437727,1698.4521119437727,5.6180367489037005e-14,271.7523379110037,56.38861011653326,0.3334074145540372,,,261.45968587271,1698.4520957028042,1630.5139446186513,67.93808102577721,1698.4520256444284,7.005837569542785e-05,0.800417376078319,0.06620377352354358,0.05993879648280876,0.15688226625720783,94.02618113699101,0.96,624.3149147513394,599.3423181612859,24.97259659005357,0.7048512241080643,0.09531582493013448,0.08141023236731208,0.1569042743498797,93.94109984930068,0.96,623.6625021751461,598.7160020881403,24.94650008700589,0.5289443390279144,0.5289408799962946,8.280529479235073e-07,0.1699420720764436,73.49240488641829,0.96,450.47460871794294,432.4556243692252,18.01898434871776,,,,451.24959308856535,1630.5139446186513,1508.2253320732507,122.28859726789473,1630.5139293411457,1.5277505597483794e-05,0.6419353019935016,0.006450005596018829,1.5203768992650935e-07,0.29919255137114503,112.81254137248384,0.9249999677602883,407.6288259125973,377.0566508273166,30.572175085280637,0.6419353019934734,0.0064500055960184655,1.5203768989155407e-07,0.2991924877749602,112.8124699051574,0.924999967760285,407.62865432293273,377.0564921068811,30.572162216051602,0.6419350350384015,0.2607792994928314,0.05933383863596166,0.29919240466001357,112.81237650328937,0.9249999677602814,407.6284300693734,377.05628467234453,30.572145397028887,0.6419344616351682,0.2708113005751544,0.0583058151294155,0.29919225231916563,112.81220530763473,0.9249999677602745,407.6280190362423,377.0559044667087,30.572114569533596,0.603290150400217,,,0.101,152.33075853939832,1508.2253320732507,1508.2253204364379,1.1636812946068864e-05,46.754985294270774,0.39670984959978334,,,190.22672144895915,0.00017905212617450928,81.79749022305243,,,,30.854955854109306,8.952589069347876e-05,2.567740100660545,834.185350224882,0.0,0.0,0.0,84.75323158284799
119,1,120,0.1016,1.599233990307407e-05,8.952226396240518e-05,931.5941451751268,,,,0,3.981123849908695e-14,1,1851.6615941262744,1851.6615941262744,5.618036212504092e-14,296.2658550602039,61.47516492499231,0.3334074145704901,,,279.3469114889964,1851.6615781339344,1777.5950519786065,74.06646049910877,1851.6615124777152,6.565621937426033e-05,0.8098248201436918,0.06616472944863488,0.056757285383261975,0.15688155458929012,94.02894715687547,0.96,624.3361127539796,599.3626682438204,24.97344451015923,0.7300964110881841,0.09926076312069741,0.0740155761405777,0.1569035644903507,93.94383041434723,0.96,623.6834516760123,598.7361136089718,24.94733806704057,0.6612898690449147,0.13234725952652265,1.7295095223335852e-06,0.15767855399299724,91.37413391777372,0.96,603.6419480477233,579.4962701258144,24.14567792190897,,,,515.1001804958701,1777.5950519786065,1644.2753603143983,133.31967675419088,1777.5950370685894,1.4910017179039003e-05,0.6998410189214469,0.33583982200842355,0.2779341050804781,0.3132688968744213,128.77514800566897,0.9249999724492908,444.39898680605125,411.0690505520901,33.32993625396111,0.6998410189214188,0.33583982200842355,0.2779341050804781,0.31326885197069226,128.77509660640243,0.9249999724492789,444.39887312860566,411.06894540045084,33.32992772815481,0.6998408421068213,0.13293268611453765,0.07502687904611795,0.3132687933063388,128.77502945597644,0.9249999724492631,444.3987246149863,411.06880802535,33.32991658963629,0.6998404624040996,0.13271233632389384,0.07480633555496241,0.31326868582574086,128.7749064278222,0.9249999724492342,444.3984525189461,411.0685563365074,33.329896182438674,0.6577101723955564,,,0.101,166.07181139175424,1644.2753603143983,1644.275349406193,1.0908205148723765e-05,50.97253616974635,0.3422898276044424,,,207.38617906386193,0.00017904429252301403,89.17605699746063,,,,28.925026768050373,8.952194962689581e-05,2.7993633423537863,931.5941451751268,0.0,0.0,0.0,94.64996514979288
120,1,121,0.1016,1.5992992196034706e-05,8.964709282298091e-05,932.3816215921324,,,,0,3.981132328064969e-14,1,1851.6733920958832,1851.6733920958832,5.618037255116975e-14,296.26774273534136,61.47555661758332,0.33340741457024237,,,279.34843226141805,1851.6733761028909,1777.606378013886,74.06693241724528,1851.673310431131,6.567175994025186e-05,0.8168977820224044,0.06231268818118237,0.0552397263024699,0.15688142741726602,94.0294415312903,0.96,624.3399014206543,599.3663053638281,24.973596056826167,0.7381841503481326,0.08463207848888993,0.07654433922894148,0.1569034362794575,93.94432369027638,0.96,623.6872361189752,598.7397466742161,24.947489444759064,0.6654978790230496,0.1065008147922673,0.10229280481413246,0.1576783703891491,91.37466703985139,0.96,603.6461728915017,579.5003259758416,24.145846915660044,,,,515.1053010219506,1777.606378013886,1644.285835759568,133.32052713452586,1777.6063628940938,1.5119792171440553e-05,0.699845434869072,0.006445819170026809,0.00644140322240109,0.3132700067171886,128.7764183933511,0.9249999719187442,444.4017967111164,411.07164947842216,33.33014723269423,0.6998454348690439,0.006445819170026453,0.006441403222400965,0.3132699660960782,128.77637189613333,0.9249999719187304,444.4016938759552,411.07155435589476,33.33013952006042,0.6998452748406722,0.08692255635967674,0.0869181236258258,0.3132699129868564,128.77631110432193,0.924999971918712,444.40155942624733,411.0714299899106,33.33012943633674,0.69984493102521,0.08695376970080336,0.08694930107969297,0.3132698155985157,128.7761996281443,0.9249999719186781,444.4013128807749,411.0712019353404,33.33011094543448,0.6577143588215509,,,0.101,166.07286941171637,1644.285835759568,1644.2858246630815,1.1096486556596791e-05,50.97286090854661,0.34228564117845034,,,207.38750176104213,0.00017929329295754006,89.17662575724813,,,,28.145250043338446,8.964666155365043e-05,2.799381075603998,932.3816215921324,0.0,0.0,0.0,94.72997275376065
121,1,122,0.1016,1.5805039107464793e-05,8.921167131747216e-05,1012.2117704701567,,,,0,3.98112529717847e-14,1,1970.273359796054,1970.273359796054,5.618037139666926e-14,315.2437375673686,65.41307554522898,0.33340741458294015,,,295.1523633581688,1970.2733439910148,1891.4623501249778,78.81093125520749,1970.2732813801854,6.261082933247711e-05,0.826628451821377,0.061579606604232597,0.051848936805259906,0.15603269414691914,98.47516421652762,0.96,657.4154001487409,631.1187841427914,26.296616005949605,0.7568192484733456,0.08725983126843012,0.0686247331432171,0.15604445969405828,98.38419368824644,0.96,656.7585628663347,630.4882203516812,26.27034251465346,0.698939445001216,0.11037139243432512,0.07692982645615876,0.15605647572142206,98.29300545339477,0.96,656.0993183651098,629.8553456305053,26.243972734604423,,,,568.2396811957261,1891.4623501249778,1749.6026151309532,141.8597202872875,1891.4623354182409,1.470673694811065e-05,0.744670480302383,0.2937130611745992,0.24888801574128636,0.324782195846332,142.05998545979392,0.924999976139672,472.865719195541,437.4007789731442,35.46494022239678,0.7446704803023548,0.29371306117459806,0.248888015741286,0.32478216786779057,142.059952913387,0.9249999761396699,472.86565159573286,437.4007164433224,35.46493515241049,0.7446703751409216,0.10987967971159932,0.06505457941134996,0.32478213130637623,142.05991038284168,0.9249999761396672,472.8655632585713,437.4006347314488,35.46492852712252,0.7446701492767663,0.10987364926063099,0.06504843100907466,0.32478206430249495,142.05983243970346,0.9249999761396626,472.86540136839557,437.4004849830378,35.464916385357725,0.6998411196553717,,,0.101,176.7098641282263,1749.6026151309532,1749.602605007516,1.0123437030731324e-05,54.23768106905954,0.300158880344626,,,220.67069217770816,0.0001784247450932403,94.88839763641451,,,,27.89040584838084,8.921161915620894e-05,2.9786814850224257,1012.2117704701568,0.0,0.0,0.0,102.84071587976791
122,1,123,0.1016,1.580573155129164e-05,8.93546836325961e-05,1011.5664698541468,,,,0,3.981147443175262e-14,1,1970.2857923960862,1970.2857923960862,5.6180374079889593e-14,315.2457267833738,65.41348830755005,0.3334074145826767,,,295.1540841604801,1970.2857765903545,1891.474285405608,78.81142855856712,1970.2857139641753,6.26261792657272e-05,0.8313121356809412,0.05697654794726104,0.05229286408769691,0.1560326205681735,98.47573855119651,0.96,657.4195443916446,631.1227626159788,26.29678177566586,0.761926159775786,0.07724610011161477,0.07213918880917425,0.15604438481414626,98.38476729579324,0.96,656.7627071095602,630.4921988251778,26.270508284382466,0.7027721117880247,0.09205086660624326,0.08821819981943453,0.15605639953825298,98.29357831349036,0.96,656.1034624629702,629.8593239644515,26.24413849851879,,,,568.2454272584573,1891.474285405608,1749.6136547128351,141.86061577807118,1891.4742704909065,1.4914701482594251e-05,0.7446751506251962,0.006441412850451461,0.006436742527637744,0.3247834248264327,142.06141508531832,0.9249999759493225,472.8686886518574,437.40352563015574,35.46516302170163,0.7446751506251681,0.006441412850451169,0.006436742527637629,0.3247833998130229,142.06138598808838,0.9249999759493184,472.86862821648214,437.40346972743316,35.46515848904899,0.744675056592551,0.07891845564784225,0.07891377419621282,0.3247833671175065,142.06134795453275,0.924999975949313,472.86854922021496,437.40339665588544,35.46515256432955,0.7446748545965537,0.0789195649074947,0.07891485958770729,0.3247833071793074,142.06127823051787,0.9249999759493033,472.868404402352,437.403262699361,35.465141702991026,0.6998455259749485,,,0.101,176.71097912599637,1749.6136547128351,1749.6136445155155,1.0197319665755665e-05,54.238023296097886,0.3001544740250507,,,220.67208525439105,0.00017871001661579923,94.88899665938816,,,,28.544288755487223,8.935451277885173e-05,2.978700212439469,1011.5664698541468,0.0,0.0,0.0,102.77515333718131
123,1,124,0.1016,1.5610843960950948e-05,5.646965174974003e-05,1039.4560301446195,,,,0,3.9811026953025745e-14,1,2007.627689724529,2007.627689724529,5.6180366310582677e-14,321.2204303559247,66.65323929885436,0.3334074145957332,,,300.3858785226581,2007.627674113685,1927.3225098630035,80.30510457762524,2007.627614440629,5.9673056077966594e-05,0.835003816958672,0.05496903430218637,0.05127735302445555,0.1558504345275968,100.2007466603089,0.96,669.7175923027215,642.9288886106126,26.788703692108932,0.767977234951172,0.0756030558714636,0.06955198069607771,0.15585652968657793,100.12864512335406,0.96,669.2095109087752,642.4411304724242,26.768380436351066,0.7118892344665014,0.0918745934202611,0.08275747074178431,0.1558627595905538,100.05648673899515,0.96,668.7005112291321,641.9524907799668,26.74802044916525,,,,585.6753882449823,1927.3225098630035,1782.7732637467352,144.54923169559817,1927.3224954423335,1.4420669884164269e-05,0.7587886506959656,0.24888804694906738,0.23477454687829802,0.3285193357947625,146.4189128153416,0.9249999768915603,481.8307577805707,445.6934398126709,36.137317967899804,0.7587886506959375,0.2488880469490674,0.23477454687829802,0.32851930771625454,146.41887997717708,0.9249999768915583,481.8306908997827,445.6933779479426,36.13731295184012,0.7587885466434333,0.08310351868226003,0.06899002863137768,0.32851927101900325,146.41883705928703,0.9249999768915559,481.8306034898183,445.6932970937263,36.13730639609199,0.7587883231412663,0.08310334585025389,0.06898987730554133,0.32851920375497323,146.41875839317652,0.9249999768915512,481.83044327216174,445.6931488923955,36.13729437976623,0.7446705402004812,,,0.101,180.06009963842027,1782.7732637467352,1782.7732541250998,9.621635505705148e-06,55.26597117614879,0.2553294597995188,,,224.8543759263728,0.0001129393649235069,96.68738164834029,,,,26.665505670457833,5.646954216346241e-05,3.0351541711766026,1039.4560301446197,0.0,0.0,0.0,105.60873266269334
124,1,125,0.1016,1.561081758236114e-05,6.412584796036321e-05,1039.4559567958586,,,,0,3.981171809724229e-14,1,2011.75174592637,2011.75174592637,5.618037766198967e-14,321.88027934821923,66.7901579647555,0.333407414595758,,,300.9716374964932,2011.7517303155523,1931.2816038171982,80.47006682571673,2011.751670642915,5.9672637257368443e-05,0.8370305958796646,0.053283947074920616,0.05125716815392812,0.15583427234995634,100.3998719600294,0.96,671.1180947635313,644.2733709729899,26.844723790541263,0.7703737661477409,0.07274104399454062,0.0703445127979717,0.15584032319616078,100.32389434541447,0.96,670.5841881389351,643.7608206133777,26.82336752555744,0.7140896309873441,0.08736814565048198,0.08516774912963934,0.15584652077088373,100.24787119104933,0.96,670.0493877404487,643.2474122308306,26.801975509618018,,,,587.6213873080537,1931.2816038171982,1786.4354262168447,144.8461631152786,1931.2815893321233,1.4485074895988138e-05,0.7603473215330868,0.006436748879710531,0.00487807804258924,0.328935190654045,146.90540591671498,0.9249999772610293,482.8205174200079,446.60896763466576,36.211549785342164,0.7603473215330587,0.006436748879710528,0.004878078042589243,0.328935165436545,146.90537640686603,0.9249999772610258,482.82045744766305,446.60891216024635,36.211545287416655,0.7603472282285934,0.07522194567072832,0.07366326408556827,0.3289351324784384,146.90533783885928,0.924999977261021,482.820379066572,446.6088396577366,36.21153940883534,0.7603470278126168,0.075222056566555,0.07366335189520452,0.3289350720678577,146.9052671456135,0.9249999772610122,482.82023539788025,446.60870676419586,36.21152863368443,0.7446752041712222,,,0.101,180.42997804790133,1786.4354262168447,1786.435416595208,9.621636712101896e-06,55.37949821272218,0.25532479582877793,,,225.3162696585246,0.00012825183048486834,96.88599595316556,,,,29.567238434268155,6.412573184580271e-05,3.041388899107355,1039.4559567958588,0.0,0.0,0.0,105.60872521045923
125,1,126,0.1016,1.555029503617714e-05,8.940001751325992e-05,1031.1578918146047,,,,0,3.9816209860858323e-14,1,2028.079091499207,2028.079091499207,5.618040459938903e-14,324.49265463987314,67.33222583777368,0.33340741459986206,,,303.30665704750567,2028.0790759489118,1946.9558564662202,81.12316068609256,2028.0790171523126,5.8796599149602e-05,0.8386529260053875,0.05248179829457341,0.05085946816885034,0.155780480772166,101.17713472554672,0.96,676.5472037962506,649.4853156444005,27.06188815185008,0.7730879334260807,0.07206143915618367,0.06934727187784381,0.1557850277575628,101.10223676832516,0.96,676.0266469952387,648.9855811154291,27.041065879809544,0.7181576442178457,0.08727834144487079,0.0832103282143692,0.15578971268566535,101.0272855536338,0.96,675.5051663608233,648.4849597063904,27.020206654432933,,,,595.367079211798,1946.9558564662202,1800.9341114346953,146.02173084556884,1946.955842280264,1.4185956170836177e-05,0.7665183139705807,0.23477454116627275,0.22860354872877897,0.3305879860244978,148.84183601108728,0.9249999780814028,486.73909397882835,450.23365126177805,36.50544271705028,0.7665183139705526,0.23477454116627278,0.22860354872877897,0.3305879577880997,148.84180288957828,0.9249999780814007,486.739027239318,450.2335895277314,36.50543771158658,0.76651821025577,0.07600329505746593,0.06983231303028928,0.33058792094980316,148.84175967797904,0.924999978081398,486.73894016836164,450.23350898709737,36.505431181264235,0.7665179877203723,0.07600333214319223,0.06983237223543674,0.3305878535633375,148.84168063315335,0.924999978081393,486.73878089375626,450.2333616580885,36.50541923566776,0.7587887099540168,,,0.101,181.89434525490424,1800.9341114346953,1800.9341018130292,9.621666197226753e-06,55.82895745447555,0.2412112900459833,,,227.14493088957886,0.00017880045309739552,97.67232028251891,,,,49.41045790007387,8.939992611840914e-05,3.066072825917276,1031.1578918146047,0.0,0.0,0.0,104.76564180836382
126,1,127,0.1016,1.554397676465158e-05,4.765785775065265e-05,1039.4560812876123,,,,0,3.9814675058005214e-14,1,2028.0811054301942,2028.0811054301942,5.618039032098372e-14,324.4929768688311,67.33229270028245,0.333407414600179,,,303.3069466727459,2028.0810898862176,1946.9577899309395,81.12324124712252,2028.081031178062,5.8708155551181515e-05,0.8392943012758876,0.05166189235051526,0.05102051708001527,0.15578047499660397,101.17723128837466,0.96,676.5478745717083,649.48595958884,27.06191498286833,0.7737263865644498,0.07063493809364953,0.06999648495528049,0.15578502181007564,101.10233331011399,0.96,676.027318337207,648.9862256037187,27.041092733488302,0.7185764737109913,0.08506088723878667,0.08464205774564103,0.15578970656567587,101.0273820742572,0.96,675.5058382691468,648.4856047383809,27.020233530765886,,,,595.3680370684191,1946.9577899309395,1800.9358965852055,146.0218787110509,1946.9577752962562,1.4634683187876183e-05,0.766519047921943,0.004878084162498866,0.00487735021113643,0.3305881845170149,148.84206880880032,0.9249999765974288,486.7395637998819,450.2340851239335,36.5054786759484,0.7665190479219149,0.004878084162498849,0.004877350211136448,0.33058815920613677,148.84203911893985,0.9249999765974253,486.73950397517166,450.2340297860762,36.50547418909549,0.7665189547518753,0.07244243571897449,0.07244169122286928,0.33058812607335614,148.84200025392724,0.9249999765974206,486.7394256626284,450.2339573469733,36.50546831565515,0.7665187544291168,0.07244250644696902,0.07244173973822454,0.3305880652321785,148.8419288867516,0.9249999765974122,486.7392818585743,450.23382432822245,36.505457530351876,0.7603473746712284,,,0.101,181.89452555510576,1800.9358965852055,1800.9358869635812,9.621624354776394e-06,55.82901279414137,0.23965262532877163,,,227.1451597584578,9.531568620885571e-05,97.67241869613686,,,,41.11357098220234,4.765779765907257e-05,3.06607580502485,1039.4560812876123,0.0,0.0,0.0,105.6087378588214
127,1,128,0.1016,1.551770303634849e-05,5.9128950620705614e-05,1039.456008842895,,,,0,3.981512693499461e-14,1,2030.9076532687593,2030.9076532687593,5.618039736841284e-14,324.94522452300146,67.42613408852282,0.33340741460195417,,,303.71380482488917,2030.9076377510562,1949.6712762397167,81.236303176655,2030.9075794163714,5.833468472589356e-05,0.8397105066802341,0.05131287300973668,0.05089666760539012,0.1557726473116627,101.3117154375499,0.96,677.4811800108195,650.3819328103866,27.099247200432792,0.7743035405873442,0.07025938632923714,0.06968223230634282,0.15577688739671441,101.23795071052372,0.96,676.9694812827528,649.8907020314426,27.078779251310152,0.7193391624459116,0.084795596609523,0.0840329078746028,0.1557812601194405,101.16413867681553,0.96,676.4569181227995,649.3986413978874,27.05827672491205,,,,596.715684486668,1949.6712762397167,1803.4458729246182,146.22538896076352,1949.671261885382,1.4354334656215346e-05,0.7675873767271352,0.22860354269756683,0.22753521389237474,0.33087535111813887,149.17898745351184,0.9249999772682953,487.417948931874,450.86159168214255,36.55635724973145,0.7675873767271071,0.22860354269756683,0.22753521389237472,0.33087532288905636,149.17895432682482,0.9249999772682931,487.41788228056413,450.8615300296814,36.55635225088273,0.767587273031615,0.07226617478391544,0.07119785650417569,0.3308752859950021,149.1789110318388,0.9249999772682903,487.4177951704947,450.86144945286776,36.556345717626925,0.7675870502962444,0.07226622089044392,0.07119792502331626,0.33087521837020917,149.17883167449256,0.9249999772682851,487.41763550244923,450.86130175992685,36.55633374252243,0.7665183731399344,,,0.101,182.14803316538644,1803.4458729246182,1803.4458633029842,9.621634125856893e-06,55.90682206066317,0.23348162686006568,,,227.4617316310904,0.00011825809845618345,97.80854460136888,,,,43.12169102109771,5.9128902290695535e-05,3.0703490767821013,1039.456008842895,0.0,0.0,0.0,105.60873049843813
128,1,129,0.1016,1.5517494347840282e-05,8.938935313853632e-05,1038.5850762792963,,,,0,3.981591370270525e-14,1,2034.5858910756447,2034.5858910756447,5.6180402190634887e-14,325.5337425721031,67.5482515837114,0.33340741460203943,,,304.2444388783437,2034.5858755581503,1953.2023845384774,81.3834326891032,2034.5858172275805,5.833056970336768e-05,0.840102868444575,0.05119831009644913,0.05080594833210817,0.15576290200663903,101.49058880510206,0.96,678.7197848569997,651.5709934627198,27.14879139427997,0.7749715516918486,0.0702003305445202,0.06953231944001569,0.15576693696609237,101.41482956017109,0.96,678.1955754930685,651.0677524733459,27.127823019722708,0.7203047658342373,0.08481292405877737,0.08384732067045166,0.15577111061843923,101.3390205130706,0.96,677.6704568775124,650.5636386024119,27.106818275100522,,,,598.4723860336762,1953.2023845384774,1806.7121497958215,146.49022044637326,1953.2023702421948,1.4296282351912e-05,0.7689775496669612,0.004877356402359813,0.003487183462533739,0.33124948981103736,149.61815618063903,0.9249999781496292,488.30071239125823,451.6781482923622,36.622564098895985,0.7689775496669331,0.0048773564023597985,0.003487183462533754,0.331249464446092,149.61812639888927,0.924999978149626,488.3006525850768,451.67809297164416,36.62255961343264,0.7689774565814042,0.07237938914742842,0.07098920559763924,0.33124943127352896,149.6180874499811,0.9249999781496218,488.3005743698667,451.6780206225745,36.62255374729224,0.7689772565544507,0.07237945850653259,0.07098925224832624,0.3312493704235324,149.61801600416683,0.924999978149614,488.30043089599314,451.6778879092408,36.6225429867524,0.7665191009000734,,,0.101,182.47792712937797,1806.7121497958215,1806.7121401741595,9.621662120978662e-06,56.00807664367047,0.23348089909992664,,,227.87369257091532,0.00017877926897465134,97.9856878054936,,,,46.60994393072378,8.938927622534312e-05,3.075909812469749,1038.5850762792963,0.0,0.0,0.0,105.5202437499765
129,1,130,0.1016,1.5513071304883637e-05,8.94156958731375e-05,1037.3252243267634,,,,0,3.9816127509140867e-14,1,2034.5902813754049,2034.5902813754049,5.6180402285457286e-14,325.5344450200648,67.54839734166345,0.33340741460230006,,,304.2450730380462,2034.5902658623336,1953.2065992898868,81.38360830374539,2034.5902075936322,5.8268701374424134e-05,0.8402330728377074,0.050994639798110246,0.0508644354049779,0.15576289093200263,101.49080030361924,0.96,678.7212475130204,651.5723976124996,27.148849900520812,0.7750959729393401,0.06982680639359437,0.06970238514610291,0.15576692551871602,101.41504094652804,0.96,678.197038946758,651.0691573888876,27.12788155787035,0.7203841524703221,0.08423990755827429,0.08416052092218951,0.15577109879724652,101.33923178789891,0.96,677.6719211338539,650.5650442884996,27.106876845354225,,,,598.4744849131714,1953.2065992898868,1806.716048539616,146.49053655946264,1953.2065850990784,1.4190808254864557e-05,0.7689792354408139,0.22753520781606704,0.22753352204221422,0.33124994224530285,149.61868739759782,0.9249999781502771,488.30177915228995,451.6791350466097,36.62264410568025,0.768979235440786,0.22753520781606704,0.22753352204221422,0.3312499140113584,149.61865424724763,0.9249999781502748,488.30171258161147,451.67907346873244,36.62263911287908,0.7689791320878689,0.07146106658796478,0.07145939108149994,0.33124987723245547,149.6186110639991,0.9249999781502717,488.30162586341396,451.6789932544001,36.62263260901391,0.7689789105325084,0.07146111363494395,0.07145945965688624,0.33124981006816134,149.61853220432684,0.924999978150266,488.3014675017631,451.67884676987376,36.6226207318894,0.7675874357815732,,,0.101,182.47832090250122,1806.716048539616,1806.7160389179678,9.621648205274224e-06,56.008197504728095,0.23241256421842685,,,227.87418418873582,0.00017883175811182604,97.9858992011564,,,,47.87292277440928,8.941559071260025e-05,3.0759165135019773,1037.3252243267636,0.0,0.0,0.0,105.39224279159916
130,1,131,0.1016,1.5507378560977622e-05,8.943184053424326e-05,1039.2369033063442,,,,0,3.98158116821659e-14,1,2034.59048824629,2034.59048824629,5.618040105040002e-14,325.53447811940646,67.54840420977683,0.33340741460261086,,,304.2451029313173,2034.5904727389116,1953.206797967377,81.38361658197407,2034.5904145493512,5.818956034762557e-05,0.8402884525007968,0.05090040929263172,0.05084502962954236,0.15576289041432467,101.49081019050182,0.96,678.7213158874258,651.5724632519289,27.14885263549701,0.7751041436887872,0.0697102700628904,0.06970209931344323,0.1557669249791328,101.41505091091527,0.96,678.1971079313241,651.0692236140712,27.127884317252946,0.7203659853082153,0.08414270051111414,0.08416086767322088,0.15577109823540577,101.33924182990027,0.96,677.6719907306011,650.565111101377,27.10687962922411,,,,598.4745837851086,1953.206797967377,1806.7162321976266,146.4905514495047,1953.2067836471313,1.4320245796402776e-05,0.7689792869648248,0.0034871895376056773,0.003487138013594899,0.3312499577749114,149.61870563140673,0.9249999781508244,488.301815768129,451.6791689165272,36.622646851601786,0.7689792869647967,0.003487189537605664,0.0034871380135949124,0.3312499324867491,149.61867593979028,0.9249999781508214,488.3017561430921,451.6791137633679,36.62264237972419,0.768979193961512,0.07142964168103305,0.07142957980739001,0.3312498993026489,149.61863697730945,0.9249999781508174,488.3016779008138,451.6790413892602,36.62263651155357,0.7689789937004787,0.07142971004020107,0.07142962687223074,0.331249838201535,149.61856523660208,0.9249999781508101,488.3015338350964,451.6789081284712,36.622625706625136,0.7689776026463273,,,0.101,182.4783394519603,1806.7162321976266,1806.7162225760046,9.621621914963284e-06,56.008203198126424,0.23102239735367272,,,227.8742074807251,0.00017886433992276397,97.98590921671179,,,,45.96139115822249,8.943177750811226e-05,3.0759167615916123,1039.236903306344,0.0,0.0,0.0,105.58646937592457
131,1,132,0.1016,1.5507382407069893e-05,3.387130569889636e-05,1039.4561287639488,,,,0,3.981577798003771e-14,1,2034.5889507443333,2034.5889507443333,5.618040064269763e-14,325.5342321190933,67.54835316471187,0.33340741460261436,,,304.24488084844734,2034.5889352369509,1953.2053219653849,81.38355508189112,2034.5888770472761,5.818967483162622e-05,0.8405819989023668,0.050922307338925936,0.05062876093735585,0.1557628943043864,101.49073589717649,0.96,678.7208020991535,651.5719700151873,27.14883208396614,0.7754108142464164,0.0697177361288617,0.06941106557123256,0.15576692898786523,101.41497688341485,0.96,678.1965954304303,651.068731613213,27.127863817217225,0.7205716519253708,0.08407809210929175,0.08387242549213628,0.15577110236238106,101.33916806785597,0.96,677.6714795176923,650.5646203369846,27.10685918070776,,,,598.4738456541638,1953.2053219653849,1806.7148607537385,146.49044647625223,1953.2053072299907,1.4735394011845517e-05,0.7689787314082953,0.22753351596907437,0.22753407152560381,0.33124980602601767,149.6185273850538,0.9249999752028154,488.3014592879153,451.6788377328202,36.6226215550951,0.7689787314082672,0.22753351596907437,0.22753407152560381,0.3312497779138531,149.6184943776958,0.9249999752028127,488.30139300433945,451.6787764205129,36.62261658382652,0.7689786284103403,0.07113893491326045,0.07113950046443228,0.3312497412429613,149.6184513212748,0.9249999752028093,488.3013065407692,451.6786964417109,36.622610099058306,0.7689784074301299,0.07113898229617222,0.07113956856652111,0.3312496741710933,149.61837257013937,0.924999975202803,488.30114839696677,451.67855015869446,36.62259823827229,0.76897929449332,,,0.101,182.47820093612762,1806.7148607537385,1806.7148511321182,9.621620536393832e-06,56.008160683365894,0.23102070550668005,,,227.87404142254036,6.77426220287822e-05,97.98583781169235,,,,45.74090028871765,3.387128235656134e-05,3.0759144986570326,1039.4561287639488,0.0,0.0,0.0,105.60874268241719
132,1,133,0.1016,1.5507397325221185e-05,8.935513926173921e-05,1038.6538583115905,,,,0,3.981633450475706e-14,1,2043.7996525231683,2043.7996525231683,5.6180393197378097e-14,327.007944403707,67.85414846376919,0.3334074146026085,,,305.5795442230968,2043.7996370157712,1962.0475956727664,81.75198315303204,2043.7995788257986,5.818997258447802e-05,0.8413320189939028,0.051046904567180536,0.05029688447564462,0.15574139338766402,101.94823836361265,0.96,681.8744799876351,654.5995007881297,27.274979199505427,0.7768344995507341,0.07014058711551231,0.06871690181119458,0.1557451656139962,101.85987372144427,0.96,681.2669575213401,654.0162792204866,27.250678300853643,0.722791973384795,0.08493636738322989,0.08271604592380577,0.15574912285928266,101.77143213803984,0.96,680.658141316823,653.4318156641501,27.22632565267297,,,,602.8876601582515,1962.0475956727664,1814.8939700887152,147.15361128647612,1962.0475813751914,1.429757509081834e-05,0.7724599152097433,0.003487144311643513,5.960510195510903e-06,0.3321889665396196,150.72197473283217,0.9249999782455197,490.51201464138876,453.72360287245067,36.7884117689381,0.7724599152097152,0.003487144311643511,5.960510195512442e-06,0.33218894119589304,150.72194493548557,0.9249999782455168,490.5119550911055,453.72354778843857,36.78840730266699,0.7724598225329985,0.07268333844323166,0.06920214432057334,0.3321889080569222,150.72190597304882,0.924999978245513,490.51187722429063,453.72347576163463,36.78840146265601,0.7724596234061507,0.07268340702815729,0.06920219105213646,0.3321888472808497,150.72183451688494,0.9249999782455061,490.51173441840643,453.7233436661914,36.788390752215015,0.7689793397192822,,,0.101,183.30429097896024,1814.8939700887152,1814.8939604670966,9.621618590391199e-06,56.26171307275017,0.23102066028071788,,,228.90563386609924,0.00017871102827660476,98.42942256242266,,,,53.11790511488553,8.935511446829991e-05,3.089839276358608,1038.6538583115903,0.0,0.0,0.0,105.52723200445759
133,1,134,0.1016,1.5507354926778112e-05,8.935073251574862e-05,1037.170202400351,,,,0,3.9816392038577975e-14,1,2043.8043677678786,2043.8043677678786,5.6180392546120755e-14,327.0086988428606,67.85430500989357,0.3334074146026235,,,305.58022963001156,2043.8043522605235,1962.0521223085436,81.752171762856,2043.8042940713997,5.818912386110532e-05,0.8416217292399534,0.050709707414788426,0.05041999716873786,0.15574138385789982,101.948467102366,0.96,681.8760516163936,654.6010095517379,27.27504206465576,0.7771365015199571,0.06943238243372148,0.0691303804644986,0.15574515562709454,101.8601021899582,0.96,681.2685292670582,654.0177880963759,27.250741170682318,0.722993838975784,0.08375354275544508,0.083551677164456,0.15574911241414743,101.77166033768738,0.96,680.6597131879478,653.4333246604299,27.226388527517923,,,,602.8899252088895,1962.0521223085436,1814.898157305371,147.1539507908229,1962.0521080961937,1.4212349962942013e-05,0.7724617187409918,0.22753406608386992,0.2275322625526215,0.3321894526777285,150.72254629955881,0.9249999782454299,490.513156921551,453.72465948153183,36.78849744001918,0.7724617187409637,0.22753406608386992,0.2275322625526215,0.3321894250147436,150.72251377537089,0.9249999782454278,490.5130919218099,453.7245993567717,36.78849256503823,0.7724616177468958,0.0706775426567667,0.07067574744286946,0.3321893889344411,150.72247135469686,0.9249999782454251,490.51300714388213,453.724520937189,36.788486206693115,0.7724614010842485,0.07067759181857,0.07067581414047211,0.3321893229537523,150.722393779263,0.92499997824542,490.5128521089507,453.7243775298783,36.78847457907238,0.7689787896044866,,,0.101,183.30471388784247,1814.898157305371,1814.8981476837462,9.621624615709246e-06,56.261842876466496,0.23102121039551343,,,228.90616189500847,0.00017870217051405642,98.42964961485363,,,,54.60493437929562,8.935070437691404e-05,3.0898464563131,1037.170202400351,0.0,0.0,0.0,105.37649256387566
134,1,135,0.1016,1.549275447230186e-05,8.937620844379446e-05,1037.3868090404594,,,,0,3.9816383668701595e-14,1,2043.8049173838187,2043.8049173838187,5.618039245306412e-14,327.00878678141106,67.85432325714278,0.33340741460355,,,305.5803095540015,2043.8049018910642,1962.052650150065,81.75219375625277,2043.8048439063175,5.798474670814016e-05,0.8416582630615476,0.05049448567322074,0.0504579518516265,0.15574138274707447,101.94849376691496,0.96,681.8762348240712,654.6011854311083,27.275049392962856,0.7771423222083436,0.06914605751215783,0.06914023682377125,0.15574515446262224,101.86012883118754,0.96,681.2687125446632,654.0179640428767,27.25074850178659,0.7229804856007572,0.08347014528347778,0.0834834986585045,0.15574911119586016,101.77168695589894,0.96,680.6598965375832,653.4335006760799,27.226395861503327,,,,602.8901892871206,1962.052650150065,1814.8986454849362,147.1539903716583,1962.0526358565942,1.4293470491048814e-05,0.7724619098769767,5.965480108560338e-06,5.774344123472788e-06,0.33218950536527453,150.72260824588093,0.9249999782460469,490.5132807212335,453.7247739965381,36.78850672469546,0.7724619098769486,5.965480108557373e-06,5.774344123475774e-06,0.33218947954671546,150.72257789023672,0.9249999782460436,490.5132200553545,453.7247178805997,36.78850217475479,0.7724618153487229,0.070393378952351,0.07039318135052379,0.33218944572174947,150.72253812122437,0.9249999782460394,490.5131405768085,453.72464436294433,36.78849621386415,0.7724616120067327,0.07039344268023763,0.07039323175775357,0.33218938355485816,150.72246502977853,0.9249999782460319,490.5129945031978,453.7245092448539,36.788485258343904,0.7724599684360216,,,0.101,183.30476319397857,1814.8986454849362,1814.8986358633276,9.62160845685336e-06,56.26185801003302,0.22754003156397848,,,228.90622353574457,0.00017875299231166232,98.42967612037016,,,,54.38872112384195,8.937615805700579e-05,3.089847247109381,1037.3868090404594,0.0,0.0,0.0,105.39849979851067
135,1,136,0.1016,1.549274848066793e-05,7.586736947336837e-05,1039.4556815941214,,,,0,3.981630557762698e-14,1,2043.8036709031173,2043.8036709031173,5.6180394881598376e-14,327.0085873444988,67.8542818739835,0.33340741460355733,,,305.58012836554855,2043.803655410369,1962.0514535286661,81.75214389702784,2043.8035974256939,5.7984675089983785e-05,0.8416053532685037,0.050456740023173206,0.050509649816217084,0.1557413852670791,101.94843327662156,0.96,681.8758192052333,654.6007864370239,27.27503276820932,0.7771344711581097,0.06914020158073474,0.06914805263096863,0.1557451571025274,101.86006843500495,0.96,681.2682970506845,654.017565168657,27.250731882027424,0.7229958158666705,0.08348452817685482,0.08346919791094158,0.1557491139558416,101.77162665392206,0.96,680.6594811697761,653.4331019229851,27.22637924679109,,,,602.8895902537249,1962.0514535286661,1814.8975380668383,147.15390118566864,1962.0514392525072,1.4276158767542413e-05,0.7724614520722638,0.22753225871468338,0.22753271651939633,0.3321893807644075,150.72246174151297,0.9249999779609632,490.5129880733917,453.72450315745357,36.788484915938135,0.7724614520722357,0.2275322587146834,0.2275327165193963,0.3321893534718098,150.72242965280387,0.9249999779609616,490.51292394393386,453.72444383770556,36.788480106228256,0.7724613523776704,0.07040468546910249,0.07040514844015508,0.33218931784532185,150.72238776569702,0.9249999779609593,490.51284023231153,453.7243664044557,36.788473827855846,0.7724611383948636,0.07040473862745546,0.07040521223932451,0.332189252633041,150.72231109371106,0.9249999779609551,490.5126870028701,453.7242246672237,36.7884623356464,0.772461775805208,,,0.101,183.30465134475068,1814.8975380668383,1814.8975284452301,9.621608084789338e-06,56.26182368007199,0.22753822419479194,,,228.90608447321185,0.00015173536388080782,98.4296163234811,,,,52.31891597263612,7.586736388128667e-05,3.0898453949170337,1039.4556815941214,0.0,0.0,0.0,105.60869724996273
136,1,137,0.1016,1.5492789535568502e-05,8.938685752227761e-05,1036.020164254776,,,,0,3.98164407227877e-14,1,2043.8003084813631,2043.8003084813631,5.6180390354979474e-14,327.0080493570181,67.85417024158126,0.33340741460354156,,,305.5796396046561,2043.8002929885736,1962.048225602966,81.75200940012364,2043.8002350030897,5.798548381940847e-05,0.8411344140721901,0.05040201469363899,0.05087295388995255,0.155741392062633,101.94827016601408,0.96,681.8746984973446,654.5997105574509,27.27498793989378,0.7767268856000065,0.0691256606167857,0.0695332461748889,0.15574516422416454,101.85990551470726,0.96,681.267176242922,654.0164891932051,27.250687049716944,0.722764252172471,0.0835494642926867,0.08378102798688625,0.1557491214043086,101.77146392393476,0.96,680.658360262823,653.43202585231,27.226334410512923,,,,602.8879753951554,1962.048225602966,1814.8945528424883,147.15365853525887,1962.048211377747,1.4225218969815789e-05,0.7724601762063005,5.777198408347237e-06,7.053064371614202e-06,0.33218903633495184,150.7220567932303,0.9249999782462466,490.51217863948324,453.723754571041,36.788424068442254,0.7724601762062723,5.7771984083507755e-06,7.053064371610828e-06,0.3321890096030771,150.7220253637952,0.9249999782462428,490.5121158274783,453.72369646993593,36.78841935754232,0.7724600784725251,0.07062957090650282,0.07063084481164814,0.3321889746593894,150.7219842794971,0.9249999782462378,490.51203372013134,453.72362052063943,36.788413199491956,0.772459868519328,0.07062963047912647,0.07063090035466207,0.3321889105962543,150.72190895863284,0.9249999782462288,490.51188319065426,453.7234812808719,36.788401909782365,0.7724619640869084,,,0.101,183.3043498370913,1814.8945528424883,1814.8945432208857,9.621602585116458e-06,56.261731138117135,0.22753803591309174,,,228.90570727499366,0.0001787742172466513,98.42945412824726,,,,55.7520687432015,8.938679850539299e-05,3.089840299404426,1036.020164254776,0.0,0.0,0.0,105.25964868828525
137,1,138,0.13994,1.5492250742937352e-05,6.266931722987241e-05,1039.4543639875506,,,,0,3.981533900648971e-14,1,2031.7720076447426,2031.7720076447426,5.6180396719058925e-14,325.08352122315887,67.45483065380546,0.3334074146037558,,,303.8383821606694,2031.771992152492,1950.501056810489,81.27087736710367,2031.7719341775926,5.797489948266278e-05,0.8394477375537568,0.0501556152367646,0.051842291755198,0.15577022589455897,101.3548854874786,0.96,677.7803980819119,650.6691821586354,27.11121592327646,0.7741169548284326,0.06856146338371603,0.07117139415528993,0.15577448448076,101.27947688566182,0.96,677.2576101977825,650.1673057898711,27.090304407911315,0.7193461742573228,0.08262649900657232,0.0860445769217204,0.15577888134612014,101.20401978752898,0.96,676.7339258978981,649.6645688619823,27.069357035915893,,,,597.1281909364135,1950.501056810489,1804.213420228704,146.28762222164954,1950.501042450354,1.4360135225534109e-05,0.767914050814819,0.22753271433778618,0.23207883972926757,0.3309632230689612,149.28211130554433,0.9249999774222794,487.62538846137613,451.05347331730314,36.57191514407301,0.7679140508147909,0.22753271433778618,0.23207883972926757,0.3309631960180523,149.28207955740388,0.9249999774222779,487.62532461257103,451.05341425715915,36.57191035541189,0.767913951479475,0.06940464216969072,0.07395076916274075,0.33096316066383596,149.28203806413745,0.9249999774222761,487.6252411652929,451.0533370684279,36.57190409686501,0.7679137381097542,0.06940469893705949,0.07395082934663331,0.3309630958615535,149.28196200932783,0.924999977422273,487.6250882111138,451.05319558581414,36.57189262529964,0.7724615084638055,,,0.101,182.22555544309913,1804.213420228704,1804.2134106070284,9.621675675610466e-06,55.930616027089826,0.22753849153619451,,,227.5585390628149,0.0001253387966055002,97.8501717970104,,,,43.737952560745285,6.266925472174385e-05,3.071655791218839,1039.4543639875508,0.0,0.0,0.0,145.46124369641782
138,1,139,0.13994,1.5492582669470236e-05,5.525703282243693e-05,1039.4558133459939,,,,0,3.981130774005779e-14,1,2009.2294452055626,2009.2294452055626,5.618037099156374e-14,321.47671123289,66.70641758082468,0.33340741460361883,,,300.6131936577582,2009.22942971298,1928.8601968623377,80.36917486926411,2009.229371731602,5.7981377921963736e-05,0.8372377239444586,0.05029596599870911,0.05250597960800728,0.15584397467058345,100.27889076865799,0.96,670.2676706290121,643.4569638038515,26.810706825160484,0.7702053741720369,0.06846890600294607,0.0723804866593417,0.15585012794587608,100.20441426272485,0.96,669.7434231596364,642.953686233251,26.789736926385434,0.713528048058129,0.08209181980357783,0.08790994600277173,0.15585642346731007,100.12988862637532,0.96,669.2182779429536,642.4495468252353,26.768731117718197,,,,586.4307023567108,1928.8601968623377,1784.195624094314,144.66455833808706,1928.8601824324014,1.4429936421839229e-05,0.75939402705603,7.053363297338665e-06,0.008527077122086288,0.3286807736848139,146.607738383241,0.92499997684869,482.2151733921422,446.0490242238186,36.166149168323614,0.7593940270560019,7.053363297334889e-06,0.008527077122086292,0.32868074687673365,146.60770702356868,0.9249999768486856,482.2151095761576,446.04896519403223,36.16614438212541,0.7593939277712649,0.06842403940924373,0.0769440631174539,0.3286807118396282,146.6076660377136,0.9249999768486799,482.21502617116914,446.048888044417,36.16613812675211,0.7593937145090892,0.06842409711358592,0.07694412071425087,0.3286806476179311,146.60759091218742,0.9249999768486693,482.2148732929322,446.04874663204635,36.166126660885936,0.7724602322989165,,,0.101,180.20375803352573,1784.195624094314,1784.1956144726826,9.62163161293089e-06,55.31006434692374,0.2275397677010835,,,225.03377275150194,0.0001105140464413325,96.76452228314584,,,,27.792006473080026,5.525691997618661e-05,3.037575696392386,1039.4558133459939,0.0,0.0,0.0,145.4614465196384
139,1,140,0.13994,1.551146489234577e-05,6.491253803821068e-05,1038.981926912493,,,,0,3.981141355296392e-14,1,2009.2201966406917,2009.2201966406917,5.618037304352872e-14,321.4752314625107,66.70611052847097,0.333407414602478,,,300.61188042734256,2009.2201811292268,1928.851317969065,80.36880491537775,2009.2201228844426,5.8244784202424846e-05,0.8364433375282059,0.05137054769355515,0.052164934109807874,0.1558440104569002,100.27845275224155,0.96,670.2645889994378,643.4540054394603,26.81058355997755,0.7694202976518291,0.07052421255820754,0.07130928907841541,0.15585016451982622,100.20397652220957,0.96,669.7403402314442,642.9507266221865,26.789613609257735,0.7130200995629935,0.0852940612241355,0.085802009719271,0.15585646083162616,100.1294511528914,0.96,669.2151936535605,642.446585907418,26.768607746142457,,,,586.4263396536858,1928.851317969065,1784.1874119925233,144.66389163101914,1928.8513036235422,1.434552242360895e-05,0.7593905320465018,0.2320788392499416,0.23208233425946978,0.32867984142608564,146.6066478511214,0.9249999772614678,482.21295398284695,446.04697146931863,36.165982513528306,0.7593905320464737,0.2320788392499416,0.23208233425946978,0.3286798145563112,146.6066164193227,0.9249999772614662,482.2128900197765,446.0469123034792,36.16597771629733,0.7593904325337169,0.07340477885284764,0.07340827409039566,0.3286797794390062,146.6065753397067,0.9249999772614642,482.2128064235803,446.0468349769986,36.16597144658168,0.7593902187835201,0.07340483651497791,0.07340833224054709,0.3286797150713448,146.60650004353496,0.9249999772614607,482.21265319733857,446.04669324272675,36.16595995461182,0.7679141073867611,,,0.101,180.20292861124486,1784.1874119925233,1784.1874023708453,9.621677929214217e-06,55.309809771768215,0.23208589261323898,,,225.03273602506218,0.00012982526182646372,96.76407649077674,,,,28.25941651757989,6.491242011200281e-05,3.037561715410212,1038.9819269124932,0.0,0.0,0.0,145.3951308521343
140,1,141,0.13994,1.5547717014055773e-05,6.492678124944882e-05,1035.679936359684,,,,0,3.9812302279332906e-14,1,2009.202735872986,2009.202735872986,5.618038355942873e-14,321.4724377396778,66.70553083098314,0.33340741460003404,,,300.60940114235825,2009.202720325269,1928.834555102902,80.36810646262106,2009.2026615655232,5.875974586239163e-05,0.8362291631111547,0.05193807626778275,0.05215225068483397,0.15584407802127495,100.27762593840141,0.96,670.2587719646411,643.4484210860554,26.810350878585723,0.7692848309701068,0.07125523121610808,0.07139069789783031,0.15585023358086655,100.20315011095126,0.96,669.7345199127668,642.9451391162562,26.789380796510674,0.7129693377526888,0.0860270313249332,0.08607779313523793,0.15585653139787448,100.12862509300555,0.96,669.2093696881151,642.4409949005905,26.76837478752466,,,,586.4181023213647,1928.834555102902,1784.1719063252008,144.66263441342065,1928.8345407386216,1.4364280535812884e-05,0.7593839323235604,0.008527077150581238,0.008533676873522682,0.3286780809487759,146.60458847770437,0.9249999772619132,482.20876318070054,446.0430949776433,36.16566820305724,0.7593839323235323,0.008527077150581243,0.008533676873522677,0.3286780540963784,146.60455706631265,0.9249999772619089,482.20869925857437,446.04303584967596,36.16566340889843,0.7593838328739332,0.07421097275760663,0.07421757241739027,0.3286780190015024,146.6045160130376,0.9249999772619032,482.2086157152189,446.0429585720713,36.16565714314763,0.7593836192582054,0.07421103030008305,0.0742176298253977,0.32867795467423616,146.60444076431006,0.9249999772618926,482.2084625841276,446.0428169258102,36.16564565831735,0.7593940835994771,,,0.101,180.20136253884527,1784.1719063252008,1784.1718967035342,9.62166640409623e-06,55.30932909608123,0.24060591640052284,,,225.03078040970573,0.00012985366904246003,96.76323557617346,,,,31.549124423334376,6.492666562358435e-05,3.037535316779231,1035.6799363596842,0.0,0.0,0.0,144.9330502941742
141,1,142,0.13994,1.5547949815053037e-05,2.7613898245293712e-05,1039.4561352409107,,,,0,3.981065063938031e-14,1,2005.6028344032532,2005.6028344032532,5.6180363361898275e-14,320.89645350452054,66.58601410218802,0.3334074145999309,,,300.0988618216451,2005.6028188553034,1925.378649687399,80.22411040364172,2005.6027600910409,5.8764262515026415e-05,0.8359446179312445,0.05198208781495542,0.05226663299486552,0.1558590262161021,100.0995474563949,0.96,669.0043205400976,642.2441477184937,26.76017282160393,0.7687481499697502,0.07111122878137281,0.07164790978172952,0.15586481432262342,100.0330129359085,0.96,668.5348171389495,641.7934244533915,26.741392685557997,0.7121256475528178,0.08564729227169784,0.08649098247156876,0.15587072921728382,99.96630142934168,0.96,668.0636224119938,641.341077515514,26.722544896479782,,,,584.7214646882755,1925.378649687399,1780.9751861932675,144.4034484726219,1925.3786346658894,1.5021509656626676e-05,0.7580233394838071,0.23208233412963908,0.2334429269693924,0.3283153886080694,146.18042897598002,0.9249999735778335,481.3447867137105,445.2439149920101,36.1008717217004,0.758023339483779,0.23208233412963908,0.2334429269693924,0.32831536178147425,146.1803976111517,0.924999973577832,481.34472276579965,445.24385584019353,36.10086692560608,0.7580232399942762,0.07347774715284129,0.07483834003249824,0.3283153267204255,146.1803566188556,0.9249999735778303,481.34463918899485,445.2437785316505,36.10086065734435,0.758023026293357,0.0734778047108877,0.07483839767573605,0.3283152624554954,146.18028148228817,0.924999973577827,481.3444859973846,445.2436368294135,36.10084916797109,0.7593905887197796,,,0.101,179.87849380552004,1780.9751861932675,1780.9751765716283,9.62163930648473e-06,55.21023077199129,0.24060941128022034,,,224.62759906736244,5.5227717069912344e-05,96.58986759896584,,,,25.242767916145205,2.7613854794157347e-05,3.032092945255219,1039.456135240911,0.0,0.0,0.0,145.46149156561304
142,1,143,0.1016,1.5548434619963124e-05,6.066937435621972e-05,1039.45599514653,,,,0,3.98106854208867e-14,1,2005.8880541830415,2005.8880541830415,5.618036429626573e-14,320.94208866928665,66.59548339887698,0.33340741459971773,,,300.13926764743564,2005.8880386346068,1925.6524606663438,80.23551919443108,2005.8879798607747,5.877383218850607e-05,0.8358604662897322,0.05212008909958269,0.05220424074109507,0.15585778624164923,100.11396885298306,0.96,669.1060275947226,642.3417864909337,26.764241103788954,0.7686787521799916,0.07139169164303243,0.07146108943279102,0.15586363698533634,100.04644384812521,0.96,668.6296283778813,641.884443242766,26.74518513511527,0.7121162292531232,0.08612046151510587,0.08612987981480039,0.15586960764132846,99.97885494632739,0.96,668.1523238881708,641.426230932644,26.72609295552686,,,,584.8557757220746,1925.6524606663438,1781.2284686249463,144.42397764008723,1925.6524462650336,1.4401310203620894e-05,0.7581311392051158,0.00853367690922854,0.008425877187919848,0.3283441072668028,146.21400671411462,0.9249999770622195,481.4132395529364,445.3072355439149,36.10600400902145,0.7581311392050877,0.008533676909228538,0.008425877187919852,0.32834408045007357,146.21397535952514,0.9249999770622153,481.41317563545965,445.3071764202484,36.10599921521126,0.7581310397627399,0.07431220320017945,0.07420440343171583,0.32834404540182943,146.21393438050598,0.9249999770622096,481.41309209821776,445.3070991482988,36.10599294991895,0.7581308261626563,0.07431226078945731,0.0742044609201581,0.3283439811600736,146.2138592679288,0.9249999770621993,481.41293897841973,445.3069575124842,36.105981465935585,0.7593839889611325,,,0.101,179.90407533111957,1781.2284686249463,1781.2284590033696,9.621576823083755e-06,55.21808252737333,0.24061601103886762,,,224.65953640584002,0.0001213375040241613,96.60360065451121,,,,25.44330556097818,6.066902181540934e-05,3.0325241443356,1039.45599514653,0.0,0.0,0.0,105.60872910688745
143,1,144,0.1016,1.554886400023297e-05,8.84526345163876e-05,1037.3971341196427,,,,0,3.981126555101998e-14,1,2006.0578904092995,2006.0578904092995,5.6180370698274565e-14,320.96926246548793,66.60112196158875,0.33340741460152057,,,300.16333069288766,2006.0578748604355,1925.8155034667982,80.24231264445001,2006.0578161112485,5.874918707331696e-05,0.8358682225822238,0.05219538051146884,0.05218762421897722,0.15585707622110762,100.12225400514355,0.96,669.1644493621463,642.3978713876604,26.766577974485926,0.7687114894600869,0.07148892671225503,0.07145618943215967,0.15586293638761067,100.05446074557643,0.96,668.6862125501442,641.9387640481384,26.747448502005753,0.712167930663707,0.08620968722357526,0.0861579858129916,0.15586891622645965,99.98661594216766,0.96,668.2071541989578,641.4788680309995,26.728286167958327,,,,584.9357604018905,1925.8155034667982,1781.3792848343703,144.4362044005445,1925.8154892349148,1.4231883561342104e-05,0.758195329463673,0.23344292694721508,0.23337873668865783,0.3283612092519783,146.23400291702177,0.9249999778234627,481.4540003511855,445.344939647864,36.10906070332154,0.7581953294636449,0.23344292694721508,0.23337873668865783,0.3283611824213387,146.23397154539592,0.9249999778234609,481.45393640467165,445.3448804973392,36.109055907332454,0.7581952299774314,0.07438701757355423,0.07432282735886275,0.3283611473555669,146.23393054487426,0.9249999778234587,481.45385283103536,445.34480319172644,36.109049639308914,0.7581950162856274,0.07438707500875147,0.07432288488578033,0.32836108308315065,146.2338553945986,0.9249999778234544,481.45369964802245,445.3446614974408,36.109038150581604,0.7580233961435564,,,0.101,179.9193077682714,1781.3792848343703,1781.3792752120758,9.62229455475514e-06,55.22275782986547,0.2419766038564436,,,224.6785564480367,0.00017691070781354433,96.61177927265577,,,,27.62153010674915,8.845325085086649e-05,3.0327809051903767,1037.397134119643,0.0,0.0,0.0,105.3995488265557
144,1,145,0.1016,1.5551912573654153e-05,8.91931572558725e-05,1035.4771138686913,,,,0,3.981172130314582e-14,1,2006.060516389145,2006.060516389145,5.6180377426463735e-14,320.96968262226324,66.60120914411962,0.3334074146001477,,,300.16370275612417,2006.0605008372324,1925.8180243433126,80.24241768097144,2006.060442024284,5.881294835548996e-05,0.835880848420078,0.052196549642554727,0.05218392380470044,0.15585706559420073,100.1223781615333,0.96,669.165324784253,642.3987117928829,26.766612991370195,0.7687186308547703,0.07146994419674595,0.07146280280206249,0.15586292556193837,100.05458476779835,0.96,668.6870878628065,641.9396043482941,26.74748351451229,0.7121694192304755,0.08617323835158479,0.08617174978481629,0.15586890520204258,99.9867398267925,0.96,668.2080293772245,641.4797082021356,26.72832117508897,,,,584.9369971265195,1925.8180243433126,1781.381616652637,144.43639342955035,1925.818010082187,1.4261125523429815e-05,0.7581963216117505,0.008425877214197514,0.008424885066119926,0.3283614736146943,146.23431202258558,0.9249999778414311,481.4546304087393,445.3455224597383,36.10910794900107,0.7581963216117225,0.008425877214197505,0.008424885066119934,0.32836144681748025,146.23428069003023,0.9249999778414271,481.4545665419537,445.34546338296104,36.10910315899264,0.7581962222467196,0.07433102289438301,0.07433003062509479,0.328361411793881,146.23423973880293,0.924999977841422,481.45448306891296,445.3453861703977,36.109096898515226,0.7581960088095705,0.07433108051362702,0.07433008798968398,0.32836134759553115,146.23416467510077,0.9249999778414126,481.4543300625812,445.34524463953977,36.10908542304141,0.7581311958385875,,,0.101,179.91954328191636,1781.381616652637,1781.3816070308121,9.621824734094357e-06,55.22283011623174,0.24186880416141257,,,224.6788505453847,0.00017838783338710345,96.61190573451542,,,,29.54339687685949,8.919314051291132e-05,3.0327848742797627,1035.477113868691,0.0,0.0,0.0,105.20447476905903
145,1,146,0.1016,1.55529114026704e-05,3.699399791161305e-05,1039.456120195899,,,,0,3.98106981970548e-14,1,2006.060225981219,2006.060225981219,5.618036509798645e-14,320.9696361569951,66.60119950257648,0.3334074145996557,,,300.1636616051461,2006.0602104283075,1925.8177455300136,80.24240606375058,2006.0601515937644,5.883454321304593e-05,0.8359336252080611,0.052198550803801036,0.05214577401581795,0.15585706677547576,100.12236436036868,0.96,669.1652274727749,642.3986183738638,26.766609098910987,0.7687715652084381,0.07146642970907935,0.07141349535541161,0.1558629267591993,100.05457105153272,0.96,668.6869910574278,641.9395114151307,26.747479642297133,0.7122047755581126,0.08615738988865454,0.08612203356101746,0.15586890641527698,99.9867261932447,0.96,668.2079330635615,641.4796157410191,26.728317322542466,,,,584.936857673944,1925.8177455300136,1781.3813534737958,144.4363773290243,1925.81773080282,1.4727193434699993e-05,0.7581962117614656,0.2333787366633487,0.2333788465136337,0.32836144386374894,146.2342771837366,0.9249999753253876,481.45456063844136,445.3454567108536,36.109103927587746,0.7581962117614375,0.2333787366633487,0.2333788465136337,0.3283614170552307,146.23424583796518,0.9249999753253859,481.4544967447054,445.3453976091486,36.10909913555682,0.7581961123567476,0.07427559237622583,0.0742757022661978,0.328361382018103,146.2342048709219,0.9249999753253836,481.4544132394121,445.3453203667532,36.1090928726589,0.7581958988390717,0.0742756498069939,0.07427575977749272,0.32836131779759975,146.23412978132032,0.9249999753253793,481.4542601802614,445.34517878704054,36.10908139322086,0.7581953861224539,,,0.101,179.9195167008534,1781.3813534737958,1781.3813438521447,9.621651150969171e-06,55.22282195768767,0.24180461387754626,,,224.67882329453096,7.39880090491971e-05,96.61189401664831,,,,25.56402676605157,3.6993948431185554e-05,3.0327844347187223,1039.4561201958988,0.0,0.0,0.0,105.60874181190334
146,1,147,0.1016,1.5552535521060147e-05,8.937751792627861e-05,1038.753907222296,,,,0,3.981120509340868e-14,1,2007.6954396505475,2007.6954396505475,5.6180370232564976e-14,321.2312703440876,66.65548859639817,0.3334074145998077,,,300.3954895749329,2007.695424098012,1927.3875506601412,80.30781461083934,2007.6953652709806,5.8827031447459435e-05,0.8360959891476611,0.052221776721002026,0.052059412781402,0.15585011389416598,100.20458245778744,0.96,669.7446077223298,642.9548234134365,26.78978430889316,0.7690215860504935,0.07153888436300264,0.07128886352094725,0.1558562598264148,100.13180524620194,0.96,669.2317903322956,642.4625187190037,26.769271613291895,0.7125758604331803,0.08630600565296209,0.0859349207778943,0.15586253153463286,100.05910187094356,0.96,668.7189672163553,641.970208527701,26.74875868865428,,,,585.7073245757298,1927.3875506601412,1782.8334285256963,144.5541078972741,1927.38753642297,1.4237170969200263e-05,0.7588142445369409,0.008424885136854729,0.007806852361379327,0.3285261598823026,146.4268937305471,0.9249999778635405,481.8470115700588,445.7084750359175,36.13853653414126,0.7588142445369128,0.008424885136854719,0.007806852361379336,0.32852613315391965,146.42686247106363,0.9249999778635366,481.846947906798,445.7084161474008,36.1385317593972,0.7588141454969898,0.07456214554544574,0.07394411240520359,0.3285260982248956,146.42682162073558,0.9249999778635314,481.84686471074906,445.7083391910549,36.13852551969415,0.7588139327754491,0.07456220321449919,0.07394416927812171,0.328526034209651,146.4267467533834,0.924999977863522,481.84671223536435,445.7081981513229,36.13851408404147,0.7581963781997966,,,0.101,180.06617628109535,1782.8334285256963,1782.8334189039933,9.621702980604781e-06,55.267836284296585,0.24180362180020346,,,224.86196191952294,0.0001787556844566638,96.69064362539487,,,,27.415351342664366,8.937733563601403e-05,3.035256567346292,1038.7539072222962,0.0,0.0,0.0,105.53739697378526
147,1,148,0.1016,1.5552881854656758e-05,4.6398812903718737e-05,1039.4560868796289,,,,0,3.9811041113114366e-14,1,2007.6980295906667,2007.6980295906667,5.61803665990211e-14,321.2316847345067,66.65557458241014,0.3334074145996681,,,300.3958569407437,2007.6980140377848,1927.3900369956598,80.3079182081526,2007.6979552038122,5.883397260259407e-05,0.8364276763439801,0.05219428974274397,0.05186260254642508,0.1558501036608495,100.20470495305267,0.96,669.7454704291227,642.9556516119578,26.789818817164978,0.7693004370314835,0.07142816186855916,0.0711493108875691,0.15585624937426687,100.1319277019513,0.96,669.2326536469362,642.4633475010588,26.769306145877472,0.7127298337285521,0.08608040639183895,0.08592643309646714,0.15586252086348995,100.05922428573976,0.96,668.7198311277534,641.9710378826433,26.748793245110146,,,,585.7085436879667,1927.3900369956598,1782.8357250068289,144.55429740204715,1927.3900224088761,1.45867836883871e-05,0.7588152211650993,0.23337884648978252,0.2333778698616242,0.3285264200713216,146.42719799436284,0.924999976278089,481.84763201905446,445.70904818727877,36.138583831775684,0.7588152211650712,0.23337884648978252,0.2333778698616242,0.3285263935680081,146.42716699809174,0.9249999762780873,481.84756889193767,445.7089897946964,36.138579097241305,0.7588151229457645,0.07413135136359618,0.07413037391482147,0.32852635892577403,146.42712648315654,0.9249999762780848,481.84748637906284,445.70891347028794,36.13857290877489,0.7588149119592408,0.07413140934383224,0.07413043016004059,0.3285262954206334,146.42705221235548,0.9249999762780805,481.847335118821,445.7087735545657,36.138561564255276,0.7581962683733628,,,0.101,180.06640822568974,1782.8357250068289,1782.8357153851716,9.621657210520971e-06,55.26790747521169,0.24180373162663726,,,224.86225537152256,9.27976752091155e-05,96.6907698097547,,,,26.714861171259226,4.639874077724888e-05,3.0352604772351754,1039.456086879629,0.0,0.0,0.0,105.60873842697029
148,1,149,0.1016,1.555041552079339e-05,6.164200777521913e-05,1039.4559850375958,,,,0,3.981218373985855e-14,1,2014.0507157887391,2014.0507157887391,5.6180383075102493e-14,322.2481145261982,66.86648376418614,0.3334074145997736,,,301.29886682161543,2014.0507002383235,1933.4886157811395,80.56202565754768,2014.0506414386873,5.8799636236062245e-05,0.8375264030329344,0.0523148697731457,0.0512161430841914,0.15582591300886497,100.50791703974599,0.96,671.8763580127131,645.0013036922046,26.87505432050859,0.7708989732591819,0.07169265072705112,0.07009411449935274,0.15583168071632073,100.43297392664915,0.96,671.3505282923894,644.4965071606938,26.85402113169563,0.7146968748701952,0.08648903909899192,0.08452199795734888,0.1558375912935636,100.35797585522026,0.96,670.8237551335845,643.9908049282411,26.83295020534346,,,,588.7080182091923,1933.4886157811395,1788.4769121663799,145.0116892040828,1933.4886013704622,1.44106772242189e-05,0.7612162363816003,0.007806852562977463,0.005405837346476396,0.32916729833410246,147.177066798732,0.9249999771908235,483.37227669272687,447.1193449154487,36.252931777278114,0.7612162363815722,0.007806852562977466,0.005405837346476393,0.3291672717783069,147.17703571239522,0.9249999771908195,483.37221359254306,447.1192865477783,36.252927044764775,0.7612161382108,0.07452842637683357,0.07212741111179796,0.32916723707110096,147.17699508398172,0.9249999771908143,483.37213112348974,447.1192102639033,36.252920859586396,0.7612159273420734,0.07452848372135583,0.07212746833852311,0.32916717345448265,147.1769206140834,0.9249999771908047,483.3719799617028,447.11907043924924,36.25290952245355,0.7588143009472401,,,0.101,180.63616812880437,1788.4769121663799,1788.4769025447447,9.621635054260892e-06,55.44278427715777,0.24118569905275997,,,225.57375444435837,0.00012328407922835143,96.9967144110741,,,,31.187253048103347,6.164189665142839e-05,3.0448645383160455,1039.4559850375958,0.0,0.0,0.0,105.60872807981973
149,1,150,0.1016,1.5550154872460788e-05,8.938290386387661e-05,1034.6949397769558,,,,0,3.981618568680067e-14,1,2032.1265441629132,2032.1265441629132,5.6180404509945914e-14,325.14024706606614,67.46660126620873,0.3334074145998808,,,303.8895000529825,2032.1265286127584,1950.8414110255867,81.28505879273291,2032.12646981832,5.8794438481635956e-05,0.83919708220045,0.052326138961886336,0.05065545979437074,0.15576928922841124,101.37179990232866,0.96,677.897584442461,650.7816810647626,27.115903377698494,0.7739359966376425,0.07205491501474218,0.06901789163628165,0.15577351041867535,101.29651560520857,0.96,677.3757840586956,650.2807526963477,27.095031362347818,0.7193020175920143,0.08742366572633145,0.08281852300451238,0.15577786922497758,101.22118454544528,0.96,676.8531013171632,649.7789772644767,27.074124052686606,,,,597.2974448483874,1950.8414110255867,1804.528249341898,146.31314743561984,1950.841396777518,1.4248069047359132e-05,0.7680480456852034,0.23337787034165086,0.2265460610380478,0.3309992745806164,149.32442407152112,0.9249999781236452,487.71047558780407,451.13217924939136,36.57829633841274,0.7680480456851753,0.23337787034165086,0.2265460610380478,0.3309992478336206,149.32439267842966,0.9249999781236433,487.710412464737,451.1321208605548,36.57829160418223,0.7680479474800819,0.07626893812675081,0.06943712885746905,0.3309992128772252,149.32435164992415,0.9249999781236409,487.7103299674299,451.1320445505463,36.57828541688361,0.7680477365403386,0.07626899532083027,0.06943718612256507,0.33099914880541875,149.3242764485125,0.9249999781236363,487.7101787575467,451.13190468140544,36.578274076141255,0.7588152770953717,,,0.101,182.25735318353168,1804.528249341898,1804.528239720228,9.621669813274525e-06,55.940375729598834,0.24118472290462833,,,227.59824564824658,0.00017876632373903294,97.86724562874603,,,,48.7496264571734,8.938282660466253e-05,3.0721917753907992,1034.6949397769556,0.0,0.0,0.0,105.12500588133871
150,1,151,0.1016,1.5540232514477927e-05,8.944397646350247e-05,1036.5487012004558,,,,0,3.9815965441649175e-14,1,2032.1294127205445,2032.1294127205445,5.6180402410689006e-14,325.1407060352871,67.46669650232208,0.33340741460044565,,,303.8899137235632,2032.1293971803118,1950.8441649847823,81.28517354103269,2032.1293385258152,5.8654496640076535e-05,0.8398008564103111,0.05151205524231461,0.05090828103245347,0.1557692816172765,101.37193784894197,0.96,677.8985400478098,650.7825984458973,27.11594160191245,0.7745358857606738,0.07043578258013489,0.06983589345710352,0.155773502564018,101.2966534953635,0.96,677.3767402940647,650.2816706823021,27.095069611762632,0.7196885577703552,0.08482392329217507,0.08443738311383409,0.1557778611260681,101.22132237925777,0.96,676.8540581839407,649.779895856583,27.0741623273576,,,,597.2988144704932,1950.8441649847823,1804.5307967368562,146.3133539780627,1950.8441507149191,1.4269862992934277e-05,0.7680491295087634,0.005405837367231146,0.005404753543671174,0.3309995662260156,149.3247663773943,0.9249999781251467,487.7111638715875,451.13281591260824,36.57834795897925,0.7680491295087353,0.005405837367231154,0.005404753543671166,0.33099953952259764,149.32473503543713,0.924999978125143,487.71110085143323,451.1327576189652,36.57834323246808,0.7680490314609211,0.07208759571470112,0.07208651173386185,0.33099950462159505,149.32469407192895,0.9249999781251383,487.7110184849429,451.13268142996105,36.57833705498182,0.7680488208531464,0.07208765342593589,0.07208656911312813,0.33099944064797965,149.32461898573288,0.9249999781251298,487.71086750695554,451.13254177532195,36.57832573163358,0.7612162922911181,,,0.101,182.2576104704225,1804.5307967368562,1804.5307871152254,9.621630971635141e-06,55.94045469884255,0.23878370770888202,,,227.59856695082195,0.00017888815919097584,97.86738378885343,,,,46.89790579615883,8.944384116473748e-05,3.072196111331566,1036.5487012004558,0.0,0.0,0.0,105.31334804196631
151,1,152,0.1016,1.5511330383053378e-05,3.916388381235353e-05,1039.4561136150796,,,,0,3.981538663480391e-14,1,2032.1294345448457,2032.1294345448457,5.618039792069565e-14,325.1407095271754,67.46669722688887,0.3334074146023419,,,303.88991693359054,2032.1294190335154,1950.844186356654,81.28517443152727,2032.1293607881812,5.824533425764543e-05,0.8399620728215671,0.05107928447526636,0.050918068064010384,0.15576928156418596,101.37193881119218,0.96,677.8985467136552,650.7826048451088,27.115941868546262,0.7746360851622534,0.0698737216476115,0.06977352224603199,0.15577350250306488,101.29665456543256,0.96,677.3767477147333,650.2816778061439,27.095069908589334,0.7197233193703263,0.08425943260488448,0.08422467100491339,0.15577786105686925,101.22132355696581,0.96,676.8540663597927,649.779903705401,27.074162654391674,,,,597.2988226793093,1950.844186356654,1804.5308117492348,146.31335992503918,1950.844171674274,1.4682379986951302e-05,0.7680491378349865,0.22654606101851987,0.22654605269229677,0.3309995680365084,149.32476844739634,0.924999975882512,487.71116914721375,451.13281969880455,36.57834944840925,0.7680491378349584,0.22654606101851987,0.22654605269229677,0.33099954132466614,149.3247370955514,0.92499997588251,487.71110610717744,451.13276138677145,36.578344720406,0.7680490397582735,0.07148808313681888,0.0714880748394664,0.33099950641380066,149.32469612046737,0.9249999758825075,487.711023717411,451.1326851762382,36.578338541172805,0.7680488290927645,0.071488140853626,0.07148813261400792,0.3309994424245279,149.3246210158942,0.9249999758825026,487.7108727024718,451.1325454874207,36.57832721505113,0.768048101614249,,,0.101,182.2576119866727,1804.5308117492348,1804.530802127615,9.62161973237466e-06,55.94045516422628,0.23195189838575103,,,227.5985741718966,7.83277734212735e-05,97.86738689391554,,,,43.9903554761501,3.916384989936997e-05,3.072196144520983,1039.4561136150799,0.0,0.0,0.0,105.6087411432921
152,1,153,0.1016,1.5510948320691e-05,8.93665718373519e-05,1037.962437652029,,,,0,3.9816053623025264e-14,1,2034.7692001869243,2034.7692001869243,5.618040210889549e-14,325.56307202990786,67.55433744620589,0.33340741460249784,,,304.2709186266698,2034.769184675976,1953.3783613806338,81.39076505752637,2034.7691264381604,5.8237815651999784e-05,0.8401815065702156,0.05104639314932531,0.0508269594006768,0.15576243296037742,101.4995641707155,0.96,678.781851749348,651.630577679374,27.15127406997392,0.7750490641741884,0.06998513820865314,0.06957215919671803,0.15576645985086332,101.42365655731838,0.96,678.2566821404273,651.1264148548103,27.130267285617084,0.7203749505281645,0.08455286693212255,0.08390123577428443,0.1557706259760961,101.3476978986359,0.96,677.7305925483848,650.6213688464495,27.109223701935367,,,,598.5600216265273,1953.3783613806338,1806.8749284352853,146.50341871557387,1953.378347150859,1.4229774914487942e-05,0.7690468446364052,0.005404753634593679,0.004407046833175038,0.3312681519432115,149.64006825091272,0.9249999781510604,488.3447129763086,451.7188488332713,36.625864143037305,0.7690468446363771,0.005404753634593688,0.0044070468331750285,0.33126812521319476,149.6400368655438,0.9249999781510568,488.34464995585853,451.7187905393546,36.625859416503914,0.7690467465906156,0.07202616121193836,0.07102845437959643,0.3312680902788156,149.63999584692615,0.9249999781510522,488.3445675922522,451.7187143530183,36.62585323923387,0.7690465359923967,0.0720262188924753,0.07102851199284307,0.3312680262469421,149.63992066314464,0.9249999781510437,488.3444166264398,451.718574709641,36.62584191679879,0.7680491853468865,,,0.101,182.49436777196382,1806.8749284352853,1806.8749188136144,9.621670764627363e-06,56.01312278149384,0.23195081465311354,,,227.8942231354943,0.00017873378541256226,97.99451594826253,,,,47.36313847348923,8.936651077075222e-05,3.0761869718557944,1037.9624376520287,0.0,0.0,0.0,105.45698366544613
153,1,154,0.1016,1.55111200861115e-05,8.940591325032722e-05,1036.1090594269679,,,,0,3.9816199814701196e-14,1,2034.772334424417,2034.772334424417,5.6180404035305416e-14,325.56357350790677,67.55444150289064,0.3334074146024292,,,304.27137140279365,2034.7723189132969,1953.3813702452042,81.39089042688352,2034.7722606720877,5.824120920131117e-05,0.8402799729579121,0.05094767075478366,0.05084920436708711,0.15576242508605967,101.49971515969429,0.96,678.7828958081452,651.6315799758194,27.151315832325807,0.7751394195833015,0.06978134182760867,0.06969098641849568,0.15576645170913278,101.42380748229775,0.96,678.2577268821001,651.1274178068161,27.130309075284014,0.7204296181003517,0.08420878682188672,0.08415411924969948,0.1557706175660787,101.3478487608016,0.96,677.7316379818425,650.6223724625688,27.10926551927369,,,,598.561520087197,1953.3813702452042,1806.8777116140204,146.50364437676075,1953.3813559907815,1.4254422609240967e-05,0.7690480288633543,0.22654605267527855,0.2265448684483294,0.3312684709166589,149.64044277751796,0.9249999781520164,488.34546500825525,451.7195444632724,36.62592054498283,0.7690480288633262,0.22654605267527855,0.2265448684483294,0.33126844422464735,149.6404114367588,0.9249999781520143,488.34540207748165,451.71948625230715,36.62591582517447,0.7690479309562762,0.0714601619536829,0.07145897758802223,0.3312684093394991,149.64037047592757,0.9249999781520115,488.34531983004206,451.71941017342596,36.62590965661609,0.7690477206543976,0.07146021975075506,0.07145903508875413,0.33126834539695,149.64029539699266,0.9249999781520063,488.34516907500245,451.71927072501506,36.62589834998737,0.7680491936901278,,,0.101,182.4946488730161,1806.8777116140204,1806.877701992373,9.621647616703476e-06,56.01320906003463,0.23195080630987222,,,227.89457419083465,0.00017881222921127025,97.99466690205891,,,,49.21874915418132,8.940581868216457e-05,3.0761917093373543,1036.109059426968,0.0,0.0,0.0,105.26868043777993
154,1,155,0.1016,1.5507158383165025e-05,4.00873749609298e-05,1039.4561106391197,,,,0,3.981579636414979e-14,1,2034.7725838993704,2034.7725838993704,5.6180401083166176e-14,325.5636134238993,67.5544497854591,0.3334074146026004,,,304.2714074505706,2034.772568392212,1953.3816097971292,81.39090040821367,2034.7725102053428,5.8186869299002026e-05,0.8404049664786744,0.05089956079765215,0.05077456727688988,0.15576242446430144,101.49972708226359,0.96,678.7829782502482,651.6316591202383,27.151319130009902,0.7752567155790687,0.06970163890311741,0.06958434290735009,0.15576645106095363,101.42381949816215,0.96,678.2578100589193,651.1274976565625,27.13031240235678,0.7205016391440825,0.08409943958998448,0.08402741854625372,0.15577061689105026,101.3478608701449,0.96,677.7317218961753,650.6224530203283,27.109268875846986,,,,598.5616370665311,1953.3816097971292,1806.8779286391114,146.50366649086465,1953.3815951299762,1.4667153070375767e-05,0.7690481228460778,0.004407046849039842,0.004406952866316395,0.33126849583386775,149.64047198114065,0.9249999760128271,488.34552471028667,451.7195986429866,36.62592606730006,0.7690481228460496,0.00440704684903985,0.004406952866316388,0.33126846915985186,149.64044066151035,0.9249999760128234,488.34546182194794,451.71954047127304,36.62592135067491,0.7690480250038848,0.07126943594898912,0.07126934190138051,0.33126843429760044,149.64039972756225,0.9249999760128186,488.34537962849976,451.71946444233305,36.625915186166694,0.7690478148390232,0.07126949369879874,0.07126939951417319,0.3312683703956701,149.64032469631792,0.9249999760128098,488.34522896924176,451.71932508251876,36.62590388672297,0.7690469004756816,,,0.101,182.49467079255027,1806.8779286391114,1806.8779190174992,9.62161215500351e-06,56.01321578781245,0.2309530995243184,,,227.89460669500198,8.017475229708085e-05,97.99468087885084,,,,45.871724932659646,4.008734035022373e-05,3.0761920855350358,1039.45611063912,0.0,0.0,0.0,105.60874084093456
155,1,156,0.1016,1.5507477888657096e-05,6.363483718307125e-05,1039.4559629734006,,,,0,3.981616637498706e-14,1,2038.2579769649378,2038.2579769649378,5.61804029270594e-14,326.12127631439006,67.67016483523594,0.33340741460247614,,,304.77552717084194,2038.25796145746,1956.7275871336938,81.5303161305707,2038.257903264264,5.819319573271578e-05,0.8407159244067468,0.05094014312967575,0.05062918520160333,0.15575371079585895,101.67364344984122,0.96,679.9840897470741,652.7847261571911,27.19936358988303,0.7758211331149938,0.06985931436470852,0.06929489682878352,0.1557577178943057,101.59189799090755,0.96,679.4199040097617,652.2431078493712,27.176796160390527,0.7213548032658293,0.08441990966544496,0.08356674554369803,0.1557618907219241,101.50998573009315,0.96,678.8539095074284,651.6997531271313,27.15415638029714,,,,600.2295188599358,1956.7275871336938,1809.9729608280898,146.7546119260956,1956.7275727541855,1.4379508032472996e-05,0.7703654369221677,0.22654486852939243,0.22522755445330245,0.3316235262460454,150.0574425560982,0.9249999775290525,489.18201914103156,452.4933567130707,36.68866242796085,0.7703654369221397,0.22654486852939243,0.22522755445330248,0.33162349953147185,150.05741117272336,0.9249999775290502,489.1819562393247,452.4932985289921,36.68865771033258,0.7703653390602371,0.07183547253074456,0.0705181584743923,0.3316234646167976,150.05737015614997,0.9249999775290472,489.1818740297819,452.49322248516546,36.68865154461649,0.7703651288552089,0.07183553024178338,0.07051821622559772,0.3316234006200622,150.05729497496418,0.9249999775290416,489.18172334404755,452.49308310086184,36.6886402431857,0.7690480846215677,,,0.101,182.8072690436371,1809.9729608280898,1809.9729512065212,9.621568605080776e-06,56.109161785670786,0.2309519153784323,,,228.2849675652209,0.00012726943535965325,98.16253605304499,,,,48.356543005286575,6.363471343082977e-05,3.081461341759754,1039.4559629734008,0.0,0.0,0.0,105.6087258380975
156,1,157,0.1016,1.5506926541455014e-05,6.616822935939134e-05,1039.4559285691657,,,,0,3.9816192507349e-14,1,2039.1195656860828,2039.1195656860828,5.6180404038323977e-14,326.25913050977323,67.69876958077795,0.33340741460269724,,,304.90033252624625,2039.1195501791562,1957.5547123169401,81.5647796798725,2039.119491996813,5.8182343368548824e-05,0.8408965029447304,0.050824664048939795,0.05064408551095617,0.1557516387487362,101.71721909208622,0.96,680.2845697513802,653.0731869613251,27.211382790055175,0.7760681864092122,0.069633002435881,0.06938594914166256,0.1557556609086801,101.63346109646562,0.96,679.7068435555767,652.5185698133537,27.188273742223036,0.7216357572857172,0.08405574119172983,0.08377478717184203,0.1557598502712963,101.54965233769441,0.96,679.1280786898558,651.9629555422615,27.165123147594286,,,,600.6422870156197,1957.5547123169401,1810.738051815828,146.81664614245028,1957.5546979582782,1.4358661995095067e-05,0.7706910767138933,0.004406952902878022,0.004081313111152462,0.3317113611685333,150.16063461019434,0.9249999776274114,489.3888004157945,452.68462943571564,36.70417098007887,0.7706910767138652,0.004406952902878019,0.0040813131111524644,0.3317113344509396,150.16060321927927,0.9249999776274079,489.38873752727886,452.68457126383834,36.70416626344049,0.7706909788724219,0.07122212408809143,0.0708964842759066,0.33171129953228146,150.16056219280853,0.9249999776274035,489.3886553348915,452.6844952358797,36.7041600990118,0.7706907687111485,0.07122218157224364,0.07089654171630407,0.3317112355281218,150.1604869933376,0.9249999776273952,489.3885046803134,452.68435588039426,36.70414879991912,0.7690481785677296,,,0.101,182.88454323339863,1810.738051815828,1810.7380421941857,9.62164233272532e-06,56.132879606290665,0.23095182143227047,,,228.38146530955368,0.0001323373785086111,98.20403008310808,,,,48.97143271170657,6.616829342869568e-05,3.082763901011329,1039.455928569166,0.0,0.0,0.0,105.60872234262723
157,1,158,0.1016,1.5501407667267873e-05,8.937559174641251e-05,1025.8556886850376,,,,0,3.981670835246763e-14,1,2039.1506499098923,2039.1506499098923,5.6180354494793634e-14,326.2641039855828,67.69980157700842,0.33340741460304635,,,304.9048364561082,2039.1506344084846,1957.5845532513265,81.56602305213868,2039.1505763034652,5.810501934144845e-05,0.8409409595694913,0.05071235038163918,0.050667893756878246,0.155751568101272,101.71872148663627,0.96,680.2949263386204,653.0831292850754,27.21179705354488,0.7761034937829763,0.06946099853173814,0.06942569115797405,0.1557555873661825,101.63496241931523,0.96,679.7172050799018,652.5285168767057,27.188688203196076,0.721657255098281,0.08384346862284814,0.0838219708102843,0.155759773827855,101.55115255015671,0.96,679.1384448849432,651.9729070895454,27.16553779539771,,,,600.6571829187133,1957.5845532513265,1810.7656559142895,146.81888310715905,1957.5845390214486,1.422987799709156e-05,0.770702825208932,0.22522755444257514,0.22521580594753643,0.3317145307282603,150.16435859819669,0.9249999781973447,489.39626070404324,452.691530481102,36.70473022294123,0.7707028252089039,0.22522755444257514,0.22521580594753643,0.33171450400552344,150.16432720109475,0.9249999781973423,489.39619780415336,452.69147229870407,36.70472550544929,0.770702727349923,0.07093232065208352,0.07092057217458245,0.3317144690802306,150.16428616664015,0.924999978197339,489.3961155971046,452.6913962571842,36.70471933992041,0.7707025171513334,0.07093237962169616,0.07092063118151123,0.3317144050641191,150.16421095278167,0.9249999781973333,489.3959649161474,452.6912568772993,36.704708038848146,0.7703654926545469,,,0.101,182.88733124734324,1810.7656559142895,1810.7656462926539,9.621635674804166e-06,56.133735333342976,0.22963450734545315,,,228.3849455122191,0.0001787517261459473,98.20552657025422,,,,62.59393006444491,8.937555508558992e-05,3.082810894919092,1025.8556886850376,0.0,0.0,0.0,104.22693797039982
158,1,159,0.1016,1.5500113607002204e-05,8.939180059392251e-05,1027.7378890720743,,,,0,3.981663771169347e-14,1,2039.1533101383939,2039.1533101383939,5.618036524409108e-14,326.264529622143,67.69988989659467,0.33340741460310525,,,304.9052219146017,2039.1532946382802,1957.5871070889327,81.56612946203889,2039.1532365509715,5.808730857869453e-05,0.8409469457031974,0.05067831134901116,0.05067232521530511,0.15575156205551927,101.71885010824863,0.96,680.29581296691,653.0839804482337,27.211832518676392,0.7761060747076707,0.06943037500367326,0.06942779407897881,0.15575558107473608,101.63509090530582,0.96,679.7180918280809,652.5293681549576,27.188723673123263,0.7216585235756421,0.08382150466219658,0.08382023618483557,0.15575976729018642,101.55128090104728,0.96,679.1393317559805,651.9737584857413,27.165573270239232,,,,600.6584576821936,1957.5871070889327,1810.768018194782,146.81907464257705,1957.587092837359,1.425157358728385e-05,0.7707038306133269,0.004081313121370354,0.00408030771697542,0.33171480196566167,150.1646772807668,0.9249999781977707,489.3968991412173,452.6921210356826,36.704778105534736,0.7707038306132988,0.0040813131213703535,0.004080307716975421,0.33171477524691384,150.1646458883391,0.9249999781977675,489.3968362507791,452.69206286202706,36.70477338875204,0.770703732767889,0.07091271815710358,0.07091171273913754,0.3317147403262736,150.16460485933493,0.9249999781977634,489.3967540547645,452.6919868307133,36.70476722405116,0.7707035225961072,0.07091277008102957,0.07091176463625581,0.33171467631723134,150.16452965375274,0.9249999781977558,489.3966033905981,452.691847466359,36.70475592423913,0.7706911324360545,,,0.101,182.88756983767297,1810.768018194782,1810.7680085731577,9.621624180250017e-06,56.13380856403824,0.2293088675639455,,,228.3852434779274,0.00017878405956968819,98.20565469550877,,,,60.713628538254056,8.939174594485773e-05,3.082814916590622,1027.7378890720745,0.0,0.0,0.0,104.41816952972275
159,1,160,0.1016,1.550002806540648e-05,8.93837605189123e-05,1030.8285260510672,,,,0,3.981651641240543e-14,1,2039.1533723576983,2039.1533723576983,5.6180376555374936e-14,326.26453957723174,67.69989196227559,0.33340741460317225,,,304.9052309301105,2039.1533568576704,1957.5871668208947,81.5661319508707,2039.1532987717655,5.8085904845323794e-05,0.840940725975368,0.05067329484699711,0.05067951457482653,0.15575156191464207,101.71885310546733,0.96,680.2958336276403,653.0840002825346,27.211833345105656,0.7761054044504845,0.06942851792073018,0.06942918817791646,0.15575558092759642,101.63509391033504,0.96,679.7181125673202,652.5293880646275,27.1887245026928,0.7216556421635655,0.08382689535790429,0.0838297767699808,0.15575976713670792,101.55128391430817,0.96,679.1393525768049,651.9737784737326,27.16557410307224,,,,600.6584874974452,1957.5871668208947,1810.7680734457426,146.81907912278828,1957.5871525685309,1.4252363934985796e-05,0.7707038542086742,0.22521580593890123,0.22521578234355394,0.3317148083305061,150.16468475895365,0.9249999781975793,489.3969141228367,452.6921348935865,36.70477922925016,0.7707038542086461,0.22521580593890123,0.22521578234355394,0.3317147816061186,150.16465335989972,0.9249999781975768,489.3968512191256,452.6920767076539,36.70477451147169,0.7707037563311473,0.07095347534412268,0.07095345178086439,0.33171474667166784,150.16461231466877,0.9249999781975736,489.396768990605,452.6920006462725,36.70476834433244,0.770703546066995,0.07095356114585641,0.07095353767496856,0.33171468262418674,150.16453706392315,0.9249999781975676,489.3966182359637,452.6918611982297,36.70475703773399,0.7707028809397285,,,0.101,182.88757541802002,1810.7680734457426,1810.7680638241136,9.621629093670398e-06,56.13381027681802,0.2292971190602716,,,228.38525044768014,0.00017876802454871183,98.20565769250247,,,,57.62303594629365,8.938370635072744e-05,3.0828150108154624,1030.8285260510675,0.0,0.0,0.0,104.73217824678842
160,1,161,0.1016,1.5500067199770956e-05,8.939472849284173e-05,1030.4179935237676,,,,0,3.981653384306533e-14,1,2039.1509358907958,2039.1509358907958,5.6180382782826524e-14,326.26414974252737,67.69981107157442,0.33340741460315976,,,304.9048778962192,2039.1509203907287,1957.5848278118663,81.5660344921612,2039.1508623040277,5.808670105179016e-05,0.8408045880284202,0.050663560661093884,0.050799698608041684,0.1557515674535309,101.71873526674622,0.96,680.2950213292288,653.0832204760596,27.211800853169194,0.776083151505603,0.06942591393754818,0.06944816688242965,0.15575558668980435,101.63497623215443,0.96,679.7173004095163,652.5286083931355,27.18869201638072,0.7216984606215117,0.0837924571384378,0.08374963868049172,0.15575977312251868,101.55116639731855,0.96,679.1385405652823,651.972998942671,27.165541622611276,,,,600.6573199782276,1957.5848278118663,1810.7659099012324,146.8189036997228,1957.584813600955,1.4210911456845187e-05,0.7707029373150398,0.0040803077240469865,0.004081224617681383,0.33171456074163885,150.16439386155554,0.9249999781978083,489.3963313492218,452.69159582811756,36.704735521104254,0.7707029373150117,0.004080307724046991,0.004081224617681379,0.33171453358890407,150.16436195923876,0.9249999781978053,489.3962674372118,452.6915367095082,36.70473072770356,0.770702837895012,0.07075509641690057,0.07075601485303576,0.3317144981091447,150.16432027332786,0.9249999781978013,489.39618392507,452.6914594607769,36.70472446429307,0.7707026243713384,0.07075501927853849,0.0707559409741951,0.33171443309265847,150.1642438841055,0.9249999781977941,489.39603088945137,452.6913179028295,36.704712986621885,0.7707038863370518,,,0.101,182.88735690002446,1810.7659099012324,1810.765900279609,9.621623234698836e-06,56.133743206938206,0.22929611366294822,,,228.38497752448592,0.0001787899022446504,98.20554033552895,,,,58.03182943533441,8.939466559153294e-05,3.082811336896402,1030.4179935237678,0.0,0.0,0.0,104.69046814201478
161,1,162,0.13994,1.549997360634926e-05,6.491031240980671e-05,1037.6594017007587,,,,0,3.9816259953821356e-14,1,2039.1180952014943,2039.1180952014943,5.618040131305982e-14,326.2588952322391,67.69872076068961,0.33340741460319745,,,304.9001194738939,2039.1180797015206,1957.553300751994,81.56472086466647,2039.1180216166606,5.8084860130967334e-05,0.839786172762012,0.05053852214464233,0.05155693741105063,0.1557516421996526,101.71714573337066,0.96,680.2840640556922,653.0727014934645,27.211362562227748,0.7750250198085816,0.06938788744659659,0.07044601914361796,0.15575566438894592,101.63339007582347,0.96,679.7063533942952,652.5180992585234,27.188254135771786,0.7209914037242677,0.08402557933562825,0.08473263623287215,0.15575985377180257,101.54958366469975,0.96,679.127604166673,651.9625000000061,27.165104166666936,,,,600.6415823948355,1957.553300751994,1810.7367460463024,146.81654036160083,1957.553286407903,1.4344090869714367e-05,0.7706905253109563,0.22521578233701275,0.22522819434109628,0.33171121216219507,150.16045953924075,0.9249999775837533,489.3884497004704,452.68430500268283,36.704144697787534,0.7706905253109282,0.22521578233701275,0.22522819434109628,0.33171118498370017,150.16042760681236,0.9249999775837505,489.38838572703804,452.68424582725805,36.70413989977999,0.7706904257816278,0.07170057857693077,0.07171299069031502,0.33171114946269836,150.16038587264774,0.924999977583747,489.3883021167927,452.6841684877812,36.70413362901147,0.7706902119950484,0.07170127275464601,0.07171368513093603,0.3317110843545792,150.16030937613465,0.9249999775837405,489.388148863602,452.68402672858014,36.70412213502185,0.7707039099389402,,,0.101,182.88441135067654,1810.7367460463024,1810.7367364246666,9.62163583576845e-06,56.132839127435375,0.22929609006105975,,,228.38130069196768,0.0001298207844336037,98.20395929754609,,,,50.76690624974386,6.491025613873877e-05,3.0827616883985605,1037.659401700759,0.0,0.0,0.0,145.2100566740042
162,1,163,0.13994,1.5499143108339986e-05,6.161873257151088e-05,1039.4549645489192,,,,0,3.9810777730088927e-14,1,2006.4580495942128,2006.4580495942128,5.618036538542619e-14,321.03328793507404,66.61440724652786,0.3334074146035265,,,300.22004046283195,2006.4580340950697,1926.199656985509,80.25831904106295,2006.4579760265717,5.8068497991400436e-05,0.8370827792375984,0.05010751427396509,0.052810907798378555,0.15585528223374712,100.14327760724977,0.96,669.3126641532024,642.5401575870743,26.77250656612815,0.7698937593808005,0.06795236937377436,0.07308362980155546,0.15586130065122286,100.07325053173906,0.96,668.8188079295164,642.0660556123358,26.752752317180626,0.7129640515641478,0.0811267516140411,0.08915410377416108,0.15586741618448244,100.00351232384311,0.96,668.3265039438528,641.5934437860986,26.733060157754167,,,,585.1242418733945,1926.199656985509,1781.7346253234527,144.46501729585316,1926.1996426193061,1.4366202884144644e-05,0.7583465710087818,0.004081223714779773,0.01642517801695433,0.32840150789846884,146.2811233121037,0.9249999771054919,481.5500387258711,445.4337747965795,36.11626392929165,0.7583465710087537,0.004081223714779778,0.016425178016954325,0.32840148105822337,146.28109192742625,0.9249999771054888,481.5499747661715,445.43371563385733,36.11625913231417,0.7583464715008382,0.06682307897683155,0.0791670332576211,0.3284014459792876,146.28105090913357,0.9249999771054849,481.5498911738478,445.4336383109579,36.11625286288989,0.7583462577601132,0.06681994563907283,0.07916389987400803,0.32840138168141325,146.28097572473098,0.9249999771054775,481.5497379534156,445.4334965820582,36.11624137135745,0.7707029939482075,,,0.101,179.95519715766875,1781.7346253234527,1781.7346157017043,9.621748456342227e-06,55.23377338502703,0.22929700605179254,,,224.7233758240106,0.00012323767079329997,96.63105160432455,,,,25.844699801379267,6.16186207325301e-05,3.033385871278487,1039.4549645489194,0.0,0.0,0.0,145.46132773897577
163,1,164,0.13994,1.549984922555828e-05,2.7818745157583224e-05,1039.4561346189773,,,,0,3.981050832281951e-14,1,2004.8283003157694,2004.8283003157694,5.6180362390023066e-14,320.77252805052314,66.56029957048355,0.33340741460320766,,,299.9891753100386,2004.8282848159204,1924.6350976645463,80.1931290693562,2004.8282267339025,5.8082017821337136e-05,0.8358948722882693,0.05123167780634434,0.05241958475567349,0.15586244086498185,100.06014213153198,0.96,668.7263085443143,641.9772562025416,26.74905234177263,0.7685248171872178,0.07028848883561391,0.07165743102919662,0.155868047328756,99.99639331326843,0.96,668.2762213708975,641.5451725160616,26.731048854835905,0.7118153959953524,0.085025651446316,0.08617430701511129,0.15587375621439226,99.93263986523823,0.96,667.8256968186906,641.1126689459429,26.713027872747674,,,,584.3568454522037,1924.6350976645463,1780.2874007120383,144.34768196839434,1924.6350826804326,1.498411384086226e-05,0.7577306025371461,0.2252281942917348,0.2258441627633704,0.3282374187686735,146.08927415515993,0.9249999736223502,481.1588987452747,445.0719686475382,36.08693009773654,0.757730602537118,0.2252281942917348,0.22584416276337044,0.32823739194414486,146.0892427962662,0.9249999736223472,481.1588347834988,445.07190948289565,36.0869253006031,0.7577305030259629,0.0731240569178296,0.07374002539270497,0.3282373568857587,146.08920181168142,0.9249999736223432,481.15875118848123,445.07183215750473,36.08691903097649,0.7577302892783352,0.07313941385903111,0.0737553823408091,0.32823729262557877,146.0891266890962,0.924999973622336,481.15859796317784,445.07169042409964,36.086907539078204,0.7706905819934854,,,0.101,179.80902747191587,1780.2874007120383,1780.287391090375,9.62166335864362e-06,55.18890942207319,0.22930941800651458,,,224.54085114337704,5.5637378701797185e-05,96.55256599165212,,,,24.698997071304735,2.7818695265404697e-05,3.030921997378562,1039.4561346189773,0.0,0.0,0.0,145.4614914785797
164,1,165,0.13994,1.5549084389560156e-05,6.461101191160912e-05,1035.95849077125,,,,0,3.981147412143628e-14,1,2005.1631610040095,2005.1631610040095,5.6180373089606845e-14,320.8261057606415,66.57141694533311,0.333407414600971,,,300.0365891095045,2005.1631454549251,1924.9565632256529,80.20652346773555,2005.1630866933885,5.8761536475140355e-05,0.835748650910142,0.05207244909432469,0.0522186704724519,0.15586099778964263,100.07674069538443,0.96,668.8434333759479,642.0896960409101,26.75373733503792,0.7685576035376375,0.07146412141932984,0.07143133506891022,0.15586665076338282,100.01216522655699,0.96,668.3876138187861,641.6521092660347,26.73550455275144,0.7120043645458622,0.08621155534539608,0.08602258679488625,0.15587239993037474,99.94768318756311,0.96,667.9320394986545,641.2147579187083,26.717281579946196,,,,584.5144697217937,1924.9565632256529,1780.584763810926,144.37178504976262,1924.9565488606888,1.4364964165710377e-05,0.7578571640233017,0.016425178028775533,0.01629861654261987,0.3282711260110193,146.12868023387915,0.9249999772019792,481.2392652909451,445.14630942282145,36.09295586812365,0.7578571640232737,0.016425178028775543,0.01629861654261986,0.3282710991841185,146.12864887069074,0.9249999772019762,481.23920133163836,445.14625026046275,36.092951071175634,0.7578570645129709,0.07445963324411384,0.07433307175710585,0.32827106412131984,146.1286078789596,0.9249999772019722,481.2391177367219,445.14617293516494,36.0929448015569,0.7578568507607218,0.07438162028882458,0.0742550588064379,0.3282709998487659,146.12853273826425,0.9249999772019651,481.2389645013834,445.1460311924769,36.09293330890644,0.7583466276794897,,,0.101,179.83906114490355,1780.584763810926,1780.5847541888459,9.622080191528152e-06,55.19812767813871,0.24165337232051035,,,224.578348053627,0.0001292230088271862,96.56868966305962,,,,28.43182303897258,6.461102741892439e-05,3.031428243320268,1035.95849077125,0.0,0.0,0.0,144.97203119852873
165,1,166,0.13994,1.5554055305677925e-05,6.488174915801422e-05,1036.7560802192393,,,,0,3.981127096649251e-14,1,2005.1813718678236,2005.1813718678236,5.618037072562193e-14,320.8290194988518,66.57202154601175,0.33340741459985973,,,300.0391678568742,2005.1813563137682,1924.9740455689441,80.20725189870605,2005.1812974676502,5.884611821198897e-05,0.836929556548433,0.052292216387636294,0.05111131074934532,0.15586092304005988,100.07760264713721,0.96,668.8495148372798,642.0955342437885,26.75398059349125,0.7680393377414545,0.07170896405955932,0.07222722985574226,0.15586657483445354,100.01302474435077,0.96,668.3936836319713,641.6579362866925,26.735747345278828,0.7110714788745988,0.08692413671205594,0.08785702238331944,0.15587232281090008,99.9485404653862,0.96,667.938098998399,641.220575038463,26.717523959935967,,,,584.5230424320694,1924.9740455689441,1780.6009349819597,144.37309619869697,1924.9740311806565,1.4388287570165912e-05,0.7578640546342985,0.2258441627618824,0.2258372721508855,0.32827296149627877,146.1308260931647,0.9249999772152037,481.24364133852015,445.1503572730927,36.09328406542741,0.757864054634271,0.22584416276188252,0.2258372721508854,0.32827293444891364,146.13079447214912,0.9249999772152011,481.24357685403965,445.1502976249485,36.093279229091124,0.7578639519974926,0.07529351556445285,0.0752866280799312,0.328272897987318,146.13075184497936,0.924999977215199,481.2434899247835,445.15021721538756,36.09327270939592,0.757863726441244,0.07566918686735057,0.07566231118682844,0.3282728279989797,146.13067002177618,0.9249999772151977,481.24332306331326,445.15006286853077,36.09326019478252,0.7577306592093421,,,0.101,179.84069443317793,1780.6009349819597,1780.6009253601937,9.621765776925832e-06,55.198628984440745,0.24226934079065793,,,224.58038766151174,0.00012976373275360578,96.56956669445005,,,,27.647019148364077,6.488163592030561e-05,3.0314557877073063,1036.7560802192395,0.0,0.0,0.0,145.08364586588036
166,1,167,0.1016,1.555394147049138e-05,5.5542440805736664e-05,1039.4560366944215,,,,0,3.9810584842469354e-14,1,2005.1912912696523,2005.1912912696523,5.6180362988648195e-14,320.8306066031444,66.57235087015246,0.33340741459969303,,,300.0405725111752,2005.1912757157108,1924.9835681940108,80.20764867475039,2005.191216868761,5.884694976329719e-05,0.855648921662762,0.05362120152538408,0.0349018364110552,0.15586088240187057,100.07807134390666,0.96,668.8528216749334,642.098708807936,26.754112866997314,0.7834705546244215,0.07006287443936614,0.054631657556399135,0.1558665334826303,100.01349293656948,0.96,668.3969899191759,641.6611103224088,26.735879596767017,0.7195027135695956,0.08103687701675161,0.0726056423217547,0.1558722807392078,99.94900823069904,0.96,667.941405274652,641.2237490636659,26.717656210986053,,,,584.5277121399353,1924.9835681940108,1780.6097435943786,144.37381123845228,1924.9835548328308,1.3361180011437164e-05,0.7693148267446552,0.01629861654462475,0.004847844434268213,0.32827478052923376,146.13295271516245,0.9249999768175521,481.24797831723953,445.1543687869403,36.09360953029919,0.7693148267446271,0.016298616544624653,0.004847844434268311,0.3282740667905255,146.13211828302576,0.9249999768174618,481.24627667964546,445.1527947721618,36.09348190748363,0.7660483656359031,0.07010557712943014,0.061921163491019594,0.3282736141949077,146.13158915379893,0.9249999768174331,481.24519763571755,445.1517966565397,36.093400979177815,0.761635380914901,0.0680583519276633,0.06428669745400628,0.3282731547247871,146.1310519879482,0.9249999768174312,481.24410220022827,445.15078337873666,36.09331882149164,0.7578572206934928,,,0.101,179.84158410303226,1780.6097435943786,1780.6097339726723,9.621706303181646e-06,55.19890205142574,0.24214277930650716,,,224.58149845003052,0.00011108542592943317,96.57004433351312,,,,24.953998687587998,5.554241200048099e-05,3.0663134000400865,1039.4560366944215,0.0,0.0,0.0,105.60873332815322
167,1,168,0.1016,1.5554199721307256e-05,3.025130329949876e-05,1039.4561375666726,,,,0,3.98104379446045e-14,1,2004.0781899303843,2004.0781899303843,5.618035932853336e-14,320.65251038886146,66.53539590568876,0.33340741459959955,,,299.88299735301933,2004.0781743761845,1923.9149909029643,80.16312462095699,2004.0781155239213,5.885226331136311e-05,0.8572008233226203,0.07003230492547856,0.06848040326562017,0.15586600842722706,100.01944312246114,0.96,668.4390071352512,641.7014468498412,26.737560285410105,0.7826197560955686,0.09979357656183716,0.10064437509069012,0.15587118741968217,99.96118559700773,0.96,668.0274701220043,641.3063713171241,26.72109880488025,0.7179106927941327,0.12353624466986528,0.1251282654453282,0.15587650268770203,99.90236863355045,0.96,667.6116382666659,640.9071727359992,26.70446553066664,,,,584.0038650044199,1923.9149909029643,1779.6213035059009,144.293672894663,1923.9149764005635,1.4502400869002597e-05,0.7574472321140536,0.22583727211854443,0.23770486674914604,0.3281619580361374,146.00106248802476,0.9249999741856608,480.9789404688821,444.9055075175625,36.073432951319646,0.7574472321140255,0.22583727211854443,0.23770486674914604,0.3281619169198525,146.0010144267427,0.9249999741856538,480.9788424012082,444.9054168049633,36.07342559624497,0.7574470795405162,0.10359149424690033,0.11219278034228722,0.328161863182564,146.00095161263343,0.9249999741856446,480.9787142307796,444.90529824731567,36.07341598346392,0.7574467518152853,0.10565246573035823,0.10984109482997392,0.3281617646843684,146.00083647701902,0.924999974185628,480.97847929969396,444.9050809360595,36.07339836363445,0.7578641113368308,,,0.101,179.741751654096,1779.6213035059009,1779.6212938842305,9.621670451242751e-06,55.168260408682926,0.24213588866316918,,,224.45683719389106,6.050257409517292e-05,96.51643999337315,,,,24.17256719873995,3.025126004964499e-05,3.029788295583881,1039.4561375666729,0.0,0.0,0.0,105.60874357677393
