,Day,Time,LMP,bypass_pretreatment_flow,excess_solar_power,power_from_grid,intake.op_mode,intake.startup,intake.shutdown,intake.energy_intensity,intake.power_consumption,intake.recovery,intake.feed_flowrate,intake.product_flowrate,intake.reject_flowrate,intake.feed_cost,pretreatment.op_mode,pretreatment.startup,pretreatment.shutdown,pretreatment.power_consumption,pretreatment.feed_flowrate,pretreatment.product_flowrate,pretreatment.reject_flowrate,pretreatment.inlet_flowrate,pretreatment.leftover_flow,pretreatment.chemical_cost,pretreatment.uf_pumps[1].op_mode,pretreatment.uf_pumps[1].startup,pretreatment.uf_pumps[1].shutdown,pretreatment.uf_pumps[1].energy_intensity,pretreatment.uf_pumps[1].power_consumption,pretreatment.uf_pumps[1].recovery,pretreatment.uf_pumps[1].feed_flowrate,pretreatment.uf_pumps[1].product_flowrate,pretreatment.uf_pumps[1].reject_flowrate,pretreatment.uf_pumps[2].op_mode,pretreatment.uf_pumps[2].startup,pretreatment.uf_pumps[2].shutdown,pretreatment.uf_pumps[2].energy_intensity,pretreatment.uf_pumps[2].power_consumption,pretreatment.uf_pumps[2].recovery,pretreatment.uf_pumps[2].feed_flowrate,pretreatment.uf_pumps[2].product_flowrate,pretreatment.uf_pumps[2].reject_flowrate,pretreatment.uf_pumps[3].op_mode,pretreatment.uf_pumps[3].startup,pretreatment.uf_pumps[3].shutdown,pretreatment.uf_pumps[3].energy_intensity,pretreatment.uf_pumps[3].power_consumption,pretreatment.uf_pumps[3].recovery,pretreatment.uf_pumps[3].feed_flowrate,pretreatment.uf_pumps[3].product_flowrate,pretreatment.uf_pumps[3].reject_flowrate,reverse_osmosis.op_mode,reverse_osmosis.startup,reverse_osmosis.shutdown,reverse_osmosis.power_consumption,reverse_osmosis.feed_flowrate,reverse_osmosis.product_flowrate,reverse_osmosis.reject_flowrate,reverse_osmosis.inlet_flowrate,reverse_osmosis.leftover_flow,reverse_osmosis.ro_skid[1].op_mode,reverse_osmosis.ro_skid[1].startup,reverse_osmosis.ro_skid[1].shutdown,reverse_osmosis.ro_skid[1].energy_intensity,reverse_osmosis.ro_skid[1].power_consumption,reverse_osmosis.ro_skid[1].recovery,reverse_osmosis.ro_skid[1].feed_flowrate,reverse_osmosis.ro_skid[1].product_flowrate,reverse_osmosis.ro_skid[1].reject_flowrate,reverse_osmosis.ro_skid[2].op_mode,reverse_osmosis.ro_skid[2].startup,reverse_osmosis.ro_skid[2].shutdown,reverse_osmosis.ro_skid[2].energy_intensity,reverse_osmosis.ro_skid[2].power_consumption,reverse_osmosis.ro_skid[2].recovery,reverse_osmosis.ro_skid[2].feed_flowrate,reverse_osmosis.ro_skid[2].product_flowrate,reverse_osmosis.ro_skid[2].reject_flowrate,reverse_osmosis.ro_skid[3].op_mode,reverse_osmosis.ro_skid[3].startup,reverse_osmosis.ro_skid[3].shutdown,reverse_osmosis.ro_skid[3].energy_intensity,reverse_osmosis.ro_skid[3].power_consumption,reverse_osmosis.ro_skid[3].recovery,reverse_osmosis.ro_skid[3].feed_flowrate,reverse_osmosis.ro_skid[3].product_flowrate,reverse_osmosis.ro_skid[3].reject_flowrate,reverse_osmosis.ro_skid[4].op_mode,reverse_osmosis.ro_skid[4].startup,reverse_osmosis.ro_skid[4].shutdown,reverse_osmosis.ro_skid[4].energy_intensity,reverse_osmosis.ro_skid[4].power_consumption,reverse_osmosis.ro_skid[4].recovery,reverse_osmosis.ro_skid[4].feed_flowrate,reverse_osmosis.ro_skid[4].product_flowrate,reverse_osmosis.ro_skid[4].reject_flowrate,posttreatment.op_mode,posttreatment.startup,posttreatment.shutdown,posttreatment.energy_intensity,posttreatment.power_consumption,posttreatment.feed_flowrate,posttreatment.product_flowrate,posttreatment.reject_flowrate,posttreatment.chemical_cost,brine_discharge.op_mode,brine_discharge.startup,brine_discharge.shutdown,brine_discharge.feed_flowrate,brine_discharge.power_consumption,brine_discharge.brine_cost,power_generation.op_mode,power_generation.startup,power_generation.shutdown,power_generation.power_utilized,power_generation.power_curtailed,num_skids_online,net_power_consumption,water_revenue,demand_response_revenue,emissions_cost,energy_cost
0,1,1,0.1016,0.0,0.0,1407.2966426544108,,,,0,0.0,1,2475.298620764891,2475.298620764891,0.0,396.04777932238255,0.0,,,379.6725906930056,2475.298620764891,2376.2866759343383,99.01194483059753,2475.298620764936,0.0,82.17991420939438,1.0,0.0,0.0,0.15977558370297792,126.55753023101894,0.96,825.099540255063,792.0955586448604,33.003981610202544,1.0,0.0,0.0,0.15977558370297806,126.55753023101938,0.96,825.099540255065,792.0955586448624,33.00398161020263,1.0,0.0,0.0,0.15977558370296202,126.55753023096726,0.96,825.0995402548081,792.0955586446157,33.003981610192355,,,,834.1282047235117,2376.2866759343383,2196.283194236568,180.00348169778863,2376.286675934377,0.0,1.0,-0.0,0.0,0.3825482768221421,212.1591313202806,0.9249474751486725,599.5955586447928,554.594398078859,45.0011605659339,1.0,0.0,0.0,0.38254827682214687,212.15913132028868,0.9249474751486949,599.5955586447936,554.5943980788732,45.001160565920486,1.0,0.0,0.0,0.3825482768221432,212.15913132028157,0.9249474751486736,599.5955586447946,554.5943980788599,45.0011605659347,1.0,0.0,0.0,0.3711752314791777,197.65081076266083,0.9220779220779223,577.5,532.5,45.0,1.0,,,0.101,221.82460261789336,2196.283194236568,2196.283194236568,0.0,68.0847790213336,-0.0,,,279.0154265283475,0.0,119.97663340718942,,,,28.32875538,0.0,4.0,1407.2966426544106,0.0,-0.0,0.0,142.98133889368813
1,1,2,0.1016,0.0,0.0,1408.1911033659042,,,,0,0.0,1,2475.298620764687,2475.298620764687,0.0,396.04777932234987,0.0,,,379.6725906929601,2475.298620764687,2376.286675934123,99.01194483058856,2475.298620764712,0.0,82.1799142093876,1.0,-0.0,-0.0,0.1597755837029626,126.55753023096918,0.96,825.0995402548175,792.0955586446248,33.00398161019273,1.0,-0.0,-0.0,0.1597755837029786,126.55753023102118,0.96,825.099540255074,792.095558644871,33.00398161020299,1.0,-0.0,-0.0,0.15977558370296277,126.55753023096975,0.96,825.0995402548205,792.0955586446277,33.003981610192845,,,,834.1294992007358,2376.286675934123,2196.2855153683977,180.00116056593197,2376.2866759343815,0.0,1.0,-0.0,-0.0,0.38254864333448113,212.15977855889236,0.9249494107299445,599.5955586447875,554.5955586447881,45.0,1.0,0.0,0.0,0.3825482768221442,212.1591313202833,0.9249474751486731,599.5955586447967,554.5943980788629,45.00116056593379,1.0,-0.0,-0.0,0.382548643334486,212.1597785588986,0.9249494107299453,599.595558644797,554.5955586447974,45.0,1.0,-0.0,-0.0,0.37117523147917625,197.65081076266168,0.9220779220779236,577.5,532.5,45.0,1.0,,,0.101,221.82483705220818,2196.2855153683977,2196.2855153683977,0.0,68.08485097642033,-0.0,,,279.01310539626223,0.0,119.97563532039275,,,,27.43582358,0.0,4.0,1408.191103365904,0.0,-0.0,0.0,143.07221610197587
2,1,3,0.1016,0.0,0.0,1409.0406588153692,,,,0,0.0,1,2475.2986207604044,2475.2986207604044,0.0,396.04777932166473,0.0,,,379.67259069240686,2475.2986207604044,2376.2866759315043,99.01194483047945,2475.298620761984,0.0,82.17991420924542,1.0,-0.0,-0.0,0.15977558370297637,126.55753023101384,0.96,825.0995402550377,792.0955586448362,33.003981610201535,1.0,-0.0,-0.0,0.15977558370287867,126.55753023069636,0.96,825.0995402534722,792.0955586433333,33.00398161013892,1.0,-0.0,-0.0,0.15977558370287875,126.55753023069666,0.96,825.0995402534738,792.0955586433348,33.003981610138986,,,,834.1294992007473,2376.2866759315043,2196.2855153684645,180.00116056591753,2376.2866759343815,0.0,1.0,-0.0,-0.0,0.38254864333448707,212.1597785589023,0.9249494107299683,599.5955586447909,554.5955586448055,45.0,1.0,0.0,0.0,0.38254827682214343,212.1591313202822,0.9249474751486733,599.5955586447948,554.5943980788612,45.00116056593356,1.0,-0.0,-0.0,0.38254864333448735,212.15977855889923,0.924949410729947,599.5955586447956,554.595558644797,45.0,1.0,-0.0,-0.0,0.37117523147917986,197.65081076266358,0.9220779220779235,577.5,532.5,45.0,1.0,,,0.101,221.82483705221495,2196.2855153684645,2196.2855153684645,0.0,68.0848509764224,-0.0,,,279.0131053935198,0.0,119.97563531921352,,,,26.58626813,0.0,4.0,1409.040658815369,0.0,-0.0,0.0,143.1585309356415
3,1,4,0.1016,0.0,0.0,1409.7935601508086,,,,0,0.0,1,2475.2986207645235,2475.2986207645235,0.0,396.0477793223238,0.0,,,379.67259069300553,2475.2986207645235,2376.286675934338,99.01194483059751,2475.2986207649355,0.0,82.17991420938218,1.0,-0.0,-0.0,0.15977558370297668,126.55753023101494,0.96,825.0995402550432,792.0955586448414,33.003981610201755,1.0,-0.0,-0.0,0.15977558370297681,126.55753023101533,0.96,825.0995402550452,792.0955586448433,33.00398161020184,1.0,-0.0,-0.0,0.1597755837029645,126.55753023097523,0.96,825.0995402548473,792.0955586446534,33.00398161019392,,,,833.025217318657,2376.286675934338,2194.2976561301566,181.98901980419475,2376.286675934352,0.0,1.0,-0.0,-0.0,0.3822376780928394,211.60683936347354,0.9232892922680156,599.5955586447891,553.6001589881928,45.995399656596305,1.0,0.0,0.0,0.38254827682214065,212.15913132027885,0.9249474751486733,599.5955586447897,554.5943980788564,45.00116056593322,1.0,-0.0,-0.0,0.38224049304764085,211.61187958423707,0.9233044843176916,599.5955586447902,553.6092680737063,45.98629057108394,1.0,-0.0,-0.0,0.3711730644530258,197.64736705066767,0.9220672398085149,577.5,532.4938309894013,45.00616901058129,1.0,,,0.101,221.62406326914584,2194.2976561301566,2194.2976561301566,0.0,68.02322734003485,-0.0,,,281.00096463477814,0.0,120.8304147929546,,,,24.52831113,0.0,4.0,1409.7935601508084,0.0,-0.0,0.0,143.23502571132215
4,1,5,0.1016,0.0,0.0,1404.295875805968,,,,0,0.0,1,2475.298620764952,2475.298620764952,0.0,396.04777932239233,0.0,,,379.67259069302963,2475.298620764952,2376.286675934168,99.01194483059044,2475.2986207647587,0.0,82.1799142093964,1.0,-0.0,-0.0,0.1597755837029769,126.55753023101559,0.96,825.0995402550462,792.0955586448443,33.003981610201876,1.0,-0.0,-0.0,0.15977558370304065,126.55753023103684,0.96,825.0995402548557,792.0955586446614,33.00398161019426,1.0,-0.0,-0.0,0.1597755837029651,126.55753023097716,0.96,825.0995402548568,792.0955586446626,33.0039816101943,,,,834.1294992007288,2376.286675934168,2196.2855153684195,180.00116056593106,2376.2866759343674,0.0,1.0,-0.0,-0.0,0.382548643334482,212.15977855889335,0.9249494107299447,599.5955586447889,554.5955586447894,45.0,1.0,0.0,0.0,0.38254864333448224,212.15977855889366,0.9249494107299449,599.5955586447892,554.5955586447899,45.0,1.0,-0.0,-0.0,0.38254827682214065,212.15913132027876,0.9249474751486733,599.5955586447894,554.5943980788562,45.00116056593322,1.0,-0.0,-0.0,0.37117523147917875,197.650810762663,0.9220779220779236,577.5,532.5,45.0,1.0,,,0.101,221.8248370522104,2196.2855153684195,2196.2855153684195,0.0,68.08485097642101,-0.0,,,279.0131053963223,0.0,119.97563532041859,,,,31.331051139999996,0.0,4.0,1404.2958758059688,0.0,-0.0,0.0,142.67646098188635
5,1,6,0.1016,0.0,0.0,1385.6416264959414,,,,0,0.0,1,2475.298620764925,2475.298620764925,0.0,396.047779322388,0.0,,,379.67259069295733,2475.298620764925,2376.2866759343483,99.01194483059795,2475.2986207649465,0.0,82.17991420939552,1.0,-0.0,-0.0,0.1597755837029768,126.5575302310151,0.96,825.0995402550436,792.0955586448418,33.00398161020178,1.0,-0.0,-0.0,0.15977558370297693,126.55753023101559,0.96,825.0995402550461,792.0955586448442,33.003981610201876,1.0,-0.0,-0.0,0.15977558370290132,126.55753023092666,0.96,825.0995402548568,792.0955586446626,33.0039816101943,,,,834.1294992007647,2376.2866759343483,2196.28551536851,180.0011605654198,2376.286675934029,0.0,1.0,-0.0,-0.0,0.3825486433344958,212.15977855896259,0.9249494107304914,599.5955586447883,554.5955586449504,45.0,1.0,0.0,0.0,0.38254864333444377,212.15977855887166,0.9249494107302141,599.5955586446129,554.5955586447882,45.0,1.0,-0.0,-0.0,0.38254827682210607,212.15913132026074,0.9249474751489437,599.5955586446174,554.5943980788593,45.00116056575814,1.0,-0.0,-0.0,0.3711752314791841,197.65081076266975,0.922077922077925,577.5,532.5,45.0,1.0,,,0.101,221.82483705221952,2196.28551536851,2196.28551536851,0.0,68.08485097642381,-0.0,,,279.013105396337,0.0,119.9756353204249,,,,49.98530045,0.0,4.0,1385.6416264959414,0.0,-0.0,0.0,140.78118925198766
6,1,7,0.1016,0.0,0.0,1389.7413960167041,,,,0,0.0,1,2475.29862076514,2475.29862076514,0.0,396.04777932242246,0.0,,,379.672590693047,2475.29862076514,2376.2866759345343,99.01194483060571,2475.29862076514,0.0,82.17991420940265,1.0,-0.0,-0.0,0.15977558370297676,126.55753023101524,0.96,825.0995402550446,792.0955586448429,33.00398161020181,1.0,-0.0,-0.0,0.15977558370297693,126.55753023101569,0.96,825.0995402550468,792.0955586448449,33.003981610201905,1.0,-0.0,-0.0,0.15977558370297704,126.5575302310161,0.96,825.099540255049,792.095558644847,33.00398161020199,,,,834.1294992014161,2376.2866759345343,2196.2855153687224,180.0011605701077,2376.286675938856,0.0,1.0,-0.0,-0.0,0.3825482768219921,212.1591313194573,0.9249474751419902,599.5955586470329,554.5943980769242,45.00116057010871,1.0,0.0,0.0,0.38254864333565286,212.15977856040135,0.9249494107302246,599.5955586470333,554.595558647034,45.0,1.0,-0.0,-0.0,0.38254864333448496,212.15977855889557,0.924949410729944,599.5955586447909,554.5955586447909,45.0,1.0,-0.0,-0.0,0.37117523147917764,197.65081076266185,0.9220779220779225,577.5,532.5,45.0,1.0,,,0.101,221.82483705224098,2196.2855153687224,2196.2855153687224,0.0,68.08485097643039,-0.0,,,279.0131053963915,0.0,119.97563532044835,,,,45.88553093,0.0,4.0,1389.7413960167044,0.0,-0.0,0.0,141.19772583529712
7,1,8,0.1016,0.0,0.0,1384.6558516442162,,,,0,0.0,1,2475.2986207646436,2475.2986207646436,0.0,396.047779322343,0.0,,,379.6725906928285,2475.2986207646436,2376.2866759345193,99.01194483060506,2475.2986207651243,0.0,82.17991420938617,1.0,-0.0,-0.0,0.15977558370297648,126.55753023101414,0.96,825.0995402550391,792.0955586448375,33.00398161020159,1.0,-0.0,-0.0,0.1597755837028854,126.5575302309069,0.96,825.0995402550413,792.0955586448397,33.003981610201684,1.0,-0.0,-0.0,0.1597755837028856,126.55753023090749,0.96,825.099540255044,792.0955586448422,33.00398161020179,,,,834.1282047234979,2376.2866759345193,2196.283194236533,180.00348169779693,2376.2866759343647,0.0,1.0,-0.0,-0.0,0.3825482768221389,212.15913132027654,0.9249474751486743,599.5955586447853,554.594398078853,45.00116056593231,1.0,0.0,0.0,0.38254827682214093,212.15913132027927,0.9249474751486743,599.5955586447898,554.5943980788571,45.00116056593265,1.0,-0.0,-0.0,0.3825482768221412,212.15913132027956,0.9249474751486741,599.5955586447902,554.5943980788575,45.001160565932764,1.0,-0.0,-0.0,0.3711752314791785,197.65081076266256,0.9220779220779234,577.5,532.5,45.0,1.0,,,0.101,221.82460261788984,2196.283194236533,2196.283194236533,0.0,68.08477902133252,-0.0,,,279.0154265285566,0.0,119.97663340727934,,,,50.96954639,0.0,4.0,1384.6558516442162,0.0,-0.0,0.0,140.68103452705236
8,1,9,0.1016,0.0,0.0,1373.6163251817807,,,,0,0.0,1,2475.298620764937,2475.298620764937,0.0,396.0477793223899,0.0,,,379.67259069296006,2475.298620764937,2376.2866759345197,99.01194483060509,2475.2986207651247,0.0,82.1799142093959,1.0,-0.0,-0.0,0.1597755837029766,126.55753023101452,0.96,825.099540255041,792.0955586448393,33.00398161020167,1.0,-0.0,-0.0,0.1597755837029766,126.55753023101465,0.96,825.0995402550418,792.0955586448401,33.0039816102017,1.0,-0.0,-0.0,0.15977558370290557,126.55753023093084,0.96,825.0995402550423,792.0955586448406,33.00398161020172,,,,834.1301464394323,2376.2866759345197,2196.286675934535,180.0,2376.286675934354,0.0,1.0,-0.0,-0.0,0.38254864333448024,212.15977855889116,0.9249494107299456,599.5955586447848,554.5955586447863,45.0,1.0,0.0,0.0,0.38254864333448024,212.159778558891,0.9249494107299447,599.5955586447851,554.5955586447858,45.0,1.0,-0.0,-0.0,0.38254864333453775,212.1597785589879,0.9249494107302275,599.5955586447853,554.5955586449558,45.0,1.0,-0.0,-0.0,0.37117523147917836,197.6508107626624,0.9220779220779229,577.5,532.5,45.0,1.0,,,0.101,221.82495426938806,2196.286675934535,2196.286675934535,0.0,68.0848869539706,-0.0,,,279.0119448305975,0.0,119.97513627715692,,,,62.01136622,0.0,4.0,1373.6163251817804,0.0,-0.0,0.0,139.5594186384689
9,1,10,0.1016,0.0,0.0,1382.4018792001896,,,,0,0.0,1,2475.298620765116,2475.298620765116,0.0,396.0477793224186,0.0,,,379.67259069304316,2475.298620765116,2376.286675934517,99.01194483060497,2475.298620765122,0.0,82.17991420940186,1.0,-0.0,-0.0,0.1597755837029765,126.55753023101435,0.96,825.0995402550402,792.0955586448385,33.003981610201635,1.0,-0.0,-0.0,0.15977558370297654,126.55753023101444,0.96,825.0995402550407,792.095558644839,33.003981610201656,1.0,-0.0,-0.0,0.1597755837029764,126.55753023101438,0.96,825.0995402550411,792.0955586448395,33.00398161020168,,,,834.128851962104,2376.286675934517,2196.2843548024016,180.00232113186746,2376.286675934354,0.0,1.0,-0.0,-0.0,0.3825486433344787,212.15977855888855,0.9249494107299381,599.5955586447848,554.5955586447817,45.0,1.0,0.0,0.0,0.38254827682213843,212.159131320276,0.9249474751486734,599.595558644785,554.5943980788522,45.001160565932764,1.0,-0.0,-0.0,0.38254827682213866,212.15913132027632,0.9249474751486738,599.5955586447852,554.5943980788527,45.00116056593254,1.0,-0.0,-0.0,0.3711752314791796,197.65081076266313,0.9220779220779236,577.5,532.5,45.0,1.0,,,0.101,221.82471983504257,2196.2843548024016,2196.2843548024016,0.0,68.08481499887445,-0.0,,,279.01426596263525,0.0,119.97613436393316,,,,53.22428329,0.0,4.0,1382.4018792001898,0.0,-0.0,0.0,140.45203092673924
10,1,11,0.1016,0.0,0.0,1380.3059369860284,,,,0,0.0,1,2475.298620764947,2475.298620764947,0.0,396.04777932239153,0.0,,,379.6725906929611,2475.298620764947,2376.286675934354,99.01194483059817,2475.2986207649524,0.0,82.17991420939624,1.0,-0.0,-0.0,0.15977558370297676,126.55753023101518,0.96,825.0995402550443,792.0955586448425,33.0039816102018,1.0,-0.0,-0.0,0.15977558370297681,126.55753023101528,0.96,825.0995402550448,792.095558644843,33.00398161020182,1.0,-0.0,-0.0,0.15977558370290507,126.55753023093062,0.96,825.0995402548633,792.0955586446687,33.003981610194565,,,,834.1294992008352,2376.286675934354,2196.285515368636,180.00116056593106,2376.286675934362,0.0,1.0,-0.0,-0.0,0.38254827682213605,212.1591313202754,0.9249474751486733,599.5955586447872,554.5943980788542,45.00116056593299,1.0,0.0,0.0,0.3825486433344816,212.15977855889264,0.9249494107299446,599.5955586447875,554.5955586447882,45.0,1.0,-0.0,-0.0,0.3825486433344818,212.15977855889284,0.9249494107299449,599.5955586447877,554.5955586447884,45.0,1.0,-0.0,-0.0,0.37117523147924514,197.65081076277426,0.9220779220782785,577.5,532.5,45.0,1.0,,,0.101,221.82483705223225,2196.285515368636,2196.285515368636,0.0,68.08485097642772,-0.0,,,279.0131053965215,0.0,119.97563532050424,,,,55.32098996,0.0,4.0,1380.3059369860284,0.0,-0.0,0.0,140.23908319778047
11,1,12,0.1016,0.0,0.0,1376.6882746216645,,,,0,0.0,1,2475.2986207645636,2475.2986207645636,0.0,396.0477793223302,0.0,,,379.6725906927966,2475.2986207645636,2376.2866759343347,99.01194483059736,2475.298620764932,0.0,82.17991420938351,1.0,-0.0,-0.0,0.1597755837029758,126.5575302310118,0.96,825.0995402550274,792.0955586448263,33.00398161020112,1.0,-0.0,-0.0,0.15977558370287448,126.55753023089228,0.96,825.0995402550282,792.095558644827,33.00398161020116,1.0,-0.0,-0.0,0.15977558370287448,126.55753023089248,0.96,825.0995402548764,792.0955586446813,33.00398161019508,,,,834.1297794496306,2376.2866759343347,2196.286675934257,180.0,2376.2866759343356,0.0,1.0,-0.0,-0.0,0.38254864333448224,212.15977855889352,0.9249494107299446,599.5955586447889,554.5955586447895,45.0,1.0,0.0,0.0,0.38254864333448224,212.1597785588936,0.9249494107299447,599.5955586447892,554.5955586447898,45.0,1.0,-0.0,-0.0,0.3825479816095772,212.1594115692002,0.9249494107299442,599.5955586447894,554.5955586447897,45.0,1.0,-0.0,-0.0,0.3711752314791628,197.65081076264337,0.9220779220779224,577.5,532.5,45.0,1.0,,,0.101,221.82495426935995,2196.286675934257,2196.286675934257,0.0,68.08488695396197,-0.0,,,279.01194483059237,0.0,119.97513627715472,,,,58.93904979,0.0,4.0,1376.6882746217873,0.0,-0.0,0.0,139.87152870156112
12,1,13,0.1016,0.0,0.0,1373.8499567059218,,,,0,0.0,1,2475.298620764929,2475.298620764929,0.0,396.04777932238864,0.0,,,379.6725906930231,2475.298620764929,2376.2866759343483,99.01194483059793,2475.2986207649465,0.0,82.17991420939565,1.0,-0.0,-0.0,0.15977558370297568,126.55753023101153,0.96,825.0995402550261,792.095558644825,33.00398161020107,1.0,-0.0,-0.0,0.15977558370302233,126.55753023102743,0.96,825.0995402550288,792.0955586448276,33.00398161020118,1.0,-0.0,-0.0,0.1597755837029672,126.55753023098413,0.96,825.0995402548913,792.0955586446956,33.00398161019568,,,,834.1294992007186,2376.2866759343483,2196.2855153684263,180.00116056593356,2376.2866759343515,0.0,1.0,-0.0,-0.0,0.3825482768221389,212.15913132027742,0.9249474751486702,599.5955586447905,554.5943980788553,45.00116056593515,1.0,0.0,0.0,0.38254864333448313,212.15977855889471,0.9249494107299453,599.5955586447907,554.5955586447914,45.0,1.0,-0.0,-0.0,0.38254864333448735,212.1597785588971,0.924949410729945,599.5955586447909,554.5955586447915,45.0,1.0,-0.0,-0.0,0.37117523147916764,197.65081076264931,0.9220779220779199,577.5,532.5,45.0,1.0,,,0.101,221.82483705221108,2196.2855153684263,2196.2855153684263,0.0,68.08485097642122,-0.0,,,279.0131053965283,0.0,119.97563532050718,,,,61.77697024,0.0,4.0,1373.8499567059525,0.0,-0.0,0.0,139.58315560132166
13,1,14,0.1016,0.0,0.0,1376.157999931584,,,,0,0.0,1,2475.298620764949,2475.298620764949,0.0,396.0477793223919,0.0,,,379.6725906929799,2475.298620764949,2376.2866759344806,99.01194483060345,2475.2986207650843,0.0,82.17991420939632,1.0,-0.0,-0.0,0.15977558370297568,126.55753023101154,0.96,825.0995402550262,792.0955586448251,33.00398161020108,1.0,-0.0,-0.0,0.15977558370297576,126.55753023101187,0.96,825.099540255028,792.095558644827,33.00398161020115,1.0,-0.0,-0.0,0.15977558370292866,126.55753023095652,0.96,825.09954025503,792.0955586448288,33.00398161020123,,,,834.1301464392745,2376.2866759344806,2196.28667593424,180.0,2376.2866759343738,0.0,1.0,-0.0,-0.0,0.382548643334482,212.15977855889344,0.9249494107299449,599.595558644789,554.5955586447897,45.0,1.0,0.0,0.0,0.3825486433344838,212.15977855889565,0.9249494107299451,599.5955586447923,554.5955586447928,45.0,1.0,-0.0,-0.0,0.382548643334488,212.1597785588982,0.9249494107299453,599.5955586447927,554.5955586447934,45.0,1.0,-0.0,-0.0,0.3711752314791259,197.65081076258735,0.9220779220779056,577.5,532.5,45.0,1.0,,,0.101,221.82495426935827,2196.28667593424,2196.28667593424,0.0,68.08488695396144,-0.0,,,279.0119448308355,0.0,119.97513627725925,,,,59.46969147,0.0,4.0,1376.1579999316125,0.0,-0.0,0.0,139.81765279304895
14,1,15,0.1016,0.0,0.0,1385.8360702944408,,,,0,0.0,1,2475.2986207650774,2475.2986207650774,0.0,396.0477793224124,0.0,,,379.67259069303566,2475.2986207650774,2376.286675934481,99.01194483060345,2475.2986207650847,0.0,82.17991420940056,1.0,-0.0,-0.0,0.15977558370297568,126.55753023101165,0.96,825.099540255027,792.0955586448259,33.00398161020111,1.0,-0.0,-0.0,0.15977558370297573,126.55753023101182,0.96,825.0995402550278,792.0955586448267,33.003981610201144,1.0,-0.0,-0.0,0.15977558370297584,126.55753023101218,0.96,825.0995402550295,792.0955586448283,33.00398161020121,,,,834.1282047235127,2376.286675934481,2196.283194236559,180.00348169792153,2376.2866759344906,0.0,1.0,-0.0,-0.0,0.38254827682212744,212.15913132025162,0.924947475148559,599.5955586448075,554.5943980788045,45.00116056600302,1.0,0.0,0.0,0.3825482768221452,212.15913132028209,0.9249474751486481,599.595558644808,554.5943980788583,45.001160565949704,1.0,-0.0,-0.0,0.382548276822141,212.15913132027464,0.924947475148625,599.5955586448085,554.594398078845,45.00116056596357,1.0,-0.0,-0.0,0.3711752314792142,197.6508107627044,0.922077922077922,577.5,532.5,45.0,1.0,,,0.101,221.82460261789248,2196.283194236559,2196.283194236559,0.0,68.08477902133333,-0.0,,,279.01542652851543,0.0,119.97663340726163,,,,49.78932774,0.0,4.0,1385.8360702944406,0.0,-0.0,0.0,140.80094474191517
15,1,16,0.1016,0.0,0.0,1384.9515527860885,,,,0,0.0,1,2475.2986207650742,2475.2986207650742,0.0,396.0477793224119,0.0,,,379.67259069303543,2475.2986207650742,2376.2866759344797,99.01194483060343,2475.2986207650833,0.0,82.17991420940047,1.0,-0.0,-0.0,0.1597755837029757,126.5575302310116,0.96,825.0995402550266,792.0955586448255,33.003981610201095,1.0,-0.0,-0.0,0.15977558370297582,126.55753023101187,0.96,825.0995402550277,792.0955586448266,33.00398161020114,1.0,-0.0,-0.0,0.15977558370297568,126.55753023101198,0.96,825.0995402550291,792.0955586448279,33.003981610201194,,,,834.1294992008261,2376.2866759344797,2196.285515368583,180.00116056601541,2376.286675934516,0.0,1.0,-0.0,-0.0,0.38254864333449334,212.15977855890816,0.9249494107299467,599.595558644811,554.5955586448117,45.0,1.0,0.0,0.0,0.38254827682215176,212.15913132029274,0.9249474751486735,599.5955586448114,554.5943980788767,45.0011605659347,1.0,-0.0,-0.0,0.38254864333449423,212.15977855890887,0.9249494107299477,599.5955586448116,554.5955586448123,45.0,1.0,-0.0,-0.0,0.3711752314792218,197.6508107627164,0.9220779220779345,577.5,532.5,45.0,1.0,,,0.101,221.8248370522269,2196.285515368583,2196.285515368583,0.0,68.08485097642608,-0.0,,,279.01310539658243,0.0,119.97563532053044,,,,50.67537416,0.0,4.0,1384.9515527860885,0.0,-0.0,0.0,140.71107776306658
16,1,17,0.1016,0.0,0.0,1133.0736521091173,,,,0,0.0,1,2475.2986207650733,2475.2986207650733,0.0,396.0477793224117,0.0,,,379.6725906930348,2475.2986207650733,2376.2866759344774,99.01194483060331,2475.2986207650806,0.0,82.17991420940044,1.0,-0.0,-0.0,0.15977558370297565,126.5575302310115,0.96,825.099540255026,792.0955586448249,33.003981610201066,1.0,-0.0,-0.0,0.15977558370297568,126.55753023101163,0.96,825.0995402550268,792.0955586448257,33.0039816102011,1.0,-0.0,-0.0,0.15977558370297557,126.55753023101171,0.96,825.0995402550279,792.0955586448268,33.003981610201144,,,,636.4793356767264,2376.2866759344774,1663.7866759344436,135.0,1798.7866759344315,577.5,1.0,-0.0,-0.0,0.38254864333449357,212.159778558908,0.9249494107299475,599.5955586448102,554.5955586448109,45.0,1.0,0.0,0.0,0.38254864333449334,212.15977855890796,0.9249494107299474,599.5955586448106,554.5955586448111,45.0,1.0,-0.0,-0.0,0.38254864333449734,212.15977855891035,0.9249494107299477,599.5955586448108,554.5955586448116,45.0,-0.0,-0.0,1.0,0.20320002216507885,0.0,0.925,0.0,0.0,0.0,1.0,,,0.101,168.04245426937882,1663.7866759344436,1663.7866759344436,0.0,51.57738695396775,-0.0,,,811.5119448306472,0.0,348.9501362771783,,,,51.12072853,0.0,3.0,1133.07365210914,0.0,-0.0,0.0,115.12028305428632
17,1,18,0.15246,0.0,0.0,713.1611172373027,,,,0,0.0,1,1650.1990805098076,1650.1990805098076,0.0,264.0318528815692,0.0,,,253.11506046197485,1650.1990805098076,1584.1911172894227,66.00796322039267,1650.1990805098153,0.0,54.78660947292561,1.0,-0.0,-0.0,0.15977558370296818,126.55753023098734,0.96,825.0995402549072,792.0955586447109,33.00398161019632,1.0,-0.0,-0.0,0.15977558370296818,126.55753023098751,0.96,825.0995402549082,792.0955586447119,33.003981610196355,-0.0,-0.0,1.0,0.271,0.0,0.96,0.0,0.0,0.0,,,,395.3016215253275,1584.1911172894227,1065.0,90.0,1155.0,429.1911172894222,1.0,-0.0,-0.0,0.371175231479179,197.6508107626633,0.9220779220779234,577.5,532.5,45.0,1.0,0.0,0.0,0.37117523147918063,197.65081076266424,0.9220779220779232,577.5,532.5,45.0,-0.0,-0.0,1.0,0.19716472159924608,0.0,0.88,0.0,0.0,0.0,-0.0,-0.0,-0.0,0.19716472159924603,0.0,0.88,0.0,0.0,0.0,1.0,,,0.101,107.56500000000001,1065.0,1065.0,0.0,33.015,-0.0,,,585.1990805098142,0.0,251.6356046192201,,,,42.82056475,0.0,2.0,713.1611172373024,0.0,0.0,0.0,108.72854393399918
18,1,19,0.15246,0.0,0.0,669.5212029045954,,,,0,0.0,1,1203.125,1203.125,0.0,192.5,0.0,,,191.7531039743276,1203.125,1155.0,48.12499999999978,1203.1249999999934,0.0,39.94375,1.0,-0.0,-0.0,0.15977558370296835,126.55753023098772,0.96,825.0995402549088,792.0955586447124,33.003981610196384,1.0,-0.0,-0.0,0.17964942368813228,65.19557374333985,0.96,378.0254597450846,362.9044413552812,15.121018389803398,-0.0,-0.0,-0.0,0.271,0.0,0.96,0.0,0.0,0.0,,,,392.7604335152678,1155.0,1060.190625,94.80937500000061,1155.0,0.0,1.0,-0.0,-0.0,0.36974244663263534,195.10962275260417,0.913749999999999,577.5,527.6906249999992,49.809375000000614,1.0,0.0,0.0,0.37117523147917986,197.65081076266358,0.9220779220779235,577.5,532.5,45.0,-0.0,-0.0,-0.0,0.19716472159924744,0.0,0.88,0.0,0.0,0.0,-0.0,-0.0,-0.0,0.19716472159924608,0.0,0.88,0.0,0.0,0.0,1.0,,,0.101,107.07925312500001,1060.190625,1060.190625,0.0,32.865909375,-0.0,,,142.93437499999425,0.0,61.46178124999753,,,,22.07158771,0.0,2.0,669.5212029045954,0.0,0.0,0.0,102.07520259483462
19,1,20,0.15246,0.0,0.0,731.0366222599303,,,,0,0.0,1,1650.1990805100477,1650.1990805100477,0.0,264.0318528816076,0.0,,,253.1150604620234,1650.1990805100477,1584.1911172896523,66.00796322040225,1650.1990805100545,0.0,54.786609472933584,1.0,-0.0,-0.0,0.15977558370297562,126.55753023101153,0.96,825.0995402550265,792.0955586448254,33.00398161020109,1.0,-0.0,-0.0,0.15977558370297573,126.55753023101187,0.96,825.0995402550282,792.095558644827,33.00398161020116,-0.0,-0.0,-0.0,0.271,0.0,0.96,0.0,0.0,0.0,,,,392.7062589688813,1584.1911172896523,1060.0901218717268,94.90987812826506,1155.0,429.1911172896532,1.0,-0.0,-0.0,0.3711435442319413,197.59663621628025,0.9219038906869981,577.5,532.3994968717409,45.10050312825854,1.0,0.0,0.0,0.36974244663263356,195.10962275260104,0.9137499999999886,577.5,527.6906249999932,49.809375000006526,-0.0,-0.0,-0.0,0.19716472159924608,0.0,0.88,0.0,0.0,0.0,-0.0,-0.0,-0.0,0.19716472159924608,0.0,0.88,0.0,0.0,0.0,1.0,,,0.101,107.06910230904441,1060.0901218717268,1060.0901218717268,0.0,32.86279377802353,-0.0,,,590.1089586383205,0.0,253.7468522144778,,,,21.85379948,0.0,2.0,731.036622259949,0.0,0.0,0.0,111.45384342974897
20,1,21,0.15246,0.0,0.0,666.8585612696668,,,,0,0.0,1,1203.125,1203.125,0.0,192.5,0.0,,,191.75310397433788,1203.125,1155.0,48.124999999999915,1203.1249999999968,0.0,39.94375,1.0,-0.0,-0.0,0.15977558370297557,126.55753023101111,0.96,825.099540255024,792.095558644823,33.00398161020099,1.0,-0.0,-0.0,0.17964942368814918,65.19557374332675,0.96,378.0254597449729,362.904441355174,15.12101838979893,-0.0,-0.0,-0.0,0.271,0.0,0.96,0.0,0.0,0.0,,,,395.3016215253285,1155.0,1065.0,90.0,1155.0,0.0,1.0,-0.0,-0.0,0.3711752314791794,197.65081076266375,0.9220779220779236,577.5,532.5,45.0,1.0,0.0,0.0,0.3711752314791812,197.65081076266475,0.9220779220779233,577.5,532.5,45.0,-0.0,-0.0,-0.0,0.19716472159924608,0.0,0.88,0.0,0.0,0.0,-0.0,-0.0,-0.0,0.19716472159924608,0.0,0.88,0.0,0.0,0.0,1.0,,,0.101,107.56500000000001,1065.0,1065.0,0.0,33.015,-0.0,,,138.12499999999469,0.0,59.393749999997716,,,,27.76116423,0.0,2.0,666.8585612696664,0.0,0.0,0.0,101.66925625117341
21,1,22,0.15246,0.0,0.0,721.4736996573376,,,,0,0.0,1,1650.1990805099936,1650.1990805099936,0.0,264.031852881599,0.0,,,253.11506046201112,1650.1990805099936,1584.1911172895939,66.0079632203998,1650.1990805099936,0.0,54.78660947293179,1.0,-0.0,-0.0,0.1597755837029738,126.55753023100546,0.96,825.0995402549964,792.0955586447966,33.00398161019989,1.0,-0.0,-0.0,0.15977558370297384,126.55753023100566,0.96,825.0995402549972,792.0955586447973,33.00398161019992,0.0,0.0,-0.0,0.271,0.0,0.96,0.0,0.0,0.0,,,,395.30162152532637,1584.1911172895939,1065.0,90.0,1155.0,429.1911172895939,1.0,-0.0,-0.0,0.37117523147917963,197.65081076266333,0.9220779220779233,577.5,532.5,45.0,1.0,0.0,0.0,0.37117523147917875,197.650810762663,0.9220779220779235,577.5,532.5,45.0,-0.0,-0.0,-0.0,0.19716472159924603,0.0,0.88,0.0,0.0,0.0,-0.0,-0.0,-0.0,0.19716472159924608,0.0,0.88,0.0,0.0,0.0,1.0,,,0.101,107.56500000000001,1065.0,1065.0,0.0,33.015,-0.0,,,585.1990805099927,0.0,251.63560461929683,,,,34.50798233,0.0,2.0,721.4736996573375,0.0,0.0,0.0,109.9958802497577
22,1,23,0.1016,0.0,0.0,1406.427478326607,,,,0,0.0,1,2475.2986207649797,2475.2986207649797,0.0,396.04777932239676,0.0,,,379.6725906930168,2475.2986207649797,2376.286675934392,99.01194483059976,2475.2986207649915,0.0,82.17991420939732,1.0,-0.0,-0.0,0.15977558370297368,126.55753023100522,0.96,825.0995402549953,792.0955586447955,33.003981610199844,1.0,-0.0,-0.0,0.15977558370297387,126.55753023100566,0.96,825.0995402549972,792.0955586447973,33.00398161019992,1.0,1.0,-0.0,0.15977558370297393,126.55753023100593,0.96,825.0995402549987,792.0955586447988,33.00398161019998,,,,833.9669790422157,2376.286675934392,2196.2702870433104,180.0163888910605,2376.286675934364,0.0,1.0,-0.0,-0.0,0.38275965692411096,212.43160959288159,0.925,600.0,555.0,45.0,1.0,0.0,0.0,0.3827596569241112,212.4316095928817,0.925,600.0,555.0,45.0,1.0,1.0,-0.0,0.3766106407976218,204.54738832601504,0.9234601737619724,588.1433379671821,543.1269490761205,45.01638889106164,1.0,1.0,-0.0,0.37661581617852186,204.55637153043733,0.9234880392328606,588.1433379671823,543.1433379671829,45.0,1.0,,,0.101,221.82329899137437,2196.2702870433104,2196.2702870433104,0.0,68.08437889834262,-0.0,,,279.028333721688,0.0,119.98218350032583,,,,29.0353904,0.0,4.0,1406.4274783266067,0.0,-0.0,0.0,142.89303179798324
23,1,24,0.1016,0.0,0.0,1406.483623286609,,,,0,0.0,1,2475.298620764983,2475.298620764983,0.0,396.0477793223972,0.0,,,379.6725906930151,2475.298620764983,2376.286675934383,99.01194483059939,2475.2986207649824,0.0,82.17991420939744,1.0,-0.0,-0.0,0.15977558370297357,126.55753023100482,0.96,825.0995402549933,792.0955586447935,33.00398161019976,1.0,-0.0,-0.0,0.1597755837029737,126.55753023100505,0.96,825.099540254994,792.0955586447942,33.003981610199794,1.0,-0.0,-0.0,0.1597755837029737,126.55753023100522,0.96,825.0995402549952,792.0955586447953,33.00398161019984,,,,833.9669790422208,2376.286675934383,2196.270287043296,180.01638889104947,2376.2866759343633,0.0,1.0,-0.0,-0.0,0.38275965692411096,212.43160959288159,0.925,600.0,555.0,45.0,1.0,0.0,0.0,0.3827596569241112,212.4316095928817,0.925,600.0,555.0,45.0,1.0,-0.0,-0.0,0.3766158161785216,204.556371530437,0.9234880392328608,588.1433379671818,543.1433379671824,45.0,1.0,-0.0,-0.0,0.37661064079762463,204.54738832602067,0.9234601737619912,588.143337967182,543.1269490761314,45.01638889105061,1.0,,,0.101,221.8232989913729,2196.270287043296,2196.270287043296,0.0,68.08437889834217,-0.0,,,279.02833372166845,0.0,119.98218350031743,,,,28.97924544,0.0,4.0,1406.4836232866087,0.0,-0.0,0.0,142.89873612591947
24,1,25,0.1016,0.0,0.0,1405.9576974565946,,,,0,0.0,1,2475.298620764942,2475.298620764942,0.0,396.04777932239074,0.0,,,379.6725906930092,2475.298620764942,2376.286675934356,99.01194483059825,2475.298620764954,0.0,82.17991420939607,1.0,-0.0,-0.0,0.15977558370297293,126.55753023100276,0.96,825.0995402549831,792.0955586447838,33.003981610199354,1.0,-0.0,-0.0,0.159775583702973,126.55753023100303,0.96,825.0995402549845,792.0955586447851,33.00398161019941,1.0,-0.0,-0.0,0.15977558370297315,126.55753023100347,0.96,825.0995402549867,792.0955586447872,33.003981610199496,,,,833.9669790422126,2376.286675934356,2196.2702870432963,180.01638889106562,2376.286675934362,0.0,1.0,-0.0,-0.0,0.3827596569241114,212.43160959288184,0.925,600.0,555.0,45.0,1.0,0.0,0.0,0.3827596569241114,212.43160959288195,0.925,600.0,555.0,45.0,1.0,-0.0,-0.0,0.37661581617852113,204.55637153043523,0.9234880392328604,588.1433379671776,543.1433379671784,45.0,1.0,-0.0,-0.0,0.3766106407976211,204.54738832601353,0.9234601737619645,588.1433379671839,543.1269490761175,45.01638889106641,1.0,,,0.101,221.82329899137295,2196.2702870432963,2196.2702870432963,0.0,68.08437889834218,-0.0,,,279.028333721658,0.0,119.98218350031293,,,,29.50517127,0.0,4.0,1405.9576974565948,0.0,-0.0,0.0,142.84530206159
25,1,26,0.1016,0.0,0.0,1404.2984808465665,,,,0,0.0,1,2475.298620764958,2475.298620764958,0.0,396.04777932239324,0.0,,,379.6725906930111,2475.298620764958,2376.286675934364,99.0119448305986,2475.298620764963,0.0,82.1799142093966,1.0,-0.0,-0.0,0.15977558370297326,126.55753023100361,0.96,825.0995402549869,792.0955586447874,33.0039816101995,1.0,-0.0,-0.0,0.1597755837029732,126.55753023100367,0.96,825.0995402549877,792.0955586447882,33.00398161019954,1.0,-0.0,-0.0,0.15977558370297326,126.5575302310038,0.96,825.0995402549881,792.0955586447886,33.00398161019955,,,,833.9669790422074,2376.286675934364,2196.2702870432986,180.01638889105982,2376.2866759343524,0.0,1.0,-0.0,-0.0,0.3827596569241112,212.4316095928817,0.925,600.0,555.0,45.0,1.0,0.0,0.0,0.3827596569241114,212.43160959288184,0.925,600.0,555.0,45.0,1.0,-0.0,-0.0,0.37661064079761686,204.54738832601052,0.9234601737619735,588.1433379671761,543.1269490761156,45.0163888910605,1.0,-0.0,-0.0,0.3766158161785187,204.55637153043338,0.9234880392328595,588.1433379671766,543.143337967177,45.0,1.0,,,0.101,221.82329899137318,2196.2702870432986,2196.2702870432986,0.0,68.08437889834225,-0.0,,,279.02833372167026,0.0,119.98218350031821,,,,31.16438788,0.0,4.0,1404.2984808465917,0.0,-0.0,0.0,142.67672565401114
26,1,27,0.1016,0.0,0.0,1405.3655677989273,,,,0,0.0,1,2475.298620764833,2475.298620764833,0.0,396.04777932237323,0.0,,,379.67259069298467,2475.298620764833,2376.286675934239,99.0119448305934,2475.298620764833,0.0,82.17991420939245,1.0,-0.0,-0.0,0.159775583702973,126.55753023100303,0.96,825.0995402549846,792.0955586447852,33.00398161019941,1.0,-0.0,-0.0,0.15977558370297307,126.55753023100317,0.96,825.0995402549851,792.0955586447857,33.00398161019943,1.0,-0.0,-0.0,0.15977558370296546,126.55753023097846,0.96,825.0995402548633,792.0955586446687,33.003981610194565,,,,833.9759622465797,2376.286675934239,2196.286675934284,180.0,2376.2866759342614,0.0,1.0,-0.0,-0.0,0.3827596569241115,212.4316095928819,0.925,600.0,555.0,45.0,1.0,0.0,0.0,0.3827596569241114,212.43160959288195,0.925,600.0,555.0,45.0,1.0,-0.0,-0.0,0.3766158161785231,204.55637153043764,0.9234880392328609,588.1433379671812,543.143337967182,45.0,1.0,-0.0,-0.0,0.37661581617847495,204.55637153037824,0.9234880392328698,588.1433379670799,543.1433379670937,45.0,1.0,,,0.101,221.8249542693627,2196.286675934284,2196.286675934284,0.0,68.08488695396281,-0.0,,,279.01194483055656,0.0,119.97513627713931,,,,30.10793941,0.0,4.0,1405.365567798927,0.0,-0.0,0.0,142.785141688371
27,1,28,0.1016,0.0,0.0,1405.328481609015,,,,0,0.0,1,2475.2986207649515,2475.2986207649515,0.0,396.0477793223922,0.0,,,379.67259069301895,2475.2986207649515,2376.286675934402,99.01194483060016,2475.298620765002,0.0,82.17991420939639,1.0,-0.0,-0.0,0.159775583702974,126.55753023100623,0.96,825.0995402550002,792.0955586448001,33.003981610200036,1.0,-0.0,-0.0,0.159775583702974,126.55753023100631,0.96,825.0995402550006,792.0955586448006,33.00398161020006,1.0,-0.0,-0.0,0.15977558370297407,126.55753023100641,0.96,825.0995402550011,792.095558644801,33.00398161020007,,,,833.9759622466462,2376.286675934402,2196.286675934387,180.0,2376.286675934372,0.0,1.0,-0.0,-0.0,0.3827596569241114,212.43160959288184,0.925,600.0,555.0,45.0,1.0,0.0,0.0,0.3827596569241114,212.43160959288195,0.925,600.0,555.0,45.0,1.0,-0.0,-0.0,0.3766158161785236,204.55637153043963,0.923488039232862,588.1433379671854,543.1433379671865,45.0,1.0,-0.0,-0.0,0.37661581617852924,204.55637153044276,0.9234880392328612,588.1433379671861,543.1433379671867,45.0,1.0,,,0.101,221.8249542693731,2196.286675934387,2196.286675934387,0.0,68.08488695396599,-0.0,,,279.01194483062847,0.0,119.97513627717024,,,,30.1450256,0.0,4.0,1405.3284816090381,0.0,-0.0,0.0,142.78137373147592
28,1,29,0.1016,0.0,0.0,1400.6242140666152,,,,0,0.0,1,2475.298620764969,2475.298620764969,0.0,396.04777932239506,0.0,,,379.6725906930108,2475.298620764969,2376.286675934363,99.01194483059854,2475.2986207649615,0.0,82.17991420939698,1.0,-0.0,-0.0,0.15977558370297304,126.55753023100287,0.96,825.0995402549834,792.095558644784,33.00398161019936,1.0,-0.0,-0.0,0.159775583702973,126.55753023100296,0.96,825.099540254984,792.0955586447847,33.00398161019939,1.0,-0.0,-0.0,0.15977558370297362,126.55753023100498,0.96,825.099540254994,792.0955586447942,33.003981610199794,,,,833.9669790422286,2376.286675934363,2196.270287043326,180.01638889104493,2376.2866759343706,0.0,1.0,-0.0,-0.0,0.3827596569241112,212.4316095928817,0.925,600.0,555.0,45.0,1.0,0.0,0.0,0.3827596569241112,212.4316095928817,0.925,600.0,555.0,45.0,1.0,-0.0,-0.0,0.37661581617852335,204.55637153043912,0.9234880392328612,588.1433379671848,543.1433379671855,45.0,1.0,-0.0,-0.0,0.3766106407976285,204.5473883260261,0.9234601737620002,588.1433379671857,543.1269490761401,45.01638889104561,1.0,,,0.101,221.82329899137594,2196.270287043326,2196.270287043326,0.0,68.0843788983431,-0.0,,,279.0283337216357,0.0,119.98218350030335,,,,34.83865466,0.0,4.0,1400.6242140666152,0.0,-0.0,0.0,142.3034201491681
29,1,30,0.1016,0.0,0.0,1382.8917382983198,,,,0,0.0,1,2475.298620764971,2475.298620764971,0.0,396.0477793223954,0.0,,,379.6725906930143,2475.298620764971,2376.28667593438,99.01194483059925,2475.298620764979,0.0,82.17991420939704,1.0,-0.0,-0.0,0.15977558370297348,126.55753023100456,0.96,825.0995402549921,792.0955586447924,33.003981610199716,1.0,-0.0,-0.0,0.15977558370297357,126.55753023100475,0.96,825.0995402549929,792.0955586447932,33.003981610199745,1.0,-0.0,-0.0,0.15977558370297362,126.55753023100498,0.96,825.099540254994,792.0955586447942,33.003981610199794,,,,833.9666519439318,2376.28667593438,2196.270287043303,180.016388891063,2376.2866759343588,0.0,1.0,-0.0,-0.0,0.38275965692411096,212.43160959288159,0.925,600.0,555.0,45.0,1.0,0.0,0.0,0.3827596569241112,212.4316095928817,0.925,600.0,555.0,45.0,1.0,-0.0,-0.0,0.3766106407976191,204.5473883260117,0.9234601737619682,588.1433379671795,543.1269490761156,45.01638889106391,1.0,-0.0,-0.0,0.3766152139465573,204.55604443215682,0.9234880392328602,588.1433379671797,543.1433379671802,45.0,1.0,,,0.101,221.82329899137363,2196.270287043303,2196.270287043303,0.0,68.0843788983424,-0.0,,,279.0283337216836,0.0,119.98218350032396,,,,52.57080333,0.0,4.0,1382.8917382983198,0.0,-0.0,0.0,140.50180061110927
30,1,31,0.1016,0.0,0.0,1386.4377143090305,,,,0,0.0,1,2475.298620764978,2475.298620764978,0.0,396.0477793223965,0.0,,,379.67259069301554,2475.298620764978,2376.286675934386,99.01194483059952,2475.2986207649856,0.0,82.17991420939727,1.0,-0.0,-0.0,0.1597755837029737,126.55753023100513,0.96,825.0995402549947,792.0955586447949,33.003981610199816,1.0,-0.0,-0.0,0.1597755837029737,126.55753023100522,0.96,825.0995402549952,792.0955586447953,33.00398161019984,1.0,-0.0,-0.0,0.15977558370297362,126.55753023100522,0.96,825.0995402549956,792.0955586447958,33.00398161019986,,,,833.9759622466655,2376.286675934386,2196.2866759343988,180.0,2376.286675934407,0.0,1.0,-0.0,-0.0,0.38275965692411074,212.43160959288147,0.925,600.0,555.0,45.0,1.0,0.0,0.0,0.38275965692411096,212.43160959288159,0.925,600.0,555.0,45.0,1.0,-0.0,-0.0,0.37661581617853424,204.55637153045333,0.9234880392328634,588.1433379672073,543.1433379672076,45.0,1.0,-0.0,-0.0,0.3766158161785311,204.55637153044918,0.9234880392328634,588.1433379672002,543.143337967201,45.0,1.0,,,0.101,221.8249542693743,2196.2866759343988,2196.2866759343988,0.0,68.08488695396636,-0.0,,,279.011944830577,0.0,119.97513627714812,,,,49.0357929,0.0,4.0,1386.4377143090553,0.0,-0.0,0.0,140.86207177379748
31,1,32,0.1016,0.0,0.0,1388.5188839161026,,,,0,0.0,1,2475.298620764951,2475.298620764951,0.0,396.04777932239216,0.0,,,379.67218336115656,2475.298620764951,2376.286675934353,99.01194483059811,2475.298620764951,0.0,82.17991420939637,1.0,-0.0,-0.0,0.15977558370297293,126.55753023100276,0.96,825.0995402549831,792.0955586447838,33.003981610199354,1.0,-0.0,-0.0,0.15977558370297293,126.55753023100281,0.96,825.0995402549836,792.0955586447842,33.003981610199375,1.0,-0.0,-0.0,0.15977506945712533,126.55712289915097,0.96,825.099540254984,792.0955586447847,33.00398161019939,,,,833.9756288956438,2376.286675934353,2196.286675934409,180.0,2376.2866759344015,0.0,1.0,-0.0,-0.0,0.3827596569241112,212.43160959288159,0.925,600.0,555.0,45.0,1.0,0.0,0.0,0.3827596569241114,212.43160959288184,0.925,600.0,555.0,45.0,1.0,-0.0,-0.0,0.37661581617853135,204.5563715304493,0.9234880392328626,588.1433379672006,543.143337967201,45.0,1.0,-0.0,-0.0,0.3766152024344327,204.55603817943106,0.9234880392328629,588.143337967201,543.1433379672014,45.0,1.0,,,0.101,221.8249542693753,2196.286675934409,2196.286675934409,0.0,68.08488695396667,-0.0,,,279.01194483054866,0.0,119.97513627713592,,,,46.95388261,0.0,4.0,1388.5188839161756,0.0,-0.0,0.0,141.07351860587602
32,1,33,0.1016,0.0,0.0,1392.4588057065453,,,,0,0.0,1,2475.298620765069,2475.298620765069,0.0,396.047779322411,0.0,,,379.6725906930337,2475.298620765069,2376.2866759344715,99.01194483060308,2475.2986207650747,0.0,82.17991420940028,1.0,-0.0,-0.0,0.15977558370297545,126.55753023101103,0.96,825.0995402550241,792.0955586448231,33.003981610200995,1.0,-0.0,-0.0,0.1597755837029756,126.55753023101127,0.96,825.0995402550249,792.0955586448239,33.00398161020102,1.0,-0.0,-0.0,0.1597755837029756,126.55753023101138,0.96,825.0995402550257,792.0955586448246,33.00398161020106,,,,833.9669790422165,2376.2866759344715,2196.2702870433104,180.01638889107073,2376.286675934372,0.0,1.0,-0.0,-0.0,0.3827596569241114,212.43160959288184,0.925,600.0,555.0,45.0,1.0,0.0,0.0,0.3827596569241114,212.43160959288195,0.925,600.0,555.0,45.0,1.0,-0.0,-0.0,0.3766158161785236,204.55637153043955,0.9234880392328615,588.1433379671855,543.1433379671863,45.0,1.0,-0.0,-0.0,0.3766106407976225,204.5473883260131,0.9234601737619561,588.1433379671859,543.1269490761143,45.01638889107153,1.0,,,0.101,221.82329899137437,2196.2702870433104,2196.2702870433104,0.0,68.08437889834262,-0.0,,,279.0283337217734,0.0,119.98218350036255,,,,43.00406302,0.0,4.0,1392.4588057066244,0.0,-0.0,0.0,141.473814659785
33,1,34,0.1016,0.0,0.0,1389.4103601342324,,,,0,0.0,1,2475.2986207650224,2475.2986207650224,0.0,396.0477793224036,0.0,,,379.6725906930241,2475.2986207650224,2376.286675934426,99.01194483060118,2475.2986207650274,0.0,82.17991420939875,1.0,-0.0,-0.0,0.1597755837029745,126.55753023100789,0.96,825.0995402550085,792.0955586448081,33.00398161020037,1.0,-0.0,-0.0,0.1597755837029746,126.55753023100809,0.96,825.0995402550093,792.0955586448089,33.0039816102004,1.0,-0.0,-0.0,0.1597755837029746,126.55753023100816,0.96,825.0995402550097,792.0955586448093,33.00398161020042,,,,833.9666207598339,2376.286675934426,2196.27028704331,180.01638889106187,2376.2866759343647,0.0,1.0,-0.0,-0.0,0.3827596569241112,212.4316095928817,0.925,600.0,555.0,45.0,1.0,0.0,0.0,0.38275901137027024,212.4312513105,0.925,600.0,555.0,45.0,1.0,-0.0,-0.0,0.37661581617852363,204.55637153043827,0.9234880392328603,588.1433379671826,543.1433379671829,45.0,1.0,-0.0,-0.0,0.3766106407976199,204.54738832601385,0.923460173761971,588.1433379671826,543.12694907612,45.01638889106255,1.0,,,0.101,221.82329899137432,2196.27028704331,2196.27028704331,0.0,68.0843788983426,-0.0,,,279.02833372172444,0.0,119.9821835003415,,,,46.05215031,0.0,4.0,1389.4103601342322,0.0,-0.0,0.0,141.16409258963802
34,1,35,0.1016,0.0,0.0,1386.7122805066276,,,,0,0.0,1,2475.298620764994,2475.298620764994,0.0,396.0477793223991,0.0,,,379.67259069302884,2475.298620764994,2376.286675934449,99.01194483060213,2475.298620765051,0.0,82.17991420939781,1.0,-0.0,-0.0,0.15977558370297498,126.55753023100945,0.96,825.0995402550162,792.0955586448156,33.003981610200675,1.0,-0.0,-0.0,0.15977558370297504,126.55753023100961,0.96,825.099540255017,792.0955586448163,33.00398161020071,1.0,-0.0,-0.0,0.15977558370297507,126.55753023100975,0.96,825.0995402550177,792.095558644817,33.00398161020074,,,,833.9669790422668,2376.286675934449,2196.2702870433573,180.0163888911378,2376.2866759344874,0.0,1.0,-0.0,-0.0,0.38275965692410935,212.4316095928806,0.925,600.0,555.0,45.0,1.0,0.0,0.0,0.3827596569241114,212.43160959288184,0.925,600.0,555.0,45.0,1.0,-0.0,-0.0,0.37661581617853157,204.5563715304499,0.9234880392328634,588.1433379672015,543.1433379672022,45.0,1.0,-0.0,-0.0,0.3766106407976755,204.54738832605446,0.9234601737619748,588.1433379672862,543.1269490761478,45.01638889113849,1.0,,,0.101,221.8232989913791,2196.2702870433573,2196.2702870433573,0.0,68.08437889834407,-0.0,,,279.0283337217013,0.0,119.98218350033156,,,,48.75058822,0.0,4.0,1386.7122805066745,0.0,-0.0,0.0,140.88996769947337
35,1,36,0.1016,0.0,0.0,1386.1006483390715,,,,0,0.0,1,2475.2986207650215,2475.2986207650215,0.0,396.04777932240347,0.0,,,379.67259069302673,2475.2986207650215,2376.286675934439,99.01194483060172,2475.2986207650406,0.0,82.17991420939872,1.0,-0.0,-0.0,0.15977558370297476,126.55753023100868,0.96,825.0995402550124,792.0955586448118,33.003981610200526,1.0,-0.0,-0.0,0.15977558370297487,126.55753023100895,0.96,825.0995402550135,792.095558644813,33.00398161020057,1.0,-0.0,-0.0,0.15977558370297482,126.5575302310091,0.96,825.0995402550147,792.0955586448141,33.00398161020062,,,,833.9759622466692,2376.286675934439,2196.2866759344106,180.0,2376.2866759344092,0.0,1.0,-0.0,-0.0,0.3827596569241114,212.43160959288184,0.925,600.0,555.0,45.0,1.0,0.0,0.0,0.38275965692411273,212.4316095928827,0.925,600.0,555.0,45.0,1.0,-0.0,-0.0,0.3766158161785347,204.5563715304526,0.9234880392328639,588.1433379672042,543.143337967205,45.0,1.0,-0.0,-0.0,0.37661581617853335,204.556371530452,0.9234880392328639,588.1433379672045,543.1433379672053,45.0,1.0,,,0.101,221.8249542693755,2196.2866759344106,2196.2866759344106,0.0,68.08488695396673,-0.0,,,279.01194483063,0.0,119.9751362771709,,,,49.37285887,0.0,4.0,1386.1006483390713,0.0,-0.0,0.0,140.82782587124967
36,1,37,0.1016,0.0,0.0,1385.217606416622,,,,0,0.0,1,2475.2986207650392,2475.2986207650392,0.0,396.04777932240626,0.0,,,379.6725906930287,2475.2986207650392,2376.2866759344483,99.01194483060212,2475.2986207650506,0.0,82.1799142093993,1.0,-0.0,-0.0,0.15977558370297495,126.55753023100931,0.96,825.0995402550154,792.0955586448148,33.00398161020065,1.0,-0.0,-0.0,0.15977558370297504,126.55753023100958,0.96,825.0995402550168,792.095558644816,33.003981610200704,1.0,-0.0,-0.0,0.15977558370297504,126.5575302310098,0.96,825.0995402550183,792.0955586448175,33.00398161020076,,,,833.9669790422182,2376.2866759344483,2196.270287043315,180.01638889106437,2376.2866759343715,0.0,1.0,-0.0,-0.0,0.38275965692411074,212.43160959288147,0.925,600.0,555.0,45.0,1.0,0.0,0.0,0.38275965692411096,212.43160959288159,0.925,600.0,555.0,45.0,1.0,-0.0,-0.0,0.37661064079762235,204.5473883260152,0.9234601737619661,588.1433379671857,543.1269490761201,45.01638889106562,1.0,-0.0,-0.0,0.376615816178524,204.55637153043995,0.9234880392328614,588.1433379671861,543.1433379671868,45.0,1.0,,,0.101,221.82329899137483,2196.270287043315,2196.270287043315,0.0,68.08437889834276,-0.0,,,279.02833372174337,0.0,119.98218350034965,,,,50.24526231,0.0,4.0,1385.2176064166217,0.0,-0.0,0.0,140.73810881192878
37,1,38,0.1016,0.0,0.0,1382.1850931501099,,,,0,0.0,1,2475.298620764953,2475.298620764953,0.0,396.04777932239244,0.0,,,379.67259069298956,2475.298620764953,2376.2866759344797,99.01194483060343,2475.2986207650833,0.0,82.17991420939643,1.0,-0.0,-0.0,0.1597755837029755,126.55753023101119,0.96,825.0995402550247,792.0955586448238,33.003981610201016,1.0,-0.0,-0.0,0.15977558370292483,126.55753023095171,0.96,825.0995402550277,792.0955586448266,33.00398161020114,1.0,-0.0,-0.0,0.15977558370301878,126.55753023102663,0.96,825.099540255031,792.0955586448297,33.00398161020127,,,,827.536244066366,2376.2866759344797,2183.926311591628,192.36036434286382,2376.2866759343774,0.0,1.0,-0.0,-0.0,0.3827596569241485,212.4316095929461,0.9250000000001913,600.0,555.0,45.0,1.0,0.0,0.0,0.38275965692411096,212.43160959288159,0.925,600.0,555.0,45.0,1.0,-0.0,-0.0,0.376610640797621,204.54738832601637,0.92346017376197,588.1433379671887,543.1269490761251,45.01638889106357,1.0,-0.0,-0.0,0.37325899491595194,198.12563655452192,0.9025000000000001,588.1433379671894,530.7993625153885,57.34397545180093,1.0,,,0.101,220.57655747075444,2183.926311591628,2183.926311591628,0.0,67.70171565934046,-0.0,,,291.37230917356953,0.0,125.29009294463489,,,,45.60029908,0.0,4.0,1382.18509315011,0.0,-0.0,0.0,140.43000546405116
38,1,39,0.1016,0.0,0.0,1378.5897779720895,,,,0,0.0,1,2475.2986207644312,2475.2986207644312,0.0,396.047779322309,0.0,,,379.6725906929042,2475.2986207644312,2376.2866759338585,99.01194483057753,2475.2986207644362,0.0,82.17991420937912,1.0,-0.0,-0.0,0.15977558370296954,126.55753023099169,0.96,825.0995402549285,792.0955586447313,33.003981610197165,1.0,-0.0,-0.0,0.1597755837029586,126.55753023095622,0.96,825.0995402547536,792.0955586445634,33.00398161019017,1.0,-0.0,-0.0,0.15977558370295863,126.55753023095629,0.96,825.0995402547541,792.0955586445639,33.003981610190195,,,,827.545227270502,2376.2866759338585,2183.9427004822614,192.34397545159254,2376.286675933866,0.0,1.0,-0.0,-0.0,0.3827596569241112,212.43160959288159,0.925,600.0,555.0,45.0,1.0,0.0,0.0,0.3827596569241114,212.43160959288184,0.925,600.0,555.0,45.0,1.0,-0.0,-0.0,0.37661581617852247,204.55637153043818,0.9234880392328605,588.1433379671839,543.1433379671843,45.0,1.0,-0.0,-0.0,0.3732589949157449,198.12563655430034,0.9025000000002696,588.1433379666822,530.7993625150893,57.34397545159288,1.0,,,0.101,220.5782127487084,2183.9427004822614,2183.9427004822614,0.0,67.70222371495011,-0.0,,,291.3559202821628,0.0,125.28304572133,,,,49.20625274,0.0,4.0,1378.5897779721145,0.0,-0.0,0.0,140.06472144196428
39,1,40,0.1016,0.0,0.0,1382.3731466879299,,,,0,0.0,1,2475.2986207647978,2475.2986207647978,0.0,396.04777932236766,0.0,,,379.6725906929777,2475.2986207647978,2376.2866759342064,99.011944830592,2475.298620764798,0.0,82.17991420939128,1.0,-0.0,-0.0,0.15977558370297593,126.55753023101248,0.96,825.099540255031,792.0955586448297,33.00398161020127,1.0,-0.0,-0.0,0.1597755837029761,126.55753023101283,0.96,825.0995402550325,792.0955586448312,33.00398161020133,1.0,-0.0,-0.0,0.1597755837029574,126.55753023095234,0.96,825.0995402547345,792.0955586445451,33.003981610189406,,,,833.9756288955793,2376.2866759342064,2196.286675934383,180.0,2376.286675934395,0.0,1.0,-0.0,-0.0,0.3827596569241031,212.4316095928712,0.925,600.0,555.0,45.0,1.0,0.0,0.0,0.3827596569241114,212.43160959288184,0.925,600.0,555.0,45.0,1.0,-0.0,-0.0,0.37661581617853424,204.556371530453,0.9234880392328642,588.1433379672059,543.1433379672067,45.0,1.0,-0.0,-0.0,0.3766152024343331,204.55603817937333,0.9234880392328382,588.1433379672062,543.1433379671918,45.0,1.0,,,0.101,221.82495426937268,2196.286675934383,2196.286675934383,0.0,68.08488695396586,-0.0,,,279.0119448304157,0.0,119.97513627707875,,,,53.10002717,0.0,4.0,1382.3731466879296,0.0,-0.0,0.0,140.44911170349366
40,1,41,0.1016,0.0,0.0,679.5190584430375,,,,0,0.0,1,1250.0,1250.0,0.0,200.0,0.0,,,197.15852960725078,1250.0,1200.0,50.0,1250.0,0.0,41.5,1.0,-0.0,-0.0,0.15977558370297576,126.55753023101204,0.96,825.0995402550291,792.0955586448279,33.003981610201194,1.0,-0.0,-0.0,0.1730822031299352,70.60099937623875,0.96,424.90045974497167,407.90444135517276,16.99601838979888,-0.0,-0.0,1.0,0.27099999999999996,0.0,0.96,0.0,0.0,0.0,,,,424.86321918578665,1200.0,1110.0,90.0,1200.0,0.0,1.0,-0.0,-0.0,0.38275965692411074,212.43160959288147,0.925,600.0,555.0,45.0,1.0,0.0,0.0,0.38275965692413044,212.43160959290518,0.925,600.0,555.0,45.0,-0.0,-0.0,1.0,0.19716472159924608,0.0,0.88,0.0,0.0,0.0,-0.0,-0.0,1.0,0.19716472159924603,0.0,0.88,0.0,0.0,0.0,1.0,,,0.101,112.11000000000001,1110.0,1110.0,0.0,34.41,-0.0,,,140.0,0.0,60.2,,,,54.61269035,0.0,2.0,679.5190584430375,0.0,0.0,0.0,69.03913633781261
41,1,42,0.15246,0.0,47.32428183,0.0,,,,0,0.0,1,0.0,0.0,0.0,0.0,0.0,,,0.0,0.0,0.0,0.0,0.0,0.0,0.0,-0.0,-0.0,1.0,0.271,0.0,0.96,0.0,0.0,0.0,-0.0,-0.0,1.0,0.271,0.0,0.96,0.0,0.0,0.0,-0.0,-0.0,-0.0,0.271,0.0,0.96,0.0,0.0,0.0,,,,0.0,0.0,0.0,0.0,0.0,0.0,-0.0,-0.0,1.0,0.19716472159924736,0.0,0.88,0.0,0.0,0.0,-0.0,0.0,1.0,0.19716472159924608,0.0,0.88,0.0,0.0,0.0,-0.0,-0.0,-0.0,0.19716472159924608,0.0,0.88,0.0,0.0,0.0,-0.0,-0.0,-0.0,0.19716472159924608,0.0,0.88,0.0,0.0,0.0,1.0,,,0.101,0.0,0.0,0.0,0.0,0.0,-0.0,,,0.0,0.0,0.0,,,,47.32428183,0.0,-0.0,0.0,0.0,2124.0,0.0,0.0
42,1,43,0.15246,0.0,31.53080252,0.0,,,,0,0.0,1,0.0,0.0,0.0,0.0,0.0,,,0.0,0.0,0.0,0.0,0.0,0.0,0.0,-0.0,-0.0,-0.0,0.271,0.0,0.96,0.0,0.0,0.0,-0.0,-0.0,-0.0,0.271,0.0,0.96,0.0,0.0,0.0,-0.0,-0.0,-0.0,0.271,0.0,0.96,0.0,0.0,0.0,,,,0.0,0.0,0.0,0.0,0.0,0.0,-0.0,-0.0,-0.0,0.19716472159924608,0.0,0.88,0.0,0.0,0.0,-0.0,0.0,0.0,0.19716472159924603,0.0,0.88,0.0,0.0,0.0,-0.0,-0.0,-0.0,0.19716472159924603,0.0,0.88,0.0,0.0,0.0,-0.0,-0.0,-0.0,0.19716472159924608,0.0,0.88,0.0,0.0,0.0,1.0,,,0.101,0.0,0.0,0.0,0.0,0.0,-0.0,,,0.0,0.0,0.0,,,,31.53080252,0.0,-0.0,0.0,0.0,2124.0,0.0,0.0
43,1,44,0.15246,0.0,26.38881691,0.0,,,,0,0.0,1,0.0,0.0,0.0,0.0,0.0,,,0.0,0.0,0.0,0.0,0.0,0.0,0.0,-0.0,-0.0,-0.0,0.271,0.0,0.96,0.0,0.0,0.0,-0.0,-0.0,-0.0,0.271,0.0,0.96,0.0,0.0,0.0,-0.0,-0.0,-0.0,0.271,0.0,0.96,0.0,0.0,0.0,,,,0.0,0.0,0.0,0.0,0.0,0.0,-0.0,-0.0,-0.0,0.19716472159924614,0.0,0.88,0.0,0.0,0.0,-0.0,0.0,0.0,0.19716472159924608,0.0,0.88,0.0,0.0,0.0,-0.0,-0.0,-0.0,0.19716472159924603,0.0,0.88,0.0,0.0,0.0,-0.0,-0.0,-0.0,0.19716472159924608,0.0,0.88,0.0,0.0,0.0,1.0,,,0.101,0.0,0.0,0.0,0.0,0.0,-0.0,,,0.0,0.0,0.0,,,,26.38881691,0.0,-0.0,0.0,0.0,2124.0,0.0,0.0
44,1,45,0.15246,0.0,31.13346643,0.0,,,,0,0.0,1,0.0,0.0,0.0,0.0,0.0,,,0.0,0.0,0.0,0.0,0.0,0.0,0.0,-0.0,-0.0,-0.0,0.271,0.0,0.96,0.0,0.0,0.0,-0.0,-0.0,-0.0,0.271,0.0,0.96,0.0,0.0,0.0,-0.0,-0.0,-0.0,0.271,0.0,0.96,0.0,0.0,0.0,,,,0.0,0.0,0.0,0.0,0.0,0.0,-0.0,-0.0,-0.0,0.19716472159924608,0.0,0.88,0.0,0.0,0.0,-0.0,0.0,0.0,0.19716472159924608,0.0,0.88,0.0,0.0,0.0,-0.0,-0.0,-0.0,0.19716472159924608,0.0,0.88,0.0,0.0,0.0,-0.0,-0.0,-0.0,0.19716472159924608,0.0,0.88,0.0,0.0,0.0,1.0,,,0.101,0.0,0.0,0.0,0.0,0.0,-0.0,,,0.0,0.0,0.0,,,,31.13346643,0.0,-0.0,0.0,0.0,2124.0,0.0,0.0
45,1,46,0.15246,0.0,31.25217612,0.0,,,,0,0.0,1,0.0,0.0,0.0,0.0,0.0,,,0.0,0.0,0.0,0.0,0.0,0.0,0.0,-0.0,-0.0,-0.0,0.271,0.0,0.96,0.0,0.0,0.0,-0.0,-0.0,-0.0,0.271,0.0,0.96,0.0,0.0,0.0,-0.0,-0.0,-0.0,0.271,0.0,0.96,0.0,0.0,0.0,,,,0.0,0.0,0.0,0.0,0.0,0.0,-0.0,-0.0,-0.0,0.19716472159924608,0.0,0.88,0.0,0.0,0.0,-0.0,0.0,0.0,0.19716472159924608,0.0,0.88,0.0,0.0,0.0,-0.0,-0.0,-0.0,0.19716472159924603,0.0,0.88,0.0,0.0,0.0,-0.0,-0.0,-0.0,0.19716472159924722,0.0,0.88,0.0,0.0,0.0,1.0,,,0.101,0.0,0.0,0.0,0.0,0.0,-0.0,,,0.0,0.0,0.0,,,,31.25217612,0.0,-0.0,0.0,0.0,2124.0,0.0,0.0
46,1,47,0.1016,0.0,0.0,663.7252538137336,,,,0,0.0,1,1240.6190355755414,1240.6190355755414,0.0,198.4990456920866,0.0,,,196.05508265472616,1240.6190355755414,1190.9942741525304,49.62476142302214,1240.6190355755525,0.0,41.18855198110798,1.0,1.0,-0.0,0.15975065427766943,126.47641820879227,0.96,824.6994014716091,791.7114254127447,32.9879760588644,1.0,1.0,-0.0,0.17425908642341567,69.5786644459339,0.96,415.9196341039433,399.28284873978555,16.636785364157745,-0.0,-0.0,-0.0,0.27099999999999996,0.0,0.96,0.0,0.0,0.0,,,,392.50564095235836,1190.9942741525304,1048.0749612542227,142.91931289830416,1190.9942741525351,0.0,1.0,1.0,-0.0,0.3761888327399412,198.2715884166371,0.88,598.9242731096153,527.0533603364615,71.8709127731538,1.0,1.0,0.0,0.372794625392847,194.2340525357213,0.88,592.0700010429198,521.0216009177694,71.04840012515035,-0.0,-0.0,-0.0,0.19716472159924608,0.0,0.88,0.0,0.0,0.0,-0.0,-0.0,-0.0,0.19716472159924608,0.0,0.88,0.0,0.0,0.0,0.0,,,0.101,105.85557108667649,1048.0749612542227,0.0,1048.0749612542227,32.4903237988809,1.0,,,1240.619035575544,0.0,533.466185297484,,,,30.69104088,0.0,2.0,663.7252538137611,0.0,0.0,0.0,67.43448578747534
47,1,48,0.1016,0.0,0.0,726.2811344266199,,,,0,0.0,1,1649.3988029432146,1649.3988029432146,0.0,263.9038084709143,0.0,,,252.95283641758567,1649.3988029432146,1583.4228508254953,65.97595211772904,1649.3988029432244,0.0,54.76004025771473,1.0,-0.0,-0.0,0.1597506542776696,126.47641820879278,0.96,824.6994014716116,791.7114254127471,32.9879760588645,1.0,-0.0,-0.0,0.15975065427766955,126.4764182087929,0.96,824.6994014716128,791.7114254127482,32.98797605886454,-0.0,-0.0,-0.0,0.271,0.0,0.96,0.0,0.0,0.0,,,,392.5056409523569,1583.4228508254953,1048.0749612542304,142.91931289830416,1190.9942741525344,392.42857667296084,1.0,-0.0,-0.0,0.37618883273993875,198.27158841663555,0.8799999999999999,598.9242731096147,527.0533603364609,71.8709127731538,1.0,0.0,0.0,0.37279462539284713,194.23405253572136,0.88,592.0700010429198,521.0216009177694,71.04840012515035,-0.0,-0.0,-0.0,0.19716472159924603,0.0,0.88,0.0,0.0,0.0,-0.0,-0.0,-0.0,0.19716472159924603,0.0,0.88,0.0,0.0,0.0,0.0,,,0.101,105.85557108667727,1048.0749612542304,0.0,1048.0749612542304,32.49032379888114,1.0,,,1649.3988029432244,0.0,709.2414852655864,,,,25.03291403,0.0,2.0,726.2811344266198,0.0,0.0,0.0,73.79016325774458
48,1,49,0.1016,0.0,0.0,1405.147731791255,,,,0,0.0,1,2474.0982044148204,2474.0982044148204,0.0,395.85571270637126,0.0,,,379.42925462637737,2474.0982044148204,2375.134276238237,98.9639281765933,2474.09820441483,0.0,82.14006038657205,1.0,-0.0,-0.0,0.15975065427766943,126.47641820879224,0.96,824.699401471609,791.7114254127446,32.98797605886439,1.0,-0.0,-0.0,0.15975065427766955,126.47641820879251,0.96,824.6994014716103,791.7114254127458,32.98797605886444,1.0,1.0,-0.0,0.15975065427766955,126.4764182087926,0.96,824.6994014716107,791.7114254127463,32.987976058864454,,,,833.1382129248412,2375.134276238237,2195.1342762382433,180.0,2375.13427623823,0.0,1.0,-0.0,-0.0,0.3821986310022214,211.70909886134172,0.9248652926247757,598.9242731094736,553.9242731094744,45.0,1.0,0.0,0.0,0.37864082773004243,207.14303802116592,0.9239954736420817,592.070001042918,547.0700010429188,45.0,1.0,1.0,-0.0,0.37864082773004326,207.14303802116677,0.9239954736420816,592.0700010429191,547.0700010429198,45.0,1.0,1.0,-0.0,0.37864082773004326,207.14303802116683,0.9239954736420815,592.0700010429193,547.0700010429199,45.0,1.0,,,0.101,221.7085619000626,2195.1342762382433,2195.1342762382433,0.0,68.04916256338554,-0.0,,,278.9639281765973,0.0,119.95448911593682,,,,29.12829766,0.0,4.0,1405.1477317912813,0.0,-0.0,0.0,142.7630095499915
49,1,50,0.1016,0.0,0.0,1407.4555856015932,,,,0,0.0,1,2474.0982044149655,2474.0982044149655,0.0,395.85571270639446,0.0,,,379.42925462637686,2474.0982044149655,2375.1342762382346,98.96392817659319,2474.0982044148277,0.0,82.14006038657685,1.0,-0.0,-0.0,0.15975065427766935,126.47641820879204,0.96,824.6994014716081,791.7114254127438,32.987976058864355,1.0,-0.0,-0.0,0.15975065427766952,126.47641820879237,0.96,824.6994014716095,791.711425412745,32.987976058864405,1.0,-0.0,-0.0,0.15975065427766952,126.47641820879245,0.96,824.6994014716099,791.7114254127455,32.987976058864426,,,,833.1282714614706,2375.1342762382346,2195.116277957876,180.01799828048775,2375.1342762383742,0.0,1.0,-0.0,-0.0,0.38219768576893665,211.70743132793191,0.9248602952090381,598.9242731096125,553.9212800360148,45.002993073597736,1.0,0.0,0.0,0.3786408277300437,207.14303802116737,0.9239954736420817,592.07000104292,547.0700010429207,45.0,1.0,-0.0,-0.0,0.3786360889998823,207.1347640912002,0.9239701300055733,592.0700010429204,547.054995836027,45.015005206893306,1.0,-0.0,-0.0,0.37864082773004837,207.1430380211712,0.9239954736420852,592.0700010429215,547.0700010429241,45.0,1.0,,,0.101,221.70674407374548,2195.116277957876,2195.116277957876,0.0,68.04860461669415,-0.0,,,278.9819264569413,0.0,119.96222837648477,,,,26.80868456,0.0,4.0,1407.455585601593,0.0,-0.0,0.0,142.99748749712185
50,1,51,0.1016,0.0,0.0,1408.029721137217,,,,0,0.0,1,2474.098204413874,2474.098204413874,0.0,395.85571270621983,0.0,,,379.42925462618507,2474.098204413874,2375.1342762373256,98.96392817655531,2474.098204413881,0.0,82.14006038654063,1.0,-0.0,-0.0,0.15975065427764976,126.47641820872815,0.96,824.6994014712926,791.7114254124409,32.987976058851736,1.0,-0.0,-0.0,0.15975065427764987,126.47641820872842,0.96,824.6994014712939,791.711425412442,32.987976058851785,1.0,-0.0,-0.0,0.15975065427764987,126.47641820872849,0.96,824.6994014712943,791.7114254124425,32.9879760588518,,,,833.137884311062,2375.1342762373256,2195.134276237328,180.0,2375.1342762373265,0.0,1.0,-0.0,-0.0,0.3821986310017442,211.70909886072613,0.9248652926246604,598.9242731085545,553.9242731085553,45.0,1.0,0.0,0.0,0.3786408277300467,207.14303802117004,0.9239954736420807,592.0700010429236,547.0700010429234,45.0,1.0,-0.0,-0.0,0.3786408277300459,207.1430380211701,0.9239954736420822,592.070001042924,547.0700010429247,45.0,1.0,-0.0,-0.0,0.37864022705157024,207.14270940799568,0.9239954736420816,592.0700010429242,547.0700010429244,45.0,1.0,,,0.101,221.70856189997014,2195.134276237328,2195.134276237328,0.0,68.04916256335716,-0.0,,,278.96392817655294,0.0,119.95448911591777,,,,26.2459797,0.0,4.0,1408.0297211372172,0.0,-0.0,0.0,143.05581966754124
51,1,52,0.1016,0.0,0.0,1407.2406804155148,,,,0,0.0,1,2474.0982044149323,2474.0982044149323,0.0,395.85571270638917,0.0,,,379.4292546264022,2474.0982044149323,2375.1342762383542,98.96392817659819,2474.0982044149523,0.0,82.14006038657575,1.0,-0.0,-0.0,0.15975065427771654,126.47641820894563,0.96,824.699401472366,791.7114254134714,32.987976058894674,1.0,-0.0,-0.0,0.15975065427764987,126.47641820872828,0.96,824.699401471293,791.7114254124413,32.98797605885175,1.0,-0.0,-0.0,0.15975065427764984,126.47641820872833,0.96,824.6994014712934,791.7114254124416,32.987976058851764,,,,833.1299389949597,2375.1342762383542,2195.119271031472,180.01500520688558,2375.134276238351,0.0,1.0,-0.0,-0.0,0.38219863100229423,211.70909886143545,0.9248652926247931,598.9242731096134,553.9242731096141,45.0,1.0,0.0,0.0,0.3786408277300397,207.14303802116234,0.9239954736420811,592.0700010429123,547.0700010429132,45.0,1.0,-0.0,-0.0,0.3786408277300397,207.14303802116234,0.9239954736420808,592.0700010429125,547.0700010429132,45.0,1.0,-0.0,-0.0,0.37863608899988266,207.13476409119954,0.9239701300055816,592.0700010429127,547.0549958360249,45.01500520688785,1.0,,,0.101,221.7070463741787,2195.119271031472,2195.119271031472,0.0,68.04869740197563,-0.0,,,278.97893338348695,0.0,119.96094135489939,,,,27.02555958,0.0,4.0,1407.2406804155405,0.0,-0.0,0.0,142.9756531302163
52,1,53,0.1016,0.0,0.0,1403.2705692853008,,,,0,0.0,1,2474.0982044138555,2474.0982044138555,0.0,395.8557127062169,0.0,,,379.42925462618217,2474.0982044138555,2375.1342762373115,98.96392817655475,2474.0982044138664,0.0,82.14006038654,1.0,-0.0,-0.0,0.1597506542776495,126.47641820872727,0.96,824.6994014712882,791.7114254124366,32.98797605885156,1.0,-0.0,-0.0,0.1597506542776495,126.47641820872727,0.96,824.6994014712882,791.7114254124366,32.98797605885156,1.0,-0.0,-0.0,0.15975065427764962,126.47641820872762,0.96,824.69940147129,791.7114254124384,32.98797605885163,,,,833.1299389949681,2375.1342762373115,2195.119271031486,180.01500520690513,2375.134276238384,0.0,1.0,-0.0,-0.0,0.3821986310022951,211.70909886143667,0.9248652926247933,598.9242731096153,553.924273109616,45.0,1.0,0.0,0.0,0.378636088999877,207.13476409119275,0.9239701300055497,592.0700010429225,547.0549958360151,45.015005206907404,1.0,-0.0,-0.0,0.37864082773004504,207.14303802116925,0.9239954736420825,592.0700010429229,547.0700010429238,45.0,1.0,-0.0,-0.0,0.3786408277300455,207.1430380211695,0.9239954736420821,592.0700010429231,547.0700010429238,45.0,1.0,,,0.101,221.7070463741801,2195.119271031486,2195.119271031486,0.0,68.04869740197606,-0.0,,,278.9789333823876,0.0,119.96094135442667,,,,30.99567071,0.0,4.0,1403.2705692853306,0.0,-0.0,0.0,142.57228983938654
53,1,54,0.1016,0.0,0.0,1382.362460811313,,,,0,0.0,1,2474.0982044139014,2474.0982044139014,0.0,395.8557127062242,0.0,,,379.4292546261903,2474.0982044139014,2375.1342762373506,98.96392817655637,2474.098204413907,0.0,82.14006038654152,1.0,-0.0,-0.0,0.15975065427765034,126.47641820872997,0.96,824.6994014713016,791.7114254124496,32.98797605885209,1.0,-0.0,-0.0,0.1597506542776504,126.47641820873014,0.96,824.6994014713024,791.7114254124502,32.98797605885213,1.0,-0.0,-0.0,0.1597506542776504,126.47641820873021,0.96,824.6994014713028,791.7114254124507,32.98797605885214,,,,833.1282714614651,2375.1342762373506,2195.1162779578895,180.01799828048934,2375.134276238372,0.0,1.0,-0.0,-0.0,0.3821976857689344,211.70743132793157,0.9248602952090382,598.9242731096149,553.921280036017,45.00299307359785,1.0,0.0,0.0,0.3786408277300408,207.14303802116402,0.9239954736420815,592.0700010429151,547.070001042916,45.0,1.0,-0.0,-0.0,0.37863608899988727,207.13476409120483,0.9239701300055744,592.0700010429252,547.0549958360322,45.01500520689308,1.0,-0.0,-0.0,0.3786408277300415,207.1430380211648,0.9239954736420812,592.0700010429165,547.0700010429172,45.0,1.0,,,0.101,221.70674407374685,2195.1162779578895,2195.1162779578895,0.0,68.04860461669458,-0.0,,,278.9819264560243,0.0,119.96222837609047,,,,51.90180935,0.0,4.0,1382.3624608114023,0.0,-0.0,0.0,140.4480260184294
54,1,55,0.1016,0.0,0.0,1388.1811389217892,,,,0,0.0,1,2474.0982044152775,2474.0982044152775,0.0,395.85571270644436,0.0,,,379.42925462646974,2474.0982044152775,2375.1342762386744,98.96392817661152,2474.098204415286,0.0,82.14006038658721,1.0,-0.0,-0.0,0.1597506542776907,126.47641820886138,0.96,824.6994014719501,791.711425413072,32.98797605887803,1.0,-0.0,-0.0,0.1597506542776907,126.4764182088615,0.96,824.6994014719509,791.7114254130728,32.98797605887806,1.0,-0.0,-0.0,0.1597506542776555,126.47641820874685,0.96,824.699401471385,791.7114254125296,32.98797605885543,,,,833.1282714615727,2375.1342762386744,2195.116277957887,180.01799828133062,2375.134276239227,0.0,1.0,-0.0,-0.0,0.38219768576910357,211.70743132802235,0.9248602952077621,598.924273110433,553.9212800360094,45.00299307442356,1.0,0.0,0.0,0.37864082773005026,207.14303802117448,0.9239954736420815,592.0700010429302,547.07000104293,45.0,1.0,-0.0,-0.0,0.3786360889998834,207.1347640911995,0.9239701300055513,592.0700010429308,547.0549958360236,45.015005206907176,1.0,-0.0,-0.0,0.3786408277300516,207.14303802117638,0.9239954736420828,592.0700010429327,547.0700010429331,45.0,1.0,,,0.101,221.70674407374662,2195.116277957887,2195.116277957887,0.0,68.0486046166945,-0.0,,,278.9819264573896,0.0,119.96222837667752,,,,46.08313124,0.0,4.0,1388.181138921789,0.0,-0.0,0.0,141.03920371445378
55,1,56,0.1016,0.0,0.0,1386.231154955528,,,,0,0.0,1,2474.098204415391,2474.098204415391,0.0,395.85571270646255,0.0,,,379.42925462649305,2474.098204415391,2375.1342762387853,98.96392817661615,2474.0982044154016,0.0,82.14006038659099,1.0,-0.0,-0.0,0.1597506542776813,126.47641820883086,0.96,824.6994014717998,791.7114254129277,32.98797605887202,1.0,-0.0,-0.0,0.15975065427768134,126.47641820883103,0.96,824.6994014718006,791.7114254129285,32.98797605887205,1.0,-0.0,-0.0,0.1597506542776814,126.47641820883116,0.96,824.699401471801,791.711425412929,32.98797605887207,,,,833.1299389948695,2375.1342762387853,2195.1192710313394,180.01500520689592,2375.1342762382274,0.0,1.0,-0.0,-0.0,0.3821986310022265,211.70909886134797,0.9248652926247767,598.9242731094827,553.9242731094834,45.0,1.0,0.0,0.0,0.3786408277300404,207.14303802116342,0.9239954736420813,592.0700010429142,547.0700010429151,45.0,1.0,-0.0,-0.0,0.378636088999878,207.13476409119392,0.9239701300055644,592.0700010429149,547.0549958360167,45.015005206898195,1.0,-0.0,-0.0,0.37864082773004104,207.1430380211641,0.9239954736420811,592.0700010429152,547.0700010429159,45.0,1.0,,,0.101,221.7070463741653,2195.1192710313394,2195.1192710313394,0.0,68.04869740197152,-0.0,,,278.97893338407005,0.0,119.96094135515011,,,,48.03508504,0.0,4.0,1386.2311549555277,0.0,-0.0,0.0,140.84108534348164
56,1,57,0.1016,0.0,0.0,1387.6744469355722,,,,0,0.0,1,2474.0982044150574,2474.0982044150574,0.0,395.8557127064092,0.0,,,379.4292546263847,2474.0982044150574,2375.134276238271,98.96392817659475,2474.098204414866,0.0,82.1400603865799,1.0,-0.0,-0.0,0.15975065427767027,126.4764182087948,0.96,824.6994014716214,791.7114254127565,32.98797605886489,1.0,-0.0,-0.0,0.15975065427767027,126.47641820879491,0.96,824.6994014716222,791.7114254127573,32.987976058864916,1.0,-0.0,-0.0,0.15975065427767024,126.47641820879497,0.96,824.6994014716227,791.7114254127578,32.98797605886494,,,,833.1299389950279,2375.134276238271,2195.119271031573,180.01500520690036,2375.1342762384647,0.0,1.0,-0.0,-0.0,0.3821986310023471,211.70909886150312,0.9248652926248057,598.9242731097139,553.9242731097146,45.0,1.0,0.0,0.0,0.37863608899987466,207.13476409119096,0.9239701300055573,592.0700010429163,547.0549958360137,45.015005206902515,1.0,-0.0,-0.0,0.37864082773004215,207.1430380211655,0.9239954736420819,592.0700010429169,547.070001042918,45.0,1.0,-0.0,-0.0,0.37864082773004737,207.14303802116837,0.923995473642081,592.0700010429176,547.0700010429181,45.0,1.0,,,0.101,221.7070463741889,2195.119271031573,2195.119271031573,0.0,68.04869740197877,-0.0,,,278.9789333833014,0.0,119.96094135481961,,,,46.59179306,0.0,4.0,1387.6744469356015,0.0,-0.0,0.0,140.98772380865412
57,1,58,0.1016,0.0,0.0,1386.6440617838546,,,,0,0.0,1,2474.0982044150064,2474.0982044150064,0.0,395.855712706401,0.0,,,379.42925462641387,2474.0982044150064,2375.1342762384097,98.96392817660049,2474.09820441501,0.0,82.14006038657821,1.0,-0.0,-0.0,0.15975065427767324,126.47641820880455,0.96,824.6994014716696,791.7114254128028,32.98797605886681,1.0,-0.0,-0.0,0.15975065427767327,126.47641820880462,0.96,824.6994014716701,791.7114254128032,32.987976058866835,1.0,-0.0,-0.0,0.15975065427767327,126.4764182088047,0.96,824.6994014716705,791.7114254128037,32.98797605886685,,,,833.137555687357,2375.1342762384097,2195.134276238453,180.0,2375.1342762384506,0.0,1.0,-0.0,-0.0,0.38219863098196294,211.70909885020305,0.9248652926248034,598.9242731096904,553.9242731096915,45.0,1.0,0.0,0.0,0.37864082773004304,207.14303802116683,0.9239954736420815,592.0700010429197,547.0700010429202,45.0,1.0,-0.0,-0.0,0.37864022705156847,207.1427094079932,0.9239954736420813,592.07000104292,547.0700010429205,45.0,1.0,-0.0,-0.0,0.3786402270515693,207.14270940799383,0.9239954736420816,592.0700010429204,547.0700010429209,45.0,1.0,,,0.101,221.70856190008377,2195.134276238453,2195.134276238453,0.0,68.04916256339204,-0.0,,,278.9639281765568,0.0,119.95448911591943,,,,47.63131043,0.0,4.0,1386.6440617838548,0.0,-0.0,0.0,140.88303667723963
58,1,59,0.1016,0.0,0.0,1387.7875940883334,,,,0,0.0,1,2474.098204415062,2474.098204415062,0.0,395.8557127064099,0.0,,,379.4292546264244,2474.098204415062,2375.1342762384597,98.96392817660256,2474.0982044150624,0.0,82.14006038658006,1.0,-0.0,-0.0,0.15975065427767013,126.47641820879448,0.96,824.6994014716201,791.7114254127553,32.98797605886484,1.0,-0.0,-0.0,0.1597506542776825,126.47641820883477,0.96,824.6994014718189,791.7114254129461,32.98797605887278,1.0,-0.0,-0.0,0.15975065427767035,126.47641820879512,0.96,824.6994014716231,791.7114254127581,32.98797605886495,,,,833.1378843118232,2375.1342762384597,2195.1342762384743,180.0,2375.134276238461,0.0,1.0,-0.0,-0.0,0.38219863100233753,211.70909886149101,0.9248652926248029,598.9242731096964,553.9242731096967,45.0,1.0,0.0,0.0,0.3786408277300446,207.14303802116837,0.9239954736420819,592.0700010429214,547.0700010429221,45.0,1.0,-0.0,-0.0,0.3786402270515711,207.14270940799528,0.9239954736420818,592.0700010429216,547.0700010429222,45.0,1.0,-0.0,-0.0,0.3786408277300446,207.1430380211685,0.9239954736420818,592.0700010429218,547.0700010429224,45.0,1.0,,,0.101,221.70856190008593,2195.1342762384743,2195.1342762384743,0.0,68.0491625633927,-0.0,,,278.96392817659904,0.0,119.95448911593759,,,,46.48810675,0.0,4.0,1387.7875940883334,0.0,-0.0,0.0,140.99921955937467
59,1,60,0.1016,0.0,0.0,1385.8062747714348,,,,0,0.0,1,2474.0982044151515,2474.0982044151515,0.0,395.85571270642424,0.0,,,379.429254626445,2474.0982044151515,2375.134276238557,98.96392817660663,2474.0982044151638,0.0,82.14006038658303,1.0,-0.0,-0.0,0.15975065427767637,126.47641820881482,0.96,824.6994014717205,791.7114254128517,32.98797605886885,1.0,-0.0,-0.0,0.15975065427767648,126.47641820881499,0.96,824.699401471721,791.7114254128521,32.98797605886887,1.0,-0.0,-0.0,0.1597506542776765,126.4764182088152,0.96,824.6994014717222,791.7114254128534,32.98797605886892,,,,833.1382129249387,2375.134276238557,2195.134276238383,180.0,2375.134276238367,0.0,1.0,-0.0,-0.0,0.38219863100228824,211.7090988614276,0.9248652926247918,598.9242731096015,553.9242731096023,45.0,1.0,0.0,0.0,0.37864082773004415,207.14303802116814,0.9239954736420816,592.0700010429216,547.0700010429221,45.0,1.0,-0.0,-0.0,0.3786408277300448,207.14303802116865,0.9239954736420819,592.0700010429218,547.0700010429225,45.0,1.0,-0.0,-0.0,0.3786408277300508,207.14303802117436,0.9239954736420923,592.0700010429221,547.0700010429289,45.0,1.0,,,0.101,221.7085619000767,2195.134276238383,2195.134276238383,0.0,68.04916256338987,-0.0,,,278.96392817678793,0.0,119.9544891160188,,,,48.46975468,0.0,4.0,1385.8062747714605,0.0,-0.0,0.0,140.79791751677777
60,1,61,0.1016,0.0,0.0,1385.8364826554666,,,,0,0.0,1,2474.098204414855,2474.098204414855,0.0,395.85571270637683,0.0,,,379.42925462638425,2474.098204414855,2375.134276238269,98.96392817659464,2474.0982044148636,0.0,82.14006038657318,1.0,-0.0,-0.0,0.1597506542776701,126.47641820879441,0.96,824.6994014716197,791.7114254127549,32.98797605886482,1.0,-0.0,-0.0,0.15975065427767027,126.4764182087948,0.96,824.6994014716214,791.7114254127565,32.98797605886489,1.0,-0.0,-0.0,0.15975065427767038,126.47641820879507,0.96,824.6994014716225,791.7114254127576,32.98797605886493,,,,833.1299389949121,2375.134276238269,2195.119271031386,180.01500520689137,2375.1342762382874,0.0,1.0,-0.0,-0.0,0.3821986310022425,211.70909886136877,0.9248652926247808,598.9242731095138,553.9242731095146,45.0,1.0,0.0,0.0,0.3786408277300455,207.1430380211698,0.923995473642082,592.070001042924,547.0700010429246,45.0,1.0,-0.0,-0.0,0.37863608899988427,207.13476409120273,0.9239701300055737,592.0700010429243,547.0549958360309,45.01500520689342,1.0,-0.0,-0.0,0.37864082773004637,207.14303802117084,0.9239954736420825,592.0700010429254,547.070001042926,45.0,1.0,,,0.101,221.70704637416998,2195.119271031386,2195.119271031386,0.0,68.04869740197296,-0.0,,,278.97893338346785,0.0,119.96094135489118,,,,48.42975734,0.0,4.0,1385.8364826554664,0.0,-0.0,0.0,140.8009866377954
61,1,62,0.1016,0.0,9.499322359829421e-07,1383.025396825397,,,,0,0.0,1,2474.098204414862,2474.098204414862,0.0,395.85571270637786,0.0,,,379.4292546263858,2474.098204414862,2375.1342762382765,98.96392817659495,2474.0982044148714,0.0,82.14006038657341,1.0,-0.0,-0.0,0.15975065427767035,126.476418208795,0.96,824.6994014716222,791.7114254127573,32.987976058864916,1.0,-0.0,-0.0,0.15975065427767038,126.4764182087953,0.96,824.699401471624,791.711425412759,32.98797605886499,1.0,-0.0,-0.0,0.15975065427767043,126.47641820879551,0.96,824.6994014716252,791.7114254127601,32.98797605886504,,,,833.1299389949085,2375.1342762382765,2195.119271031391,180.0150052068916,2375.134276238282,0.0,1.0,-0.0,-0.0,0.3821986310022387,211.7090988613626,0.9248652926247792,598.9242731095032,553.9242731095039,45.0,1.0,0.0,0.0,0.3786408277300466,207.14303802117126,0.9239954736420827,592.070001042926,547.0700010429268,45.0,1.0,-0.0,-0.0,0.37863608899988344,207.1347640912029,0.9239701300055734,592.0700010429264,547.0549958360326,45.01500520689376,1.0,-0.0,-0.0,0.37864082773004704,207.1430380211717,0.9239954736420826,592.0700010429266,547.0700010429273,45.0,1.0,,,0.101,221.7070463741705,2195.119271031391,2195.119271031391,0.0,68.04869740197312,-0.0,,,278.9789333834811,0.0,119.96094135489687,,,,51.24084412,0.0,4.0,1383.025396825397,0.0,-0.0,0.0,140.5153803174603
62,1,63,0.1016,0.0,-2.647021446477993e-07,1383.469318252351,,,,0,0.0,1,2474.0982044147804,2474.0982044147804,0.0,395.8557127063649,0.0,,,379.4292546261064,2474.0982044147804,2375.13427623887,98.96392817661967,2474.0982044154894,0.0,82.14006038657071,1.0,-0.0,-0.0,0.1597506542776892,126.47641820885646,0.96,824.6994014719257,791.7114254130487,32.98797605887706,1.0,-0.0,-0.0,0.1597506542776893,126.47641820885678,0.96,824.6994014719273,791.7114254130502,32.98797605887712,1.0,-0.0,-0.0,0.15975065427729646,126.47641820839314,0.96,824.6994014716362,791.7114254127707,32.98797605886548,,,,833.1382129008798,2375.13427623887,2195.134276238287,180.0,2375.134276238271,0.0,1.0,-0.0,-0.0,0.3821986309589336,211.7090988373721,0.9248652923958529,598.9242731094961,553.9242731094968,45.0,1.0,0.0,0.0,0.37864082773004,207.1430380211653,0.9239954736420812,592.0700010429202,547.0700010429206,45.0,1.0,-0.0,-0.0,0.3786408277300439,207.1430380211701,0.9239954736420825,592.0700010429271,547.0700010429276,45.0,1.0,-0.0,-0.0,0.3786408277300475,207.14303802117234,0.9239954736420829,592.0700010429276,547.0700010429284,45.0,1.0,,,0.101,221.708561900067,2195.134276238287,2195.134276238287,0.0,68.0491625633869,-0.0,,,278.9639281772162,0.0,119.95448911620296,,,,50.80671091,0.0,4.0,1383.469318252351,0.0,-0.0,0.0,140.56048273443886
63,1,64,0.1016,0.0,0.0,1384.3080571857554,,,,0,0.0,1,2474.098204414895,2474.098204414895,0.0,395.8557127063832,0.0,,,379.42925462654347,2474.098204414895,2375.13427623859,98.96392817660802,2474.098204415198,0.0,82.14006038657452,1.0,-0.0,-0.0,0.15975065427768922,126.47641820885663,0.96,824.6994014719268,791.7114254130497,32.9879760588771,1.0,-0.0,-0.0,0.15975065427778665,126.47641820888904,0.96,824.699401471635,791.7114254127696,32.98797605886543,1.0,-0.0,-0.0,0.15975065427767118,126.4764182087978,0.96,824.6994014716362,791.7114254127707,32.98797605886548,,,,833.1299389950238,2375.13427623859,2195.1192710315636,180.01500520689376,2375.1342762384575,0.0,1.0,-0.0,-0.0,0.38219863100228624,211.70909886142516,0.9248652926247913,598.924273109598,553.9242731095987,45.0,1.0,0.0,0.0,0.37864082773006014,207.14303802118846,0.923995473642086,592.0700010429518,547.0700010429526,45.0,1.0,-0.0,-0.0,0.37864082773006014,207.1430380211885,0.9239954736420858,592.0700010429521,547.0700010429528,45.0,1.0,-0.0,-0.0,0.3786360889998993,207.13476409122174,0.9239701300055733,592.0700010429555,547.0549958360594,45.015005206896035,1.0,,,0.101,221.70704637418794,2195.1192710315636,2195.1192710315636,0.0,68.04869740197847,-0.0,,,278.9789333836341,0.0,119.96094135496267,,,,49.95818281,0.0,4.0,1384.3080571857554,0.0,-0.0,0.0,140.64569861007274
64,1,65,0.1016,0.0,0.0,1390.0323214014984,,,,0,0.0,1,2474.0982044150287,2474.0982044150287,0.0,395.8557127064046,0.0,,,379.4292546262272,2474.0982044150287,2375.134276238443,98.96392817660187,2474.0982044150446,0.0,82.14006038657895,1.0,-0.0,-0.0,0.15975065427768914,126.47641820885639,0.96,824.6994014719255,791.7114254130485,32.98797605887705,1.0,-0.0,-0.0,0.15975065427768925,126.47641820885673,0.96,824.6994014719272,791.71142541305,32.987976058877116,1.0,-0.0,-0.0,0.1597506542773989,126.47641820851409,0.96,824.6994014711919,791.7114254123442,32.98797605884771,,,,833.1282714615173,2375.134276238443,2195.116277957959,180.0179982804891,2375.1342762384484,0.0,1.0,-0.0,-0.0,0.3821976857689281,211.70743132792177,0.9248602952090409,598.9242731095953,553.9212800360006,45.00299307359478,1.0,0.0,0.0,0.3786408277300608,207.1430380211882,0.9239954736420856,592.0700010429504,547.070001042951,45.0,1.0,-0.0,-0.0,0.37863608899989715,207.1347640912189,0.9239701300055732,592.0700010429507,547.054995836055,45.015005206895694,1.0,-0.0,-0.0,0.37864082773006014,207.1430380211884,0.9239954736420858,592.0700010429518,547.0700010429525,45.0,1.0,,,0.101,221.70674407375387,2195.116277957959,2195.116277957959,0.0,68.04860461669674,-0.0,,,278.98192645708554,0.0,119.96222837654678,,,,44.23194876,0.0,4.0,1390.0323214014984,0.0,-0.0,0.0,141.22728385439223
65,1,66,0.15246,0.0,0.0,731.0366230471524,,,,0,0.0,1,1649.3988029426569,1649.3988029426569,0.0,263.9038084708251,0.0,,,252.95283641747227,1649.3988029426569,1583.422850824957,65.97595211770661,1649.3988029426637,0.0,54.76004025769621,1.0,-0.0,-0.0,0.1597506542776522,126.47641820873602,0.96,824.6994014713315,791.7114254124782,32.98797605885329,1.0,-0.0,-0.0,0.1597506542776523,126.47641820873625,0.96,824.6994014713323,791.711425412479,32.98797605885332,-0.0,-0.0,1.0,0.271,0.0,0.96,0.0,0.0,0.0,,,,409.0291419674972,1583.422850824957,1085.8094206156723,90.61485249391421,1176.424273109601,406.9985777153561,1.0,-0.0,-0.0,0.3821976857689283,211.70743132792163,0.9248602952090381,598.9242731095964,553.9212800359999,45.002993073596485,1.0,0.0,0.0,0.3709834748797394,197.32171063957557,0.9210184252462037,577.5,531.8881405796868,45.61185942031773,-0.0,-0.0,1.0,0.19716472159924608,0.0,0.88,0.0,0.0,0.0,-0.0,-0.0,1.0,0.19716472159924608,0.0,0.88,0.0,0.0,0.0,1.0,,,0.101,109.6667514821829,1085.8094206156723,1085.8094206156723,0.0,33.66009203908584,-0.0,,,563.5893823269769,0.0,242.34343440060005,,,,40.61210682,0.0,2.0,731.0366230471524,0.0,0.0,0.0,111.45384354976886
66,1,67,0.15246,0.0,0.0,725.7629337528083,,,,0,0.0,1,1649.3988029426664,1649.3988029426664,0.0,263.9038084708266,0.0,,,252.95283641747278,1649.3988029426664,1583.4228508249596,65.97595211770671,1649.3988029426664,0.0,54.760040257696524,1.0,-0.0,-0.0,0.15975065427765225,126.47641820873628,0.96,824.6994014713327,791.7114254124795,32.98797605885334,1.0,-0.0,-0.0,0.15975065427765242,126.47641820873652,0.96,824.6994014713335,791.7114254124801,32.98797605885337,-0.0,-0.0,-0.0,0.271,0.0,0.96,0.0,0.0,0.0,,,,395.30162152533387,1583.4228508249596,1065.0,90.0,1155.0,428.4228508249496,1.0,-0.0,-0.0,0.3711752314791806,197.6508107626656,0.9220779220779237,577.5,532.5,45.0,1.0,0.0,0.0,0.3711752314791852,197.6508107626683,0.9220779220779239,577.5,532.5,45.0,-0.0,-0.0,-0.0,0.19716472159924603,0.0,0.88,0.0,0.0,0.0,-0.0,-0.0,-0.0,0.19716472159924608,0.0,0.88,0.0,0.0,0.0,1.0,,,0.101,107.56500000000159,1065.0,1065.0,0.0,33.015000000000484,-0.0,,,584.398802942655,0.0,251.29148526534166,,,,30.05652419,0.0,2.0,725.7629337528082,0.0,0.0,0.0,110.64981687995316
67,1,68,0.15246,0.0,0.0,669.1122563433515,,,,0,0.0,1,1203.125,1203.125,0.0,192.5,0.0,,,191.71902075802603,1203.125,1155.0,48.125000000000014,1203.124999999999,0.0,39.94375,1.0,-0.0,-0.0,0.1597506542776522,126.47641820873602,0.96,824.6994014713315,791.7114254124782,32.98797605885329,1.0,-0.0,-0.0,0.17958891942408792,65.24260254929001,0.96,378.4255985286677,363.288574587521,15.137023941146722,-0.0,-0.0,-0.0,0.271,0.0,0.96,0.0,0.0,0.0,,,,395.301621525325,1155.0,1065.0,90.0,1155.0,0.0,1.0,-0.0,-0.0,0.3711752314791777,197.6508107626618,0.9220779220779225,577.5,532.5,45.0,1.0,0.0,0.0,0.3711752314791798,197.6508107626632,0.9220779220779223,577.5,532.5,45.0,-0.0,-0.0,-0.0,0.19716472159924608,0.0,0.88,0.0,0.0,0.0,-0.0,-0.0,-0.0,0.19716472159924608,0.0,0.88,0.0,0.0,0.0,1.0,,,0.101,107.56500000000047,1065.0,1065.0,0.0,33.01500000000014,-0.0,,,138.1250000000001,0.0,59.39375000000005,,,,25.47338594,0.0,2.0,669.1122563433515,0.0,0.0,0.0,102.01285460210738
68,1,69,0.15246,0.0,0.0,668.8538137180674,,,,0,0.0,1,1203.125,1203.125,0.0,192.5,0.0,,,191.71902075805477,1203.125,1155.0,48.12499999999775,1203.1249999999427,0.0,39.94375,1.0,-0.0,-0.0,0.15975065427767804,126.47641820882012,0.96,824.6994014717463,791.7114254128765,32.98797605886988,1.0,-0.0,-0.0,0.1795889194241591,65.24260254923465,0.96,378.42559852819625,363.2885745870684,15.137023941127863,-0.0,-0.0,-0.0,0.271,0.0,0.96,0.0,0.0,0.0,,,,395.3013165501321,1155.0,1065.0,90.0,1155.0,0.0,1.0,-0.0,-0.0,0.3711752314791793,197.65081076266398,0.9220779220779237,577.5,532.5,45.0,1.0,0.0,0.0,0.37117465875580435,197.65050578746812,0.9220779220779246,577.5,532.5,45.0,-0.0,-0.0,-0.0,0.19716472159924614,0.0,0.88,0.0,0.0,0.0,-0.0,-0.0,-0.0,0.19716472159924608,0.0,0.88,0.0,0.0,0.0,1.0,,,0.101,107.56500000000155,1065.0,1065.0,0.0,33.01500000000047,-0.0,,,138.12499999993386,0.0,59.39374999997156,,,,25.73152359,0.0,2.0,668.8538137181883,0.0,0.0,0.0,101.97345243945657
69,1,70,0.15246,0.0,0.0,667.0296758133599,,,,0,0.0,1,1203.125,1203.125,0.0,192.5,0.0,,,191.71902075802836,1203.125,1155.0,48.12500000000031,1203.1250000000068,0.0,39.94375,1.0,-0.0,-0.0,0.15975065427765325,126.47641820873936,0.96,824.6994014713478,791.7114254124938,32.98797605885394,1.0,-0.0,-0.0,0.17958891942408925,65.24260254928902,0.96,378.42559852865895,363.2885745875126,15.13702394114637,-0.0,-0.0,-0.0,0.271,0.0,0.96,0.0,0.0,0.0,,,,395.3016215253303,1155.0,1065.0,90.0,1155.0,0.0,1.0,-0.0,-0.0,0.3711752314791801,197.65081076266475,0.9220779220779238,577.5,532.5,45.0,1.0,0.0,0.0,0.3711752314791815,197.65081076266554,0.9220779220779229,577.5,532.5,45.0,-0.0,-0.0,-0.0,0.19716472159924608,0.0,0.88,0.0,0.0,0.0,-0.0,-0.0,-0.0,0.19716472159924608,0.0,0.88,0.0,0.0,0.0,1.0,,,0.101,107.56500000000113,1065.0,1065.0,0.0,33.01500000000034,-0.0,,,138.12499999999963,0.0,59.39374999999984,,,,27.55596647,0.0,2.0,667.0296758133599,0.0,0.0,0.0,101.69534437450486
70,1,71,0.1016,0.0,0.0,1407.1937102412762,,,,0,0.0,1,2474.0982044144766,2474.0982044144766,0.0,395.85571270631624,0.0,,,379.42844503617374,2474.0982044144766,2375.1342762378977,98.96392817657917,2474.0982044144766,0.0,82.14006038656062,1.0,-0.0,-0.0,0.1597506542776824,126.4764182088345,0.96,824.6994014718176,791.7114254129449,32.98797605887273,1.0,-0.0,-0.0,0.15975014298647575,126.47601341366955,0.96,824.699401471329,791.7114254124758,32.98797605885319,1.0,1.0,-0.0,0.15975014298647575,126.4760134136697,0.96,824.6994014713302,791.711425412477,32.98797605885324,,,,833.2200337549699,2375.1342762378977,2195.1342762389327,180.0,2375.134276238939,0.0,1.0,-0.0,-0.0,0.3827596569241123,212.43160959288195,0.9249999999999999,600.0,555.0,45.0,1.0,0.0,0.0,0.38275903662184985,212.43126532512667,0.925,600.0,555.0,45.0,1.0,1.0,-0.0,0.37631947287884193,204.17857941860512,0.9234130075007102,587.5671381197541,542.5671381197473,45.0,1.0,1.0,-0.0,0.3763194728787721,204.17857941835624,0.9234130075006487,587.567138119186,542.5671381191866,45.0,1.0,,,0.101,221.70856190013222,2195.1342762389327,2195.1342762389327,0.0,68.04916256340691,-0.0,,,278.9639281755432,0.0,119.95448911548357,,,,27.16333045,0.0,4.0,1407.1937102412758,0.0,-0.0,0.0,142.97088096051365
71,1,72,0.1016,0.0,0.0,1407.6218592581356,,,,0,0.0,1,2474.0982044140674,2474.0982044140674,0.0,395.85571270625076,0.0,,,379.429254626225,2474.0982044140674,2375.1342762375143,98.96392817656319,2474.0982044140774,0.0,82.14006038654703,1.0,-0.0,-0.0,0.15975065427765398,126.47641820874156,0.96,824.6994014713584,791.7114254125041,32.987976058854365,1.0,-0.0,-0.0,0.15975065427765392,126.47641820874165,0.96,824.6994014713592,791.7114254125048,32.9879760588544,1.0,-0.0,-0.0,0.15975065427765392,126.47641820874173,0.96,824.6994014713597,791.7114254125053,32.987976058854414,,,,833.2203780219206,2375.1342762375143,2195.134276237525,180.0,2375.1342762375234,0.0,1.0,-0.0,-0.0,0.38275965692411096,212.43160959288159,0.925,600.0,555.0,45.0,1.0,0.0,0.0,0.3827596569241112,212.43160959288184,0.925,600.0,555.0,45.0,1.0,-0.0,-0.0,0.3763194728787742,204.17857941835908,0.9234130075006487,587.5671381191909,542.5671381191911,45.0,1.0,-0.0,-0.0,0.3763194728783352,204.17857941779806,0.9234130075005378,587.5671381183324,542.5671381183332,45.0,1.0,,,0.101,221.70856189999,2195.134276237525,2195.134276237525,0.0,68.04916256336327,-0.0,,,278.9639281765528,0.0,119.95448911591771,,,,26.73633529,0.0,4.0,1407.6218592581356,0.0,-0.0,0.0,143.01438090062658
72,1,73,0.1016,0.0,0.0,1405.8348024133552,,,,0,0.0,1,2474.0982044167295,2474.0982044167295,0.0,395.8557127066767,0.0,,,379.4292546267643,2474.0982044167295,2375.13427624007,98.96392817666967,2474.0982044167395,0.0,82.14006038663543,1.0,-0.0,-0.0,0.15975065427770915,126.47641820892134,0.96,824.6994014722458,791.7114254133559,32.98797605888986,1.0,-0.0,-0.0,0.1597506542777091,126.47641820892143,0.96,824.6994014722466,791.7114254133567,32.98797605888989,1.0,-0.0,-0.0,0.15975065427770915,126.47641820892153,0.96,824.699401472247,791.7114254133571,32.98797605888991,,,,833.2114760300199,2375.13427624007,2195.118021259417,180.01625497893212,2375.1342762383697,0.0,1.0,-0.0,-0.0,0.3827596569241112,212.4316095928817,0.925,600.0,555.0,45.0,1.0,0.0,0.0,0.3827596569241112,212.43160959348594,0.925,600.0,555.0,45.0,1.0,-0.0,-0.0,0.37631947287877177,204.17857941835567,0.923413007500649,587.5671381191846,542.5671381191855,45.0,1.0,-0.0,-0.0,0.3763143398524663,204.1696774252965,0.9233853426128782,587.567138119185,542.5508831402519,45.016254978933034,1.0,,,0.101,221.70692014720115,2195.118021259417,2195.118021259417,0.0,68.04865865904193,-0.0,,,278.9801831573021,0.0,119.96147875763991,,,,28.51284839,0.0,4.0,1405.8348024139852,0.0,-0.0,0.0,142.83281592519688
73,1,74,0.1016,0.0,0.0,1406.237981297077,,,,0,0.0,1,2474.098204414834,2474.098204414834,0.0,395.8557127063734,0.0,,,379.42925462640505,2474.098204414834,2375.134276238368,98.96392817659878,2474.098204414967,0.0,82.14006038657249,1.0,-0.0,-0.0,0.15975065427767746,126.47641820881837,0.96,824.6994014717379,791.7114254128684,32.98797605886955,1.0,-0.0,-0.0,0.1597506542776698,126.47641820879335,0.96,824.6994014716144,791.7114254127498,32.987976058864604,1.0,-0.0,-0.0,0.15975065427766977,126.47641820879338,0.96,824.6994014716148,791.7114254127501,32.987976058864625,,,,833.2025740363439,2375.134276238368,2195.101766280476,180.03250995788983,2375.1342762383656,0.0,1.0,-0.0,-0.0,0.3827596569241121,212.43160959288207,0.925,600.0,555.0,45.0,1.0,0.0,0.0,0.3827596569241123,212.43160959288232,0.9249999999999999,600.0,555.0,45.0,1.0,-0.0,-0.0,0.3763143398524556,204.1696774252797,0.9233853426128317,587.5671381191829,542.5508831402227,45.016254978960205,1.0,-0.0,-0.0,0.3763143398524712,204.16967742529982,0.9233853426128836,587.5671381191835,542.5508831402537,45.01625497892974,1.0,,,0.101,221.7052783943281,2195.101766280476,2195.101766280476,0.0,68.04815475469476,-0.0,,,278.99643813449086,0.0,119.96846839783107,,,,28.09912576,0.0,4.0,1406.2379812970769,0.0,-0.0,0.0,142.87377889978302
74,1,75,0.1016,0.0,0.0,1407.487539472972,,,,0,0.0,1,2474.0982044148213,2474.0982044148213,0.0,395.8557127063714,0.0,,,379.4292546263801,2474.0982044148213,2375.1342762382496,98.96392817659384,2474.0982044148436,0.0,82.14006038657207,1.0,-0.0,-0.0,0.15975065427766974,126.4764182087931,0.96,824.6994014716131,791.7114254127486,32.987976058864554,1.0,-0.0,-0.0,0.15975065427766974,126.47641820879332,0.96,824.6994014716145,791.7114254127498,32.98797605886461,1.0,-0.0,-0.0,0.1597506542776699,126.47641820879367,0.96,824.6994014716159,791.7114254127513,32.98797605886467,,,,833.2114760293921,2375.1342762382496,2195.118021259405,180.01625497890223,2375.1342762383074,0.0,1.0,-0.0,-0.0,0.38275965692411096,212.43160959288159,0.925,600.0,555.0,45.0,1.0,0.0,0.0,0.3827596569241123,212.43160959288232,0.9249999999999999,600.0,555.0,45.0,1.0,-0.0,-0.0,0.37631947287875556,204.17857941833518,0.9234130075006448,587.5671381191537,542.5671381191545,45.0,1.0,-0.0,-0.0,0.3763143398524609,204.16967742529295,0.9233853426129243,587.5671381191539,542.5508831402503,45.01625497890359,1.0,,,0.101,221.70692014719992,2195.118021259405,2195.118021259405,0.0,68.04865865904155,-0.0,,,278.98018315543834,0.0,119.96147875683849,,,,26.86011133,0.0,4.0,1407.487539472972,0.0,-0.0,0.0,143.00073401045395
75,1,76,0.1016,0.0,0.0,1407.1041520429824,,,,0,0.0,1,2474.098204414823,2474.098204414823,0.0,395.8557127063717,0.0,,,379.4292546263785,2474.098204414823,2375.1342762382424,98.96392817659353,2474.098204414836,0.0,82.14006038657213,1.0,-0.0,-0.0,0.15975065427766952,126.47641820879251,0.96,824.6994014716104,791.7114254127459,32.98797605886445,1.0,-0.0,-0.0,0.15975065427766963,126.47641820879284,0.96,824.6994014716118,791.7114254127473,32.987976058864504,1.0,-0.0,-0.0,0.1597506542776697,126.47641820879316,0.96,824.6994014716136,791.711425412749,32.98797605886457,,,,833.2114760294024,2375.1342762382424,2195.1180212594195,180.01625497890723,2375.1342762383265,0.0,1.0,-0.0,-0.0,0.38275965692411096,212.43160959288159,0.925,600.0,555.0,45.0,1.0,0.0,0.0,0.3827596569241132,212.43160959288304,0.9249999999999999,600.0,555.0,45.0,1.0,-0.0,-0.0,0.3763194728787571,204.17857941833716,0.9234130075006444,587.5671381191573,542.5671381191576,45.0,1.0,-0.0,-0.0,0.3763143398524672,204.16967742530062,0.9233853426129207,587.5671381191684,542.5508831402616,45.01625497890677,1.0,,,0.101,221.70692014720137,2195.1180212594195,2195.1180212594195,0.0,68.048658659042,-0.0,,,278.9801831554166,0.0,119.96147875682915,,,,27.24349876,0.0,4.0,1407.1041520429824,0.0,-0.0,0.0,142.961781847567
76,1,77,0.1016,0.0,0.0,1402.921163628857,,,,0,0.0,1,2474.098204414881,2474.098204414881,0.0,395.8557127063809,0.0,,,379.4292546263842,2474.098204414881,2375.1342762382696,98.96392817659465,2474.098204414864,0.0,82.14006038657405,1.0,-0.0,-0.0,0.15975065427767018,126.47641820879464,0.96,824.6994014716208,791.711425412756,32.98797605886486,1.0,-0.0,-0.0,0.15975065427767024,126.47641820879474,0.96,824.6994014716213,791.7114254127564,32.98797605886488,1.0,-0.0,-0.0,0.15975065427767024,126.47641820879483,0.96,824.6994014716217,791.7114254127569,32.9879760588649,,,,833.220378022432,2375.1342762382696,2195.134276238318,180.0,2375.134276238296,0.0,1.0,-0.0,-0.0,0.3827596569241043,212.4316095928779,0.925,600.0,555.0,45.0,1.0,0.0,0.0,0.3827596569241112,212.4316095928817,0.925,600.0,555.0,45.0,1.0,-0.0,-0.0,0.3763194728787563,204.17857941833608,0.9234130075006451,587.567138119155,542.5671381191559,45.0,1.0,-0.0,-0.0,0.37631947287875667,204.17857941833628,0.9234130075006448,587.5671381191552,542.5671381191559,45.0,1.0,,,0.101,221.70856190007012,2195.134276238318,2195.134276238318,0.0,68.04916256338785,-0.0,,,278.9639281765528,0.0,119.95448911591771,,,,31.437030920000005,0.0,4.0,1402.9211636288862,0.0,-0.0,0.0,142.53679022469186
77,1,78,0.1016,0.0,0.0,1388.195527643023,,,,0,0.0,1,2474.0982044163693,2474.0982044163693,0.0,395.8557127066191,0.0,,,379.4292546266903,2474.0982044163693,2375.1342762397194,98.96392817665506,2474.0982044163743,0.0,82.14006038662346,1.0,-0.0,-0.0,0.15975065427770155,126.47641820889665,0.96,824.6994014721241,791.7114254132391,32.987976058884996,1.0,-0.0,-0.0,0.1597506542777015,126.47641820889673,0.96,824.6994014721249,791.7114254132399,32.987976058885025,1.0,-0.0,-0.0,0.1597506542777016,126.4764182088969,0.96,824.6994014721254,791.7114254132404,32.987976058885046,,,,833.211476029143,2375.1342762397194,2195.1180212593035,180.01625497891075,2375.1342762382938,0.0,1.0,-0.0,-0.0,0.3827596569241126,212.4316095928825,0.925,600.0,555.0,45.0,1.0,0.0,0.0,0.3827596569241126,212.4316095928825,0.925,600.0,555.0,45.0,1.0,-0.0,-0.0,0.37631433985201146,204.16967742503996,0.923385342610544,587.5671381191373,542.550883140226,45.01625497891132,1.0,-0.0,-0.0,0.37631947287875883,204.178579418338,0.9234130075006448,587.5671381191567,542.5671381191572,45.0,1.0,,,0.101,221.70692014718966,2195.1180212593035,2195.1180212593035,0.0,68.04865865903841,-0.0,,,278.9801831569914,0.0,119.96147875750631,,,,46.15212316,0.0,4.0,1388.195527643023,0.0,-0.0,0.0,141.04066560853113
78,1,79,0.1016,0.0,0.0,1387.9301231559677,,,,0,0.0,1,2474.098204414166,2474.098204414166,0.0,395.85571270626656,0.0,,,379.42925462624277,2474.098204414166,2375.1342762375994,98.96392817656672,2474.098204414166,0.0,82.14006038655032,1.0,-0.0,-0.0,0.1597506542776557,126.47641820874746,0.96,824.699401471388,791.7114254125324,32.98797605885555,1.0,-0.0,-0.0,0.15975065427765575,126.47641820874762,0.96,824.6994014713888,791.7114254125332,32.98797605885558,1.0,-0.0,-0.0,0.15975065427765575,126.4764182087477,0.96,824.6994014713893,791.7114254125337,32.9879760588556,,,,833.2111285125274,2375.1342762375994,2195.118021259384,180.01625497891519,2375.134276238299,0.0,1.0,-0.0,-0.0,0.38275965692410385,212.43160959287763,0.925,600.0,555.0,45.0,1.0,0.0,0.0,0.3827590307676251,212.4312620760319,0.925,600.0,555.0,45.0,1.0,-0.0,-0.0,0.37631433985245427,204.16967742528038,0.9233853426128791,587.5671381191568,542.5508831402265,45.016254978930306,1.0,-0.0,-0.0,0.37631947287875755,204.17857941833745,0.923413007500645,587.567138119157,542.5671381191577,45.0,1.0,,,0.101,221.7069201471978,2195.118021259384,2195.118021259384,0.0,68.04865865904091,-0.0,,,278.980183154782,0.0,119.96147875655628,,,,46.41718013,0.0,4.0,1387.930123155968,0.0,-0.0,0.0,141.01370051264632
79,1,80,0.1016,0.0,0.0,1391.691485958167,,,,0,0.0,1,2474.098204414126,2474.098204414126,0.0,395.8557127062602,0.0,,,379.4292546262416,2474.098204414126,2375.134276237592,98.96392817656643,2474.0982044141583,0.0,82.14006038654898,1.0,-0.0,-0.0,0.15975065427765558,126.47641820874684,0.96,824.6994014713844,791.7114254125289,32.9879760588554,1.0,-0.0,-0.0,0.1597506542776557,126.47641820874719,0.96,824.6994014713862,791.7114254125307,32.98797605885547,1.0,-0.0,-0.0,0.15975065427765575,126.47641820874752,0.96,824.699401471388,791.7114254125324,32.98797605885555,,,,833.2203780219606,2375.134276237592,2195.134276237593,180.0,2375.1342762375857,0.0,1.0,-0.0,-0.0,0.38275965692411074,212.43160959288147,0.925,600.0,555.0,45.0,1.0,0.0,0.0,0.38275965692411096,212.43160959288159,0.925,600.0,555.0,45.0,1.0,-0.0,-0.0,0.3763194728785699,204.1785794180987,0.923413007500598,587.5671381187929,542.5671381187938,45.0,1.0,-0.0,-0.0,0.37631947287857037,204.17857941809888,0.9234130075005968,587.5671381187933,542.5671381187935,45.0,1.0,,,0.101,221.7085618999969,2195.134276237593,2195.134276237593,0.0,68.04916256336539,-0.0,,,278.9639281765711,0.0,119.95448911592555,,,,42.66670859,0.0,4.0,1391.691485958199,0.0,-0.0,0.0,141.39585497334977
80,1,81,0.1016,0.0,0.0,1388.6772735040108,,,,0,0.0,1,2474.098204414142,2474.098204414142,0.0,395.8557127062627,0.0,,,379.42925462662134,2474.098204414142,2375.1342762382997,98.9639281765959,2474.0982044148955,0.0,82.14006038654951,1.0,-0.0,-0.0,0.15975065427770144,126.47641820889646,0.96,824.6994014721233,791.7114254132383,32.98797605888496,1.0,-0.0,-0.0,0.15975065427794696,126.47641820897769,0.96,824.6994014713855,791.71142541253,32.98797605885545,1.0,-0.0,-0.0,0.1597506542776556,126.47641820874719,0.96,824.6994014713866,791.7114254125312,32.987976058855494,,,,833.2114760300792,2375.1342762382997,2195.1180212604986,180.01625497706812,2375.134276239016,0.0,1.0,-0.0,-0.0,0.38275965692523983,212.4316095943103,0.925,600.0,555.0,45.0,1.0,0.0,0.0,0.382759656923332,212.43160959189473,0.9250000000000002,600.0,555.0,45.0,1.0,-0.0,-0.0,0.37631947287890455,204.17857941859276,0.9234130075014372,587.5671381191581,542.5671381196241,45.0,1.0,-0.0,-0.0,0.3763143398524551,204.16967742528135,0.9233853426128787,587.5671381191585,542.5508831402278,45.01625497893065,1.0,,,0.101,221.70692014731037,2195.1180212604986,2195.1180212604986,0.0,68.04865865907546,-0.0,,,278.9801831529478,0.0,119.96147875576756,,,,45.6703773,0.0,4.0,1388.6772735040108,0.0,-0.0,0.0,141.0896109880075
81,1,82,0.1016,0.0,0.0,1394.9710490269563,,,,0,0.0,1,2474.098204415146,2474.098204415146,0.0,395.85571270642333,0.0,,,379.42925462632206,2474.098204415146,2375.134276238546,98.96392817660617,2474.0982044151524,0.0,82.14006038658285,1.0,-0.0,-0.0,0.15975065427768567,126.47641820884506,0.96,824.6994014718697,791.7114254129949,32.987976058874814,1.0,-0.0,-0.0,0.15975065427759513,126.47641820873824,0.96,824.6994014716405,791.7114254127748,32.98797605886565,1.0,-0.0,-0.0,0.15975065427759552,126.47641820873878,0.96,824.699401471642,791.7114254127763,32.987976058865705,,,,833.2025740363063,2375.134276238546,2195.1017662804734,180.03250995787164,2375.1342762383447,0.0,1.0,-0.0,-0.0,0.3827596569241116,212.43160959288195,0.9250000000000098,600.0,555.0,45.0,1.0,0.0,0.0,0.3827596569241112,212.4316095928817,0.925,600.0,555.0,45.0,1.0,-0.0,-0.0,0.37631433985239787,204.16967742525085,0.9233853426125277,587.5671381191754,542.5508831402293,45.01625497894611,1.0,-0.0,-0.0,0.37631433985246326,204.16967742529175,0.9233853426128789,587.5671381191756,542.5508831402437,45.0162549789319,1.0,,,0.101,221.70527839432782,2195.1017662804734,2195.1017662804734,0.0,68.04815475469468,-0.0,,,278.99643813467924,0.0,119.96846839791208,,,,39.36605803,0.0,4.0,1394.971049026956,0.0,-0.0,0.0,141.72905858113876
82,1,83,0.1016,0.0,0.0,1389.9774201864568,,,,0,0.0,1,2474.0982044149187,2474.0982044149187,0.0,395.85571270638695,0.0,,,379.4292546264429,2474.0982044149187,2375.134276238547,98.96392817660623,2474.0982044151533,0.0,82.1400603865753,1.0,-0.0,-0.0,0.15975065427767152,126.47641820879892,0.96,824.6994014716419,791.7114254127762,32.987976058865705,1.0,-0.0,-0.0,0.15975065427768545,126.4764182088443,0.96,824.6994014718658,791.7114254129912,32.987976058874665,1.0,-0.0,-0.0,0.1597506542776718,126.47641820879971,0.96,824.6994014716455,791.7114254127797,32.98797605886585,,,,833.2022260656,2375.134276238547,2195.1017662813233,180.0325099570216,2375.1342762383397,0.0,1.0,-0.0,-0.0,0.38275965692411074,212.43160959288147,0.925,600.0,555.0,45.0,1.0,0.0,0.0,0.3827590299489752,212.43126162168124,0.925,600.0,555.0,45.0,1.0,-0.0,-0.0,0.3763143398527207,204.16967742573948,0.923385342614281,587.56713811917,542.5508831410623,45.01625497810767,1.0,-0.0,-0.0,0.3763143398524661,204.16967742529792,0.9233853426129077,587.5671381191706,542.550883140256,45.01625497891462,1.0,,,0.101,221.70527839441368,2195.1017662813233,2195.1017662813233,0.0,68.04815475472103,-0.0,,,278.9964381338352,0.0,119.96846839754915,,,,44.3593389,0.0,4.0,1389.9774201864566,0.0,-0.0,0.0,141.221705890944
83,1,84,0.1016,0.0,0.0,1389.5333008205812,,,,0,0.0,1,2474.0982044148786,2474.0982044148786,0.0,395.8557127063806,0.0,,,379.429254626315,2474.0982044148786,2375.1342762382833,98.96392817659523,2474.0982044148786,0.0,82.14006038657398,1.0,-0.0,-0.0,0.15975065427768537,126.47641820884391,0.96,824.6994014718638,791.7114254129892,32.98797605887458,1.0,-0.0,-0.0,0.1597506542776716,126.47641820879925,0.96,824.6994014716435,791.7114254127777,32.98797605886577,1.0,-0.0,-0.0,0.15975065427756344,126.47641820867186,0.96,824.6994014713712,791.7114254125163,32.987976058854876,,,,833.2111497571843,2375.1342762382833,2195.1180212594227,180.01625497893122,2375.1342762383433,0.0,1.0,-0.0,-0.0,0.3827596569241112,212.43160959288159,0.925,600.0,555.0,45.0,1.0,0.0,0.0,0.3827596569241114,212.43160959288184,0.925,600.0,555.0,45.0,1.0,-0.0,-0.0,0.3763143398524562,204.16967742528564,0.923385342612879,587.5671381191689,542.5508831402376,45.01625497893133,1.0,-0.0,-0.0,0.3763188715297524,204.17825314613526,0.9234130075006465,587.567138119175,542.5671381191751,45.0,1.0,,,0.101,221.7069201472017,2195.1180212594227,2195.1180212594227,0.0,68.0486586590421,-0.0,,,278.9801831554664,0.0,119.96147875685055,,,,44.81402371,0.0,4.0,1389.5333008207012,0.0,-0.0,0.0,141.17658336337104
84,1,85,0.1016,0.0,0.0,1382.2359089089978,,,,0,0.0,1,2474.0982044149423,2474.0982044149423,0.0,395.85571270639076,0.0,,,379.4292546264022,2474.0982044149423,2375.1342762383547,98.96392817659819,2474.0982044149528,0.0,82.14006038657608,1.0,-0.0,-0.0,0.159750654277672,126.47641820880058,0.96,824.6994014716503,791.7114254127843,32.98797605886604,1.0,-0.0,-0.0,0.15975065427767204,126.47641820880075,0.96,824.6994014716511,791.711425412785,32.987976058866074,1.0,-0.0,-0.0,0.1597506542776721,126.47641820880085,0.96,824.6994014716515,791.7114254127854,32.98797605886609,,,,833.2203780225145,2375.1342762383547,2195.1342762384265,180.0,2375.134276238434,0.0,1.0,-0.0,-0.0,0.3827596569241656,212.43160959295045,0.925,600.0,555.0,45.0,1.0,0.0,0.0,0.3827596569241125,212.43160959288244,0.925,600.0,555.0,45.0,1.0,-0.0,-0.0,0.37631947287876,204.17857941834075,0.9234130075006461,587.567138119162,542.5671381191629,45.0,1.0,-0.0,-0.0,0.3763194728787602,204.1785794183409,0.9234130075006453,587.5671381191626,542.5671381191629,45.0,1.0,,,0.101,221.7085619000811,2195.1342762384265,2195.1342762384265,0.0,68.04916256339122,-0.0,,,278.963928176526,0.0,119.95448911590617,,,,52.12228564,0.0,4.0,1382.235908908998,0.0,-0.0,0.0,140.43516834515418
85,1,86,0.1016,0.0,0.0,1392.31208896811,,,,0,0.0,1,2474.09820441347,2474.09820441347,0.0,395.8557127061552,0.0,,,379.4292546257304,2474.09820441347,2375.134276238382,98.96392817659934,2474.0982044149814,0.0,82.1400603865272,1.0,-0.0,-0.0,0.1597506542776726,126.47641820880239,0.96,824.6994014716589,791.7114254127926,32.98797605886639,1.0,-0.0,-0.0,0.15975065427767265,126.47641820880266,0.96,824.6994014716604,791.7114254127939,32.987976058866444,1.0,-0.0,-0.0,0.1597506542770988,126.47641820812534,0.96,824.699401471662,791.7114254127955,32.98797605886651,,,,833.2203780223571,2375.134276238382,2195.134276238338,180.0,2375.134276237023,0.0,1.0,-0.0,-0.0,0.38275965692410935,212.4316095928806,0.925,600.0,555.0,45.0,1.0,0.0,0.0,0.3827596569241114,212.43160959288184,0.925,600.0,555.0,45.0,1.0,-0.0,-0.0,0.376319472878867,204.17857941867987,0.9234130075029394,587.5671381185115,542.5671381199097,45.0,1.0,-0.0,-0.0,0.3763194728784258,204.17857941791473,0.9234130075005612,587.5671381185118,542.5671381185126,45.0,1.0,,,0.101,221.70856190007214,2195.134276238338,2195.134276238338,0.0,68.04916256338848,-0.0,,,278.9639281765591,0.0,119.9544891159204,,,,42.04610558,0.0,4.0,1392.3120889681597,0.0,-0.0,0.0,141.45890823915997
86,1,87,0.1016,0.0,0.0,1387.7136377429638,,,,0,0.0,1,2474.0982044149164,2474.0982044149164,0.0,395.8557127063866,0.0,,,379.42925462639766,2474.0982044149164,2375.1342762383333,98.9639281765973,2474.0982044149305,0.0,82.14006038657523,1.0,-0.0,-0.0,0.1597506542776725,126.47641820880212,0.96,824.6994014716577,791.7114254127913,32.98797605886634,1.0,-0.0,-0.0,0.15975065427767252,126.47641820880247,0.96,824.6994014716597,791.7114254127933,32.987976058866415,1.0,-0.0,-0.0,0.1597506542776697,126.47641820879305,0.96,824.6994014716129,791.7114254127483,32.98797605886455,,,,833.2114760293965,2375.1342762383333,2195.118021259418,180.01625497893065,2375.1342762383406,0.0,1.0,-0.0,-0.0,0.3827596569241114,212.43160959288184,0.925,600.0,555.0,45.0,1.0,0.0,0.0,0.3827596569241112,212.43160959288184,0.925,600.0,555.0,45.0,1.0,-0.0,-0.0,0.37631947287876377,204.17857941834575,0.9234130075006471,587.5671381191698,542.5671381191707,45.0,1.0,-0.0,-0.0,0.3763143398524582,204.1696774252871,0.9233853426128787,587.5671381191702,542.5508831402386,45.016254978931556,1.0,,,0.101,221.70692014720123,2195.118021259418,2195.118021259418,0.0,68.04865865904196,-0.0,,,278.98018315552065,0.0,119.96147875687387,,,,46.63401306,0.0,4.0,1387.7136377429954,0.0,-0.0,0.0,140.9917055946851
87,1,88,0.1016,0.0,0.0,1386.410522388909,,,,0,0.0,1,2474.0982044149787,2474.0982044149787,0.0,395.85571270639656,0.0,,,379.4292546264075,2474.0982044149787,2375.1342762383792,98.96392817659924,2474.0982044149787,0.0,82.14006038657729,1.0,-0.0,-0.0,0.1597506542776725,126.47641820880219,0.96,824.6994014716581,791.7114254127918,32.98797605886635,1.0,-0.0,-0.0,0.15975065427767263,126.47641820880247,0.96,824.6994014716593,791.7114254127929,32.9879760588664,1.0,-0.0,-0.0,0.15975065427767268,126.47641820880283,0.96,824.6994014716612,791.7114254127947,32.98797605886648,,,,833.2203780224345,2375.1342762383792,2195.134276238283,180.0,2375.134276238315,0.0,1.0,-0.0,-0.0,0.3827596569241014,212.4316095928693,0.925,600.0,555.0,45.0,1.0,0.0,0.0,0.38275965692410147,212.43160959287633,0.925,600.0,555.0,45.0,1.0,-0.0,-0.0,0.37631947287876266,204.178579418344,0.9234130075006464,587.567138119167,542.5671381191677,45.0,1.0,-0.0,-0.0,0.3763194728787642,204.1785794183449,0.9234130075006463,587.5671381191672,542.5671381191678,45.0,1.0,,,0.101,221.70856190006657,2195.134276238283,2195.134276238283,0.0,68.04916256338677,-0.0,,,278.9639281744171,0.0,119.95448911499935,,,,47.94767216,0.0,4.0,1386.4105223889087,0.0,-0.0,0.0,140.85930907471314
88,1,89,0.1016,0.0,0.0,1383.0801869530014,,,,0,0.0,1,2474.098204414981,2474.098204414981,0.0,395.85571270639696,0.0,,,379.42925462640795,2474.098204414981,2375.1342762383815,98.96392817659932,2474.098204414981,0.0,82.14006038657737,1.0,-0.0,-0.0,0.15975065427767257,126.47641820880247,0.96,824.6994014716595,791.7114254127931,32.98797605886641,1.0,-0.0,-0.0,0.15975065427767263,126.47641820880263,0.96,824.6994014716603,791.7114254127938,32.987976058866444,1.0,-0.0,-0.0,0.15975065427767268,126.47641820880283,0.96,824.6994014716612,791.7114254127947,32.98797605886648,,,,833.2114760293999,2375.1342762383815,2195.1180212593413,180.01625497893087,2375.1342762383465,0.0,1.0,-0.0,-0.0,0.38275965692410946,212.43160959288076,0.925,600.0,555.0,45.0,1.0,0.0,0.0,0.3827596569241114,212.43160959288195,0.925,600.0,555.0,45.0,1.0,-0.0,-0.0,0.3763143398524601,204.16967742528905,0.9233853426128789,587.5671381191728,542.5508831402411,45.01625497893167,1.0,-0.0,-0.0,0.376319472878766,204.17857941834816,0.9234130075006474,587.5671381191731,542.5671381191739,45.0,1.0,,,0.101,221.70692014719347,2195.1180212593413,2195.1180212593413,0.0,68.04865865903957,-0.0,,,278.9801831555652,0.0,119.96147875689304,,,,51.26746385,0.0,4.0,1383.0801869530012,0.0,-0.0,0.0,140.52094699442495
89,1,90,0.15246,0.0,0.0,713.2182954728402,,,,0,0.0,1,1649.3988029428244,1649.3988029428244,0.0,263.9038084708519,0.0,,,252.95283641750623,1649.3988029428244,1583.4228508251176,65.97595211771329,1649.398802942831,0.0,54.760040257701775,1.0,-0.0,-0.0,0.1597506542776575,126.47641820875307,0.96,824.6994014714153,791.7114254125587,32.98797605885664,1.0,-0.0,-0.0,0.1597506542776575,126.47641820875316,0.96,824.6994014714157,791.711425412559,32.98797605885666,-0.0,-0.0,1.0,0.271,0.0,0.96,0.0,0.0,0.0,,,,395.3016215253331,1583.4228508251176,1065.0,90.0,1155.0,428.4228508251099,1.0,-0.0,-0.0,0.37117523147918163,197.65081076266583,0.9220779220779237,577.5,532.5,45.0,1.0,0.0,0.0,0.3711752314791841,197.65081076266722,0.9220779220779236,577.5,532.5,45.0,-0.0,-0.0,1.0,0.19716472159924614,0.0,0.88,0.0,0.0,0.0,-0.0,-0.0,1.0,0.19716472159924603,0.0,0.88,0.0,0.0,0.0,1.0,,,0.101,107.56500000000001,1065.0,1065.0,0.0,33.015,-0.0,,,584.3988029428263,0.0,251.29148526541528,,,,42.60116247,0.0,2.0,713.2182954728394,0.0,0.0,0.0,108.73726132778923
90,1,91,0.15246,0.0,0.0,730.4437009928356,,,,0,0.0,1,1649.3988029428451,1649.3988029428451,0.0,263.9038084708552,0.0,,,252.952836417509,1649.3988029428451,1583.4228508251313,65.97595211771386,1649.3988029428451,0.0,54.76004025770246,1.0,-0.0,-0.0,0.15975065427765778,126.47641820875428,0.96,824.6994014714218,791.7114254125648,32.9879760588569,1.0,-0.0,-0.0,0.15975065427765794,126.4764182087547,0.96,824.6994014714235,791.7114254125665,32.987976058856965,-0.0,-0.0,-0.0,0.271,0.0,0.96,0.0,0.0,0.0,,,,395.301621525326,1583.4228508251313,1065.0,90.0,1155.0,428.4228508251308,1.0,-0.0,-0.0,0.37117523147917875,197.65081076266299,0.9220779220779235,577.5,532.5,45.0,1.0,0.0,0.0,0.37117523147917875,197.65081076266307,0.9220779220779232,577.5,532.5,45.0,-0.0,-0.0,-0.0,0.197164721599245,0.0,0.88,0.0,0.0,0.0,-0.0,-0.0,-0.0,0.19716472159924603,0.0,0.88,0.0,0.0,0.0,1.0,,,0.101,107.56500000000058,1065.0,1065.0,0.0,33.01500000000018,-0.0,,,584.3988029428433,0.0,251.2914852654226,,,,25.37575695,0.0,2.0,730.4437009928356,0.0,0.0,0.0,111.36344665336773
91,1,92,0.15246,0.0,0.0,730.5345923257889,,,,0,0.0,1,1649.3988029428351,1649.3988029428351,0.0,263.9038084708536,0.0,,,252.9528364175087,1649.3988029428351,1583.42285082513,65.97595211771382,1649.3988029428438,0.0,54.76004025770213,1.0,-0.0,-0.0,0.15975065427765783,126.47641820875431,0.96,824.6994014714215,791.7114254125646,32.987976058856894,1.0,-0.0,-0.0,0.15975065427765783,126.47641820875441,0.96,824.6994014714223,791.7114254125654,32.98797605885692,-0.0,-0.0,-0.0,0.271,0.0,0.96,0.0,0.0,0.0,,,,394.11968934698996,1583.42285082513,1062.7876225871926,92.21237741279833,1155.0,428.4228508251292,1.0,-0.0,-0.0,0.37049493560830565,196.4688785843266,0.9182469655189628,577.5,530.2876225872012,47.212377412799015,1.0,0.0,0.0,0.3711752314791792,197.65081076266335,0.9220779220779233,577.5,532.5,45.0,-0.0,-0.0,-0.0,0.19716472159924608,0.0,0.88,0.0,0.0,0.0,-0.0,-0.0,-0.0,0.19716472159924608,0.0,0.88,0.0,0.0,0.0,1.0,,,0.101,107.34154988130646,1062.7876225871926,1062.7876225871926,0.0,32.94641630020297,-0.0,,,586.6111803556414,0.0,252.2428075529258,,,,23.87948332,0.0,2.0,730.5345923258052,0.0,0.0,0.0,111.3773039459898
92,1,93,0.15246,0.0,0.0,727.1791583329828,,,,0,0.0,1,1649.3988029436644,1649.3988029436644,0.0,263.9038084709863,0.0,,,252.95283641767668,1649.3988029436644,1583.4228508259257,65.97595211774697,1649.3988029436728,0.0,54.760040257729656,1.0,-0.0,-0.0,0.15975065427768356,126.47641820883821,0.96,824.6994014718358,791.7114254129624,32.987976058873464,1.0,-0.0,-0.0,0.15975065427768362,126.47641820883845,0.96,824.6994014718371,791.7114254129635,32.987976058873514,-0.0,-0.0,-0.0,0.271,0.0,0.96,0.0,0.0,0.0,,,,395.3016215253251,1583.4228508259257,1065.0,90.0,1155.0,428.4228508259266,1.0,-0.0,-0.0,0.37117523147917847,197.6508107626626,0.9220779220779234,577.5,532.5,45.0,1.0,0.0,0.0,0.3711752314791783,197.6508107626625,0.9220779220779226,577.5,532.5,45.0,-0.0,-0.0,-0.0,0.19716472159924608,0.0,0.88,0.0,0.0,0.0,-0.0,-0.0,-0.0,0.19716472159924603,0.0,0.88,0.0,0.0,0.0,1.0,,,0.101,107.56499999999895,1065.0,1065.0,0.0,33.014999999999674,-0.0,,,584.3988029436724,0.0,251.29148526577913,,,,28.64029961,0.0,2.0,727.1791583330007,0.0,0.0,0.0,110.86573447944656
93,1,94,0.15246,0.0,0.0,669.2496417632503,,,,0,0.0,1,1203.125,1203.125,0.0,192.5,0.0,,,191.71902075805468,1203.125,1155.0,48.124999999999744,1203.1249999999925,0.0,39.94375,1.0,-0.0,-0.0,0.15975065427767368,126.47641820880592,0.96,824.6994014716763,791.7114254128093,32.98797605886708,1.0,-0.0,-0.0,0.17958891942414104,65.24260254924874,0.96,378.4255985283162,363.2885745871835,15.13702394113266,-0.0,-0.0,-0.0,0.271,0.0,0.96,0.0,0.0,0.0,,,,395.28704409519855,1155.0,1064.9729647524473,90.02703524755714,1155.0,0.0,1.0,-0.0,-0.0,0.3711667003120445,197.6362333325356,0.9220311077964368,577.5,532.4729647524423,45.027035247557706,1.0,0.0,0.0,0.3711752314791786,197.65081076266293,0.9220779220779232,577.5,532.5,45.0,-0.0,-0.0,-0.0,0.19716472159924603,0.0,0.88,0.0,0.0,0.0,-0.0,-0.0,-0.0,0.19716472159924603,0.0,0.88,0.0,0.0,0.0,1.0,,,0.101,107.56226943999718,1064.9729647524473,1064.9729647524473,0.0,33.014161907325864,-0.0,,,138.15203524754915,0.0,59.405375156446134,,,,25.31869253,0.0,2.0,669.2496417632505,0.0,0.0,0.0,102.03380038322516
94,1,95,0.1016,0.0,0.0,1407.843968656617,,,,0,0.0,1,2474.098204415033,2474.098204415033,0.0,395.85571270640526,0.0,,,379.4292546264197,2474.098204415033,2375.1342762384375,98.96392817660167,2474.098204415039,0.0,82.1400603865791,1.0,-0.0,-0.0,0.1597506542776738,126.47641820880642,0.96,824.6994014716789,791.7114254128118,32.98797605886718,1.0,-0.0,-0.0,0.15975065427767385,126.47641820880659,0.96,824.6994014716797,791.7114254128126,32.98797605886722,1.0,1.0,-0.0,0.15975065427767382,126.47641820880672,0.96,824.6994014716807,791.7114254128135,32.98797605886726,,,,833.1066369255627,2375.1342762384375,2195.121130045888,180.0131461925332,2375.134276238422,0.0,1.0,-0.0,-0.0,0.37952753670465667,208.27847614918173,0.924214811010572,593.7835690596042,548.783569059605,45.0,1.0,0.0,0.0,0.37952753670465705,208.27847614918198,0.9242148110105718,593.7835690596045,548.7835690596052,45.0,1.0,1.0,-0.0,0.3795275367046608,208.27847614918429,0.9242148110105712,593.7835690596056,548.7835690596058,45.0,1.0,1.0,-0.0,0.37952338500660016,208.27120847801473,0.9241926713064433,593.7835690596074,548.7704228670725,45.01314619253492,1.0,,,0.101,221.70723413463472,2195.121130045888,2195.121130045888,0.0,68.04875503142253,-0.0,,,278.97707436915033,0.0,119.96014197873464,,,,26.39915703,0.0,4.0,1407.843968656617,0.0,-0.0,0.0,143.0369472155123
95,1,96,0.1016,0.0,0.0,1405.1016881666742,,,,0,0.0,1,2474.0982044150423,2474.0982044150423,0.0,395.8557127064068,0.0,,,379.4292546264228,2474.0982044150423,2375.1342762384515,98.96392817660224,2474.0982044150537,0.0,82.1400603865794,1.0,-0.0,-0.0,0.15975065427767407,126.47641820880727,0.96,824.6994014716831,791.7114254128157,32.98797605886735,1.0,-0.0,-0.0,0.15975065427767424,126.47641820880762,0.96,824.6994014716846,791.7114254128172,32.98797605886741,1.0,-0.0,-0.0,0.15975065427767424,126.47641820880787,0.96,824.6994014716861,791.7114254128186,32.987976058867474,,,,833.1066369256092,2375.1342762384515,2195.121130045962,180.01314619256016,2375.1342762385184,0.0,1.0,-0.0,-0.0,0.3795275367046691,208.27847614919787,0.9242148110105751,593.7835690596288,548.7835690596296,45.0,1.0,0.0,0.0,0.37952753670466916,208.27847614919813,0.9242148110105751,593.7835690596294,548.7835690596302,45.0,1.0,-0.0,-0.0,0.379523385006603,208.27120847801453,0.9241926713064005,593.7835690596298,548.7704228670679,45.013146192561976,1.0,-0.0,-0.0,0.37952753670467,208.27847614919872,0.9242148110105743,593.7835690596303,548.7835690596305,45.0,1.0,,,0.101,221.7072341346422,2195.121130045962,2195.121130045962,0.0,68.04875503142483,-0.0,,,278.97707436909553,0.0,119.96014197871108,,,,29.14143752,0.0,4.0,1405.1016881666742,0.0,-0.0,0.0,142.7583315177341
96,1,97,0.1016,0.0,0.0,1402.662354300014,,,,0,0.0,1,2474.098204415013,2474.098204415013,0.0,395.8557127064021,0.0,,,379.42925462642455,2474.098204415013,2375.1342762384606,98.96392817660261,2474.0982044150633,0.0,82.14006038657843,1.0,-0.0,-0.0,0.1597506542776742,126.47641820880779,0.96,824.6994014716857,791.7114254128182,32.98797605886746,1.0,-0.0,-0.0,0.1597506542776743,126.47641820880811,0.96,824.6994014716875,791.71142541282,32.987976058867524,1.0,-0.0,-0.0,0.15975065427767443,126.47641820880864,0.96,824.6994014716901,791.7114254128225,32.98797605886763,,,,833.0993692543987,2375.1342762384606,2195.1079838533724,180.02629238505597,2375.134276238422,0.0,1.0,-0.0,-0.0,0.37952338500659677,208.27120847800933,0.9241926713064312,593.783569059605,548.7704228670632,45.01314619254185,1.0,0.0,0.0,0.3795275367046569,208.27847614918213,0.9242148110105711,593.7835690596055,548.7835690596057,45.0,1.0,-0.0,-0.0,0.37952753670465733,208.2784761491826,0.9242148110105721,593.7835690596056,548.7835690596064,45.0,1.0,-0.0,-0.0,0.3795233850066055,208.27120847802462,0.9241926713064764,593.783569059606,548.7704228670908,45.01314619251514,1.0,,,0.101,221.70590636919061,2195.1079838533724,2195.1079838533724,0.0,68.04834749945455,-0.0,,,278.99022056169724,0.0,119.96579484152981,,,,31.572175949999995,0.0,4.0,1402.662354300014,0.0,-0.0,0.0,142.5104951968814
97,1,98,0.1016,0.0,0.0,1408.3900838232703,,,,0,0.0,1,2474.0982044150855,2474.0982044150855,0.0,395.85571270641367,0.0,,,379.4292546264345,2474.0982044150855,2375.1342762385075,98.96392817660457,2474.098204415112,0.0,82.14006038658084,1.0,-0.0,-0.0,0.15975065427767526,126.47641820881108,0.96,824.6994014717019,791.7114254128338,32.98797605886811,1.0,-0.0,-0.0,0.15975065427767537,126.47641820881147,0.96,824.6994014717037,791.7114254128355,32.98797605886818,1.0,-0.0,-0.0,0.15975065427767549,126.47641820881196,0.96,824.6994014717063,791.711425412838,32.987976058868284,,,,833.1139045967758,2375.1342762385075,2195.1342762384957,180.0,2375.1342762384957,0.0,1.0,-0.0,-0.0,0.37952753670466666,208.27847614919452,0.9242148110105742,593.7835690596236,548.7835690596243,45.0,1.0,0.0,0.0,0.37952753670466377,208.2784761491895,0.9242148110105584,593.7835690596239,548.7835690596152,45.0,1.0,-0.0,-0.0,0.3795275367046669,208.27847614919486,0.9242148110105743,593.7835690596241,548.7835690596248,45.0,1.0,-0.0,-0.0,0.3795275367046707,208.278476149197,0.9242148110105741,593.7835690596244,548.7835690596249,45.0,1.0,,,0.101,221.70856190008809,2195.1342762384957,2195.1342762384957,0.0,68.04916256339337,-0.0,,,278.9639281766232,0.0,119.95448911594798,,,,25.8616373,0.0,4.0,1408.3900838232985,0.0,-0.0,0.0,143.09243251644426
98,1,99,0.1016,0.0,0.0,1406.3548727333591,,,,0,0.0,1,2474.098204414995,2474.098204414995,0.0,395.85571270639923,0.0,,,379.42925462639516,2474.098204414995,2375.1342762385034,98.96392817660441,2474.098204415108,0.0,82.14006038657784,1.0,-0.0,-0.0,0.15975065427767518,126.47641820881087,0.96,824.6994014717009,791.7114254128328,32.987976058868064,1.0,-0.0,-0.0,0.1597506542776327,126.4764182087609,0.96,824.6994014717025,791.7114254128344,32.98797605886813,1.0,-0.0,-0.0,0.1597506542777112,126.47641820882336,0.96,824.6994014717044,791.7114254128362,32.987976058868206,,,,833.0921015832249,2375.1342762385034,2195.0948376607803,180.03943857761396,2375.1342762384056,0.0,1.0,-0.0,-0.0,0.37952753670468775,208.2784761491963,0.9242148110107463,593.7835690596011,548.7835690595984,45.0,1.0,0.0,0.0,0.3795233850065957,208.27120847800842,0.9241926713064353,593.7835690596014,548.7704228670623,45.013146192539125,1.0,-0.0,-0.0,0.3795233850065962,208.27120847800973,0.9241926713064396,593.7835690596016,548.770422867065,45.013146192536624,1.0,-0.0,-0.0,0.37952338500659666,208.27120847801044,0.9241926713064413,593.7835690596019,548.7704228670663,45.0131461925356,1.0,,,0.101,221.7045786037388,2195.0948376607803,2195.0948376607803,0.0,68.04793996748418,-0.0,,,279.0033667543162,0.0,119.97144770435595,,,,27.87106208,0.0,4.0,1406.354872733359,0.0,-0.0,0.0,142.8856550697093
99,1,100,0.1016,0.0,0.0,1405.4430374699446,,,,0,0.0,1,2474.0982044149832,2474.0982044149832,0.0,395.8557127063973,0.0,,,379.42925462638476,2474.0982044149832,2375.134276238272,98.96392817659475,2474.098204414867,0.0,82.14006038657745,1.0,-0.0,-0.0,0.15975065427767524,126.47641820881117,0.96,824.6994014717026,791.7114254128344,32.987976058868135,1.0,-0.0,-0.0,0.1597506542776678,126.47641820878678,0.96,824.6994014715818,791.7114254127185,32.9879760588633,1.0,-0.0,-0.0,0.1597506542776678,126.47641820878682,0.96,824.6994014715823,791.711425412719,32.98797605886332,,,,833.0993692543742,2375.134276238272,2195.1079838533215,180.02629238506154,2375.134276238392,0.0,1.0,-0.0,-0.0,0.37952338500659255,208.2712084780061,0.924192671306439,593.7835690595973,548.7704228670607,45.013146192536624,1.0,0.0,0.0,0.3795275367046529,208.27847614917712,0.9242148110105709,593.7835690595977,548.7835690595983,45.0,1.0,-0.0,-0.0,0.37952753670465567,208.2784761491815,0.9242148110105827,593.7835690595982,548.7835690596058,45.0,1.0,-0.0,-0.0,0.37952338500659566,208.2712084780095,0.924192671306445,593.7835690595984,548.7704228670652,45.01314619253321,1.0,,,0.101,221.70590636918547,2195.1079838533215,2195.1079838533215,0.0,68.04834749945296,-0.0,,,278.99022056153626,0.0,119.96579484146059,,,,28.79149278,0.0,4.0,1405.4430374699443,0.0,-0.0,0.0,142.79301260694635
100,1,101,0.1016,0.0,0.0,1399.763931129871,,,,0,0.0,1,2474.0982044149796,2474.0982044149796,0.0,395.85571270639673,0.0,,,379.42925462631683,2474.0982044149796,2375.1342762383815,98.96392817659932,2474.098204414981,0.0,82.14006038657732,1.0,-0.0,-0.0,0.15975065427767524,126.47641820881087,0.96,824.6994014717005,791.7114254128325,32.98797605886805,1.0,-0.0,-0.0,0.15975065427762591,126.47641820875283,0.96,824.699401471702,791.7114254128339,32.98797605886811,1.0,-0.0,-0.0,0.15975065427762594,126.4764182087531,0.96,824.6994014715784,791.7114254127152,32.98797605886317,,,,833.0993692543684,2375.1342762383815,2195.1079838533255,180.02629238507154,2375.134276238392,0.0,1.0,-0.0,-0.0,0.37952338500659377,208.27120847800643,0.9241926713064378,593.7835690595973,548.7704228670599,45.01314619253742,1.0,0.0,0.0,0.3795275367046529,208.27847614917735,0.9242148110105713,593.783569059598,548.7835690595989,45.0,1.0,-0.0,-0.0,0.37952338500659266,208.27120847800683,0.9241926713064407,593.7835690595982,548.7704228670625,45.013146192535714,1.0,-0.0,-0.0,0.37952753670465356,208.27847614917783,0.924214811010571,593.7835690595986,548.7835690595992,45.0,1.0,,,0.101,221.7059063691859,2195.1079838533255,2195.1079838533255,0.0,68.04834749945309,-0.0,,,278.9902205616604,0.0,119.96579484151397,,,,34.47059912,0.0,4.0,1399.763931129871,0.0,-0.0,0.0,142.21601540279488
101,1,102,0.1016,0.0,0.0,1389.7562061868327,,,,0,0.0,1,2474.0982044149837,2474.0982044149837,0.0,395.85571270639736,0.0,,,379.4292546266567,2474.0982044149837,2375.1342762395607,98.96392817664845,2474.0982044162092,0.0,82.14006038657746,1.0,-0.0,-0.0,0.15975065427769805,126.47641820888536,0.96,824.6994014720685,791.7114254131858,32.98797605888277,1.0,-0.0,-0.0,0.1597506542776981,126.47641820888558,0.96,824.6994014720697,791.7114254131868,32.987976058882815,1.0,-0.0,-0.0,0.15975065427769816,126.47641820888579,0.96,824.6994014720708,791.711425413188,32.987976058882865,,,,833.1066369255433,2375.1342762395607,2195.121130045868,180.0131461925355,2375.134276238398,0.0,1.0,-0.0,-0.0,0.3795275367046537,208.27847614917792,0.924214811010571,593.7835690595986,548.7835690595992,45.0,1.0,0.0,0.0,0.3795275367046532,208.27847614917752,0.92421481101057,593.7835690595989,548.7835690595989,45.0,1.0,-0.0,-0.0,0.37952753670465444,208.2784761491789,0.9242148110105712,593.7835690596002,548.7835690596008,45.0,1.0,-0.0,-0.0,0.3795233850065958,208.27120847800896,0.9241926713064391,593.7835690596004,548.7704228670635,45.01314619253685,1.0,,,0.101,221.7072341346327,2195.121130045868,2195.121130045868,0.0,68.0487550314219,-0.0,,,278.9770743703467,0.0,119.96014197924909,,,,44.4869195,0.0,4.0,1389.7562061868325,0.0,-0.0,0.0,141.1992305485822
102,1,103,0.1016,0.0,0.0,1390.3436251833423,,,,0,0.0,1,2474.0982044149705,2474.0982044149705,0.0,395.8557127063953,0.0,,,379.42925462640704,2474.0982044149705,2375.134276238378,98.96392817659915,2474.098204414977,0.0,82.14006038657702,1.0,-0.0,-0.0,0.15975065427769744,126.4764182088835,0.96,824.6994014720595,791.7114254131772,32.98797605888241,1.0,-0.0,-0.0,0.15975065427766005,126.47641820876167,0.96,824.699401471458,791.7114254125997,32.98797605885835,1.0,-0.0,-0.0,0.1597506542776601,126.47641820876187,0.96,824.6994014714592,791.7114254126008,32.98797605885839,,,,833.092101583196,2375.134276238378,2195.0948376607835,180.03943857760805,2375.1342762383856,0.0,1.0,-0.0,-0.0,0.37952338500659294,208.2712084780053,0.924192671306437,593.7835690595958,548.7704228670581,45.01314619253776,1.0,0.0,0.0,0.37952338500659344,208.2712084780061,0.9241926713064388,593.7835690595962,548.7704228670594,45.01314619253674,1.0,-0.0,-0.0,0.37952753670465267,208.27847614917653,0.9242148110105706,593.7835690595965,548.7835690595971,45.0,1.0,-0.0,-0.0,0.3795233850065948,208.2712084780081,0.9241926713064432,593.7835690595969,548.7704228670627,45.01314619253412,1.0,,,0.101,221.70457860373915,2195.0948376607835,2195.0948376607835,0.0,68.04793996748428,-0.0,,,279.0033667541995,0.0,119.97144770430577,,,,43.88230963,0.0,4.0,1390.343625183342,0.0,-0.0,0.0,141.25891231862758
103,1,104,0.1016,0.0,0.0,1389.0557866698853,,,,0,0.0,1,2474.0982044150355,2474.0982044150355,0.0,395.8557127064057,0.0,,,379.42925462629086,2474.0982044150355,2375.1342762378276,98.96392817657622,2474.098204414404,0.0,82.14006038657918,1.0,-0.0,-0.0,0.1597506542776607,126.47641820876353,0.96,824.6994014714669,791.7114254126082,32.987976058858706,1.0,-0.0,-0.0,0.15975065427766055,126.47641820876353,0.96,824.6994014714677,791.711425412609,32.987976058858735,1.0,-0.0,-0.0,0.15975065427766066,126.4764182087638,0.96,824.699401471469,791.7114254126102,32.987976058858784,,,,833.0993692544041,2375.1342762378276,2195.1079838533688,180.02629238507916,2375.1342762384475,0.0,1.0,-0.0,-0.0,0.37952338500660004,208.2712084780133,0.9241926713064308,593.7835690596115,548.7704228670689,45.01314619254265,1.0,0.0,0.0,0.3795233850066012,208.27120847801592,0.924192671306439,593.7835690596119,548.7704228670741,45.01314619253776,1.0,-0.0,-0.0,0.37952753670466066,208.27847614918687,0.9242148110105728,593.7835690596121,548.7835690596128,45.0,1.0,-0.0,-0.0,0.37952753670466266,208.278476149188,0.9242148110105726,593.7835690596123,548.7835690596129,45.0,1.0,,,0.101,221.70590636919025,2195.1079838533688,2195.1079838533688,0.0,68.04834749945444,-0.0,,,278.9902205610356,0.0,119.9657948412453,,,,45.17874358,0.0,4.0,1389.0557866698853,0.0,-0.0,0.0,141.12806792566033
104,1,105,0.1016,0.0,0.0,1388.668805703353,,,,0,0.0,1,2474.0982044143925,2474.0982044143925,0.0,395.8557127063028,0.0,,,379.42925462658025,2474.0982044143925,2375.1342762383665,98.96392817659867,2474.098204414965,0.0,82.14006038655783,1.0,-0.0,-0.0,0.15975065427769558,126.47641820887739,0.96,824.6994014720292,791.711425413148,32.987976058881195,1.0,-0.0,-0.0,0.15975065427788243,126.4764182089392,0.96,824.6994014714676,791.7114254126088,32.987976058858735,1.0,-0.0,-0.0,0.15975065427766066,126.47641820876366,0.96,824.699401471468,791.7114254126093,32.98797605885875,,,,833.1139045966972,2375.1342762383665,2195.134276238373,180.0,2375.13427623837,0.0,1.0,-0.0,-0.0,0.3795275367046502,208.27847614917346,0.9242148110105698,593.7835690595921,548.7835690595925,45.0,1.0,0.0,0.0,0.379527536704652,208.27847614917468,0.9242148110105705,593.7835690595924,548.7835690595932,45.0,1.0,-0.0,-0.0,0.37952753670465045,208.27847614917397,0.9242148110105705,593.7835690595928,548.7835690595936,45.0,1.0,-0.0,-0.0,0.37952753670465245,208.2784761491751,0.9242148110105703,593.783569059593,548.7835690595937,45.0,1.0,,,0.101,221.70856190007567,2195.134276238373,2195.134276238373,0.0,68.04916256338956,-0.0,,,278.9639281765923,0.0,119.95448911593468,,,,45.58291542,0.0,4.0,1388.6688057033532,0.0,-0.0,0.0,141.08875065946066
105,1,106,0.1016,0.0,0.0,1387.7804812564596,,,,0,0.0,1,2474.0982044149555,2474.0982044149555,0.0,395.85571270639286,0.0,,,379.42925462629853,2474.0982044149555,2375.134276238371,98.9639281765989,2474.09820441497,0.0,82.14006038657652,1.0,-0.0,-0.0,0.15975065427768073,126.47641820882907,0.96,824.6994014717909,791.7114254129192,32.987976058871666,1.0,-0.0,-0.0,0.1597506542776808,126.47641820882937,0.96,824.6994014717925,791.7114254129208,32.98797605887173,1.0,-0.0,-0.0,0.15975065427752028,126.47641820864007,0.96,824.6994014713868,791.7114254125313,32.9879760588555,,,,833.106636925531,2375.134276238371,2195.121130045843,180.01314619253503,2375.134276238378,0.0,1.0,-0.0,-0.0,0.3795275367046511,208.27847614917482,0.9242148110105705,593.7835690595941,548.7835690595948,45.0,1.0,0.0,0.0,0.37952753670465134,208.27847614917502,0.9242148110105705,593.7835690595944,548.783569059595,45.0,1.0,-0.0,-0.0,0.3795275367046531,208.27847614917604,0.9242148110105703,593.7835690595946,548.7835690595952,45.0,1.0,-0.0,-0.0,0.3795233850065926,208.27120847800504,0.9241926713064382,593.7835690595948,548.7704228670578,45.013146192536965,1.0,,,0.101,221.70723413463017,2195.121130045843,2195.121130045843,0.0,68.04875503142114,-0.0,,,278.9770743691271,0.0,119.96014197872465,,,,46.46264443,0.0,4.0,1387.7804812564598,0.0,-0.0,0.0,140.99849689565627
106,1,107,0.1016,0.0,0.0,1385.4466060567977,,,,0,0.0,1,2474.0982044150655,2474.0982044150655,0.0,395.8557127064105,0.0,,,379.42925462647815,2474.0982044150655,2375.1342762385652,98.96392817660697,2474.0982044151724,0.0,82.14006038658017,1.0,-0.0,-0.0,0.15975065427768073,126.47641820882902,0.96,824.6994014717905,791.7114254129189,32.987976058871645,1.0,-0.0,-0.0,0.1597506542777143,126.47641820884026,0.96,824.6994014716906,791.711425412823,32.98797605886765,1.0,-0.0,-0.0,0.15975065427767454,126.47641820880888,0.96,824.6994014716911,791.7114254128235,32.98797605886767,,,,833.1066369256907,2375.1342762385652,2195.1211300461173,180.01314619205357,2375.1342762384156,0.0,1.0,-0.0,-0.0,0.37952338500659133,208.2712084780033,0.9241926713064204,593.7835690596033,548.7704228670551,45.01314619254822,1.0,0.0,0.0,0.37952753670465733,208.27847614918343,0.9242148110105787,593.7835690596038,548.7835690598431,45.0,1.0,-0.0,-0.0,0.3795275367047368,208.27847614932205,0.9242148110109993,593.7835690596042,548.7835690598588,45.0,1.0,-0.0,-0.0,0.3795275367046569,208.27847614918198,0.924214811010572,593.7835690596046,548.7835690596054,45.0,1.0,,,0.101,221.70723413465785,2195.1211300461173,2195.1211300461173,0.0,68.04875503142964,-0.0,,,278.9770743688101,0.0,119.96014197858835,,,,48.79651963,0.0,4.0,1385.4466060568268,0.0,-0.0,0.0,140.76137517537063
107,1,108,0.1016,0.0,0.0,1384.852026803106,,,,0,0.0,1,2474.0982044150046,2474.0982044150046,0.0,395.8557127064007,0.0,,,379.4292546263234,2474.0982044150046,2375.13427623866,98.96392817661092,2474.0982044152706,0.0,82.14006038657816,1.0,-0.0,-0.0,0.15975065427768068,126.47641820882879,0.96,824.6994014717894,791.7114254129178,32.98797605887161,1.0,-0.0,-0.0,0.15975065427768081,126.47641820882914,0.96,824.6994014717909,791.7114254129192,32.987976058871666,1.0,-0.0,-0.0,0.15975065427754204,126.47641820866549,0.96,824.6994014716904,791.7114254128228,32.987976058867645,,,,833.1139045967302,2375.13427623866,2195.1342762384083,180.0,2375.134276238427,0.0,1.0,-0.0,-0.0,0.3795275367046568,208.2784761491819,0.9242148110105696,593.7835690596061,548.7835690596053,45.0,1.0,0.0,0.0,0.379527536704657,208.2784761491823,0.9242148110105701,593.7835690596065,548.7835690596061,45.0,1.0,-0.0,-0.0,0.3795275367046572,208.2784761491827,0.9242148110105707,593.783569059607,548.7835690596067,45.0,1.0,-0.0,-0.0,0.3795275367046578,208.27847614918335,0.9242148110105715,593.7835690596074,548.7835690596077,45.0,1.0,,,0.101,221.70856190007925,2195.1342762384083,2195.1342762384083,0.0,68.04916256339065,-0.0,,,278.963928176845,0.0,119.95448911604335,,,,49.39969432,0.0,4.0,1384.852026803133,0.0,-0.0,0.0,140.70096592319555
108,1,109,0.1016,0.0,0.0,1392.4184339965889,,,,0,0.0,1,2474.0982044152615,2474.0982044152615,0.0,395.85571270644186,0.0,,,379.42925462643564,2474.0982044152615,2375.134276238651,98.96392817661055,2474.0982044152615,0.0,82.14006038658668,1.0,-0.0,-0.0,0.1597506542776807,126.47641820882889,0.96,824.6994014717898,791.7114254129182,32.98797605887162,1.0,-0.0,-0.0,0.15975065427768073,126.47641820882907,0.96,824.6994014717909,791.7114254129192,32.987976058871666,1.0,-0.0,-0.0,0.15975065427763702,126.47641820877763,0.96,824.6994014716811,791.7114254128138,32.987976058867275,,,,833.1066369255249,2375.134276238651,2195.1211300458253,180.0131461925355,2375.13427623837,0.0,1.0,-0.0,-0.0,0.3795275367046502,208.2784761491736,0.9242148110105702,593.7835690595922,548.7835690595929,45.0,1.0,0.0,0.0,0.37952753670465045,208.2784761491738,0.9242148110105701,593.7835690595925,548.7835690595931,45.0,1.0,-0.0,-0.0,0.37952753670465045,208.27847614917388,0.9242148110105701,593.7835690595928,548.7835690595933,45.0,1.0,-0.0,-0.0,0.37952338500659155,208.27120847800362,0.9241926713064373,593.783569059593,548.7704228670557,45.013146192537306,1.0,,,0.101,221.70723413462838,2195.1211300458253,2195.1211300458253,0.0,68.04875503142058,-0.0,,,278.9770743694271,0.0,119.96014197885366,,,,41.82469169,0.0,4.0,1392.4184339965889,0.0,-0.0,0.0,141.46971289405343
109,1,110,0.1016,0.0,0.0,1387.9882495231373,,,,0,0.0,1,2474.098204414516,2474.098204414516,0.0,395.8557127063226,0.0,,,379.429254626093,2474.098204414516,2375.1342762383515,98.96392817659806,2474.0982044149496,0.0,82.14006038656194,1.0,-0.0,-0.0,0.15975065427768081,126.47641820882907,0.96,824.6994014717903,791.7114254129187,32.987976058871645,1.0,-0.0,-0.0,0.15975065427751373,126.47641820863191,0.96,824.6994014713674,791.7114254125127,32.98797605885473,1.0,-0.0,-0.0,0.15975065427751375,126.47641820863198,0.96,824.6994014717916,791.7114254129199,32.987976058871695,,,,833.1139045971032,2375.1342762383515,2195.134276238752,180.0,2375.13427623836,0.0,1.0,-0.0,-0.0,0.37952753670464967,208.27847614931562,0.9242148110105696,593.7835690595916,548.7835690599679,45.0,1.0,0.0,0.0,0.37952753670464967,208.27847614917306,0.9242148110105695,593.7835690595921,548.7835690595923,45.0,1.0,-0.0,-0.0,0.37952753670477657,208.27847614939574,0.9242148110112552,593.7835690595878,548.7835690599956,45.0,1.0,-0.0,-0.0,0.37952753670473516,208.27847614921882,0.9242148110099369,593.7835690595884,548.7835690595892,45.0,1.0,,,0.101,221.70856190011398,2195.134276238752,2195.134276238752,0.0,68.04916256340131,-0.0,,,278.9639281758043,0.0,119.95448911559585,,,,46.2634716,0.0,4.0,1387.9882495233103,0.0,-0.0,0.0,141.01960615155073
110,1,111,0.1016,0.0,0.0,1385.9181057132582,,,,0,0.0,1,2474.0982044149564,2474.0982044149564,0.0,395.85571270639304,0.0,,,379.4292546264878,2474.0982044149564,2375.1342762387603,98.9639281766151,2474.098204415375,0.0,82.14006038657655,1.0,-0.0,-0.0,0.15975065427768081,126.4764182088291,0.96,824.6994014717906,791.711425412919,32.98797605887165,1.0,-0.0,-0.0,0.1597506542776808,126.47641820882923,0.96,824.6994014717917,791.71142541292,32.987976058871695,1.0,-0.0,-0.0,0.1597506542776809,126.4764182088295,0.96,824.6994014717928,791.7114254129211,32.987976058871745,,,,833.113904596695,2375.1342762387603,2195.134276238371,180.0,2375.1342762383683,0.0,1.0,-0.0,-0.0,0.37952753670465156,208.2784761491741,0.9242148110105703,593.7835690595915,548.7835690595923,45.0,1.0,0.0,0.0,0.37952753670465,208.2784761491732,0.9242148110105695,593.783569059592,548.7835690595922,45.0,1.0,-0.0,-0.0,0.3795275367046502,208.27847614917368,0.9242148110105705,593.7835690595923,548.7835690595931,45.0,1.0,-0.0,-0.0,0.37952753670465067,208.2784761491739,0.9242148110105697,593.7835690595928,548.7835690595931,45.0,1.0,,,0.101,221.7085619000755,2195.134276238371,2195.134276238371,0.0,68.0491625633895,-0.0,,,278.96392817700496,0.0,119.95448911611213,,,,48.33361541,0.0,4.0,1385.9181057132582,0.0,-0.0,0.0,140.80927954046703
111,1,112,0.1016,0.0,0.0,1382.6773549398865,,,,0,0.0,1,2474.098204414468,2474.098204414468,0.0,395.8557127063149,0.0,,,379.42925462630404,2474.098204414468,2375.134276237889,98.96392817657882,2474.098204414468,0.0,82.14006038656034,1.0,-0.0,-0.0,0.1597506542776619,126.4764182087677,0.96,824.6994014714878,791.7114254126283,32.987976058859545,1.0,-0.0,-0.0,0.15975065427766202,126.47641820876801,0.96,824.6994014714893,791.7114254126298,32.9879760588596,1.0,-0.0,-0.0,0.1597506542776621,126.47641820876834,0.96,824.699401471491,791.7114254126313,32.98797605885967,,,,833.0993692543959,2375.134276237889,2195.1079838533315,180.02629238507802,2375.1342762384397,0.0,1.0,-0.0,-0.0,0.37952338500659566,208.27120847800956,0.9241926713064325,593.7835690596066,548.7704228670653,45.013146192541285,1.0,0.0,0.0,0.3795275367046578,208.27847614918446,0.9242148110105712,593.7835690596107,548.7835690596106,45.0,1.0,-0.0,-0.0,0.37952338500660093,208.27120847801564,0.9241926713064397,593.7835690596111,548.7704228670738,45.013146192537306,1.0,-0.0,-0.0,0.3795275367046602,208.27847614918633,0.9242148110105727,593.7835690596113,548.783569059612,45.0,1.0,,,0.101,221.7059063691865,2195.1079838533315,2195.1079838533315,0.0,68.04834749945327,-0.0,,,278.9902205611061,0.0,119.96579484127564,,,,51.55717531,0.0,4.0,1382.6773549398865,0.0,-0.0,0.0,140.48001926189247
112,1,113,0.1016,0.0,0.0,1378.6951668864922,,,,0,0.0,1,2474.09820441447,2474.09820441447,0.0,395.85571270631516,0.0,,,379.4292546263068,2474.09820441447,2375.1342762379027,98.96392817657936,2474.098204414482,0.0,82.14006038656039,1.0,-0.0,-0.0,0.1597506542776622,126.4764182087686,0.96,824.6994014714923,791.7114254126325,32.98797605885972,1.0,-0.0,-0.0,0.15975065427766225,126.47641820876888,0.96,824.6994014714937,791.711425412634,32.98797605885978,1.0,-0.0,-0.0,0.15975065427766239,126.47641820876929,0.96,824.6994014714958,791.7114254126359,32.98797605885986,,,,833.106636925551,2375.1342762379027,2195.1211300458835,180.0131461925223,2375.1342762383983,0.0,1.0,-0.0,-0.0,0.379527536704654,208.27847614917835,0.9242148110105711,593.7835690595992,548.7835690595999,45.0,1.0,0.0,0.0,0.3795233850065991,208.27120847801527,0.9241926713064604,593.7835690595996,548.7704228670755,45.01314619252412,1.0,-0.0,-0.0,0.3795275367046542,208.27847614917863,0.924214811010571,593.7835690595998,548.7835690596004,45.0,1.0,-0.0,-0.0,0.37952753670465444,208.27847614917883,0.924214811010571,593.7835690596,548.7835690596006,45.0,1.0,,,0.101,221.70723413463426,2195.1211300458835,2195.1211300458835,0.0,68.04875503142239,-0.0,,,278.977074368606,0.0,119.96014197850057,,,,55.5479588,0.0,4.0,1378.695166886492,0.0,-0.0,0.0,140.0754289556676
113,1,114,0.15246,0.0,0.0,645.3864279233786,,,,0,0.0,1,1203.125,1203.125,0.0,192.5,0.0,,,191.7190207580502,1203.125,1155.0,48.124999999999844,1203.124999999995,0.0,39.94375,1.0,-0.0,-0.0,0.15975065427767018,126.47641820879461,0.96,824.6994014716206,791.7114254127557,32.98797605886485,1.0,-0.0,-0.0,0.17958891942413222,65.2426025492556,0.96,378.4255985283745,363.2885745872395,15.137023941134993,-0.0,-0.0,1.0,0.271,0.0,0.96,0.0,0.0,0.0,,,,395.3016215253283,1155.0,1065.0,90.0,1155.0,0.0,1.0,-0.0,-0.0,0.37117523147917986,197.6508107626634,0.9220779220779232,577.5,532.5,45.0,1.0,0.0,0.0,0.3711752314791825,197.65081076266492,0.922077922077923,577.5,532.5,45.0,-0.0,-0.0,1.0,0.19716472159924608,0.0,0.88,0.0,0.0,0.0,-0.0,-0.0,1.0,0.19716472159924608,0.0,0.88,0.0,0.0,0.0,1.0,,,0.101,107.56500000000001,1065.0,1065.0,0.0,33.015,-0.0,,,138.1249999999946,0.0,59.393749999997674,,,,49.19921436,0.0,2.0,645.3864279233785,0.0,0.0,0.0,98.3956148011983
114,1,115,0.15246,0.0,0.0,670.1939003461353,,,,0,0.0,1,1203.125,1203.125,0.0,192.5,0.0,,,191.71902075805002,1203.125,1155.0,48.12499999999971,1203.1249999999918,0.0,39.94375,1.0,-0.0,-0.0,0.15975065427767035,126.47641820879507,0.96,824.6994014716228,791.7114254127579,32.98797605886494,1.0,-0.0,-0.0,0.17958891942413305,65.24260254925494,0.96,378.42559852836894,363.28857458723417,15.137023941134771,-0.0,-0.0,-0.0,0.271,0.0,0.96,0.0,0.0,0.0,,,,394.64748700293046,1155.0,1063.7830138135696,91.21698618642336,1155.0,0.0,1.0,-0.0,-0.0,0.37088658876688263,197.15425882167665,0.920477219473821,577.5,531.5755942461326,45.92440575386843,1.0,0.0,0.0,0.37108319222938885,197.49322818125378,0.9215712892942773,577.5,532.2074195674465,45.29258043255493,-0.0,-0.0,-0.0,0.19716472159924608,0.0,0.88,0.0,0.0,0.0,-0.0,-0.0,-0.0,0.19716472159924608,0.0,0.88,0.0,0.0,0.0,1.0,,,0.101,107.44208439517054,1063.7830138135696,1063.7830138135696,0.0,32.977273428220656,-0.0,,,139.3419861864126,0.0,59.91705406015742,,,,23.61469181,0.0,2.0,670.1939003461512,0.0,0.0,0.0,102.17776204677179
115,1,116,0.15246,0.0,0.0,670.7875165133801,,,,0,0.0,1,1203.125,1203.125,0.0,192.5,0.0,,,191.71902075805087,1203.125,1155.0,48.125000000000014,1203.1249999999993,0.0,39.94375,1.0,-0.0,-0.0,0.15975065427767035,126.47641820879507,0.96,824.6994014716228,791.7114254127579,32.98797605886494,1.0,-0.0,-0.0,0.17958891942413185,65.24260254925582,0.96,378.42559852837655,363.2885745872415,15.137023941135075,-0.0,-0.0,-0.0,0.271,0.0,0.96,0.0,0.0,0.0,,,,395.3016215253283,1155.0,1065.0,90.0,1155.0,0.0,1.0,-0.0,-0.0,0.371175231479179,197.6508107626635,0.9220779220779236,577.5,532.5,45.0,1.0,0.0,0.0,0.37117523147918136,197.65081076266483,0.9220779220779234,577.5,532.5,45.0,-0.0,-0.0,-0.0,0.19716472159924608,0.0,0.88,0.0,0.0,0.0,-0.0,-0.0,-0.0,0.19716472159924608,0.0,0.88,0.0,0.0,0.0,1.0,,,0.101,107.56500000000092,1065.0,1065.0,0.0,33.015000000000285,-0.0,,,138.12499999999545,0.0,59.39374999999804,,,,23.79812577,0.0,2.0,670.7875165133802,0.0,0.0,0.0,102.26826476762993
116,1,117,0.15246,0.0,0.0,667.4151027333689,,,,0,0.0,1,1203.125,1203.125,0.0,192.5,0.0,,,191.71902075803908,1203.125,1155.0,48.12499999999992,1203.1249999999968,0.0,39.94375,1.0,-0.0,-0.0,0.1597506542776619,126.47641820876757,0.96,824.6994014714869,791.7114254126274,32.98797605885951,1.0,-0.0,-0.0,0.17958891942411168,65.24260254927151,0.96,378.42559852851,363.2885745873696,15.137023941140415,-0.0,-0.0,-0.0,0.271,0.0,0.96,0.0,0.0,0.0,,,,395.3016215253291,1155.0,1065.0,90.0,1155.0,0.0,1.0,-0.0,-0.0,0.37117523147917897,197.6508107626632,0.9220779220779228,577.5,532.5,45.0,1.0,0.0,0.0,0.37117523147918347,197.6508107626659,0.9220779220779234,577.5,532.5,45.0,-0.0,-0.0,-0.0,0.19716472159924608,0.0,0.88,0.0,0.0,0.0,-0.0,-0.0,-0.0,0.19716472159924608,0.0,0.88,0.0,0.0,0.0,1.0,,,0.101,107.5650000000007,1065.0,1065.0,0.0,33.015000000000214,-0.0,,,138.12499999999366,0.0,59.393749999997276,,,,27.17053955,0.0,2.0,667.4151027333689,0.0,0.0,0.0,101.75410656272943
117,1,118,0.15246,0.0,0.0,728.4105751528341,,,,0,0.0,1,1649.398802943103,1649.398802943103,0.0,263.9038084708965,0.0,,,252.95283641752656,1649.398802943103,1583.422850825385,65.97595211772443,1649.3988029431096,0.0,54.76004025771102,1.0,-0.0,-0.0,0.15975065427767035,126.47641820879507,0.96,824.6994014716228,791.7114254127579,32.98797605886494,1.0,-0.0,-0.0,0.15975065427761637,126.47641820873147,0.96,824.6994014714868,791.7114254126272,32.9879760588595,-0.0,-0.0,-0.0,0.271,0.0,0.96,0.0,0.0,0.0,,,,395.30162152532586,1583.422850825385,1065.0,90.0,1155.0,428.422850825385,1.0,-0.0,-0.0,0.3711752314791786,197.65081076266284,0.9220779220779235,577.5,532.5,45.0,1.0,0.0,0.0,0.3711752314791788,197.650810762663,0.922077922077923,577.5,532.5,45.0,-0.0,-0.0,-0.0,0.19716472159924608,0.0,0.88,0.0,0.0,0.0,-0.0,-0.0,-0.0,0.19716472159924603,0.0,0.88,0.0,0.0,0.0,1.0,,,0.101,107.56500000000106,1065.0,1065.0,0.0,33.01500000000033,-0.0,,,584.3988029431081,0.0,251.29148526553647,,,,27.40888279,0.0,2.0,728.4105751528535,0.0,0.0,0.0,111.05347628780109
118,1,119,0.1016,0.0,0.0,1403.6346118628853,,,,0,0.0,1,2474.098204414793,2474.098204414793,0.0,395.8557127063669,0.0,,,379.4292546262444,2474.098204414793,2375.134276238674,98.96392817661152,2474.0982044152856,0.0,82.14006038657114,1.0,-0.0,-0.0,0.1597506542776789,126.47641820882303,0.96,824.699401471761,791.7114254128905,32.98797605887047,1.0,-0.0,-0.0,0.15975065427767896,126.4764182088232,0.96,824.6994014717618,791.7114254128913,32.9879760588705,1.0,1.0,-0.0,0.15975065427748827,126.4764182085982,0.96,824.6994014717628,791.7114254128923,32.987976058870544,,,,833.3525144421309,2375.134276238674,2195.1276056882166,180.0066705499811,2375.134276238218,0.0,1.0,-0.0,-0.0,0.38234761741269685,211.90056789316012,0.9248975877159672,599.2114254127391,554.2092018960843,45.002223516654794,1.0,0.0,0.0,0.3823476174126911,211.90056789315375,0.9248975877159454,599.2114254127396,554.209201896076,45.00222351666355,1.0,1.0,-0.0,0.38234761741269296,211.90056789315486,0.9248975877159453,599.2114254127399,554.2092018960763,45.00222351666366,1.0,1.0,-0.0,0.37117523147917786,197.65081076266222,0.9220779220779235,577.5,532.5,45.0,1.0,,,0.101,221.7078881745099,2195.1276056882166,2195.1276056882166,0.0,68.04895577633471,-0.0,,,278.9705987270487,0.0,119.95735745263094,,,,30.85504538,0.0,4.0,1403.634611862885,0.0,-0.0,0.0,142.60927656526914
119,1,120,0.1016,0.0,0.0,1405.5674687507253,,,,0,0.0,1,2474.098204414857,2474.098204414857,0.0,395.85571270637706,0.0,,,379.4292546263878,2474.098204414857,2375.134276238286,98.96392817659535,2474.0982044148814,0.0,82.14006038657325,1.0,-0.0,-0.0,0.1597506542776705,126.47641820879551,0.96,824.6994014716249,791.7114254127599,32.98797605886502,1.0,-0.0,-0.0,0.15975065427767057,126.47641820879589,0.96,824.699401471627,791.7114254127619,32.98797605886511,1.0,-0.0,-0.0,0.15975065427767066,126.47641820879636,0.96,824.6994014716295,791.7114254127642,32.98797605886521,,,,833.3549930894451,2375.134276238286,2195.132052721707,180.0022235167487,2375.1342762384497,0.0,1.0,-0.0,-0.0,0.3823483196128148,211.9018072168157,0.9249012984540529,599.2114254128221,554.211425412823,45.0,1.0,0.0,0.0,0.38234761741270884,211.900567893162,0.9248975877158102,599.2114254128227,554.2092018960718,45.00222351675086,1.0,-0.0,-0.0,0.38234831961281524,211.9018072168164,0.924901298454053,599.2114254128232,554.2114254128242,45.0,1.0,-0.0,-0.0,0.3711752314791692,197.65081076265102,0.9220779220779203,577.5,532.5,45.0,1.0,,,0.101,221.70833732489243,2195.132052721707,2195.132052721707,0.0,68.04909363437292,-0.0,,,278.96615169318034,0.0,119.95544522806755,,,,28.92511629,0.0,4.0,1405.5674687507253,0.0,-0.0,0.0,142.80565482507367
120,1,121,0.1016,0.0,0.0,1406.3457814517137,,,,0,0.0,1,2474.098204415029,2474.098204415029,0.0,395.85571270640463,0.0,,,379.42925462623003,2474.098204415029,2375.134276238432,98.96392817660141,2474.0982044150333,0.0,82.14006038657897,1.0,-0.0,-0.0,0.15975065427767896,126.47641820882318,0.96,824.6994014717616,791.7114254128911,32.987976058870494,1.0,-0.0,-0.0,0.15975065427757712,126.47641820870321,0.96,824.6994014717637,791.7114254128932,32.98797605887058,1.0,-0.0,-0.0,0.15975065427757718,126.47641820870366,0.96,824.6994014715077,791.7114254126474,32.98797605886034,,,,833.3537537657841,2375.134276238432,2195.1298292049464,180.00444703350092,2375.13427623844,0.0,1.0,-0.0,-0.0,0.38234761741270495,211.90056789315614,0.9248975877158,599.2114254128188,554.2092018960622,45.00222351675666,1.0,0.0,0.0,0.3823476174127085,211.90056789316242,0.9248975877158181,599.2114254128193,554.2092018960734,45.00222351674586,1.0,-0.0,-0.0,0.3823483196128137,211.90180721681415,0.9249012984540523,599.2114254128197,554.2114254128205,45.0,1.0,-0.0,-0.0,0.3711752314791692,197.6508107626513,0.922077922077921,577.5,532.5,45.0,1.0,,,0.101,221.7081127496996,2195.1298292049464,2195.1298292049464,0.0,68.04902470535333,-0.0,,,278.96837521009417,0.0,119.95640134034049,,,,28.14533969,0.0,4.0,1406.345781451714,0.0,-0.0,0.0,142.8847313954941
121,1,122,0.1016,0.0,0.0,1406.600626081563,,,,0,0.0,1,2474.0982044152815,2474.0982044152815,0.0,395.85571270644505,0.0,,,379.42925462647025,2474.0982044152815,2375.134276238677,98.96392817661163,2474.098204415289,0.0,82.14006038658735,1.0,-0.0,-0.0,0.15975065427767898,126.47641820882323,0.96,824.6994014717618,791.7114254128913,32.9879760588705,1.0,-0.0,-0.0,0.15975065427767898,126.47641820882333,0.96,824.6994014717626,791.711425412892,32.98797605887054,1.0,-0.0,-0.0,0.1597506542776791,126.47641820882369,0.96,824.6994014717643,791.7114254128937,32.9879760588706,,,,833.3537537653865,2375.134276238677,2195.129829205011,180.0044470334368,2375.1342762384566,0.0,1.0,-0.0,-0.0,0.3823476174127296,211.9005678931994,0.9248975877159277,599.2114254128198,554.2092018961396,45.00222351668026,1.0,0.0,0.0,0.3823476174119024,211.9005678927101,0.9248975877157919,599.2114254128205,554.2092018960589,45.00222351676166,1.0,-0.0,-0.0,0.3823483196128131,211.90180721681415,0.9249012984540516,599.2114254128211,554.2114254128213,45.0,1.0,-0.0,-0.0,0.3711752314791792,197.65081076266293,0.9220779220779299,577.5,532.5,45.0,1.0,,,0.101,221.70811274970612,2195.129829205011,2195.129829205011,0.0,68.04902470535534,-0.0,,,278.96837521026896,0.0,119.95640134041565,,,,27.89049506,0.0,4.0,1406.600626081563,0.0,-0.0,0.0,142.91062360988678
122,1,123,0.1016,0.0,0.0,1405.946743031967,,,,0,0.0,1,2474.098204414117,2474.098204414117,0.0,395.8557127062587,0.0,,,379.4292546264196,2474.098204414117,2375.1342762384365,98.96392817660161,2474.0982044150383,0.0,82.14006038654868,1.0,-0.0,-0.0,0.15975065427769258,126.47641820886737,0.96,824.6994014719794,791.7114254131002,32.987976058879205,1.0,-0.0,-0.0,0.1597506542776645,126.47641820877605,0.96,824.699401471529,791.7114254126678,32.987976058861186,1.0,-0.0,-0.0,0.15975065427766452,126.47641820877621,0.96,824.6994014715299,791.7114254126686,32.98797605886122,,,,833.3537537658389,2375.1342762384365,2195.129829205035,180.00444703339508,2375.134276238438,0.0,1.0,-0.0,-0.0,0.3823476174127093,211.9005678931655,0.9248975877158374,599.2114254128143,554.2092018960803,45.00222351673392,1.0,0.0,0.0,0.3823483196128118,211.90180721681028,0.924901298454047,599.2114254128152,554.2114254128131,45.0,1.0,-0.0,-0.0,0.3823476174127318,211.90056789320425,0.9248975877159494,599.2114254128161,554.2092018961491,45.00222351666696,1.0,-0.0,-0.0,0.3711752314791765,197.6508107626588,0.922077922077922,577.5,532.5,45.0,1.0,,,0.101,221.70811274970856,2195.129829205035,2195.129829205035,0.0,68.04902470535609,-0.0,,,278.9683752099953,0.0,119.95640134029799,,,,28.54437811,0.0,4.0,1405.9467430319671,0.0,-0.0,0.0,142.84418909204783
123,1,124,0.1016,0.0,0.0,1407.8270229006835,,,,0,0.0,1,2474.0982044145694,2474.0982044145694,0.0,395.85571270633113,0.0,,,379.4292546263246,2474.0982044145694,2375.1342762379863,98.96392817658287,2474.0982044145694,0.0,82.1400603865637,1.0,-0.0,-0.0,0.15975065427766408,126.4764182087746,0.96,824.6994014715217,791.7114254126608,32.987976058860895,1.0,-0.0,-0.0,0.15975065427766408,126.47641820877477,0.96,824.6994014715228,791.7114254126619,32.987976058860944,1.0,-0.0,-0.0,0.15975065427766424,126.47641820877523,0.96,824.6994014715249,791.7114254126639,32.98797605886102,,,,833.3549930894636,2375.1342762379863,2195.1320527217345,180.00222351670834,2375.1342762384415,0.0,1.0,-0.0,-0.0,0.38234831961281834,211.90180721682407,0.9249012984540944,599.2114254128132,554.2114254128397,45.0,1.0,0.0,0.0,0.3823476174127093,211.9005678931649,0.9248975877158359,599.2114254128136,554.2092018960788,45.00222351673483,1.0,-0.0,-0.0,0.382348319612812,211.9018072168109,0.9249012984540512,599.2114254128139,554.2114254128145,45.0,1.0,-0.0,-0.0,0.37117523147917986,197.65081076266378,0.9220779220779236,577.5,532.5,45.0,1.0,,,0.101,221.70833732489518,2195.1320527217345,2195.1320527217345,0.0,68.04909363437376,-0.0,,,278.966151692836,0.0,119.95544522791947,,,,26.66556214,0.0,4.0,1407.8270229006835,0.0,-0.0,0.0,143.03522552670944
124,1,125,0.1016,0.0,0.0,1404.9267463798915,,,,0,0.0,1,2474.0982044146167,2474.0982044146167,0.0,395.85571270633864,0.0,,,379.4292546264444,2474.0982044146167,2375.13427623824,98.96392817659344,2474.0982044148336,0.0,82.14006038656528,1.0,-0.0,-0.0,0.1597506542776784,126.47641820882124,0.96,824.6994014717519,791.7114254128818,32.9879760588701,1.0,-0.0,-0.0,0.15975065427774887,126.47641820884465,0.96,824.6994014715407,791.711425412679,32.987976058861655,1.0,-0.0,-0.0,0.15975065427766524,126.47641820877851,0.96,824.6994014715411,791.7114254126794,32.987976058861676,,,,833.3562324133362,2375.13427623824,2195.1342762389727,180.0,2375.134276237946,0.0,1.0,-0.0,-0.0,0.38234831961294047,211.9018072170536,0.924901298454888,599.2114254127567,554.211425413263,45.0,1.0,0.0,0.0,0.38234831961294025,211.90180721705366,0.9249012984548881,599.2114254127572,554.2114254132634,45.0,1.0,-0.0,-0.0,0.38234831961278104,211.9018072167722,0.9249012984540443,599.2114254127574,554.2114254127581,45.0,1.0,-0.0,-0.0,0.37117523147901516,197.6508107624568,0.9220779220778882,577.5,532.5,45.0,1.0,,,0.101,221.70856190013626,2195.1342762389727,2195.1342762389727,0.0,68.04916256340815,-0.0,,,278.96392817586866,0.0,119.95448911562352,,,,29.56730256,0.0,4.0,1404.926746379917,0.0,-0.0,0.0,142.74055743219697
125,1,126,0.1016,0.0,0.0,1385.0835016392484,,,,0,0.0,1,2474.098204414622,2474.098204414622,0.0,395.85571270633955,0.0,,,379.4292546264443,2474.098204414622,2375.1342762382433,98.96392817659358,2474.098204414837,0.0,82.14006038656545,1.0,-0.0,-0.0,0.1597506542776783,126.47641820882107,0.96,824.6994014717513,791.7114254128812,32.98797605887008,1.0,-0.0,-0.0,0.15975065427774807,126.47641820884432,0.96,824.6994014715426,791.7114254126809,32.98797605886173,1.0,-0.0,-0.0,0.15975065427766535,126.4764182087789,0.96,824.6994014715431,791.7114254126814,32.987976058861754,,,,833.3562324127712,2375.1342762382433,2195.134276237949,180.0,2375.134276237945,0.0,1.0,-0.0,-0.0,0.3823483196127806,211.9018072167713,0.9249012984540431,599.2114254127564,554.2114254127564,45.0,1.0,0.0,0.0,0.3823483196127815,211.90180721677297,0.9249012984540477,599.2114254127567,554.2114254127595,45.0,1.0,-0.0,-0.0,0.38234831961278104,211.90180721677203,0.924901298454044,599.211425412757,554.2114254127576,45.0,1.0,-0.0,-0.0,0.3711752314790149,197.650810762455,0.9220779220778795,577.5,532.5,45.0,1.0,,,0.101,221.70856190003286,2195.134276237949,2195.134276237949,0.0,68.04916256337643,-0.0,,,278.96392817656323,0.0,119.95448911592219,,,,49.4105473,0.0,4.0,1385.0835016392484,0.0,-0.0,0.0,140.72448376654762
126,1,127,0.1016,0.0,0.0,1393.3804302993337,,,,0,0.0,1,2474.098204414628,2474.098204414628,0.0,395.8557127063405,0.0,,,379.4292546263379,2474.098204414628,2375.13427623805,98.96392817658551,2474.0982044146353,0.0,82.14006038656565,1.0,-0.0,-0.0,0.1597506542776914,126.47641820886363,0.96,824.6994014719612,791.7114254130827,32.98797605887848,1.0,-0.0,-0.0,0.15975065427765253,126.47641820873712,0.96,824.6994014713368,791.7114254124833,32.987976058853505,1.0,-0.0,-0.0,0.15975065427765253,126.47641820873717,0.96,824.6994014713373,791.7114254124838,32.98797605885352,,,,833.3562324129763,2375.13427623805,2195.1342762382455,180.0,2375.134276238261,0.0,1.0,-0.0,-0.0,0.38234831961278126,211.90180721677237,0.9249012984540431,599.2114254127575,554.2114254127582,45.0,1.0,0.0,0.0,0.38234831961278126,211.90180721677245,0.9249012984540437,599.2114254127578,554.2114254127584,45.0,1.0,-0.0,-0.0,0.38234831961278526,211.9018072167747,0.9249012984540442,599.211425412758,554.2114254127586,45.0,1.0,-0.0,-0.0,0.37117523147917225,197.6508107626568,0.9220779220779305,577.5,532.5,45.0,1.0,,,0.101,221.70856190006282,2195.1342762382455,2195.1342762382455,0.0,68.04916256338561,-0.0,,,278.9639281763668,0.0,119.95448911583772,,,,41.11361864,0.0,4.0,1393.3804302993772,0.0,-0.0,0.0,141.56745171841231
127,1,128,0.1016,0.0,0.0,1391.3708348906157,,,,0,0.0,1,2474.098204415054,2474.098204415054,0.0,395.85571270640867,0.0,,,379.42925462637,2474.098204415054,2375.1342762384666,98.96392817660288,2474.0982044150696,0.0,82.1400603865798,1.0,-0.0,-0.0,0.1597506542776788,126.47641820882271,0.96,824.6994014717594,791.711425412889,32.98797605887041,1.0,-0.0,-0.0,0.1597506542776789,126.47641820882298,0.96,824.6994014717606,791.7114254128901,32.98797605887045,1.0,-0.0,-0.0,0.15975065427759513,126.47641820872427,0.96,824.6994014715494,791.7114254126874,32.98797605886201,,,,833.3549930893637,2375.1342762384666,2195.132052721604,180.00222351648063,2375.1342762382637,0.0,1.0,-0.0,-0.0,0.3823476174127156,211.90056789317086,0.9248975877159493,599.2114254129481,554.2092018960852,45.00222351686284,1.0,0.0,0.0,0.3823483196128412,211.9018072168787,0.9249012984543792,599.2114254127474,554.2114254129494,45.0,1.0,-0.0,-0.0,0.38234831961277616,211.90180721676575,0.9249012984540428,599.2114254127476,554.2114254127483,45.0,1.0,-0.0,-0.0,0.3711752314790888,197.65081076254847,0.9220779220778992,577.5,532.5,45.0,1.0,,,0.101,221.70833732488202,2195.132052721604,2195.132052721604,0.0,68.04909363436973,-0.0,,,278.9661516932863,0.0,119.9554452281131,,,,43.12175015,0.0,4.0,1391.3708348906157,0.0,-0.0,0.0,141.36327682488655
128,1,129,0.1016,0.0,0.0,1387.8821896075729,,,,0,0.0,1,2474.0982044151738,2474.0982044151738,0.0,395.8557127064278,0.0,,,379.4292546264484,2474.0982044151738,2375.1342762385725,98.96392817660728,2474.0982044151797,0.0,82.14006038658377,1.0,-0.0,-0.0,0.1597506542776768,126.476418208816,0.96,824.699401471726,791.7114254128569,32.987976058869066,1.0,-0.0,-0.0,0.1597506542776768,126.47641820881614,0.96,824.6994014717268,791.7114254128577,32.9879760588691,1.0,-0.0,-0.0,0.1597506542776769,126.47641820881627,0.96,824.6994014717272,791.7114254128581,32.987976058869116,,,,833.3546309762261,2375.1342762385725,2195.1320527217663,180.00222351666685,2375.134276238433,0.0,1.0,-0.0,-0.0,0.38234831961281057,211.901807216809,0.9249012984540511,599.2114254128109,554.2114254128115,45.0,1.0,0.0,0.0,0.38234761741272827,211.90056789319965,0.9248975877159453,599.2114254128112,554.2092018961422,45.002223516669005,1.0,-0.0,-0.0,0.38234766622813077,211.90144510355447,0.9249012984540511,599.2114254128114,554.2114254128121,45.0,1.0,-0.0,-0.0,0.37117523147917875,197.6508107626629,0.9220779220779234,577.5,532.5,45.0,1.0,,,0.101,221.70833732489842,2195.1320527217663,2195.1320527217663,0.0,68.04909363437476,-0.0,,,278.96615169341374,0.0,119.9554452281679,,,,46.61003332,0.0,4.0,1387.8821896075729,0.0,-0.0,0.0,141.0088304641294
129,1,130,0.1016,0.0,0.0,1386.619572850825,,,,0,0.0,1,2474.0982044151756,2474.0982044151756,0.0,395.8557127064281,0.0,,,379.4292546264484,2474.0982044151756,2375.1342762385734,98.96392817660731,2474.0982044151806,0.0,82.14006038658383,1.0,-0.0,-0.0,0.15975065427767682,126.47641820881609,0.96,824.6994014717263,791.7114254128572,32.98797605886908,1.0,-0.0,-0.0,0.15975065427767682,126.47641820881614,0.96,824.6994014717268,791.7114254128577,32.9879760588691,1.0,-0.0,-0.0,0.15975065427767682,126.47641820881621,0.96,824.6994014717272,791.7114254128581,32.987976058869116,,,,833.3549930894784,2375.1342762385734,2195.132052721764,180.00222351666855,2375.134276238433,0.0,1.0,-0.0,-0.0,0.382348319612809,211.90180721680804,0.924901298454051,599.2114254128106,554.2114254128113,45.0,1.0,0.0,0.0,0.38234831961280924,211.9018072168083,0.9249012984540512,599.2114254128109,554.2114254128116,45.0,1.0,-0.0,-0.0,0.3823476174127296,211.9005678932007,0.9248975877159425,599.2114254128139,554.209201896143,45.00222351667094,1.0,-0.0,-0.0,0.37117523147917764,197.65081076266145,0.9220779220779233,577.5,532.5,45.0,1.0,,,0.101,221.70833732489817,2195.132052721764,2195.132052721764,0.0,68.04909363437469,-0.0,,,278.96615169341635,0.0,119.95544522816903,,,,47.87301219,0.0,4.0,1386.6195728508249,0.0,-0.0,0.0,140.88054860164382
130,1,131,0.1016,0.0,0.0,1388.5311044502075,,,,0,0.0,1,2474.0982044143934,2474.0982044143934,0.0,395.85571270630294,0.0,,,379.4292546262906,2474.0982044143934,2375.134276237826,98.96392817657616,2474.098204414402,0.0,82.14006038655786,1.0,-0.0,-0.0,0.15975065427766055,126.4764182087633,0.96,824.6994014714662,791.7114254126076,32.98797605885868,1.0,-0.0,-0.0,0.1597506542776606,126.47641820876353,0.96,824.6994014714674,791.7114254126086,32.98797605885872,1.0,-0.0,-0.0,0.15975065427766066,126.47641820876375,0.96,824.6994014714685,791.7114254126097,32.98797605885877,,,,833.3549930890779,2375.134276237826,2195.1320527211774,180.0022235166632,2375.1342762378317,0.0,1.0,-0.0,-0.0,0.38234831961280763,211.90180721680628,0.9249012984540506,599.2114254128078,554.2114254128087,45.0,1.0,0.0,0.0,0.38234761741272805,211.9005678931997,0.9248975877159507,599.2114254128082,554.2092018961426,45.002223516665595,1.0,-0.0,-0.0,0.38234831961250393,211.90180721641553,0.9249012984539778,599.2114254122263,554.211425412227,45.0,1.0,-0.0,-0.0,0.37117523147917364,197.65081076265642,0.922077922077922,577.5,532.5,45.0,1.0,,,0.101,221.70833732483894,2195.1320527211774,2195.1320527211774,0.0,68.0490936343565,-0.0,,,278.9661516932334,0.0,119.95544522809037,,,,45.96148059,0.0,4.0,1388.5311044502075,0.0,-0.0,0.0,141.0747602121411
131,1,132,0.1016,0.0,0.0,1388.7527526663066,,,,0,0.0,1,2474.098204415183,2474.098204415183,0.0,395.85571270642924,0.0,,,379.42925462645013,2474.098204415183,2375.134276238581,98.96392817660765,2474.098204415189,0.0,82.14006038658407,1.0,-0.0,-0.0,0.15975065427767693,126.47641820881657,0.96,824.699401471729,791.7114254128597,32.98797605886919,1.0,-0.0,-0.0,0.15975065427767704,126.47641820881677,0.96,824.6994014717297,791.7114254128605,32.98797605886922,1.0,-0.0,-0.0,0.15975065427767698,126.4764182088168,0.96,824.6994014717302,791.711425412861,32.987976058869236,,,,833.355870299782,2375.134276238581,2195.1342762383592,180.0,2375.134276238352,0.0,1.0,-0.0,-0.0,0.3823483196127946,211.90180721678973,0.9249012984540457,599.2114254127837,554.2114254127844,45.0,1.0,0.0,0.0,0.38234831961279675,211.9018072167929,0.9249012984540557,599.211425412784,554.2114254127895,45.0,1.0,-0.0,-0.0,0.3823476662281158,211.90144510353574,0.9249012984540476,599.2114254127843,554.2114254127848,45.0,1.0,-0.0,-0.0,0.3711752314791801,197.65081076266372,0.9220779220779236,577.5,532.5,45.0,1.0,,,0.101,221.7085619000743,2195.1342762383592,2195.1342762383592,0.0,68.04916256338913,-0.0,,,278.9639281768301,0.0,119.95448911603694,,,,45.74093416,0.0,4.0,1388.7527526663064,0.0,-0.0,0.0,141.09727967089674
132,1,133,0.1016,0.0,0.0,1381.3760544695483,,,,0,0.0,1,2474.098204415127,2474.098204415127,0.0,395.8557127064203,0.0,,,379.4292546264426,2474.098204415127,2375.134276238545,98.96392817660615,2474.0982044151515,0.0,82.14006038658222,1.0,-0.0,-0.0,0.1597506542776761,126.47641820881384,0.96,824.6994014717154,791.7114254128468,32.98797605886865,1.0,-0.0,-0.0,0.1597506542776762,126.4764182088142,0.96,824.6994014717172,791.7114254128485,32.98797605886872,1.0,-0.0,-0.0,0.15975065427767637,126.47641820881461,0.96,824.699401471719,791.7114254128503,32.98797605886879,,,,833.3562324130567,2375.134276238545,2195.1342762383993,180.0,2375.134276238388,0.0,1.0,-0.0,-0.0,0.3823483196127997,211.9018072167961,0.9249012984540488,599.2114254127929,554.2114254127936,45.0,1.0,0.0,0.0,0.3823483196127999,211.90180721679636,0.9249012984540489,599.2114254127932,554.2114254127939,45.0,1.0,-0.0,-0.0,0.38234831961280014,211.90180721679656,0.9249012984540488,599.2114254127935,554.2114254127941,45.0,1.0,-0.0,-0.0,0.37117523147918213,197.65081076266773,0.9220779220779238,577.5,532.5,45.0,1.0,,,0.101,221.70856190007834,2195.1342762383993,2195.1342762383993,0.0,68.04916256339038,-0.0,,,278.9639281767611,0.0,119.95448911600727,,,,53.11799447,0.0,4.0,1381.3760544695776,0.0,-0.0,0.0,140.3478071341061
133,1,134,0.1016,0.0,0.0,1379.8890252092262,,,,0,0.0,1,2474.098204414669,2474.098204414669,0.0,395.85571270634705,0.0,,,379.42925462634935,2474.098204414669,2375.1342762381037,98.96392817658776,2474.0982044146913,0.0,82.14006038656701,1.0,-0.0,-0.0,0.15975065427766663,126.47641820878287,0.96,824.6994014715624,791.7114254126999,32.98797605886252,1.0,-0.0,-0.0,0.15975065427766663,126.47641820878309,0.96,824.6994014715639,791.7114254127013,32.987976058862586,1.0,-0.0,-0.0,0.15975065427766674,126.47641820878341,0.96,824.6994014715654,791.7114254127027,32.98797605886264,,,,833.3562324128603,2375.1342762381037,2195.134276238121,180.0,2375.1342762381123,0.0,1.0,-0.0,-0.0,0.3823483196127313,211.9018072167084,0.924901298454033,599.2114254126623,554.2114254126633,45.0,1.0,0.0,0.0,0.38234831961277593,211.90180721678652,0.9249012984539019,599.2114254128019,554.211425412803,45.0,1.0,-0.0,-0.0,0.38234831961280435,211.90180721680247,0.9249012984540502,599.2114254128027,554.2114254128035,45.0,1.0,-0.0,-0.0,0.3711752314790991,197.650810762563,0.9220779220779018,577.5,532.5,45.0,1.0,,,0.101,221.70856190005023,2195.134276238121,2195.134276238121,0.0,68.04916256338174,-0.0,,,278.9639281765758,0.0,119.95448911592759,,,,54.60502373,0.0,4.0,1379.88902520926,0.0,-0.0,0.0,140.1967249612574
134,1,135,0.1016,0.0,0.0,1380.102005666845,,,,0,0.0,1,2474.0982044149982,2474.0982044149982,0.0,395.8557127063997,0.0,,,379.42925462641136,2474.0982044149982,2375.134276238398,98.9639281766,2474.098204414998,0.0,82.14006038657794,1.0,-0.0,-0.0,0.1597506542776765,126.47641820881526,0.96,824.6994014717227,791.7114254128537,32.98797605886894,1.0,-0.0,-0.0,0.15975065427767657,126.4764182088154,0.96,824.6994014717231,791.7114254128542,32.98797605886895,1.0,-0.0,-0.0,0.1597506542776659,126.4764182087807,0.96,824.699401471552,791.7114254126899,32.98797605886211,,,,833.3534487907043,2375.134276238398,2195.129829205239,180.00444703337632,2375.1342762384006,0.0,1.0,-0.0,-0.0,0.38234761741270856,211.9005678931686,0.9248975877158777,599.2114254127981,554.2092018960896,45.00222351670857,1.0,0.0,0.0,0.38234831961280435,211.90180721680093,0.9249012984540498,599.2114254127987,554.2114254127995,45.0,1.0,-0.0,-0.0,0.3823476174127249,211.90056789319505,0.9248975877159452,599.2114254128036,554.209201896135,45.00222351666855,1.0,-0.0,-0.0,0.37117465875579353,197.6505057875397,0.9220779220779217,577.5,532.5,45.0,1.0,,,0.101,221.70811274972914,2195.129829205239,2195.129829205239,0.0,68.0490247053624,-0.0,,,278.9683752099736,0.0,119.95640134028865,,,,54.3888105,0.0,4.0,1380.102005666845,0.0,-0.0,0.0,140.21836377575144
135,1,136,0.1016,0.0,0.0,1382.174671815152,,,,0,0.0,1,2474.0982044149696,2474.0982044149696,0.0,395.85571270639514,0.0,,,379.4288693422411,2474.0982044149696,2375.1342762383706,98.96392817659887,2474.0982044149696,0.0,82.14006038657699,1.0,-0.0,-0.0,0.15975065427767512,126.47641820881066,0.96,824.6994014716997,791.7114254128317,32.98797605886802,1.0,-0.0,-0.0,0.15975065427767499,126.47641820881063,0.96,824.6994014717002,791.7114254128321,32.987976058868036,1.0,-0.0,-0.0,0.15975016763044672,126.47603292461983,0.96,824.6994014715696,791.7114254127067,32.98797605886281,,,,833.35623241283,2375.1342762383706,2195.134276238424,180.0,2375.1342762385216,0.0,1.0,-0.0,-0.0,0.3823483196128179,211.90180721685743,0.9249012984540657,599.2114254129269,554.2114254129276,45.0,1.0,0.0,0.0,0.38234831961286453,211.90180721683367,0.9249012984543796,599.2114254127972,554.2114254127979,45.0,1.0,-0.0,-0.0,0.3823483196128057,211.9018072168012,0.9249012984540496,599.2114254127974,554.2114254127982,45.0,1.0,-0.0,-0.0,0.3711752314786378,197.65081076233758,0.922077922077778,577.5,532.5,45.0,1.0,,,0.101,221.7085619000808,2195.134276238424,2195.134276238424,0.0,68.04916256339114,-0.0,,,278.96392817644573,0.0,119.95448911587167,,,,52.31899184,0.0,4.0,1382.174671815152,0.0,-0.0,0.0,140.4289466564194
136,1,137,0.1016,0.0,0.0,1378.7389630120401,,,,0,0.0,1,2474.0982044151137,2474.0982044151137,0.0,395.8557127064182,0.0,,,379.42925462643615,2474.0982044151137,2375.1342762385148,98.9639281766049,2474.0982044151197,0.0,82.14006038658178,1.0,-0.0,-0.0,0.15975065427767546,126.47641820881188,0.96,824.699401471706,791.7114254128377,32.98797605886827,1.0,-0.0,-0.0,0.15975065427767557,126.47641820881209,0.96,824.6994014717068,791.7114254128385,32.9879760588683,1.0,-0.0,-0.0,0.15975065427767557,126.47641820881215,0.96,824.6994014717072,791.7114254128389,32.98797605886832,,,,833.3537537659961,2375.1342762385148,2195.1298292050606,180.00444703303413,2375.1342762383993,0.0,1.0,-0.0,-0.0,0.3823476174127327,211.90056789331186,0.9248975877160085,599.2114254127953,554.2092018964292,45.00222351636603,1.0,0.0,0.0,0.38234761741272394,211.9005678931939,0.9248975877159453,599.2114254128018,554.2092018961334,45.00222351666832,1.0,-0.0,-0.0,0.38234831961280313,211.90180721680144,0.9249012984540492,599.2114254128023,554.2114254128026,45.0,1.0,-0.0,-0.0,0.37117523147922804,197.65081076268893,0.9220779220782038,577.5,532.5,45.0,1.0,,,0.101,221.70811274971112,2195.1298292050606,2195.1298292050606,0.0,68.04902470535687,-0.0,,,278.9683752097545,0.0,119.95640134019445,,,,55.75215813,0.0,4.0,1378.7389630121434,0.0,-0.0,0.0,140.07987864202326
137,1,138,0.13994,0.0,0.0,1390.756033709893,,,,0,0.0,1,2474.098204415149,2474.098204415149,0.0,395.8557127064239,0.0,,,379.4292546264437,2474.098204415149,2375.1342762385502,98.96392817660634,2474.0982044151565,0.0,82.14006038658296,1.0,-0.0,-0.0,0.15975065427767626,126.4764182088144,0.96,824.6994014717181,791.7114254128494,32.98797605886875,1.0,-0.0,-0.0,0.15975065427767635,126.47641820881458,0.96,824.6994014717189,791.7114254128502,32.98797605886879,1.0,-0.0,-0.0,0.1597506542776764,126.47641820881469,0.96,824.6994014717194,791.7114254128506,32.9879760588688,,,,833.356232413327,2375.1342762385502,2195.134276238836,180.0,2375.1342762385566,0.0,1.0,-0.0,-0.0,0.3823483196128794,211.9018072168987,0.924901298454068,599.2114254129457,554.2114254129464,45.0,1.0,0.0,0.0,0.3823483196128439,211.9018072168791,0.9249012984543463,599.2114254127656,554.2114254129466,45.0,1.0,-0.0,-0.0,0.38234831961284277,211.90180721687855,0.924901298454346,599.2114254127661,554.2114254129468,45.0,1.0,-0.0,-0.0,0.3711752314791965,197.65081076267063,0.9220779220777888,577.5,532.5,45.0,1.0,,,0.101,221.70856190012242,2195.134276238836,2195.134276238836,0.0,68.04916256340391,-0.0,,,278.9639281763207,0.0,119.95448911581789,,,,43.73801523,0.0,4.0,1390.7560337098932,0.0,-0.0,0.0,194.62239935736244
138,1,139,0.13994,0.0,0.0,1406.701987209504,,,,0,0.0,1,2474.0982044148345,2474.0982044148345,0.0,395.85571270637354,0.0,,,379.42925462631666,2474.0982044148345,2375.134276238262,98.96392817659434,2474.0982044148564,0.0,82.1400603865725,1.0,-0.0,-0.0,0.15975065427767515,126.47641820881078,0.96,824.6994014717005,791.7114254128325,32.98797605886805,1.0,-0.0,-0.0,0.15975065427767526,126.47641820881117,0.96,824.6994014717023,791.7114254128343,32.98797605886812,1.0,-0.0,-0.0,0.1597506542775764,126.47641820869472,0.96,824.6994014714535,791.7114254125953,32.987976058858166,,,,833.356232413129,2375.134276238262,2195.134276238516,180.0,2375.134276238505,0.0,1.0,-0.0,-0.0,0.3823483196127828,211.9018072167744,0.9249012984540441,599.2114254127611,554.2114254127613,45.0,1.0,0.0,0.0,0.3823483196127828,211.9018072167747,0.9249012984540455,599.2114254127611,554.2114254127621,45.0,1.0,-0.0,-0.0,0.38234831961278326,211.9018072167752,0.9249012984540455,599.2114254127617,554.2114254127628,45.0,1.0,-0.0,-0.0,0.37117523147929066,197.6508107628046,0.9220779220779527,577.5,532.5,45.0,1.0,,,0.101,221.70856190009013,2195.134276238516,2195.134276238516,0.0,68.049162563394,-0.0,,,278.9639281763483,0.0,119.95448911582977,,,,27.79206173,0.0,4.0,1406.7019872095357,0.0,-0.0,0.0,196.853876090098
139,1,140,0.13994,0.0,0.0,1406.2316397119682,,,,0,0.0,1,2474.098204414568,2474.098204414568,0.0,395.8557127063309,0.0,,,379.42925462639187,2474.098204414568,2375.134276238305,98.96392817659614,2474.0982044149014,0.0,82.14006038656366,1.0,-0.0,-0.0,0.15975065427767515,126.47641820881066,0.96,824.6994014716995,791.7114254128315,32.98797605886801,1.0,-0.0,-0.0,0.15975065427767363,126.47641820880585,0.96,824.6994014716761,791.711425412809,32.98797605886707,1.0,-0.0,-0.0,0.15975065427766424,126.47641820877534,0.96,824.6994014715257,791.7114254126647,32.98797605886106,,,,833.3537537658619,2375.134276238305,2195.129829205093,180.00444703333585,2375.13427623842,0.0,1.0,-0.0,-0.0,0.3823476174127285,211.9005678932008,0.9248975877159455,599.2114254128139,554.2092018961448,45.00222351666912,1.0,0.0,0.0,0.3823476174127304,211.9005678932023,0.924897587715947,599.2114254128143,554.209201896146,45.00222351666821,1.0,-0.0,-0.0,0.382348319612811,211.90180721681062,0.9249012984540516,599.2114254128145,554.2114254128152,45.0,1.0,-0.0,-0.0,0.371175231479167,197.65081076264818,0.9220779220779204,577.5,532.5,45.0,1.0,,,0.101,221.7081127497144,2195.129829205093,2195.129829205093,0.0,68.04902470535788,-0.0,,,278.96837520981694,0.0,119.95640134022128,,,,28.25948143,0.0,4.0,1406.2316397119682,0.0,-0.0,0.0,196.78805566129284
140,1,141,0.13994,0.0,0.0,1402.943395690847,,,,0,0.0,1,2474.098204414813,2474.098204414813,0.0,395.8557127063701,0.0,,,379.42925462637623,2474.098204414813,2375.1342762382315,98.96392817659304,2474.0982044148245,0.0,82.1400603865718,1.0,-0.0,-0.0,0.1597506542776693,126.47641820879177,0.96,824.6994014716066,791.7114254127423,32.98797605886429,1.0,-0.0,-0.0,0.15975065427766935,126.47641820879204,0.96,824.6994014716081,791.7114254127438,32.987976058864355,1.0,-0.0,-0.0,0.15975065427766957,126.47641820879242,0.96,824.6994014716096,791.7114254127451,32.98797605886441,,,,833.3549930895572,2375.1342762382315,2195.132052721916,180.00222351652906,2375.134276238435,0.0,1.0,-0.0,-0.0,0.38234831961280924,211.90180721680846,0.9249012984540511,599.2114254128114,554.2114254128121,45.0,1.0,0.0,0.0,0.38234831961280946,211.9018072168087,0.924901298454051,599.2114254128118,554.2114254128123,45.0,1.0,-0.0,-0.0,0.38234761741277257,211.90056789327727,0.9248975877161756,599.2114254128121,554.209201896281,45.0022235165311,1.0,-0.0,-0.0,0.3711752314791784,197.65081076266273,0.9220779220779234,577.5,532.5,45.0,1.0,,,0.101,221.70833732491351,2195.132052721916,2195.132052721916,0.0,68.04909363437939,-0.0,,,278.9661516929184,0.0,119.95544522795491,,,,31.54918935,0.0,4.0,1402.943395690847,0.0,-0.0,0.0,196.32789879297712
141,1,142,0.13994,0.0,0.0,1409.2512534096616,,,,0,0.0,1,2474.0982044151006,2474.0982044151006,0.0,395.8557127064161,0.0,,,379.42925462643393,2474.0982044151006,2375.1342762385048,98.96392817660447,2474.098204415109,0.0,82.14006038658134,1.0,-0.0,-0.0,0.1597506542776753,126.47641820881117,0.96,824.6994014717022,791.7114254128342,32.98797605886812,1.0,-0.0,-0.0,0.15975065427767526,126.47641820881125,0.96,824.6994014717029,791.7114254128347,32.98797605886815,1.0,-0.0,-0.0,0.15975065427767537,126.47641820881152,0.96,824.699401471704,791.7114254128359,32.98797605886819,,,,833.3562324131378,2375.1342762385048,2195.134276238513,180.0,2375.1342762385107,0.0,1.0,-0.0,-0.0,0.38234831961280896,211.90180721680798,0.9249012984540509,599.2114254128105,554.2114254128112,45.0,1.0,0.0,0.0,0.3823483196128088,211.90180721680792,0.9249012984540507,599.2114254128109,554.2114254128113,45.0,1.0,-0.0,-0.0,0.3823483196128091,211.90180721680824,0.9249012984540511,599.2114254128111,554.2114254128118,45.0,1.0,-0.0,-0.0,0.3711752314792196,197.6508107627137,0.9220779220779338,577.5,532.5,45.0,1.0,,,0.101,221.70856190008982,2195.134276238513,2195.134276238513,0.0,68.0491625633939,-0.0,,,278.9639281766748,0.0,119.95448911597016,,,,25.24279553,0.0,4.0,1409.2512534096616,0.0,-0.0,0.0,197.21062040214804
142,1,143,0.1016,0.0,0.0,1409.0492188108594,,,,0,0.0,1,2474.0982044151033,2474.0982044151033,0.0,395.8557127064165,0.0,,,379.4292546264348,2474.0982044151033,2375.134276238509,98.96392817660461,2474.0982044151133,0.0,82.14006038658142,1.0,-0.0,-0.0,0.15975065427767535,126.47641820881144,0.96,824.6994014717037,791.7114254128355,32.98797605886818,1.0,-0.0,-0.0,0.15975065427767546,126.47641820881167,0.96,824.6994014717045,791.7114254128363,32.987976058868206,1.0,-0.0,-0.0,0.1597506542776754,126.4764182088117,0.96,824.699401471705,791.7114254128368,32.98797605886823,,,,833.3549930895198,2375.134276238509,2195.13205272183,180.00222351674677,2375.1342762385034,0.0,1.0,-0.0,-0.0,0.38234761741272255,211.90056789319354,0.924897587715934,599.2114254128102,554.2092018961345,45.00222351667571,1.0,0.0,0.0,0.3823483196128088,211.90180721680784,0.9249012984540509,599.2114254128105,554.2114254128111,45.0,1.0,-0.0,-0.0,0.382348319612809,211.90180721680804,0.9249012984540509,599.2114254128107,554.2114254128113,45.0,1.0,-0.0,-0.0,0.3711752314792174,197.6508107627104,0.9220779220779334,577.5,532.5,45.0,1.0,,,0.101,221.70833732490485,2195.13205272183,2195.13205272183,0.0,68.04909363437673,-0.0,,,278.96615169335684,0.0,119.95544522814343,,,,25.44336623,0.0,4.0,1409.0492188108594,0.0,-0.0,0.0,143.1594006311833
143,1,144,0.1016,0.0,0.0,1406.8724303794784,,,,0,0.0,1,2474.0982044146135,2474.0982044146135,0.0,395.8557127063382,0.0,,,379.4292546263945,2474.0982044146135,2375.134276238318,98.96392817659667,2474.0982044149146,0.0,82.14006038656517,1.0,-0.0,-0.0,0.15975065427767618,126.4764182088142,0.96,824.6994014717174,791.7114254128486,32.987976058868725,1.0,-0.0,-0.0,0.1597506542776723,126.47641820880159,0.96,824.6994014716553,791.711425412789,32.98797605886624,1.0,-0.0,-0.0,0.1597506542776653,126.47641820877867,0.96,824.6994014715419,791.7114254126802,32.987976058861705,,,,833.3562324130128,2375.134276238318,2195.134276238329,180.0,2375.134276238321,0.0,1.0,-0.0,-0.0,0.3823483196127911,211.90180721678394,0.9249012984540463,599.2114254127736,554.2114254127742,45.0,1.0,0.0,0.0,0.38234831961278964,211.9018072167833,0.9249012984540464,599.211425412774,554.2114254127747,45.0,1.0,-0.0,-0.0,0.3823483196127895,211.90180721678314,0.9249012984540462,599.2114254127739,554.2114254127745,45.0,1.0,-0.0,-0.0,0.3711752314791781,197.65081076266233,0.9220779220779228,577.5,532.5,45.0,1.0,,,0.101,221.70856190007126,2195.134276238329,2195.134276238329,0.0,68.04916256338821,-0.0,,,278.9639281765911,0.0,119.95448911593417,,,,27.62161856,0.0,4.0,1406.8724303794784,0.0,-0.0,0.0,142.938238926555
144,1,145,0.1016,0.0,0.0,1404.9490989705646,,,,0,0.0,1,2474.098204414865,2474.098204414865,0.0,395.8557127063784,0.0,,,379.42925462631086,2474.098204414865,2375.1342762382756,98.96392817659489,2474.0982044148705,0.0,82.14006038657352,1.0,-0.0,-0.0,0.15975065427767612,126.47641820881398,0.96,824.6994014717162,791.7114254128476,32.987976058868675,1.0,-0.0,-0.0,0.15975065427767624,126.47641820881434,0.96,824.699401471718,791.7114254128493,32.98797605886875,1.0,-0.0,-0.0,0.15975065427756444,126.47641820868257,0.96,824.6994014714361,791.7114254125786,32.98797605885747,,,,833.3549930894201,2375.1342762382756,2195.132052721614,180.00222351666002,2375.134276238293,0.0,1.0,-0.0,-0.0,0.3823483196127837,211.9018072167759,0.9249012984540466,599.2114254127623,554.2114254127639,45.0,1.0,0.0,0.0,0.38234761741270323,211.90056789317066,0.9248975877159492,599.211425412766,554.2092018961026,45.00222351666332,1.0,-0.0,-0.0,0.3823483196128459,211.90180721681125,0.9249012984536262,599.2114254127649,554.2114254127663,45.0,1.0,-0.0,-0.0,0.3711752314791781,197.65081076266233,0.9220779220779226,577.5,532.5,45.0,1.0,,,0.101,221.70833732488302,2195.132052721614,2195.132052721614,0.0,68.04909363437004,-0.0,,,278.96615169323763,0.0,119.95544522809219,,,,29.54348607,0.0,4.0,1404.949098970614,0.0,-0.0,0.0,142.74282845540935
145,1,146,0.1016,0.0,0.0,1408.9270573816716,,,,0,0.0,1,2474.0982044144257,2474.0982044144257,0.0,395.8557127063081,0.0,,,379.4292546263385,2474.0982044144257,2375.1342762380527,98.96392817658563,2474.0982044146385,0.0,82.14006038655893,1.0,-0.0,-0.0,0.15975065427767363,126.4764182088058,0.96,824.6994014716759,791.7114254128088,32.98797605886706,1.0,-0.0,-0.0,0.1597506542776614,126.47641820876612,0.96,824.6994014714802,791.711425412621,32.98797605885924,1.0,-0.0,-0.0,0.15975065427766158,126.47641820876656,0.96,824.6994014714821,791.7114254126228,32.98797605885932,,,,833.3537537656532,2375.1342762380527,2195.1298292047504,180.00444703330743,2375.134276238086,0.0,1.0,-0.0,-0.0,0.3823476174126127,211.90056789305356,0.924897587715948,599.2114254125776,554.2092018959277,45.002223516649906,1.0,0.0,0.0,0.38234761741270706,211.9005678931726,0.9248975877159458,599.2114254127677,554.2092018961022,45.00222351666548,1.0,-0.0,-0.0,0.38234831961278826,211.90180721678385,0.9249012984540546,599.2114254127724,554.2114254127781,45.0,1.0,-0.0,-0.0,0.3711752314791629,197.6508107626433,0.9220779220779217,577.5,532.5,45.0,1.0,,,0.101,221.7081127496798,2195.1298292047504,2195.1298292047504,0.0,68.04902470534726,-0.0,,,278.96837520985986,0.0,119.95640134023974,,,,25.56406376,0.0,4.0,1408.9270573816716,0.0,-0.0,0.0,143.14698902997782
146,1,147,0.1016,0.0,0.0,1407.0783032441564,,,,0,0.0,1,2474.0982044144316,2474.0982044144316,0.0,395.8557127063091,0.0,,,379.4292546263468,2474.0982044144316,2375.1342762380914,98.96392817658725,2474.0982044146785,0.0,82.14006038655913,1.0,-0.0,-0.0,0.15975065427767618,126.47641820881417,0.96,824.6994014717171,791.7114254128484,32.98797605886872,1.0,-0.0,-0.0,0.1597506542776615,126.4764182087662,0.96,824.6994014714802,791.711425412621,32.98797605885924,1.0,-0.0,-0.0,0.15975065427766152,126.47641820876639,0.96,824.6994014714813,791.711425412622,32.98797605885928,,,,833.3559274377569,2375.1342762380914,2195.134276238147,180.0,2375.1342762381028,0.0,1.0,-0.0,-0.0,0.3823483196127875,211.9018072167799,0.9249012984540482,599.2114254127682,554.2114254127689,45.0,1.0,0.0,0.0,0.38234831961281945,211.90180721688807,0.9249012984540919,599.2114254130048,554.2114254130055,45.0,1.0,-0.0,-0.0,0.3823483196127868,211.90180721677973,0.9249012984540447,599.2114254127688,554.2114254127695,45.0,1.0,-0.0,-0.0,0.37117465875579236,197.65050578730919,0.9220779220779216,577.5,532.5,45.0,1.0,,,0.101,221.70856190005284,2195.134276238147,2195.134276238147,0.0,68.04916256338255,-0.0,,,278.96392817654,0.0,119.9544891159122,,,,27.41544072,0.0,4.0,1407.0783032441566,0.0,-0.0,0.0,142.95915560960628
147,1,148,0.1016,0.0,0.0,1407.7762135719008,,,,0,0.0,1,2474.0982044148973,2474.0982044148973,0.0,395.8557127063836,0.0,,,379.4292546263925,2474.0982044148973,2375.1342762383083,98.96392817659628,2474.0982044149046,0.0,82.14006038657459,1.0,-0.0,-0.0,0.15975065427766896,126.47641820879059,0.96,824.6994014716008,791.7114254127367,32.987976058864064,1.0,-0.0,-0.0,0.15975065427766907,126.476418208791,0.96,824.6994014716029,791.7114254127388,32.98797605886414,1.0,-0.0,-0.0,0.15975065427767518,126.4764182088109,0.96,824.699401471701,791.7114254128329,32.98797605886807,,,,833.3537537658035,2375.1342762383083,2195.1298292049987,180.00444703331584,2375.1342762383147,0.0,1.0,-0.0,-0.0,0.3823476174127094,211.90056789317555,0.9248975877159454,599.2114254127725,554.2092018961065,45.00222351666605,1.0,0.0,0.0,0.38234831961279037,211.90180721678323,0.9249012984540463,599.2114254127728,554.2114254127735,45.0,1.0,-0.0,-0.0,0.38234761741271406,211.9005678931839,0.92489758771597,599.211425412773,554.2092018961216,45.002223516651384,1.0,-0.0,-0.0,0.37117523147917697,197.65081076266068,0.9220779220779232,577.5,532.5,45.0,1.0,,,0.101,221.7081127497049,2195.1298292049987,2195.1298292049987,0.0,68.04902470535497,-0.0,,,278.96837520990573,0.0,119.95640134025946,,,,26.71490757,0.0,4.0,1407.776213571901,0.0,-0.0,0.0,143.0300632989051
148,1,149,0.1016,0.0,0.0,1403.3038064518587,,,,0,0.0,1,2474.098204414802,2474.098204414802,0.0,395.85571270636825,0.0,,,379.42925462637294,2474.098204414802,2375.134276238215,98.96392817659239,2474.0982044148077,0.0,82.14006038657142,1.0,-0.0,-0.0,0.15975065427766907,126.47641820879085,0.96,824.6994014716018,791.7114254127378,32.987976058864106,1.0,-0.0,-0.0,0.15975065427766913,126.476418208791,0.96,824.6994014716026,791.7114254127385,32.987976058864135,1.0,-0.0,-0.0,0.15975065427766913,126.47641820879109,0.96,824.6994014716031,791.7114254127389,32.987976058864156,,,,833.3537537657834,2375.134276238215,2195.1298292049732,180.0044470332382,2375.1342762382224,0.0,1.0,-0.0,-0.0,0.3823476174126892,211.90056789316296,0.9248975877160803,599.2114254126813,554.2092018961029,45.0022235165784,1.0,0.0,0.0,0.3823476174127096,211.90056789317566,0.9248975877159452,599.2114254127727,554.2092018961065,45.00222351666616,1.0,-0.0,-0.0,0.38234831961278826,211.9018072167823,0.9249012984540463,599.2114254127733,554.211425412774,45.0,1.0,-0.0,-0.0,0.37117523147917775,197.65081076266245,0.9220779220779313,577.5,532.5,45.0,1.0,,,0.101,221.7081127497023,2195.1298292049732,2195.1298292049732,0.0,68.04902470535417,-0.0,,,278.9683752098233,0.0,119.95640134022402,,,,31.18731469,0.0,4.0,1403.3038064518585,0.0,-0.0,0.0,142.57566673550883
149,1,150,0.1016,0.0,0.0,1385.7425642254668,,,,0,0.0,1,2474.098204414803,2474.098204414803,0.0,395.85571270636854,0.0,,,379.4292546263733,2474.098204414803,2375.134276238217,98.96392817659247,2474.0982044148095,0.0,82.14006038657146,1.0,-0.0,-0.0,0.159750654277669,126.47641820879088,0.96,824.6994014716024,791.7114254127383,32.98797605886413,1.0,-0.0,-0.0,0.15975065427766919,126.47641820879115,0.96,824.6994014716032,791.711425412739,32.987976058864156,1.0,-0.0,-0.0,0.15975065427766916,126.47641820879124,0.96,824.699401471604,791.7114254127398,32.98797605886419,,,,833.3546881142088,2375.134276238217,2195.1320527216317,180.00222351664343,2375.1342762382646,0.0,1.0,-0.0,-0.0,0.38234831961278726,211.90180721678144,0.9249012984540461,599.2114254127727,554.2114254127732,45.0,1.0,0.0,0.0,0.38234831961278926,211.90180721678266,0.9249012984540461,599.211425412773,554.2114254127736,45.0,1.0,-0.0,-0.0,0.38234761741271384,211.90056789318288,0.9248975877159656,599.2114254127732,554.2092018961192,45.002223516654,1.0,-0.0,-0.0,0.3711746587558279,197.65050578746167,0.922077922077931,577.5,532.5,45.0,1.0,,,0.101,221.7083373248848,2195.1320527216317,2195.1320527216317,0.0,68.04909363437058,-0.0,,,278.9661516931882,0.0,119.95544522807091,,,,48.74971584,0.0,4.0,1385.7425642254668,0.0,-0.0,0.0,140.7914445253074
150,1,151,0.1016,0.0,0.0,1387.5960536995267,,,,0,0.0,1,2474.098204414803,2474.098204414803,0.0,395.8557127063685,0.0,,,379.4292546264323,2474.098204414803,2375.134276238326,98.96392817659702,2474.098204414923,0.0,82.14006038657146,1.0,-0.0,-0.0,0.15975065427767624,126.4764182088142,0.96,824.6994014717171,791.7114254128484,32.98797605886872,1.0,-0.0,-0.0,0.15975065427771454,126.476418208827,0.96,824.6994014716029,791.7114254127388,32.98797605886414,1.0,-0.0,-0.0,0.15975065427766907,126.47641820879109,0.96,824.6994014716033,791.7114254127391,32.98797605886416,,,,833.3562324130223,2375.134276238326,2195.134276238337,180.0,2375.1342762383333,0.0,1.0,-0.0,-0.0,0.38234831961278326,211.9018072167736,0.9249012984540448,599.2114254127576,554.2114254127586,45.0,1.0,0.0,0.0,0.3823483196127976,211.90180721679405,0.9249012984540487,599.2114254127905,554.2114254127913,45.0,1.0,-0.0,-0.0,0.38234831961280014,211.90180721679587,0.9249012984540566,599.2114254127912,554.2114254127923,45.0,1.0,-0.0,-0.0,0.3711752314791754,197.65081076265884,0.9220779220779224,577.5,532.5,45.0,1.0,,,0.101,221.70856190007206,2195.134276238337,2195.134276238337,0.0,68.04916256338845,-0.0,,,278.96392817658625,0.0,119.95448911593209,,,,46.89799524,0.0,4.0,1387.5960536995267,0.0,-0.0,0.0,140.9797590558719
151,1,152,0.1016,0.0,0.0,1390.5021904005614,,,,0,0.0,1,2474.098204414917,2474.098204414917,0.0,395.85571270638667,0.0,,,379.42925462633497,2474.098204414917,2375.134276238324,98.96392817659694,2474.0982044149214,0.0,82.14006038657524,1.0,-0.0,-0.0,0.15975065427767624,126.4764182088142,0.96,824.6994014717171,791.7114254128484,32.98797605886872,1.0,-0.0,-0.0,0.15975065427763047,126.47641820876025,0.96,824.6994014716017,791.7114254127376,32.9879760588641,1.0,-0.0,-0.0,0.15975065427763063,126.4764182087605,0.96,824.6994014716024,791.7114254127383,32.98797605886413,,,,833.354993089348,2375.134276238324,2195.132052721571,180.00222351688217,2375.134276238412,0.0,1.0,-0.0,-0.0,0.3823476174126519,211.90056789306848,0.9248975877155823,599.2114254127952,554.2092018959098,45.00222351688535,1.0,0.0,0.0,0.3823483196128093,211.90180721680719,0.9249012984540491,599.211425412809,554.2114254128087,45.0,1.0,-0.0,-0.0,0.3823483196128195,211.90180721682108,0.9249012984540573,599.211425412827,554.2114254128302,45.0,1.0,-0.0,-0.0,0.3711752314791702,197.65081076265116,0.92207792207792,577.5,532.5,45.0,1.0,,,0.101,221.7083373248787,2195.132052721571,2195.132052721571,0.0,68.0490936343687,-0.0,,,278.96615169339134,0.0,119.95544522815827,,,,43.99039464,0.0,4.0,1390.5021904005616,0.0,-0.0,0.0,141.27502254469704
152,1,153,0.1016,0.0,0.0,1387.130821099521,,,,0,0.0,1,2474.098204414909,2474.098204414909,0.0,395.8557127063855,0.0,,,379.4292546263957,2474.098204414909,2375.1342762383238,98.96392817659691,2474.0982044149205,0.0,82.14006038657499,1.0,-0.0,-0.0,0.15975065427767646,126.47641820881502,0.96,824.6994014717213,791.7114254128525,32.98797605886888,1.0,-0.0,-0.0,0.1597506542776688,126.47641820879024,0.96,824.6994014715992,791.7114254127353,32.987976058864,1.0,-0.0,-0.0,0.1597506542776689,126.47641820879043,0.96,824.6994014716,791.711425412736,32.98797605886403,,,,833.3562324130539,2375.1342762383238,2195.134276238332,180.0,2375.1342762383297,0.0,1.0,-0.0,-0.0,0.38234831961279414,211.9018072167892,0.9249012984540469,599.2114254127833,554.2114254127836,45.0,1.0,0.0,0.0,0.3823483196128572,211.90180721682424,0.9249012984543783,599.211425412783,554.2114254127838,45.0,1.0,-0.0,-0.0,0.38234831961279436,211.90180721678954,0.9249012984540469,599.2114254127833,554.2114254127841,45.0,1.0,-0.0,-0.0,0.3711752314791701,197.6508107626509,0.9220779220779207,577.5,532.5,45.0,1.0,,,0.101,221.70856190007154,2195.134276238332,2195.134276238332,0.0,68.0491625633883,-0.0,,,278.9639281765691,0.0,119.9544891159247,,,,47.36322784,0.0,4.0,1387.1308210995212,0.0,-0.0,0.0,140.93249142371133
153,1,154,0.1016,0.0,0.0,1385.2737464806783,,,,0,0.0,1,2474.0982044147813,2474.0982044147813,0.0,395.855712706365,0.0,,,379.4292546263723,2474.0982044147813,2375.1342762382133,98.9639281765923,2474.0982044148054,0.0,82.14006038657074,1.0,-0.0,-0.0,0.15975065427766885,126.47641820879038,0.96,824.6994014715999,791.7114254127359,32.98797605886403,1.0,-0.0,-0.0,0.15975065427766902,126.47641820879079,0.96,824.6994014716017,791.7114254127376,32.9879760588641,1.0,-0.0,-0.0,0.15975065427766902,126.47641820879112,0.96,824.6994014716038,791.7114254127396,32.98797605886418,,,,833.354993089417,2375.1342762382133,2195.1320527216726,180.00222351667287,2375.134276238337,0.0,1.0,-0.0,-0.0,0.3823476174127115,211.900567893178,0.9248975877159464,599.211425412776,554.2092018961098,45.00222351666616,1.0,0.0,0.0,0.382348319612791,211.90180721678482,0.924901298454046,599.2114254127765,554.2114254127767,45.0,1.0,-0.0,-0.0,0.38234831961279103,211.90180721678516,0.9249012984540468,599.2114254127769,554.2114254127775,45.0,1.0,-0.0,-0.0,0.37117523147918474,197.65081076266904,0.9220779220779247,577.5,532.5,45.0,1.0,,,0.101,221.70833732488896,2195.1320527216726,2195.1320527216726,0.0,68.04909363437186,-0.0,,,278.96615169314146,0.0,119.95544522805082,,,,49.21883856,0.0,4.0,1385.2737464806783,0.0,-0.0,0.0,140.7438126424369
154,1,155,0.1016,0.0,0.0,1388.620129761593,,,,0,0.0,1,2474.0982044149114,2474.0982044149114,0.0,395.8557127063858,0.0,,,379.4288693425043,2474.0982044149114,2375.1342762383147,98.96392817659655,2474.0982044149114,0.0,82.14006038657506,1.0,-0.0,-0.0,0.15975065427767615,126.47641820881414,0.96,824.6994014717171,791.7114254128484,32.98797605886872,1.0,-0.0,-0.0,0.15975065427758112,126.47641820870197,0.96,824.6994014714763,791.7114254126172,32.98797605885908,1.0,-0.0,-0.0,0.1597501676308832,126.47603292498817,0.96,824.699401471718,791.7114254128493,32.98797605886875,,,,833.3546881142044,2375.1342762383147,2195.1320527216285,180.00222351666957,2375.1342762383233,0.0,1.0,-0.0,-0.0,0.3823483196127914,211.9018072167856,0.9249012984540471,599.2114254127773,554.2114254127781,45.0,1.0,0.0,0.0,0.3823483196127935,211.90180721678803,0.9249012984540466,599.2114254127813,554.2114254127815,45.0,1.0,-0.0,-0.0,0.3823476174127127,211.90056789317896,0.9248975877159382,599.2114254127816,554.2092018961106,45.00222351667105,1.0,-0.0,-0.0,0.37117465875578953,197.65050578745172,0.9220779220779206,577.5,532.5,45.0,1.0,,,0.101,221.7083373248845,2195.1320527216285,2195.1320527216285,0.0,68.04909363437048,-0.0,,,278.9661516932575,0.0,119.95544522810071,,,,45.87176502,0.0,4.0,1388.620129761593,0.0,-0.0,0.0,141.08380518377786
155,1,156,0.1016,0.0,0.0,1386.1370961856196,,,,0,0.0,1,2474.098204414412,2474.098204414412,0.0,395.8557127063059,0.0,,,379.429254626294,2474.098204414412,2375.134276237842,98.96392817657683,2474.098204414419,0.0,82.14006038655849,1.0,-0.0,-0.0,0.15975065427766097,126.4764182087646,0.96,824.6994014714725,791.7114254126135,32.987976058858926,1.0,-0.0,-0.0,0.1597506542776609,126.4764182087646,0.96,824.6994014714729,791.711425412614,32.98797605885895,1.0,-0.0,-0.0,0.159750654277661,126.47641820876476,0.96,824.6994014714734,791.7114254126144,32.98797605885896,,,,833.3558862993751,2375.134276237842,2195.134276238341,180.0,2375.134276238332,0.0,1.0,-0.0,-0.0,0.38234831961279,211.9018072167851,0.9249012984540464,599.2114254127786,554.2114254127789,45.0,1.0,0.0,0.0,0.3823476950972601,211.90146110314438,0.9249012984540463,599.2114254127823,554.2114254127823,45.0,1.0,-0.0,-0.0,0.38234831961279814,211.90180721679025,0.9249012984540421,599.2114254127831,554.2114254127805,45.0,1.0,-0.0,-0.0,0.37117523147917275,197.65081076265537,0.922077922077922,577.5,532.5,45.0,1.0,,,0.101,221.70856190007245,2195.134276238341,2195.134276238341,0.0,68.04916256338858,-0.0,,,278.9639281760884,0.0,119.95448911571802,,,,48.35660664,0.0,4.0,1386.1370961857415,0.0,-0.0,0.0,140.83152897245895
156,1,157,0.1016,0.0,0.0,1385.521086160729,,,,0,0.0,1,2474.098204414787,2474.098204414787,0.0,395.85571270636586,0.0,,,379.4292546264319,2474.098204414787,2375.134276238319,98.96392817659671,2474.098204414916,0.0,82.14006038657092,1.0,-0.0,-0.0,0.15975065427767618,126.47641820881417,0.96,824.6994014717171,791.7114254128484,32.98797605886872,1.0,-0.0,-0.0,0.15975065427771576,126.4764182088274,0.96,824.6994014715991,791.7114254127351,32.98797605886399,1.0,-0.0,-0.0,0.15975065427766885,126.47641820879032,0.96,824.6994014715996,791.7114254127356,32.987976058864014,,,,833.3549930894112,2375.134276238319,2195.132052721644,180.00222351666548,2375.1342762383274,0.0,1.0,-0.0,-0.0,0.3823476174127127,211.90056789317958,0.9248975877159443,599.2114254127795,554.2092018961123,45.002223516667186,1.0,0.0,0.0,0.3823483196127926,211.90180721678706,0.9249012984540464,599.21142541278,554.2114254127803,45.0,1.0,-0.0,-0.0,0.3823483196127968,211.9018072167897,0.9249012984540472,599.2114254127804,554.2114254127811,45.0,1.0,-0.0,-0.0,0.3711752314791723,197.65081076265486,0.9220779220779217,577.5,532.5,45.0,1.0,,,0.101,221.70833732488606,2195.132052721644,2195.132052721644,0.0,68.04909363437096,-0.0,,,278.966151693254,0.0,119.95544522809922,,,,48.97149888,0.0,4.0,1385.5210861607293,0.0,-0.0,0.0,140.76894235393007
157,1,158,0.1016,0.0,0.0,1371.898565600557,,,,0,0.0,1,2474.098204414795,2474.098204414795,0.0,395.85571270636717,0.0,,,379.4292546263722,2474.098204414795,2375.134276238213,98.96392817659228,2474.098204414805,0.0,82.1400603865712,1.0,-0.0,-0.0,0.1597506542776689,126.47641820879056,0.96,824.6994014716009,791.7114254127368,32.987976058864064,1.0,-0.0,-0.0,0.15975065427766902,126.47641820879079,0.96,824.6994014716017,791.7114254127376,32.9879760588641,1.0,-0.0,-0.0,0.15975065427766902,126.47641820879088,0.96,824.6994014716022,791.7114254127381,32.98797605886411,,,,833.3549930893587,2375.134276238213,2195.1320527215926,180.00222351666525,2375.134276238251,0.0,1.0,-0.0,-0.0,0.382347617412711,211.90056789318012,0.924897587715945,599.2114254127833,554.2092018961162,45.002223516667186,1.0,0.0,0.0,0.3823483196127946,211.90180721678973,0.9249012984540471,599.2114254127837,554.2114254127844,45.0,1.0,-0.0,-0.0,0.38234831961279503,211.90180721679013,0.9249012984540477,599.211425412784,554.2114254127847,45.0,1.0,-0.0,-0.0,0.3711752314791279,197.6508107625987,0.9220779220779096,577.5,532.5,45.0,1.0,,,0.101,221.70833732488086,2195.1320527215926,2195.1320527215926,0.0,68.04909363436937,-0.0,,,278.96615169321933,0.0,119.95544522808432,,,,62.59401944,0.0,4.0,1371.8985656006118,0.0,-0.0,0.0,139.38489426501658
158,1,159,0.1016,0.0,0.0,1373.7780965430202,,,,0,0.0,1,2474.098204414935,2474.098204414935,0.0,395.8557127063896,0.0,,,379.4284840586844,2474.098204414935,2375.1342762383238,98.96392817659691,2474.0982044149205,0.0,82.14006038657584,1.0,-0.0,-0.0,0.15975065427767624,126.47641820881442,0.96,824.6994014717185,791.7114254128497,32.98797605886877,1.0,-0.0,-0.0,0.15975016763083866,126.4760329249348,0.96,824.6994014715999,791.7114254127359,32.98797605886403,1.0,-0.0,-0.0,0.15975016763083869,126.47603292493515,0.96,824.6994014716022,791.7114254127381,32.98797605886411,,,,833.3549930894457,2375.1342762383238,2195.1320527216826,180.00222351670016,2375.1342762384093,0.0,1.0,-0.0,-0.0,0.3823483196128077,211.90180721680596,0.924901298454058,599.2114254128023,554.2114254128078,45.0,1.0,0.0,0.0,0.38234831961280624,211.90180721680315,0.924901298454048,599.2114254128031,554.2114254128026,45.0,1.0,-0.0,-0.0,0.3823476174127174,211.90056789318206,0.9248975877159062,599.2114254128038,554.209201896112,45.002223516691856,1.0,-0.0,-0.0,0.37117523147917253,197.6508107626545,0.922077922077929,577.5,532.5,45.0,1.0,,,0.101,221.70833732488995,2195.1320527216826,2195.1320527216826,0.0,68.04909363437216,-0.0,,,278.9661516932116,0.0,119.95544522808099,,,,60.71371793,0.0,4.0,1373.77809654302,0.0,-0.0,0.0,139.57585460877084
159,1,160,0.1016,0.0,0.0,1376.8705614962794,,,,0,0.0,1,2474.0982044149696,2474.0982044149696,0.0,395.85571270639514,0.0,,,379.42925462640704,2474.0982044149696,2375.134276238378,98.96392817659918,2474.098204414977,0.0,82.14006038657699,1.0,-0.0,-0.0,0.15975065427767252,126.47641820880224,0.96,824.6994014716583,791.711425412792,32.987976058866366,1.0,-0.0,-0.0,0.15975065427767252,126.4764182088023,0.96,824.6994014716588,791.7114254127924,32.98797605886638,1.0,-0.0,-0.0,0.15975065427767254,126.47641820880251,0.96,824.6994014716599,791.7114254127935,32.98797605886643,,,,833.3558702997954,2375.134276238378,2195.134276238385,180.0,2375.1342762383733,0.0,1.0,-0.0,-0.0,0.38234831961280125,211.90180721679707,0.9249012984540489,599.2114254127932,554.2114254127939,45.0,1.0,0.0,0.0,0.38234831961280014,211.90180721679656,0.9249012984540489,599.2114254127935,554.2114254127941,45.0,1.0,-0.0,-0.0,0.38234766622812344,211.90144510354375,0.9249012984540494,599.2114254127937,554.2114254127947,45.0,1.0,-0.0,-0.0,0.3711752314791745,197.65081076265798,0.9220779220779217,577.5,532.5,45.0,1.0,,,0.101,221.70856190007692,2195.134276238385,2195.134276238385,0.0,68.04916256338994,-0.0,,,278.96392817660103,0.0,119.95448911593844,,,,57.62312533,0.0,4.0,1376.8705614962794,0.0,-0.0,0.0,139.89004904802198
160,1,161,0.1016,0.0,0.0,1376.4606662108138,,,,0,0.0,1,2474.098204414963,2474.098204414963,0.0,395.8557127063941,0.0,,,379.42925462640653,2474.098204414963,2375.134276238375,98.96392817659907,2474.098204414974,0.0,82.14006038657678,1.0,-0.0,-0.0,0.15975065427767246,126.47641820880209,0.96,824.6994014716577,791.7114254127913,32.98797605886634,1.0,-0.0,-0.0,0.15975065427767246,126.47641820880216,0.96,824.6994014716581,791.7114254127918,32.98797605886635,1.0,-0.0,-0.0,0.15975065427767252,126.47641820880227,0.96,824.6994014716586,791.7114254127922,32.98797605886637,,,,833.3549930895041,2375.134276238375,2195.1320527218145,180.00222351667378,2375.1342762384784,0.0,1.0,-0.0,-0.0,0.38234761741271234,211.90056789317873,0.924897587715937,599.2114254127824,554.2092018961106,45.00222351667185,1.0,0.0,0.0,0.3823483196128031,211.9018072167994,0.9249012984540472,599.211425412798,554.2114254127973,45.0,1.0,-0.0,-0.0,0.3823483196128117,211.90180721681034,0.9249012984540478,599.2114254128151,554.2114254128135,45.0,1.0,-0.0,-0.0,0.37117523147922027,197.65081076271565,0.9220779220779338,577.5,532.5,45.0,1.0,,,0.101,221.70833732490328,2195.1320527218145,2195.1320527218145,0.0,68.04909363437625,-0.0,,,278.96615169316965,0.0,119.95544522806294,,,,58.03191883,0.0,4.0,1376.460666210814,0.0,-0.0,0.0,139.84840368701867
161,1,162,0.13994,0.0,0.0,1383.7247979356223,,,,0,0.0,1,2474.0982044149305,2474.0982044149305,0.0,395.8557127063889,0.0,,,379.428438681278,2474.0982044149305,2375.134276238381,98.96392817659931,2474.0982044149805,0.0,82.1400603865757,1.0,-0.0,-0.0,0.15975065427767246,126.47641820880216,0.96,824.6994014716581,791.7114254127918,32.98797605886635,1.0,-0.0,-0.0,0.15975013897304047,126.47601023623776,0.96,824.6994014716602,791.7114254127937,32.98797605886644,1.0,-0.0,-0.0,0.15975013897304047,126.4760102362381,0.96,824.6994014716623,791.7114254127958,32.98797605886652,,,,833.3549930894494,2375.134276238381,2195.1320527217285,180.00222351666082,2375.1342762383815,0.0,1.0,-0.0,-0.0,0.3823476174127129,211.90056789318044,0.9248975877159514,599.211425412777,554.2092018961142,45.00222351666275,1.0,0.0,0.0,0.38234831961279314,211.90180721678647,0.9249012984540552,599.2114254127772,554.2114254127779,45.0,1.0,-0.0,-0.0,0.38234831961279303,211.90180721678644,0.9249012984540467,599.2114254127774,554.211425412778,45.0,1.0,-0.0,-0.0,0.3711752314792063,197.65081076269615,0.92207792207793,577.5,532.5,45.0,1.0,,,0.101,221.7083373248946,2195.1320527217285,2195.1320527217285,0.0,68.04909363437359,-0.0,,,278.9661516932597,0.0,119.95544522810167,,,,50.76697116,0.0,4.0,1383.724797935622,0.0,-0.0,0.0,193.638448223111
162,1,163,0.13994,0.0,0.0,1408.6492875194494,,,,0,0.0,1,2474.0982044149187,2474.0982044149187,0.0,395.85571270638695,0.0,,,379.4292546263881,2474.0982044149187,2375.134276238288,98.96392817659542,2474.098204414883,0.0,82.1400603865753,1.0,-0.0,-0.0,0.15975065427767057,126.47641820879578,0.96,824.6994014716262,791.7114254127611,32.98797605886508,1.0,-0.0,-0.0,0.15975065427767063,126.47641820879605,0.96,824.6994014716277,791.7114254127625,32.98797605886514,1.0,-0.0,-0.0,0.15975065427767068,126.47641820879633,0.96,824.6994014716292,791.711425412764,32.9879760588652,,,,833.3562324130186,2375.134276238288,2195.1342762383406,180.0,2375.1342762383306,0.0,1.0,-0.0,-0.0,0.3823483196127908,211.90180721678462,0.924901298454046,599.2114254127762,554.2114254127764,45.0,1.0,0.0,0.0,0.38234831961279103,211.90180721678516,0.9249012984540471,599.2114254127766,554.2114254127775,45.0,1.0,-0.0,-0.0,0.38234831961279125,211.9018072167855,0.9249012984540472,599.2114254127772,554.2114254127781,45.0,1.0,-0.0,-0.0,0.37117523147917897,197.65081076266327,0.9220779220779235,577.5,532.5,45.0,1.0,,,0.101,221.70856190007243,2195.1342762383406,2195.1342762383406,0.0,68.04916256338856,-0.0,,,278.9639281765498,0.0,119.95448911591642,,,,25.84476142,0.0,4.0,1408.6492875194792,0.0,-0.0,0.0,197.12638129547176
163,1,164,0.13994,0.0,0.0,1409.7935601508095,,,,0,0.0,1,2474.098204415009,2474.098204415009,0.0,395.85571270640145,0.0,,,379.42925462644894,2474.098204415009,2375.1342762385752,98.9639281766074,2474.0982044151824,0.0,82.1400603865783,1.0,-0.0,-0.0,0.1597506542776767,126.47641820881589,0.96,824.6994014717257,791.7114254128566,32.98797605886906,1.0,-0.0,-0.0,0.15975065427767693,126.47641820881633,0.96,824.6994014717275,791.7114254128584,32.98797605886913,1.0,-0.0,-0.0,0.15975065427767704,126.47641820881671,0.96,824.6994014717293,791.7114254128601,32.9879760588692,,,,833.3549930894656,2375.1342762385752,2195.132052721734,180.00222351667458,2375.1342762384184,0.0,1.0,-0.0,-0.0,0.38234831961280347,211.90180721679974,0.9249012984540357,599.2114254128059,554.2114254127977,45.0,1.0,0.0,0.0,0.38234761741272627,211.90056789319712,0.9248975877159468,599.2114254128062,554.2092018961384,45.002223516667755,1.0,-0.0,-0.0,0.3823483196128082,211.90180721680602,0.9249012984540589,599.2114254128065,554.2114254128072,45.0,1.0,-0.0,-0.0,0.3711752314791783,197.65081076266262,0.9220779220779233,577.5,532.5,45.0,1.0,,,0.101,221.70833732489515,2195.132052721734,2195.132052721734,0.0,68.04909363437375,-0.0,,,278.96615169343886,0.0,119.9554452281787,,,,24.69902489,0.0,4.0,1409.7935601508098,0.0,-0.0,0.0,197.2865108075043
164,1,165,0.13994,0.0,0.0,1406.0592334919518,,,,0,0.0,1,2474.0982044150082,2474.0982044150082,0.0,395.85571270640133,0.0,,,379.4292546263928,2474.0982044150082,2375.134276238309,98.96392817659631,2474.0982044149055,0.0,82.14006038657827,1.0,-0.0,-0.0,0.15975065427767104,126.47641820879728,0.96,824.6994014716337,791.7114254127683,32.98797605886538,1.0,-0.0,-0.0,0.15975065427767118,126.47641820879764,0.96,824.6994014716352,791.7114254127697,32.987976058865435,1.0,-0.0,-0.0,0.15975065427767118,126.47641820879785,0.96,824.6994014716366,791.7114254127712,32.98797605886549,,,,833.3537537658486,2375.134276238309,2195.129829205053,180.00444703335336,2375.1342762384165,0.0,1.0,-0.0,-0.0,0.38234761741272005,211.9005678931896,0.9248975877159384,599.2114254128,554.2092018961278,45.0022235166723,1.0,0.0,0.0,0.38234831961280324,211.90180721680068,0.9249012984540484,599.2114254128005,554.2114254128004,45.0,1.0,-0.0,-0.0,0.3823476174127193,211.90056789318592,0.924897587715923,599.211425412801,554.2092018961193,45.002223516681624,1.0,-0.0,-0.0,0.3711752314791863,197.65081076267248,0.9220779220779253,577.5,532.5,45.0,1.0,,,0.101,221.70811274971035,2195.129829205053,2195.129829205053,0.0,68.04902470535664,-0.0,,,278.96837520984235,0.0,119.9564013402322,,,,28.43188765,0.0,4.0,1406.0592334919518,0.0,-0.0,0.0,196.76392913486373
165,1,166,0.13994,0.0,0.0,1406.8469649094573,,,,0,0.0,1,2474.0982044149073,2474.0982044149073,0.0,395.85571270638513,0.0,,,379.4292546263988,2474.0982044149073,2375.1342762383383,98.96392817659752,2474.098204414936,0.0,82.14006038657492,1.0,-0.0,-0.0,0.1597506542776716,126.47641820879919,0.96,824.6994014716431,791.7114254127773,32.987976058865755,1.0,-0.0,-0.0,0.15975065427767168,126.47641820879957,0.96,824.6994014716453,791.7114254127795,32.98797605886584,1.0,-0.0,-0.0,0.15975065427767185,126.47641820880004,0.96,824.6994014716474,791.7114254127815,32.987976058865925,,,,833.3562324130207,2375.1342762383383,2195.1342762383433,180.0,2375.134276238331,0.0,1.0,-0.0,-0.0,0.38234831961278787,211.9018072167812,0.9249012984540462,599.211425412771,554.2114254127717,45.0,1.0,0.0,0.0,0.382348319612789,211.90180721678254,0.9249012984540466,599.2114254127725,554.2114254127737,45.0,1.0,-0.0,-0.0,0.3823483196127937,211.90180721678533,0.9249012984540468,599.2114254127732,554.2114254127741,45.0,1.0,-0.0,-0.0,0.3711752314791854,197.6508107626716,0.9220779220779246,577.5,532.5,45.0,1.0,,,0.101,221.70856190007268,2195.1342762383433,2195.1342762383433,0.0,68.04916256338865,-0.0,,,278.9639281766016,0.0,119.95448911593869,,,,27.64708403,0.0,4.0,1406.846964909492,0.0,-0.0,0.0,196.87416426942946
166,1,167,0.1016,0.0,0.0,1409.5385308106838,,,,0,0.0,1,2474.0982044149064,2474.0982044149064,0.0,395.855712706385,0.0,,,379.4292546263987,2474.0982044149064,2375.1342762383374,98.9639281765975,2474.098204414935,0.0,82.14006038657489,1.0,-0.0,-0.0,0.15975065427767152,126.47641820879909,0.96,824.6994014716429,791.7114254127771,32.98797605886575,1.0,-0.0,-0.0,0.15975065427767174,126.4764182087996,0.96,824.699401471645,791.7114254127792,32.98797605886583,1.0,-0.0,-0.0,0.15975065427767185,126.47641820880001,0.96,824.6994014716472,791.7114254127813,32.98797605886592,,,,833.3549930893987,2375.1342762383374,2195.132052721648,180.0022235166649,2375.134276238313,0.0,1.0,-0.0,-0.0,0.38234831961278837,211.90180721678053,0.9249012984540463,599.2114254127682,554.2114254127692,45.0,1.0,0.0,0.0,0.38234761741270545,211.9005678931723,0.9248975877159433,599.211425412771,554.2092018961038,45.002223516667186,1.0,-0.0,-0.0,0.3823483196127886,211.90180721678186,0.9249012984540466,599.2114254127715,554.2114254127724,45.0,1.0,-0.0,-0.0,0.3711752314791794,197.65081076266404,0.9220779220779229,577.5,532.5,45.0,1.0,,,0.101,221.70833732488646,2195.132052721648,2195.132052721648,0.0,68.04909363437109,-0.0,,,278.966151693287,0.0,119.95544522811339,,,,24.95405423,0.0,4.0,1409.5385308106838,0.0,-0.0,0.0,143.20911473036546
167,1,168,0.1016,0.0,0.0,1409.201843967076,,,,0,0.0,1,2474.0982044149323,2474.0982044149323,0.0,395.85571270638917,0.0,,,379.42925462639914,2474.0982044149323,2375.13427623834,98.9639281765976,2474.0982044149378,0.0,82.14006038657575,1.0,-0.0,-0.0,0.15975065427767166,126.47641820879952,0.96,824.699401471645,791.7114254127792,32.98797605886583,1.0,-0.0,-0.0,0.15975065427767174,126.47641820879971,0.96,824.6994014716458,791.7114254127799,32.98797605886586,1.0,-0.0,-0.0,0.1597506542776718,126.47641820879993,0.96,824.699401471647,791.7114254127811,32.98797605886591,,,,832.4093675685212,2375.13427623834,2193.42395269461,181.71032354372858,2375.1342762383492,0.0,1.0,-0.0,-0.0,0.38181955174675286,210.95742101951146,0.9220544293221902,599.2114254128799,552.505548902409,46.70587651047083,1.0,0.0,0.0,0.3823476174127248,211.90056789317617,0.9248975877157446,599.2114254128803,554.2092018960858,45.002223516794515,1.0,-0.0,-0.0,0.3823476174127368,211.90056789319686,0.924897587715805,599.2114254128809,554.2092018961225,45.00222351675836,1.0,-0.0,-0.0,0.37117523147912773,197.65081076263675,0.9220779220783938,577.5,532.5,45.0,1.0,,,0.101,221.5358192221556,2193.42395269461,2193.42395269461,0.0,67.9961425335329,-0.0,,,280.6742517203171,0.0,120.68992823973635,,,,24.17259745,0.0,4.0,1409.201843967076,0.0,-0.0,0.0,143.17490734705493
