,Day,Time,LMP,bypass_pretreatment_flow,excess_solar_power,power_from_grid,intake.op_mode,intake.startup,intake.shutdown,intake.energy_intensity,intake.power_consumption,intake.recovery,intake.feed_flowrate,intake.product_flowrate,intake.reject_flowrate,intake.feed_cost,pretreatment.op_mode,pretreatment.startup,pretreatment.shutdown,pretreatment.power_consumption,pretreatment.feed_flowrate,pretreatment.product_flowrate,pretreatment.reject_flowrate,pretreatment.inlet_flowrate,pretreatment.leftover_flow,pretreatment.chemical_cost,pretreatment.uf_pumps[1].op_mode,pretreatment.uf_pumps[1].startup,pretreatment.uf_pumps[1].shutdown,pretreatment.uf_pumps[1].energy_intensity,pretreatment.uf_pumps[1].power_consumption,pretreatment.uf_pumps[1].recovery,pretreatment.uf_pumps[1].feed_flowrate,pretreatment.uf_pumps[1].product_flowrate,pretreatment.uf_pumps[1].reject_flowrate,pretreatment.uf_pumps[2].op_mode,pretreatment.uf_pumps[2].startup,pretreatment.uf_pumps[2].shutdown,pretreatment.uf_pumps[2].energy_intensity,pretreatment.uf_pumps[2].power_consumption,pretreatment.uf_pumps[2].recovery,pretreatment.uf_pumps[2].feed_flowrate,pretreatment.uf_pumps[2].product_flowrate,pretreatment.uf_pumps[2].reject_flowrate,pretreatment.uf_pumps[3].op_mode,pretreatment.uf_pumps[3].startup,pretreatment.uf_pumps[3].shutdown,pretreatment.uf_pumps[3].energy_intensity,pretreatment.uf_pumps[3].power_consumption,pretreatment.uf_pumps[3].recovery,pretreatment.uf_pumps[3].feed_flowrate,pretreatment.uf_pumps[3].product_flowrate,pretreatment.uf_pumps[3].reject_flowrate,reverse_osmosis.op_mode,reverse_osmosis.startup,reverse_osmosis.shutdown,reverse_osmosis.power_consumption,reverse_osmosis.feed_flowrate,reverse_osmosis.product_flowrate,reverse_osmosis.reject_flowrate,reverse_osmosis.inlet_flowrate,reverse_osmosis.leftover_flow,reverse_osmosis.ro_skid[1].op_mode,reverse_osmosis.ro_skid[1].startup,reverse_osmosis.ro_skid[1].shutdown,reverse_osmosis.ro_skid[1].energy_intensity,reverse_osmosis.ro_skid[1].power_consumption,reverse_osmosis.ro_skid[1].recovery,reverse_osmosis.ro_skid[1].feed_flowrate,reverse_osmosis.ro_skid[1].product_flowrate,reverse_osmosis.ro_skid[1].reject_flowrate,reverse_osmosis.ro_skid[2].op_mode,reverse_osmosis.ro_skid[2].startup,reverse_osmosis.ro_skid[2].shutdown,reverse_osmosis.ro_skid[2].energy_intensity,reverse_osmosis.ro_skid[2].power_consumption,reverse_osmosis.ro_skid[2].recovery,reverse_osmosis.ro_skid[2].feed_flowrate,reverse_osmosis.ro_skid[2].product_flowrate,reverse_osmosis.ro_skid[2].reject_flowrate,reverse_osmosis.ro_skid[3].op_mode,reverse_osmosis.ro_skid[3].startup,reverse_osmosis.ro_skid[3].shutdown,reverse_osmosis.ro_skid[3].energy_intensity,reverse_osmosis.ro_skid[3].power_consumption,reverse_osmosis.ro_skid[3].recovery,reverse_osmosis.ro_skid[3].feed_flowrate,reverse_osmosis.ro_skid[3].product_flowrate,reverse_osmosis.ro_skid[3].reject_flowrate,reverse_osmosis.ro_skid[4].op_mode,reverse_osmosis.ro_skid[4].startup,reverse_osmosis.ro_skid[4].shutdown,reverse_osmosis.ro_skid[4].energy_intensity,reverse_osmosis.ro_skid[4].power_consumption,reverse_osmosis.ro_skid[4].recovery,reverse_osmosis.ro_skid[4].feed_flowrate,reverse_osmosis.ro_skid[4].product_flowrate,reverse_osmosis.ro_skid[4].reject_flowrate,posttreatment.op_mode,posttreatment.startup,posttreatment.shutdown,posttreatment.energy_intensity,posttreatment.power_consumption,posttreatment.feed_flowrate,posttreatment.product_flowrate,posttreatment.reject_flowrate,posttreatment.chemical_cost,brine_discharge.op_mode,brine_discharge.startup,brine_discharge.shutdown,brine_discharge.feed_flowrate,brine_discharge.power_consumption,brine_discharge.brine_cost,power_generation.op_mode,power_generation.startup,power_generation.shutdown,power_generation.power_utilized,power_generation.power_curtailed,num_skids_online,net_power_consumption,water_revenue,demand_response_revenue,emissions_cost,energy_cost
0,1,1,0.1121,0.0,0.0,1566.9863893774786,,,,0,0.0,1,2645.8333333333335,2645.8333333333335,0.0,423.3333333333333,0.0,,,416.80094232208427,2645.8333333333335,2540.0,105.83333333333333,2645.8333333333335,0.0,87.84166666666665,1.0,0.0,0.0,0.16409485918209488,138.9336474408334,0.96,881.9444444444445,846.6666666666666,35.27777777777778,1.0,0.0,0.0,0.16409485918190006,138.93364744060798,0.96,881.9444444444445,846.6666666666666,35.27777777777778,1.0,0.0,0.0,0.1640948591819287,138.93364744064291,0.96,881.9444444444445,846.6666666666666,35.27777777777778,,,,941.2147024356262,2540.0,2349.5,190.5,2540.0,0.0,1.0,-0.0,0.0,0.4006021291490216,235.30367560890656,0.925,635.0,587.375,47.625,1.0,0.0,0.0,0.4006021291490216,235.30367560890656,0.925,635.0,587.375,47.625,1.0,0.0,0.0,0.4006021291490216,235.30367560890656,0.925,635.0,587.375,47.625,1.0,0.0,0.0,0.4006021291490216,235.30367560890656,0.925,635.0,587.375,47.625,1.0,,,0.101,237.29950000000002,2349.5,2349.5,0.0,72.8345,-0.0,,,296.3333333333333,0.0,127.4233333333619,,,,28.32875538,0.0,4.0,1566.9863893777106,0.0,-0.0,0.0,175.65917424921537
1,1,2,0.1119,0.0,0.0,1567.8793211774935,,,,0,0.0,1,2645.8333333333335,2645.8333333333335,0.0,423.3333333333333,0.0,,,416.8009423221165,2645.8333333333335,2540.0,105.83333333333333,2645.8333333333335,0.0,87.84166666666665,1.0,-0.0,-0.0,0.16409485918209687,138.9336474408386,0.96,881.9444444444445,846.6666666666666,35.27777777777778,1.0,-0.0,-0.0,0.1640948591819168,138.93364744062578,0.96,881.9444444444445,846.6666666666666,35.27777777777778,1.0,-0.0,-0.0,0.1640948591819373,138.93364744065215,0.96,881.9444444444445,846.6666666666666,35.27777777777778,,,,941.2147024356268,2540.0,2349.5,190.5,2540.0,0.0,1.0,-0.0,-0.0,0.4006021291490216,235.30367560890684,0.925,635.0,587.375,47.625,1.0,0.0,0.0,0.4006021291490216,235.30367560890684,0.925,635.0,587.375,47.625,1.0,-0.0,-0.0,0.4006021291490216,235.30367560890656,0.925,635.0,587.375,47.625,1.0,-0.0,-0.0,0.4006021291490216,235.30367560890656,0.925,635.0,587.375,47.625,1.0,,,0.101,237.29950000000002,2349.5,2349.5,0.0,72.8345,-0.0,,,296.3333333333333,0.0,127.42333333335782,,,,27.43582358,0.0,4.0,1567.8793211777433,0.0,-0.0,0.0,175.44569603976151
2,1,3,0.11243,0.0,0.0,1568.7288766274842,,,,0,0.0,1,2645.8333333333335,2645.8333333333335,0.0,423.3333333333333,0.0,,,416.80094232214424,2645.8333333333335,2540.0,105.83333333333333,2645.8333333333335,0.0,87.84166666666665,1.0,-0.0,-0.0,0.16409485918209882,138.93364744084366,0.96,881.9444444444445,846.6666666666666,35.27777777777778,1.0,-0.0,-0.0,0.16409485918193428,138.9336474406441,0.96,881.9444444444445,846.6666666666666,35.27777777777778,1.0,-0.0,-0.0,0.16409485918193906,138.93364744065653,0.96,881.9444444444445,846.6666666666666,35.27777777777778,,,,941.2147024356269,2540.0,2349.5,190.5,2540.0,0.0,1.0,-0.0,-0.0,0.4006021291490216,235.30367560890684,0.925,635.0,587.375,47.625,1.0,0.0,0.0,0.4006021291490216,235.30367560890684,0.925,635.0,587.375,47.625,1.0,-0.0,-0.0,0.4006021291490216,235.3036756089066,0.925,635.0,587.375,47.625,1.0,-0.0,-0.0,0.4006021291490218,235.3036756089067,0.925,635.0,587.375,47.625,1.0,,,0.101,237.29950000000002,2349.5,2349.5,0.0,72.8345,-0.0,,,296.3333333333333,0.0,127.42333333336454,,,,26.58626813,0.0,4.0,1568.7288766277711,0.0,-0.0,0.0,176.37218759922806
3,1,4,0.11364,0.0,0.0,1569.0392610378638,,,,0,0.0,1,2645.8333333333335,2645.8333333333335,0.0,423.3333333333333,0.0,,,416.80094232252105,2645.8333333333335,2540.0,105.83333333333333,2645.8333333333335,0.0,87.84166666666665,1.0,-0.0,-0.0,0.16409485918209732,138.93364744083976,0.96,881.9444444444445,846.6666666666666,35.27777777777778,1.0,-0.0,-0.0,0.16409485918209757,138.93364744084036,0.96,881.9444444444445,846.6666666666666,35.27777777777778,1.0,-0.0,-0.0,0.16409485918209776,138.93364744084096,0.96,881.9444444444445,846.6666666666666,35.27777777777778,,,,939.6811435960747,2540.0,2347.3810519729495,190.43423831007624,2537.815290283026,2.184709716933412,1.0,-0.0,-0.0,0.4006021291490216,235.30367560890656,0.925,635.0,587.375,47.625,1.0,0.0,0.0,0.4006021291490216,235.30367560890656,0.925,635.0,587.375,47.625,1.0,-0.0,-0.0,0.40001822533101644,234.536896189131,0.9249226294716579,633.9076451415126,586.3155259864745,47.59211915503806,1.0,-0.0,-0.0,0.4000182253310153,234.53689618913054,0.9249226294716579,633.9076451415133,586.3155259864751,47.592119155038176,1.0,,,0.101,237.08548624926792,2347.3810519729495,2347.3810519729495,0.0,72.76881261116144,-0.0,,,298.4522813603414,0.0,128.3344809849468,,,,24.52831113,0.0,4.0,1569.0392610378635,0.0,-0.0,0.0,178.30562162434285
4,1,5,0.11658,0.0,0.0,1563.9840936176051,,,,0,0.0,1,2645.8333333333335,2645.8333333333335,0.0,423.3333333333333,0.0,,,416.800942322403,2645.8333333333335,2540.0,105.83333333333333,2645.8333333333335,0.0,87.84166666666665,1.0,-0.0,-0.0,0.16409485918208416,138.93364744080557,0.96,881.9444444444445,846.6666666666666,35.27777777777778,1.0,-0.0,-0.0,0.16409485918208122,138.93364744079764,0.96,881.9444444444445,846.6666666666666,35.27777777777778,1.0,-0.0,-0.0,0.16409485918208197,138.93364744079977,0.96,881.9444444444445,846.6666666666666,35.27777777777778,,,,941.2147024356264,2540.0,2349.5,190.5,2540.0,0.0,1.0,-0.0,-0.0,0.4006021291490216,235.30367560890656,0.925,635.0,587.375,47.625,1.0,0.0,0.0,0.4006021291490216,235.30367560890656,0.925,635.0,587.375,47.625,1.0,-0.0,-0.0,0.4006021291490216,235.3036756089066,0.925,635.0,587.375,47.625,1.0,-0.0,-0.0,0.4006021291490216,235.3036756089066,0.925,635.0,587.375,47.625,1.0,,,0.101,237.29950000000002,2349.5,2349.5,0.0,72.8345,-0.0,,,296.3333333333333,0.0,127.4233333330973,,,,31.331051139999996,0.0,4.0,1563.9840936180294,0.0,-0.0,0.0,182.32926563394042
5,1,6,0.12222,0.0,0.0,1545.3298443071867,,,,0,0.0,1,2645.8333333333335,2645.8333333333335,0.0,423.3333333333333,0.0,,,416.80094232241004,2645.8333333333335,2540.0,105.83333333333333,2645.8333333333335,0.0,87.84166666666665,1.0,-0.0,-0.0,0.16409485918208494,138.93364744080753,0.96,881.9444444444445,846.6666666666666,35.27777777777778,1.0,-0.0,-0.0,0.16409485918208197,138.9336474407996,0.96,881.9444444444445,846.6666666666666,35.27777777777778,1.0,-0.0,-0.0,0.16409485918208325,138.93364744080296,0.96,881.9444444444445,846.6666666666666,35.27777777777778,,,,941.2147024355386,2540.0,2349.5,190.5,2540.0,0.0,1.0,-0.0,-0.0,0.40060212914887233,235.30367560881888,0.925,635.0,587.375,47.625,1.0,0.0,0.0,0.4006021291490216,235.30367560890656,0.925,635.0,587.375,47.625,1.0,-0.0,-0.0,0.4006021291490216,235.30367560890656,0.925,635.0,587.375,47.625,1.0,-0.0,-0.0,0.4006021291490216,235.30367560890656,0.925,635.0,587.375,47.625,1.0,,,0.101,237.29950000000002,2349.5,2349.5,0.0,72.8345,-0.0,,,296.3333333333333,0.0,127.42333333311034,,,,49.98530045,0.0,4.0,1545.3298443079486,0.0,-0.0,0.0,188.87021357122435
6,1,7,0.11102,0.0,0.0,1549.429613827574,,,,0,0.0,1,2645.8333333333335,2645.8333333333335,0.0,423.3333333333333,0.0,,,416.8009423224215,2645.8333333333335,2540.0,105.83333333333333,2645.8333333333335,0.0,87.84166666666665,1.0,-0.0,-0.0,0.16409485918208638,138.93364744081123,0.96,881.9444444444445,846.6666666666666,35.27777777777778,1.0,-0.0,-0.0,0.16409485918208389,138.93364744080478,0.96,881.9444444444445,846.6666666666666,35.27777777777778,1.0,-0.0,-0.0,0.16409485918208422,138.93364744080554,0.96,881.9444444444445,846.6666666666666,35.27777777777778,,,,941.2147024356276,2540.0,2349.5,190.5,2540.0,0.0,1.0,-0.0,-0.0,0.40060212914902277,235.30367560890724,0.925,635.0,587.375,47.625,1.0,0.0,0.0,0.40060212914902277,235.30367560890724,0.925,635.0,587.375,47.625,1.0,-0.0,-0.0,0.4006021291490216,235.30367560890656,0.925,635.0,587.375,47.625,1.0,-0.0,-0.0,0.4006021291490216,235.30367560890656,0.925,635.0,587.375,47.625,1.0,,,0.101,237.29950000000002,2349.5,2349.5,0.0,72.8345,-0.0,,,296.3333333333333,0.0,127.42333333313172,,,,45.88553093,0.0,4.0,1549.4296138280492,0.0,-0.0,0.0,172.01767572713726
7,1,8,0.10411,0.0,0.0,1544.3455983675549,,,,0,0.0,1,2645.8333333333335,2645.8333333333335,0.0,423.3333333333333,0.0,,,416.80094232243437,2645.8333333333335,2540.0,105.83333333333333,2645.8333333333335,0.0,87.84166666666665,1.0,-0.0,-0.0,0.16409485918208724,138.9336474408136,0.96,881.9444444444445,846.6666666666666,35.27777777777778,1.0,-0.0,-0.0,0.16409485918208594,138.93364744081018,0.96,881.9444444444445,846.6666666666666,35.27777777777778,1.0,-0.0,-0.0,0.16409485918208616,138.9336474408106,0.96,881.9444444444445,846.6666666666666,35.27777777777778,,,,941.2147024356259,2540.0,2349.5,190.5,2540.0,0.0,1.0,-0.0,-0.0,0.40060212914902615,235.30367560890923,0.925,635.0,587.375,47.625,1.0,0.0,0.0,0.4006021291490216,235.30367560890656,0.925,635.0,587.375,47.625,1.0,-0.0,-0.0,0.4006021291490216,235.30367560890656,0.925,635.0,587.375,47.625,1.0,-0.0,-0.0,0.40060212914901633,235.30367560890346,0.925,635.0,587.375,47.625,1.0,,,0.101,237.29950000000002,2349.5,2349.5,0.0,72.8345,-0.0,,,296.3333333333333,0.0,127.42333333315536,,,,50.96954639,0.0,4.0,1544.3455983680603,0.0,-0.0,0.0,160.78182024604612
8,1,9,0.0968,0.0,0.0,1533.3037785375031,,,,0,0.0,1,2645.8333333333335,2645.8333333333335,0.0,423.3333333333333,0.0,,,416.80094232245096,2645.8333333333335,2540.0,105.83333333333333,2645.8333333333335,0.0,87.84166666666665,1.0,-0.0,-0.0,0.16409485918208944,138.93364744081913,0.96,881.9444444444445,846.6666666666666,35.27777777777778,1.0,-0.0,-0.0,0.16409485918208816,138.93364744081583,0.96,881.9444444444445,846.6666666666666,35.27777777777778,1.0,-0.0,-0.0,0.1640948591820882,138.93364744081603,0.96,881.9444444444445,846.6666666666666,35.27777777777778,,,,941.2147024355353,2540.0,2349.5,190.5,2540.0,0.0,1.0,-0.0,-0.0,0.40060212914886667,235.30367560881555,0.925,635.0,587.375,47.625,1.0,0.0,0.0,0.4006021291490216,235.30367560890656,0.925,635.0,587.375,47.625,1.0,-0.0,-0.0,0.4006021291490216,235.3036756089066,0.925,635.0,587.375,47.625,1.0,-0.0,-0.0,0.4006021291490216,235.3036756089066,0.925,635.0,587.375,47.625,1.0,,,0.101,237.29950000000002,2349.5,2349.5,0.0,72.8345,-0.0,,,296.3333333333333,0.0,127.42333333318571,,,,62.01136622,0.0,4.0,1533.3037785379863,0.0,-0.0,0.0,148.4238057624303
9,1,10,0.08604,0.0,0.0,1542.090861467594,,,,0,0.0,1,2645.8333333333335,2645.8333333333335,0.0,423.3333333333333,0.0,,,416.80094232246995,2645.8333333333335,2540.0,105.83333333333333,2645.8333333333335,0.0,87.84166666666665,1.0,-0.0,-0.0,0.1640948591820918,138.9336474408254,0.96,881.9444444444445,846.6666666666666,35.27777777777778,1.0,-0.0,-0.0,0.1640948591820905,138.933647440822,0.96,881.9444444444445,846.6666666666666,35.27777777777778,1.0,-0.0,-0.0,0.16409485918209069,138.9336474408225,0.96,881.9444444444445,846.6666666666666,35.27777777777778,,,,941.214702435627,2540.0,2349.5,190.5,2540.0,0.0,1.0,-0.0,-0.0,0.4006021291490216,235.30367560890656,0.925,635.0,587.375,47.625,1.0,0.0,0.0,0.40060212914902277,235.30367560890724,0.925,635.0,587.375,47.625,1.0,-0.0,-0.0,0.4006021291490216,235.3036756089066,0.925,635.0,587.375,47.625,1.0,-0.0,-0.0,0.4006021291490216,235.3036756089066,0.925,635.0,587.375,47.625,1.0,,,0.101,237.29950000000002,2349.5,2349.5,0.0,72.8345,-0.0,,,296.3333333333333,0.0,127.42333333322094,,,,53.22428329,0.0,4.0,1542.0908614680973,0.0,-0.0,0.0,132.6814977206718
10,1,11,0.08438,0.0,0.0,1539.9941547975782,,,,0,0.0,1,2645.8333333333335,2645.8333333333335,0.0,423.3333333333333,0.0,,,416.80094232250474,2645.8333333333335,2540.0,105.83333333333333,2645.8333333333335,0.0,87.84166666666665,1.0,-0.0,-0.0,0.16409485918209626,138.93364744083706,0.96,881.9444444444445,846.6666666666666,35.27777777777778,1.0,-0.0,-0.0,0.16409485918209488,138.93364744083348,0.96,881.9444444444445,846.6666666666666,35.27777777777778,1.0,-0.0,-0.0,0.16409485918209518,138.93364744083416,0.96,881.9444444444445,846.6666666666666,35.27777777777778,,,,941.2147024355332,2540.0,2349.5,190.5,2540.0,0.0,1.0,-0.0,-0.0,0.4006021291490216,235.30367560890656,0.925,635.0,587.375,47.625,1.0,0.0,0.0,0.4006021291488631,235.30367560881348,0.925,635.0,587.375,47.625,1.0,-0.0,-0.0,0.4006021291490216,235.3036756089066,0.925,635.0,587.375,47.625,1.0,-0.0,-0.0,0.4006021291490216,235.3036756089066,0.925,635.0,587.375,47.625,1.0,,,0.101,237.29950000000002,2349.5,2349.5,0.0,72.8345,-0.0,,,296.3333333333333,0.0,127.4233333332851,,,,55.32098996,0.0,4.0,1539.9941547980382,0.0,-0.0,0.0,129.94470678181963
11,1,12,0.08311,0.0,0.0,1536.3760949677976,,,,0,0.0,1,2645.8333333333335,2645.8333333333335,0.0,423.3333333333333,0.0,,,416.80094232250883,2645.8333333333335,2540.0,105.83333333333333,2645.8333333333335,0.0,87.84166666666665,1.0,-0.0,-0.0,0.1640948591820967,138.93364744083823,0.96,881.9444444444445,846.6666666666666,35.27777777777778,1.0,-0.0,-0.0,0.16409485918209546,138.93364744083496,0.96,881.9444444444445,846.6666666666666,35.27777777777778,1.0,-0.0,-0.0,0.16409485918209574,138.93364744083567,0.96,881.9444444444445,846.6666666666666,35.27777777777778,,,,941.2147024356264,2540.0,2349.5,190.5,2540.0,0.0,1.0,-0.0,-0.0,0.4006021291490216,235.30367560890656,0.925,635.0,587.375,47.625,1.0,0.0,0.0,0.4006021291490216,235.30367560890656,0.925,635.0,587.375,47.625,1.0,-0.0,-0.0,0.4006021291490216,235.3036756089066,0.925,635.0,587.375,47.625,1.0,-0.0,-0.0,0.4006021291490216,235.3036756089066,0.925,635.0,587.375,47.625,1.0,,,0.101,237.29950000000002,2349.5,2349.5,0.0,72.8345,-0.0,,,296.3333333333333,0.0,127.42333333329263,,,,58.93904979,0.0,4.0,1536.3760949681355,0.0,-0.0,0.0,127.68821725277367
12,1,13,0.08861,0.0,0.0,1533.5381745176533,,,,0,0.0,1,2645.8333333333335,2645.8333333333335,0.0,423.3333333333333,0.0,,,416.8009423225271,2645.8333333333335,2540.0,105.83333333333333,2645.8333333333335,0.0,87.84166666666665,1.0,-0.0,-0.0,0.16409485918209876,138.9336474408436,0.96,881.9444444444445,846.6666666666666,35.27777777777778,1.0,-0.0,-0.0,0.16409485918209973,138.93364744084604,0.96,881.9444444444445,846.6666666666666,35.27777777777778,1.0,-0.0,-0.0,0.1640948591820964,138.93364744083743,0.96,881.9444444444445,846.6666666666666,35.27777777777778,,,,941.2147024356264,2540.0,2349.5,190.5,2540.0,0.0,1.0,-0.0,-0.0,0.4006021291490216,235.30367560890656,0.925,635.0,587.375,47.625,1.0,0.0,0.0,0.4006021291490216,235.30367560890656,0.925,635.0,587.375,47.625,1.0,-0.0,-0.0,0.4006021291490216,235.3036756089066,0.925,635.0,587.375,47.625,1.0,-0.0,-0.0,0.4006021291490216,235.3036756089066,0.925,635.0,587.375,47.625,1.0,,,0.101,237.29950000000002,2349.5,2349.5,0.0,72.8345,-0.0,,,296.3333333333333,0.0,127.42333333332645,,,,61.77697024,0.0,4.0,1533.5381745181535,0.0,-0.0,0.0,135.88681764400926
13,1,14,0.094,0.0,0.0,1535.8454532875976,,,,0,0.0,1,2645.8333333333335,2645.8333333333335,0.0,423.3333333333333,0.0,,,416.8009423225101,2645.8333333333335,2540.0,105.83333333333333,2645.8333333333335,0.0,87.84166666666665,1.0,-0.0,-0.0,0.1640948591820978,138.933647440841,0.96,881.9444444444445,846.6666666666666,35.27777777777778,1.0,-0.0,-0.0,0.16409485918209493,138.93364744083337,0.96,881.9444444444445,846.6666666666666,35.27777777777778,1.0,-0.0,-0.0,0.16409485918209574,138.93364744083567,0.96,881.9444444444445,846.6666666666666,35.27777777777778,,,,941.2147024356264,2540.0,2349.5,190.5,2540.0,0.0,1.0,-0.0,-0.0,0.4006021291490216,235.30367560890656,0.925,635.0,587.375,47.625,1.0,0.0,0.0,0.4006021291490216,235.30367560890656,0.925,635.0,587.375,47.625,1.0,-0.0,-0.0,0.4006021291490216,235.3036756089066,0.925,635.0,587.375,47.625,1.0,-0.0,-0.0,0.4006021291490216,235.3036756089066,0.925,635.0,587.375,47.625,1.0,,,0.101,237.29950000000002,2349.5,2349.5,0.0,72.8345,-0.0,,,296.3333333333333,0.0,127.42333333329468,,,,59.46969147,0.0,4.0,1535.8454532881365,0.0,-0.0,0.0,144.36947260903418
14,1,15,0.10181,0.0,0.0,1545.5258170178922,,,,0,0.0,1,2645.8333333333335,2645.8333333333335,0.0,423.3333333333333,0.0,,,416.80094232249417,2645.8333333333335,2540.0,105.83333333333333,2645.8333333333335,0.0,87.84166666666665,1.0,-0.0,-0.0,0.16409485918209588,138.93364744083584,0.96,881.9444444444445,846.6666666666666,35.27777777777778,1.0,-0.0,-0.0,0.16409485918209282,138.933647440828,0.96,881.9444444444445,846.6666666666666,35.27777777777778,1.0,-0.0,-0.0,0.16409485918209368,138.93364744083033,0.96,881.9444444444445,846.6666666666666,35.27777777777778,,,,941.2147024356264,2540.0,2349.5,190.5,2540.0,0.0,1.0,-0.0,-0.0,0.4006021291490216,235.3036756089066,0.925,635.0,587.375,47.625,1.0,0.0,0.0,0.4006021291490216,235.3036756089066,0.925,635.0,587.375,47.625,1.0,-0.0,-0.0,0.4006021291490216,235.3036756089066,0.925,635.0,587.375,47.625,1.0,-0.0,-0.0,0.4006021291490216,235.3036756089066,0.925,635.0,587.375,47.625,1.0,,,0.101,237.29950000000002,2349.5,2349.5,0.0,72.8345,-0.0,,,296.3333333333333,0.0,127.42333333326555,,,,49.78932774,0.0,4.0,1545.5258170181205,0.0,-0.0,0.0,157.3499834305916
15,1,16,0.10382,0.0,0.0,1544.6397705976633,,,,0,0.0,1,2645.8333333333335,2645.8333333333335,0.0,423.3333333333333,0.0,,,416.8009423224805,2645.8333333333335,2540.0,105.83333333333333,2645.8333333333335,0.0,87.84166666666665,1.0,-0.0,-0.0,0.16409485918209415,138.9336474408315,0.96,881.9444444444445,846.6666666666666,35.27777777777778,1.0,-0.0,-0.0,0.1640948591820911,138.93364744082345,0.96,881.9444444444445,846.6666666666666,35.27777777777778,1.0,-0.0,-0.0,0.16409485918209185,138.93364744082558,0.96,881.9444444444445,846.6666666666666,35.27777777777778,,,,941.2147024356264,2540.0,2349.5,190.5,2540.0,0.0,1.0,-0.0,-0.0,0.4006021291490216,235.30367560890656,0.925,635.0,587.375,47.625,1.0,0.0,0.0,0.4006021291490216,235.3036756089066,0.925,635.0,587.375,47.625,1.0,-0.0,-0.0,0.4006021291490216,235.3036756089066,0.925,635.0,587.375,47.625,1.0,-0.0,-0.0,0.4006021291490216,235.3036756089066,0.925,635.0,587.375,47.625,1.0,,,0.101,237.29950000000002,2349.5,2349.5,0.0,72.8345,-0.0,,,296.3333333333333,0.0,127.4233333332403,,,,50.67537416,0.0,4.0,1544.639770598107,0.0,-0.0,0.0,160.3645009834494
16,1,17,0.12198,0.0,0.0,749.4906380957414,,,,0,0.0,1,1322.9166666666667,1322.9166666666667,0.0,211.66666666666666,0.0,,,211.35426540797994,1322.9166666666667,1270.0,52.916666666666664,1322.9166666666667,0.0,43.92083333333333,1.0,-0.0,-0.0,0.16409485918209415,138.93364744083155,0.96,881.9444444444445,846.6666666666666,35.27777777777778,1.0,-0.0,-0.0,0.17107232590662952,72.4206179671484,0.96,440.97222222222223,423.3333333333333,17.63888888888889,-0.0,-0.0,1.0,0.27099999999999996,0.0,0.96,0.0,0.0,0.0,,,,470.6073512178132,1270.0,1174.75,95.25,1270.0,0.0,1.0,-0.0,-0.0,0.4006021291490216,235.3036756089066,0.925,635.0,587.375,47.625,1.0,0.0,0.0,0.4006021291490216,235.3036756089066,0.925,635.0,587.375,47.625,-0.0,-0.0,1.0,0.19716472159924608,0.0,0.88,0.0,0.0,0.0,-0.0,-0.0,1.0,0.19716472159924608,0.0,0.88,0.0,0.0,0.0,1.0,,,0.101,118.64975000000001,1174.75,1174.75,0.0,36.41725,-0.0,,,148.16666666666666,0.0,63.71166666666669,,,,51.12072853,0.0,2.0,749.4906380957932,0.0,0.0,0.0,91.42286803491854
17,1,18,3.78877,0.0,42.82056475,0.0,,,,0,0.0,1,0.0,0.0,0.0,0.0,0.0,,,0.0,0.0,0.0,0.0,0.0,0.0,0.0,-0.0,-0.0,1.0,0.271,0.0,0.96,0.0,0.0,0.0,-0.0,-0.0,1.0,0.271,0.0,0.96,0.0,0.0,0.0,-0.0,-0.0,-0.0,0.271,0.0,0.96,0.0,0.0,0.0,,,,0.0,0.0,0.0,0.0,0.0,0.0,-0.0,-0.0,1.0,0.19716472159924725,0.0,0.88,0.0,0.0,0.0,-0.0,0.0,1.0,0.19716472159924608,0.0,0.88,0.0,0.0,0.0,-0.0,-0.0,-0.0,0.19716472159924722,0.0,0.88,0.0,0.0,0.0,-0.0,-0.0,-0.0,0.19716472159924728,0.0,0.88,0.0,0.0,0.0,1.0,,,0.101,0.0,0.0,0.0,0.0,0.0,-0.0,,,0.0,0.0,0.0,,,,42.82056475,0.0,-0.0,0.0,0.0,0.0,0.0,0.0
18,1,19,5.01894,0.0,22.07158771,0.0,,,,0,0.0,1,0.0,0.0,0.0,0.0,0.0,,,0.0,0.0,0.0,0.0,0.0,0.0,0.0,-0.0,-0.0,-0.0,0.271,0.0,0.96,0.0,0.0,0.0,-0.0,-0.0,-0.0,0.271,0.0,0.96,0.0,0.0,0.0,-0.0,-0.0,-0.0,0.271,0.0,0.96,0.0,0.0,0.0,,,,0.0,0.0,0.0,0.0,0.0,0.0,-0.0,-0.0,-0.0,0.19716472159924608,0.0,0.88,0.0,0.0,0.0,-0.0,0.0,0.0,0.19716472159924608,0.0,0.88,0.0,0.0,0.0,-0.0,-0.0,-0.0,0.19716472159924608,0.0,0.88,0.0,0.0,0.0,-0.0,-0.0,-0.0,0.19716472159924608,0.0,0.88,0.0,0.0,0.0,1.0,,,0.101,0.0,0.0,0.0,0.0,0.0,-0.0,,,0.0,0.0,0.0,,,,22.07158771,0.0,-0.0,0.0,0.0,0.0,0.0,0.0
19,1,20,2.52611,0.0,21.85379948,0.0,,,,0,0.0,1,0.0,0.0,0.0,0.0,0.0,,,0.0,0.0,0.0,0.0,0.0,0.0,0.0,-0.0,-0.0,-0.0,0.271,0.0,0.96,0.0,0.0,0.0,-0.0,-0.0,-0.0,0.271,0.0,0.96,0.0,0.0,0.0,-0.0,-0.0,-0.0,0.271,0.0,0.96,0.0,0.0,0.0,,,,0.0,0.0,0.0,0.0,0.0,0.0,-0.0,-0.0,-0.0,0.19716472159924608,0.0,0.88,0.0,0.0,0.0,-0.0,0.0,0.0,0.19716472159924608,0.0,0.88,0.0,0.0,0.0,-0.0,-0.0,-0.0,0.19716472159924728,0.0,0.88,0.0,0.0,0.0,-0.0,-0.0,-0.0,0.19716472159924736,0.0,0.88,0.0,0.0,0.0,1.0,,,0.101,0.0,0.0,0.0,0.0,0.0,-0.0,,,0.0,0.0,0.0,,,,21.85379948,0.0,-0.0,0.0,0.0,0.0,0.0,0.0
20,1,21,0.75581,0.0,0.0,544.0144002624761,,,,0,0.0,1,1083.3333333333333,1083.3333333333333,0.0,173.33333333333334,0.0,,,169.09525238444428,1083.3333333333333,1040.0,43.333333333333336,1083.3333333333333,0.0,35.96666666666667,1.0,1.0,-0.0,0.15610587775000004,97.9345834652399,0.96,653.5,627.36,26.140000000000022,1.0,1.0,-0.0,0.1724521833055556,71.1606689192044,0.96,429.8333333333333,412.64,17.19333333333335,-0.0,-0.0,-0.0,0.271,0.0,0.96,0.0,0.0,0.0,,,,310.2451121080321,1040.0,915.2,124.8,1040.0,0.0,1.0,1.0,-0.0,0.33899159976839266,155.12255605401648,0.88,520.0,457.6,62.4,1.0,1.0,0.0,0.3389915997683908,155.12255605401566,0.88,520.0,457.6,62.4,-0.0,-0.0,-0.0,0.19716472159924608,0.0,0.88,0.0,0.0,0.0,-0.0,-0.0,-0.0,0.19716472159924608,0.0,0.88,0.0,0.0,0.0,0.0,,,0.101,92.43520000000001,915.2,0.0,915.2,28.3712,1.0,,,1083.3333333333333,0.0,465.8333333333333,,,,27.76116423,0.0,2.0,544.0144002624764,0.0,0.0,0.0,411.17152386238206
21,1,22,0.154,0.0,0.0,537.2675821624753,,,,0,0.0,1,1083.3333333333333,1083.3333333333333,0.0,173.33333333333334,0.0,,,169.09525238444428,1083.3333333333333,1040.0,43.333333333333336,1083.3333333333333,0.0,35.96666666666667,1.0,-0.0,-0.0,0.15610587775000004,97.9345834652399,0.96,653.5,627.36,26.140000000000022,1.0,-0.0,-0.0,0.1724521833055556,71.1606689192044,0.96,429.8333333333333,412.64,17.19333333333335,-0.0,-0.0,-0.0,0.271,0.0,0.96,0.0,0.0,0.0,,,,310.2451121080313,1040.0,915.2,124.8,1040.0,0.0,1.0,-0.0,-0.0,0.33899159976839077,155.12255605401563,0.88,520.0,457.6,62.4,1.0,0.0,0.0,0.33899159976839094,155.1225560540157,0.88,520.0,457.6,62.4,-0.0,-0.0,-0.0,0.19716472159924608,0.0,0.88,0.0,0.0,0.0,-0.0,-0.0,-0.0,0.19716472159924603,0.0,0.88,0.0,0.0,0.0,0.0,,,0.101,92.43520000000001,915.2,0.0,915.2,28.3712,1.0,,,1083.3333333333333,0.0,465.8333333333333,,,,34.50798233,0.0,2.0,537.2675821624756,0.0,0.0,0.0,82.7392076530212
22,1,23,0.12052,0.0,0.0,1566.2797543584468,,,,0,0.0,1,2645.8333333333335,2645.8333333333335,0.0,423.3333333333333,0.0,,,416.80094232326815,2645.8333333333335,2540.0,105.83333333333333,2645.8333333333335,0.0,87.84166666666665,1.0,-0.0,-0.0,0.16409485918226605,138.93364744093333,0.96,881.9444444444445,846.6666666666666,35.27777777777778,1.0,-0.0,-0.0,0.16409485918274738,138.93364744117406,0.96,881.9444444444445,846.6666666666666,35.27777777777778,1.0,1.0,-0.0,0.16409485918272382,138.93364744116073,0.96,881.9444444444445,846.6666666666666,35.27777777777778,,,,941.2147024356262,2540.0,2349.5,190.5,2540.0,0.0,1.0,-0.0,-0.0,0.4006021291490216,235.30367560890656,0.925,635.0,587.375,47.625,1.0,0.0,0.0,0.4006021291490216,235.30367560890656,0.925,635.0,587.375,47.625,1.0,1.0,-0.0,0.4006021291490216,235.30367560890656,0.925,635.0,587.375,47.625,1.0,1.0,-0.0,0.4006021291490216,235.30367560890656,0.925,635.0,587.375,47.625,1.0,,,0.101,237.29950000000002,2349.5,2349.5,0.0,72.8345,-0.0,,,296.3333333333333,0.0,127.42333333333357,,,,29.0353904,0.0,4.0,1566.2797543588943,0.0,-0.0,0.0,188.76803599528
23,1,24,0.11633,0.0,0.0,1566.3358993182208,,,,0,0.0,1,2645.8333333333335,2645.8333333333335,0.0,423.3333333333333,0.0,,,416.8009423231429,2645.8333333333335,2540.0,105.83333333333333,2645.8333333333335,0.0,87.84166666666665,1.0,-0.0,-0.0,0.16409485918220962,138.93364744089286,0.96,881.9444444444445,846.6666666666666,35.27777777777778,1.0,-0.0,-0.0,0.16409485918268646,138.93364744113168,0.96,881.9444444444445,846.6666666666666,35.27777777777778,1.0,-0.0,-0.0,0.1640948591826629,138.93364744111835,0.96,881.9444444444445,846.6666666666666,35.27777777777778,,,,941.2147024355281,2540.0,2349.5,190.5,2540.0,0.0,1.0,-0.0,-0.0,0.4006021291490162,235.3036756089034,0.925,635.0,587.375,47.625,1.0,0.0,0.0,0.40060212914901583,235.30367560890318,0.925,635.0,587.375,47.625,1.0,-0.0,-0.0,0.40060212914886556,235.3036756088149,0.925,635.0,587.375,47.625,1.0,-0.0,-0.0,0.4006021291490216,235.30367560890656,0.925,635.0,587.375,47.625,1.0,,,0.101,237.29950000000002,2349.5,2349.5,0.0,72.8345,-0.0,,,296.3333333333333,0.0,127.42333333334948,,,,28.97924544,0.0,4.0,1566.3358993186712,0.0,-0.0,0.0,182.2118551676886
24,1,25,0.1121,0.0,0.0,1565.8099734882076,,,,0,0.0,1,2645.8333333333335,2645.8333333333335,0.0,423.3333333333333,0.0,,,416.8009423230808,2645.8333333333335,2540.0,105.83333333333333,2645.8333333333335,0.0,87.84166666666665,1.0,-0.0,-0.0,0.16409485918218225,138.9336474408771,0.96,881.9444444444445,846.6666666666666,35.27777777777778,1.0,-0.0,-0.0,0.16409485918263578,138.93364744110107,0.96,881.9444444444445,846.6666666666666,35.27777777777778,1.0,-0.0,-0.0,0.16409485918263575,138.93364744110264,0.96,881.9444444444445,846.6666666666666,35.27777777777778,,,,941.2147024356262,2540.0,2349.5,190.5,2540.0,0.0,1.0,-0.0,-0.0,0.4006021291490216,235.30367560890656,0.925,635.0,587.375,47.625,1.0,0.0,0.0,0.4006021291490216,235.30367560890656,0.925,635.0,587.375,47.625,1.0,-0.0,-0.0,0.4006021291490216,235.30367560890656,0.925,635.0,587.375,47.625,1.0,-0.0,-0.0,0.4006021291490216,235.30367560890656,0.925,635.0,587.375,47.625,1.0,,,0.101,237.29950000000002,2349.5,2349.5,0.0,72.8345,-0.0,,,296.3333333333333,0.0,127.42333333333745,,,,29.50517127,0.0,4.0,1565.809973488707,0.0,-0.0,0.0,175.52729802802807
25,1,26,0.1119,0.0,0.0,1564.1507568782272,,,,0,0.0,1,2645.8333333333335,2645.8333333333335,0.0,423.3333333333333,0.0,,,416.8009423229946,2645.8333333333335,2540.0,105.83333333333333,2645.8333333333335,0.0,87.84166666666665,1.0,-0.0,-0.0,0.16409485918215053,138.93364744085605,0.96,881.9444444444445,846.6666666666666,35.27777777777778,1.0,-0.0,-0.0,0.16409485918260416,138.93364744108004,0.96,881.9444444444445,846.6666666666666,35.27777777777778,1.0,-0.0,-0.0,0.16409485918256908,138.93364744105847,0.96,881.9444444444445,846.6666666666666,35.27777777777778,,,,941.2147024356271,2540.0,2349.5,190.5,2540.0,0.0,1.0,-0.0,-0.0,0.4006021291490216,235.30367560890656,0.925,635.0,587.375,47.625,1.0,0.0,0.0,0.40060212914902316,235.30367560890747,0.925,635.0,587.375,47.625,1.0,-0.0,-0.0,0.4006021291490216,235.30367560890656,0.925,635.0,587.375,47.625,1.0,-0.0,-0.0,0.4006021291490216,235.30367560890656,0.925,635.0,587.375,47.625,1.0,,,0.101,237.29950000000002,2349.5,2349.5,0.0,72.8345,-0.0,,,296.3333333333333,0.0,127.4233333333183,,,,31.16438788,0.0,4.0,1564.150756878622,0.0,-0.0,0.0,175.02846969467362
26,1,27,0.11243,0.0,0.0,1565.2072053482727,,,,0,0.0,1,2645.8333333333335,2645.8333333333335,0.0,423.3333333333333,0.0,,,416.8009423229148,2645.8333333333335,2540.0,105.83333333333333,2645.8333333333335,0.0,87.84166666666665,1.0,-0.0,-0.0,0.16409485918214348,138.93364744083786,0.96,881.9444444444445,846.6666666666666,35.27777777777778,1.0,-0.0,-0.0,0.16409485918256353,138.93364744104932,0.96,881.9444444444445,846.6666666666666,35.27777777777778,1.0,-0.0,-0.0,0.16409485918252817,138.9336474410276,0.96,881.9444444444445,846.6666666666666,35.27777777777778,,,,941.2147024356262,2540.0,2349.5,190.5,2540.0,0.0,1.0,-0.0,-0.0,0.4006021291490216,235.30367560890656,0.925,635.0,587.375,47.625,1.0,0.0,0.0,0.4006021291490216,235.30367560890656,0.925,635.0,587.375,47.625,1.0,-0.0,-0.0,0.4006021291490216,235.30367560890656,0.925,635.0,587.375,47.625,1.0,-0.0,-0.0,0.4006021291490216,235.30367560890656,0.925,635.0,587.375,47.625,1.0,,,0.101,237.29950000000002,2349.5,2349.5,0.0,72.8345,-0.0,,,296.3333333333333,0.0,127.4233333332849,,,,30.10793941,0.0,4.0,1565.207205348541,0.0,-0.0,0.0,175.9762460973063
27,1,28,0.11364,0.0,0.0,1565.1701191583743,,,,0,0.0,1,2645.8333333333335,2645.8333333333335,0.0,423.3333333333333,0.0,,,416.8009423228602,2645.8333333333335,2540.0,105.83333333333333,2645.8333333333335,0.0,87.84166666666665,1.0,-0.0,-0.0,0.1640948591820867,138.933647440812,0.96,881.9444444444445,846.6666666666666,35.27777777777778,1.0,-0.0,-0.0,0.16409485918253755,138.93364744103488,0.96,881.9444444444445,846.6666666666666,35.27777777777778,1.0,-0.0,-0.0,0.16409485918250258,138.9336474410133,0.96,881.9444444444445,846.6666666666666,35.27777777777778,,,,941.2147024356262,2540.0,2349.5,190.5,2540.0,0.0,1.0,-0.0,-0.0,0.4006021291490216,235.30367560890656,0.925,635.0,587.375,47.625,1.0,0.0,0.0,0.4006021291490216,235.30367560890656,0.925,635.0,587.375,47.625,1.0,-0.0,-0.0,0.4006021291490216,235.30367560890656,0.925,635.0,587.375,47.625,1.0,-0.0,-0.0,0.4006021291490216,235.30367560890656,0.925,635.0,587.375,47.625,1.0,,,0.101,237.29950000000002,2349.5,2349.5,0.0,72.8345,-0.0,,,296.3333333333333,0.0,127.42333333331668,,,,30.1450256,0.0,4.0,1565.1701191584864,0.0,-0.0,0.0,177.86593234115767
28,1,29,0.11658,0.0,0.0,1560.4764900983887,,,,0,0.0,1,2645.8333333333335,2645.8333333333335,0.0,423.3333333333333,0.0,,,416.80094232282573,2645.8333333333335,2540.0,105.83333333333333,2645.8333333333335,0.0,87.84166666666665,1.0,-0.0,-0.0,0.16409485918208247,138.93364744080097,0.96,881.9444444444445,846.6666666666666,35.27777777777778,1.0,-0.0,-0.0,0.16409485918251562,138.93364744101714,0.96,881.9444444444445,846.6666666666666,35.27777777777778,1.0,-0.0,-0.0,0.16409485918250036,138.93364744100762,0.96,881.9444444444445,846.6666666666666,35.27777777777778,,,,941.2147024356264,2540.0,2349.5,190.5,2540.0,0.0,1.0,-0.0,-0.0,0.4006021291490216,235.30367560890656,0.925,635.0,587.375,47.625,1.0,0.0,0.0,0.4006021291490216,235.30367560890656,0.925,635.0,587.375,47.625,1.0,-0.0,-0.0,0.4006021291490216,235.3036756089066,0.925,635.0,587.375,47.625,1.0,-0.0,-0.0,0.4006021291490216,235.30367560890656,0.925,635.0,587.375,47.625,1.0,,,0.101,237.29950000000002,2349.5,2349.5,0.0,72.8345,-0.0,,,296.3333333333333,0.0,127.42333333332503,,,,34.83865466,0.0,4.0,1560.4764900984521,0.0,-0.0,0.0,181.92034921567017
29,1,30,0.12222,0.0,0.0,1542.744341428307,,,,0,0.0,1,2645.8333333333335,2645.8333333333335,0.0,423.3333333333333,0.0,,,416.8009423228318,2645.8333333333335,2540.0,105.83333333333333,2645.8333333333335,0.0,87.84166666666665,1.0,-0.0,-0.0,0.16409485918208858,138.93364744081697,0.96,881.9444444444445,846.6666666666666,35.27777777777778,1.0,-0.0,-0.0,0.16409485918250552,138.93364744101223,0.96,881.9444444444445,846.6666666666666,35.27777777777778,1.0,-0.0,-0.0,0.16409485918248892,138.93364744100262,0.96,881.9444444444445,846.6666666666666,35.27777777777778,,,,941.2147024356262,2540.0,2349.5,190.5,2540.0,0.0,1.0,-0.0,-0.0,0.4006021291490216,235.30367560890656,0.925,635.0,587.375,47.625,1.0,0.0,0.0,0.4006021291490216,235.30367560890656,0.925,635.0,587.375,47.625,1.0,-0.0,-0.0,0.4006021291490216,235.30367560890656,0.925,635.0,587.375,47.625,1.0,-0.0,-0.0,0.4006021291490216,235.30367560890656,0.925,635.0,587.375,47.625,1.0,,,0.101,237.29950000000002,2349.5,2349.5,0.0,72.8345,-0.0,,,296.3333333333333,0.0,127.4233333333509,,,,52.57080333,0.0,4.0,1542.7443414284583,0.0,-0.0,0.0,188.5542134093677
30,1,31,0.11102,0.0,0.0,1546.2793518582457,,,,0,0.0,1,2645.8333333333335,2645.8333333333335,0.0,423.3333333333333,0.0,,,416.80094232282613,2645.8333333333335,2540.0,105.83333333333333,2645.8333333333335,0.0,87.84166666666665,1.0,-0.0,-0.0,0.16409485918208958,138.93364744081953,0.96,881.9444444444445,846.6666666666666,35.27777777777778,1.0,-0.0,-0.0,0.16409485918249708,138.93364744100685,0.96,881.9444444444445,846.6666666666666,35.27777777777778,1.0,-0.0,-0.0,0.16409485918248445,138.9336474409997,0.96,881.9444444444445,846.6666666666666,35.27777777777778,,,,941.2147024356262,2540.0,2349.5,190.5,2540.0,0.0,1.0,-0.0,-0.0,0.4006021291490216,235.30367560890656,0.925,635.0,587.375,47.625,1.0,0.0,0.0,0.4006021291490216,235.30367560890656,0.925,635.0,587.375,47.625,1.0,-0.0,-0.0,0.4006021291490216,235.30367560890656,0.925,635.0,587.375,47.625,1.0,-0.0,-0.0,0.4006021291490216,235.30367560890656,0.925,635.0,587.375,47.625,1.0,,,0.101,237.29950000000002,2349.5,2349.5,0.0,72.8345,-0.0,,,296.3333333333333,0.0,127.42333333334763,,,,49.0357929,0.0,4.0,1546.2793518584524,0.0,-0.0,0.0,171.66793364330243
31,1,32,0.10411,0.0,0.0,1548.3612621482018,,,,0,0.0,1,2645.8333333333335,2645.8333333333335,0.0,423.3333333333333,0.0,,,416.8009423228215,2645.8333333333335,2540.0,105.83333333333333,2645.8333333333335,0.0,87.84166666666665,1.0,-0.0,-0.0,0.16409485918209057,138.9336474408221,0.96,881.9444444444445,846.6666666666666,35.27777777777778,1.0,-0.0,-0.0,0.16409485918248856,138.9336474410014,0.96,881.9444444444445,846.6666666666666,35.27777777777778,1.0,-0.0,-0.0,0.16409485918248182,138.93364744099802,0.96,881.9444444444445,846.6666666666666,35.27777777777778,,,,941.2147024356262,2540.0,2349.5,190.5,2540.0,0.0,1.0,-0.0,-0.0,0.4006021291490216,235.30367560890656,0.925,635.0,587.375,47.625,1.0,0.0,0.0,0.4006021291490216,235.30367560890656,0.925,635.0,587.375,47.625,1.0,-0.0,-0.0,0.4006021291490216,235.30367560890656,0.925,635.0,587.375,47.625,1.0,-0.0,-0.0,0.4006021291490216,235.30367560890656,0.925,635.0,587.375,47.625,1.0,,,0.101,237.29950000000002,2349.5,2349.5,0.0,72.8345,-0.0,,,296.3333333333333,0.0,127.4233333333462,,,,46.95388261,0.0,4.0,1548.3612621484478,0.0,-0.0,0.0,161.19989100224927
32,1,33,0.0968,0.0,0.0,1552.3110817382174,,,,0,0.0,1,2645.8333333333335,2645.8333333333335,0.0,423.3333333333333,0.0,,,416.80094232281647,2645.8333333333335,2540.0,105.83333333333333,2645.8333333333335,0.0,87.84166666666665,1.0,-0.0,-0.0,0.16409485918209246,138.93364744082712,0.96,881.9444444444445,846.6666666666666,35.27777777777778,1.0,-0.0,-0.0,0.16409485918248007,138.933647440996,0.96,881.9444444444445,846.6666666666666,35.27777777777778,1.0,-0.0,-0.0,0.16409485918247227,138.93364744099333,0.96,881.9444444444445,846.6666666666666,35.27777777777778,,,,941.2147024356262,2540.0,2349.5,190.5,2540.0,0.0,1.0,-0.0,-0.0,0.4006021291490216,235.30367560890656,0.925,635.0,587.375,47.625,1.0,0.0,0.0,0.4006021291490216,235.30367560890656,0.925,635.0,587.375,47.625,1.0,-0.0,-0.0,0.4006021291490216,235.30367560890656,0.925,635.0,587.375,47.625,1.0,-0.0,-0.0,0.4006021291490216,235.30367560890656,0.925,635.0,587.375,47.625,1.0,,,0.101,237.29950000000002,2349.5,2349.5,0.0,72.8345,-0.0,,,296.3333333333333,0.0,127.42333333334804,,,,43.00406302,0.0,4.0,1552.3110817384427,0.0,-0.0,0.0,150.26371271225943
33,1,34,0.08604,0.0,0.0,1549.2629944482028,,,,0,0.0,1,2645.8333333333335,2645.8333333333335,0.0,423.3333333333333,0.0,,,416.80094232279964,2645.8333333333335,2540.0,105.83333333333333,2645.8333333333335,0.0,87.84166666666665,1.0,-0.0,-0.0,0.16409485918209757,138.9336474408404,0.96,881.9444444444445,846.6666666666666,35.27777777777778,1.0,-0.0,-0.0,0.16409485918245137,138.93364744098068,0.96,881.9444444444445,846.6666666666666,35.27777777777778,1.0,-0.0,-0.0,0.16409485918244435,138.93364744097858,0.96,881.9444444444445,846.6666666666666,35.27777777777778,,,,941.2147024356262,2540.0,2349.5,190.5,2540.0,0.0,1.0,-0.0,-0.0,0.4006021291490216,235.30367560890656,0.925,635.0,587.375,47.625,1.0,0.0,0.0,0.4006021291490216,235.30367560890656,0.925,635.0,587.375,47.625,1.0,-0.0,-0.0,0.4006021291490216,235.30367560890656,0.925,635.0,587.375,47.625,1.0,-0.0,-0.0,0.4006021291490216,235.30367560890656,0.925,635.0,587.375,47.625,1.0,,,0.101,237.29950000000002,2349.5,2349.5,0.0,72.8345,-0.0,,,296.3333333333333,0.0,127.42333333335314,,,,46.05215031,0.0,4.0,1549.262994448426,0.0,-0.0,0.0,133.2985880423234
34,1,35,0.08438,0.0,0.0,1546.564556537079,,,,0,0.0,1,2645.8333333333335,2645.8333333333335,0.0,423.3333333333333,0.0,,,416.80094232214105,2645.8333333333335,2540.0,105.83333333333333,2645.8333333333335,0.0,87.84166666666665,1.0,-0.0,-0.0,0.1640948591820988,138.93364744084369,0.96,881.9444444444445,846.6666666666666,35.27777777777778,1.0,-0.0,-0.0,0.16409485918167635,138.93364744032846,0.96,881.9444444444445,846.6666666666666,35.27777777777778,1.0,-0.0,-0.0,0.16409485918243225,138.9336474409689,0.96,881.9444444444445,846.6666666666666,35.27777777777778,,,,941.2147024356262,2540.0,2349.5,190.5,2540.0,0.0,1.0,-0.0,-0.0,0.4006021291490216,235.30367560890656,0.925,635.0,587.375,47.625,1.0,0.0,0.0,0.4006021291490216,235.30367560890656,0.925,635.0,587.375,47.625,1.0,-0.0,-0.0,0.4006021291490216,235.30367560890656,0.925,635.0,587.375,47.625,1.0,-0.0,-0.0,0.4006021291490216,235.30367560890656,0.925,635.0,587.375,47.625,1.0,,,0.101,237.29950000000002,2349.5,2349.5,0.0,72.8345,-0.0,,,296.3333333333333,0.0,127.42333333333704,,,,48.75058822,0.0,4.0,1546.5645565377674,0.0,-0.0,0.0,130.4991172805987
35,1,36,0.08311,0.0,0.0,1545.9422858877315,,,,0,0.0,1,2645.8333333333335,2645.8333333333335,0.0,423.3333333333333,0.0,,,416.80094232281004,2645.8333333333335,2540.0,105.83333333333333,2645.8333333333335,0.0,87.84166666666665,1.0,-0.0,-0.0,0.1640948591820982,138.93364744084198,0.96,881.9444444444445,846.6666666666666,35.27777777777778,1.0,-0.0,-0.0,0.16409485918245015,138.93364744097988,0.96,881.9444444444445,846.6666666666666,35.27777777777778,1.0,-0.0,-0.0,0.16409485918245606,138.93364744098818,0.96,881.9444444444445,846.6666666666666,35.27777777777778,,,,941.2147024356262,2540.0,2349.5,190.5,2540.0,0.0,1.0,-0.0,-0.0,0.4006021291490216,235.30367560890656,0.925,635.0,587.375,47.625,1.0,0.0,0.0,0.4006021291490216,235.30367560890656,0.925,635.0,587.375,47.625,1.0,-0.0,-0.0,0.4006021291490216,235.30367560890656,0.925,635.0,587.375,47.625,1.0,-0.0,-0.0,0.4006021291490216,235.30367560890656,0.925,635.0,587.375,47.625,1.0,,,0.101,237.29950000000002,2349.5,2349.5,0.0,72.8345,-0.0,,,296.3333333333333,0.0,127.42333333336678,,,,49.37285887,0.0,4.0,1545.9422858884363,0.0,-0.0,0.0,128.48326338012936
36,1,37,0.08861,0.0,0.0,1545.0698824478832,,,,0,0.0,1,2645.8333333333335,2645.8333333333335,0.0,423.3333333333333,0.0,,,416.80094232282704,2645.8333333333335,2540.0,105.83333333333333,2645.8333333333335,0.0,87.84166666666665,1.0,-0.0,-0.0,0.16409485918209685,138.93364744083837,0.96,881.9444444444445,846.6666666666666,35.27777777777778,1.0,-0.0,-0.0,0.16409485918245903,138.9336474409856,0.96,881.9444444444445,846.6666666666666,35.27777777777778,1.0,-0.0,-0.0,0.1640948591824834,138.9336474410031,0.96,881.9444444444445,846.6666666666666,35.27777777777778,,,,941.2147024356262,2540.0,2349.5,190.5,2540.0,0.0,1.0,-0.0,-0.0,0.4006021291490216,235.30367560890656,0.925,635.0,587.375,47.625,1.0,0.0,0.0,0.4006021291490216,235.30367560890656,0.925,635.0,587.375,47.625,1.0,-0.0,-0.0,0.4006021291490216,235.30367560890656,0.925,635.0,587.375,47.625,1.0,-0.0,-0.0,0.4006021291490216,235.30367560890656,0.925,635.0,587.375,47.625,1.0,,,0.101,237.29950000000002,2349.5,2349.5,0.0,72.8345,-0.0,,,296.3333333333333,0.0,127.42333333337554,,,,50.24526231,0.0,4.0,1545.0698824484532,0.0,-0.0,0.0,136.9086422837069
37,1,38,0.094,0.0,0.0,1549.714845677759,,,,0,0.0,1,2645.8333333333335,2645.8333333333335,0.0,423.3333333333333,0.0,,,416.8009423228355,2645.8333333333335,2540.0,105.83333333333333,2645.8333333333335,0.0,87.84166666666665,1.0,-0.0,-0.0,0.1640948591820957,138.9336474408356,0.96,881.9444444444445,846.6666666666666,35.27777777777778,1.0,-0.0,-0.0,0.1640948591824679,138.93364744099128,0.96,881.9444444444445,846.6666666666666,35.27777777777778,1.0,-0.0,-0.0,0.16409485918249206,138.93364744100865,0.96,881.9444444444445,846.6666666666666,35.27777777777778,,,,941.2147024356262,2540.0,2349.5,190.5,2540.0,0.0,1.0,-0.0,-0.0,0.4006021291490216,235.30367560890656,0.925,635.0,587.375,47.625,1.0,0.0,0.0,0.4006021291490216,235.30367560890656,0.925,635.0,587.375,47.625,1.0,-0.0,-0.0,0.4006021291490216,235.30367560890656,0.925,635.0,587.375,47.625,1.0,-0.0,-0.0,0.4006021291490216,235.30367560890656,0.925,635.0,587.375,47.625,1.0,,,0.101,237.29950000000002,2349.5,2349.5,0.0,72.8345,-0.0,,,296.3333333333333,0.0,127.42333333338043,,,,45.60029908,0.0,4.0,1549.7148456784619,0.0,-0.0,0.0,145.67319549370936
38,1,39,0.10181,0.0,0.0,1546.1088920182165,,,,0,0.0,1,2645.8333333333335,2645.8333333333335,0.0,423.3333333333333,0.0,,,416.8009423228648,2645.8333333333335,2540.0,105.83333333333333,2645.8333333333335,0.0,87.84166666666665,1.0,-0.0,-0.0,0.16409485918209474,138.933647440833,0.96,881.9444444444445,846.6666666666666,35.27777777777778,1.0,-0.0,-0.0,0.1640948591824911,138.93364744100717,0.96,881.9444444444445,846.6666666666666,35.27777777777778,1.0,-0.0,-0.0,0.16409485918251535,138.93364744102465,0.96,881.9444444444445,846.6666666666666,35.27777777777778,,,,941.2147024356264,2540.0,2349.5,190.5,2540.0,0.0,1.0,-0.0,-0.0,0.4006021291490216,235.3036756089066,0.925,635.0,587.375,47.625,1.0,0.0,0.0,0.4006021291490216,235.30367560890656,0.925,635.0,587.375,47.625,1.0,-0.0,-0.0,0.4006021291490216,235.3036756089066,0.925,635.0,587.375,47.625,1.0,-0.0,-0.0,0.4006021291490216,235.30367560890656,0.925,635.0,587.375,47.625,1.0,,,0.101,237.29950000000002,2349.5,2349.5,0.0,72.8345,-0.0,,,296.3333333333333,0.0,127.4233333333513,,,,49.20625274,0.0,4.0,1546.1088920184911,0.0,-0.0,0.0,157.40934629637462
39,1,40,0.10382,0.0,0.0,1542.215117588239,,,,0,0.0,1,2645.8333333333335,2645.8333333333335,0.0,423.3333333333333,0.0,,,416.8009423230949,2645.8333333333335,2540.0,105.83333333333333,2645.8333333333335,0.0,87.84166666666665,1.0,-0.0,-0.0,0.16409485918209266,138.93364744082768,0.96,881.9444444444445,846.6666666666666,35.27777777777778,1.0,-0.0,-0.0,0.16409485918250138,138.9336474410131,0.96,881.9444444444445,846.6666666666666,35.27777777777778,1.0,-0.0,-0.0,0.1640948591827933,138.93364744125407,0.96,881.9444444444445,846.6666666666666,35.27777777777778,,,,941.2147024356271,2540.0,2349.5,190.5,2540.0,0.0,1.0,-0.0,-0.0,0.4006021291490216,235.30367560890656,0.925,635.0,587.375,47.625,1.0,0.0,0.0,0.4006021291490231,235.30367560890744,0.925,635.0,587.375,47.625,1.0,-0.0,-0.0,0.4006021291490216,235.30367560890656,0.925,635.0,587.375,47.625,1.0,-0.0,-0.0,0.4006021291490216,235.30367560890656,0.925,635.0,587.375,47.625,1.0,,,0.101,237.29950000000002,2349.5,2349.5,0.0,72.8345,-0.0,,,296.3333333333333,0.0,127.4233333333462,,,,53.10002717,0.0,4.0,1542.215117588722,0.0,-0.0,0.0,160.11277350801097
40,1,41,0.12198,0.0,0.0,745.9986762757915,,,,0,0.0,1,1322.9166666666667,1322.9166666666667,0.0,211.66666666666666,0.0,,,211.35426540797792,1322.9166666666667,1270.0,52.916666666666664,1322.9166666666667,0.0,43.92083333333333,1.0,-0.0,-0.0,0.1640948591820924,138.93364744082768,0.96,881.9444444444445,846.6666666666666,35.27777777777778,1.0,-0.0,-0.0,0.17107232590662755,72.42061796715024,0.96,440.97222222222223,423.3333333333333,17.63888888888889,-0.0,-0.0,1.0,0.271,0.0,0.96,0.0,0.0,0.0,,,,470.6073512178133,1270.0,1174.75,95.25,1270.0,0.0,1.0,-0.0,-0.0,0.4006021291490216,235.3036756089067,0.925,635.0,587.375,47.625,1.0,0.0,0.0,0.4006021291490216,235.3036756089066,0.925,635.0,587.375,47.625,-0.0,-0.0,1.0,0.19716472159924608,0.0,0.88,0.0,0.0,0.0,-0.0,-0.0,1.0,0.19716472159924608,0.0,0.88,0.0,0.0,0.0,1.0,,,0.101,118.64975000000028,1174.75,1174.75,0.0,36.41725000000008,-0.0,,,148.16666666666666,0.0,63.71166666666669,,,,54.61269035,0.0,2.0,745.9986762757915,0.0,0.0,0.0,90.99691853212104
41,1,42,3.78877,0.0,47.32428183,0.0,,,,0,0.0,1,0.0,0.0,0.0,0.0,0.0,,,0.0,0.0,0.0,0.0,0.0,0.0,0.0,-0.0,-0.0,1.0,0.271,0.0,0.96,0.0,0.0,0.0,-0.0,-0.0,1.0,0.271,0.0,0.96,0.0,0.0,0.0,-0.0,-0.0,-0.0,0.271,0.0,0.96,0.0,0.0,0.0,,,,0.0,0.0,0.0,0.0,0.0,0.0,-0.0,-0.0,1.0,0.19716472159924608,0.0,0.88,0.0,0.0,0.0,-0.0,0.0,1.0,0.19716472159924608,0.0,0.88,0.0,0.0,0.0,-0.0,-0.0,-0.0,0.19716472159924608,0.0,0.88,0.0,0.0,0.0,-0.0,-0.0,-0.0,0.19716472159924722,0.0,0.88,0.0,0.0,0.0,1.0,,,0.101,0.0,0.0,0.0,0.0,0.0,-0.0,,,0.0,0.0,0.0,,,,47.32428183,0.0,-0.0,0.0,0.0,0.0,0.0,0.0
42,1,43,5.01894,0.0,31.53080252,0.0,,,,0,0.0,1,0.0,0.0,0.0,0.0,0.0,,,0.0,0.0,0.0,0.0,0.0,0.0,0.0,-0.0,-0.0,-0.0,0.271,0.0,0.96,0.0,0.0,0.0,-0.0,-0.0,-0.0,0.271,0.0,0.96,0.0,0.0,0.0,-0.0,-0.0,-0.0,0.271,0.0,0.96,0.0,0.0,0.0,,,,0.0,0.0,0.0,0.0,0.0,0.0,-0.0,-0.0,-0.0,0.19716472159924608,0.0,0.88,0.0,0.0,0.0,-0.0,0.0,0.0,0.19716472159924608,0.0,0.88,0.0,0.0,0.0,-0.0,-0.0,-0.0,0.19716472159924603,0.0,0.88,0.0,0.0,0.0,-0.0,-0.0,-0.0,0.19716472159924603,0.0,0.88,0.0,0.0,0.0,1.0,,,0.101,0.0,0.0,0.0,0.0,0.0,-0.0,,,0.0,0.0,0.0,,,,31.53080252,0.0,-0.0,0.0,0.0,0.0,0.0,0.0
43,1,44,2.52611,0.0,26.38881691,0.0,,,,0,0.0,1,0.0,0.0,0.0,0.0,0.0,,,0.0,0.0,0.0,0.0,0.0,0.0,0.0,0.0,0.0,-0.0,0.2710000000000001,0.0,0.96,0.0,0.0,0.0,0.0,0.0,-0.0,0.271,0.0,0.96,0.0,0.0,0.0,-0.0,-0.0,-0.0,0.271,0.0,0.96,0.0,0.0,0.0,,,,0.0,0.0,0.0,0.0,0.0,0.0,0.0,0.0,-0.0,0.19716472159924625,0.0,0.88,0.0,0.0,0.0,0.0,0.0,0.0,0.19716472159924603,0.0,0.88,0.0,0.0,0.0,-0.0,-0.0,-0.0,0.19716472159924722,0.0,0.88,0.0,0.0,0.0,-0.0,-0.0,-0.0,0.19716472159924603,0.0,0.88,0.0,0.0,0.0,1.0,,,0.101,0.0,0.0,0.0,0.0,0.0,0.0,,,0.0,0.0,0.0,,,,26.38881691,0.0,0.0,0.0,0.0,0.0,0.0,0.0
44,1,45,0.75581,0.0,0.0,539.2883734558085,,,,0,0.0,1,1083.3333333333333,1083.3333333333333,0.0,173.33333333333334,0.0,,,167.74152777777743,1083.3333333333333,1040.0,43.333333333333336,1083.3333333333333,0.0,35.96666666666667,1.0,1.0,-0.0,0.1612899305555556,83.87076388888892,0.96,541.6666666666666,520.0,21.666666666666668,1.0,1.0,-0.0,0.1612899305555548,83.8707638888885,0.96,541.6666666666666,520.0,21.666666666666668,-0.0,-0.0,-0.0,0.271,0.0,0.96,0.0,0.0,0.0,,,,310.2451121080314,1040.0,915.2,124.8,1040.0,0.0,1.0,1.0,-0.0,0.33899159976839094,155.1225560540157,0.88,520.0,457.6,62.4,1.0,1.0,0.0,0.33899159976839094,155.1225560540157,0.88,520.0,457.6,62.4,-0.0,-0.0,-0.0,0.19716472159924608,0.0,0.88,0.0,0.0,0.0,-0.0,-0.0,-0.0,0.19716472159924603,0.0,0.88,0.0,0.0,0.0,0.0,,,0.101,92.43519999999964,915.2,0.0,915.2,28.371199999999888,1.0,,,1083.3333333333333,0.0,465.8333333333333,,,,31.13346643,0.0,2.0,539.2883734558085,0.0,0.0,0.0,407.5995455416346
45,1,46,0.154,0.0,0.0,539.6640864736991,,,,0,0.0,1,1083.3333333333333,1083.3333333333333,0.0,173.33333333333334,0.0,,,167.74152777777724,1083.3333333333333,1040.0,43.333333333333336,1083.3333333333333,0.0,35.96666666666667,1.0,-0.0,-0.0,0.16128993055555493,83.87076388888858,0.96,541.6666666666666,520.0,21.666666666666668,1.0,-0.0,-0.0,0.16128993055555585,83.87076388888866,0.96,541.6666666666666,520.0,21.666666666666668,0.0,0.0,-0.0,0.27099999999999996,0.0,0.96,0.0,0.0,0.0,,,,310.64189887435873,1040.0,916.1666924907233,123.83330750927666,1040.0,0.0,1.0,-0.0,-0.0,0.33899159976839077,155.12255605401563,0.88,520.0,457.6,62.4,1.0,0.0,0.0,0.33914225644176993,155.51934282034313,0.8818590240206218,520.0,458.5666924907233,61.43330750927669,0.0,0.0,-0.0,0.19716472159924636,0.0,0.88,0.0,0.0,0.0,0.0,0.0,-0.0,0.19716472159924636,0.0,0.8800000000000001,0.0,0.0,0.0,0.0,,,0.101,92.53283594156306,916.1666924907233,0.0,916.1666924907233,28.401167467212424,1.0,,,1083.3333333333333,0.0,465.8333333333333,,,,31.25217612,0.0,2.0,539.664086473699,0.0,0.0,0.0,83.10826931694966
46,1,47,0.12052,0.0,0.0,1564.6241038767043,,,,0,0.0,1,2645.8333333333335,2645.8333333333335,0.0,423.3333333333333,0.0,,,416.80094232163924,2645.8333333333335,2540.0,105.83333333333333,2645.8333333333335,0.0,87.84166666666665,1.0,-0.0,-0.0,0.164094859182099,138.93364744084414,0.96,881.9444444444445,846.6666666666666,35.27777777777778,1.0,-0.0,-0.0,0.16409485918173275,138.93364744039758,0.96,881.9444444444445,846.6666666666666,35.27777777777778,1.0,1.0,-0.0,0.16409485918173256,138.9336474403975,0.96,881.9444444444445,846.6666666666666,35.27777777777778,,,,941.2147024356262,2540.0,2349.5,190.5,2540.0,0.0,1.0,-0.0,-0.0,0.4006021291490216,235.30367560890656,0.925,635.0,587.375,47.625,1.0,0.0,0.0,0.4006021291490216,235.30367560890656,0.925,635.0,587.375,47.625,1.0,1.0,-0.0,0.4006021291490216,235.30367560890656,0.925,635.0,587.375,47.625,1.0,1.0,-0.0,0.4006021291490216,235.30367560890656,0.925,635.0,587.375,47.625,1.0,,,0.101,237.29950000000002,2349.5,2349.5,0.0,72.8345,-0.0,,,296.3333333333333,0.0,127.42333333333909,,,,30.69104088,0.0,4.0,1564.6241038772655,0.0,-0.0,0.0,188.5684969992204
47,1,48,0.11633,0.0,0.0,1570.2821685175459,,,,0,0.0,1,2645.8333333333335,2645.8333333333335,0.0,423.3333333333333,0.0,,,416.80094232165027,2645.8333333333335,2540.0,105.83333333333333,2645.8333333333335,0.0,87.84166666666665,1.0,-0.0,-0.0,0.16409485918209873,138.93364744084343,0.96,881.9444444444445,846.6666666666666,35.27777777777778,1.0,-0.0,-0.0,0.16409485918173516,138.9336474404035,0.96,881.9444444444445,846.6666666666666,35.27777777777778,1.0,-0.0,-0.0,0.1640948591817349,138.9336474404033,0.96,881.9444444444445,846.6666666666666,35.27777777777778,,,,941.2146402263814,2540.0,2349.5,190.5,2540.0,0.0,1.0,-0.0,-0.0,0.4006021291490216,235.30367560890656,0.925,635.0,587.375,47.625,1.0,0.0,0.0,0.4006021291490216,235.30367560890656,0.925,635.0,587.375,47.625,1.0,-0.0,-0.0,0.4006021291490278,235.30367560891023,0.925,635.0,587.375,47.625,1.0,-0.0,-0.0,0.4006020232384048,235.30361339965805,0.925,635.0,587.375,47.625,1.0,,,0.101,237.29950000000002,2349.5,2349.5,0.0,72.8345,-0.0,,,296.3333333333333,0.0,127.42333333335823,,,,25.03291403,0.0,4.0,1570.2821685180318,0.0,-0.0,0.0,182.6709246636461
48,1,49,0.1121,0.0,0.0,1566.186847096742,,,,0,0.0,1,2645.8333333333335,2645.8333333333335,0.0,423.3333333333333,0.0,,,416.8009423216548,2645.8333333333335,2540.0,105.83333333333333,2645.8333333333335,0.0,87.84166666666665,1.0,-0.0,-0.0,0.16409485918209663,138.93364744083792,0.96,881.9444444444445,846.6666666666666,35.27777777777778,1.0,-0.0,-0.0,0.16409485918173697,138.933647440408,0.96,881.9444444444445,846.6666666666666,35.27777777777778,1.0,-0.0,-0.0,0.16409485918173722,138.93364744040886,0.96,881.9444444444445,846.6666666666666,35.27777777777778,,,,941.2147024356262,2540.0,2349.5,190.5,2540.0,0.0,1.0,-0.0,-0.0,0.4006021291490216,235.30367560890656,0.925,635.0,587.375,47.625,1.0,0.0,0.0,0.4006021291490216,235.30367560890656,0.925,635.0,587.375,47.625,1.0,-0.0,-0.0,0.4006021291490216,235.30367560890656,0.925,635.0,587.375,47.625,1.0,-0.0,-0.0,0.4006021291490216,235.30367560890656,0.925,635.0,587.375,47.625,1.0,,,0.101,237.29950000000002,2349.5,2349.5,0.0,72.8345,-0.0,,,296.3333333333333,0.0,127.42333333336576,,,,29.12829766,0.0,4.0,1566.186847097281,0.0,-0.0,0.0,175.5695455595448
49,1,50,0.1119,0.0,0.0,1568.5064601966542,,,,0,0.0,1,2645.8333333333335,2645.8333333333335,0.0,423.3333333333333,0.0,,,416.8009423216554,2645.8333333333335,2540.0,105.83333333333333,2645.8333333333335,0.0,87.84166666666665,1.0,-0.0,-0.0,0.16409485918209557,138.93364744083527,0.96,881.9444444444445,846.6666666666666,35.27777777777778,1.0,-0.0,-0.0,0.16409485918173755,138.9336474404095,0.96,881.9444444444445,846.6666666666666,35.27777777777778,1.0,-0.0,-0.0,0.16409485918173797,138.93364744041057,0.96,881.9444444444445,846.6666666666666,35.27777777777778,,,,941.2147024356262,2540.0,2349.5,190.5,2540.0,0.0,1.0,-0.0,-0.0,0.4006021291490216,235.30367560890656,0.925,635.0,587.375,47.625,1.0,0.0,0.0,0.4006021291490216,235.30367560890656,0.925,635.0,587.375,47.625,1.0,-0.0,-0.0,0.4006021291490216,235.30367560890656,0.925,635.0,587.375,47.625,1.0,-0.0,-0.0,0.4006021291490216,235.30367560890656,0.925,635.0,587.375,47.625,1.0,,,0.101,237.29950000000002,2349.5,2349.5,0.0,72.8345,-0.0,,,296.3333333333333,0.0,127.42333333336597,,,,26.80868456,0.0,4.0,1568.5064601972817,0.0,-0.0,0.0,175.5158728960056
50,1,51,0.11243,0.0,0.0,1568.4855362616584,,,,0,0.0,1,2645.8333333333335,2645.8333333333335,0.0,423.3333333333333,0.0,,,416.80094232203373,2645.8333333333335,2540.0,105.83333333333333,2645.8333333333335,0.0,87.84166666666665,1.0,-0.0,-0.0,0.16409485918209377,138.93364744083038,0.96,881.9444444444445,846.6666666666666,35.27777777777778,1.0,-0.0,-0.0,0.16409485918173317,138.93364744040463,0.96,881.9444444444445,846.6666666666666,35.27777777777778,1.0,-0.0,-0.0,0.16409485918205602,138.93364744079875,0.96,881.9444444444445,846.6666666666666,35.27777777777778,,,,940.7022934596404,2540.0,2348.7948532671694,190.4667647474962,2539.2616180146656,0.7383819853343994,1.0,-0.0,-0.0,0.4006021291490216,235.30367560890656,0.925,635.0,587.375,47.625,1.0,0.0,0.0,0.40047049316261324,235.13074780529396,0.9249825574940542,634.7538726715537,587.136260522989,47.61761214856472,1.0,-0.0,-0.0,0.40047049316261324,235.13074780529388,0.9249825574940542,634.7538726715535,587.1362605229888,47.61761214856472,1.0,-0.0,-0.0,0.4004737982043057,235.1371222401459,0.925,634.7538726715584,587.1473322211916,47.606540450366765,1.0,,,0.101,237.22828017998413,2348.7948532671694,2348.7948532671694,0.0,72.81264045128225,-0.0,,,297.038480066164,0.0,127.72654642845053,,,,26.2459797,0.0,4.0,1568.4855362616581,0.0,-0.0,0.0,176.34482884189825
51,1,52,0.11364,0.0,0.0,1568.2895851775506,,,,0,0.0,1,2645.8333333333335,2645.8333333333335,0.0,423.3333333333333,0.0,,,416.8009423220313,2645.8333333333335,2540.0,105.83333333333333,2645.8333333333335,0.0,87.84166666666665,1.0,-0.0,-0.0,0.16409485918209338,138.9336474408295,0.96,881.9444444444445,846.6666666666666,35.27777777777778,1.0,-0.0,-0.0,0.16409485918172997,138.93364744040133,0.96,881.9444444444445,846.6666666666666,35.27777777777778,1.0,-0.0,-0.0,0.16409485918205685,138.93364744080048,0.96,881.9444444444445,846.6666666666666,35.27777777777778,,,,941.2147024356262,2540.0,2349.5,190.5,2540.0,0.0,1.0,-0.0,-0.0,0.4006021291490216,235.30367560890656,0.925,635.0,587.375,47.625,1.0,0.0,0.0,0.4006021291490216,235.30367560890656,0.925,635.0,587.375,47.625,1.0,-0.0,-0.0,0.4006021291490216,235.30367560890656,0.925,635.0,587.375,47.625,1.0,-0.0,-0.0,0.4006021291490216,235.30367560890656,0.925,635.0,587.375,47.625,1.0,,,0.101,237.29950000000002,2349.5,2349.5,0.0,72.8345,-0.0,,,296.3333333333333,0.0,127.42333333333399,,,,27.02555958,0.0,4.0,1568.2895851776577,0.0,-0.0,0.0,178.22042845957685
52,1,53,0.11658,0.0,0.0,1564.3194740472582,,,,0,0.0,1,2645.8333333333335,2645.8333333333335,0.0,423.3333333333333,0.0,,,416.8009423220234,2645.8333333333335,2540.0,105.83333333333333,2645.8333333333335,0.0,87.84166666666665,1.0,-0.0,-0.0,0.16409485918209296,138.9336474408284,0.96,881.9444444444445,846.6666666666666,35.27777777777778,1.0,-0.0,-0.0,0.16409485918172648,138.93364744039746,0.96,881.9444444444445,846.6666666666666,35.27777777777778,1.0,-0.0,-0.0,0.16409485918205413,138.93364744079756,0.96,881.9444444444445,846.6666666666666,35.27777777777778,,,,941.2147024356262,2540.0,2349.5,190.5,2540.0,0.0,1.0,-0.0,-0.0,0.4006021291490216,235.30367560890656,0.925,635.0,587.375,47.625,1.0,0.0,0.0,0.4006021291490216,235.30367560890656,0.925,635.0,587.375,47.625,1.0,-0.0,-0.0,0.4006021291490216,235.30367560890656,0.925,635.0,587.375,47.625,1.0,-0.0,-0.0,0.4006021291490216,235.30367560890656,0.925,635.0,587.375,47.625,1.0,,,0.101,237.29950000000002,2349.5,2349.5,0.0,72.8345,-0.0,,,296.3333333333333,0.0,127.42333333333359,,,,30.99567071,0.0,4.0,1564.3194740476497,0.0,-0.0,0.0,182.36836428442936
53,1,54,0.12222,0.0,0.0,1543.413335406894,,,,0,0.0,1,2645.8333333333335,2645.8333333333335,0.0,423.3333333333333,0.0,,,416.80094232201566,2645.8333333333335,2540.0,105.83333333333333,2645.8333333333335,0.0,87.84166666666665,1.0,-0.0,-0.0,0.16409485918209263,138.9336474408276,0.96,881.9444444444445,846.6666666666666,35.27777777777778,1.0,-0.0,-0.0,0.16409485918172356,138.93364744039442,0.96,881.9444444444445,846.6666666666666,35.27777777777778,1.0,-0.0,-0.0,0.16409485918205044,138.9336474407936,0.96,881.9444444444445,846.6666666666666,35.27777777777778,,,,941.2147024356262,2540.0,2349.5,190.5,2540.0,0.0,1.0,-0.0,-0.0,0.4006021291490216,235.30367560890656,0.925,635.0,587.375,47.625,1.0,0.0,0.0,0.4006021291490216,235.30367560890656,0.925,635.0,587.375,47.625,1.0,-0.0,-0.0,0.4006021291490216,235.30367560890656,0.925,635.0,587.375,47.625,1.0,-0.0,-0.0,0.4006021291490216,235.30367560890656,0.925,635.0,587.375,47.625,1.0,,,0.101,237.29950000000002,2349.5,2349.5,0.0,72.8345,-0.0,,,296.3333333333333,0.0,127.42333333333399,,,,51.90180935,0.0,4.0,1543.413335407642,0.0,-0.0,0.0,188.63597785343057
54,1,55,0.11102,0.0,0.0,1549.2320135175028,,,,0,0.0,1,2645.8333333333335,2645.8333333333335,0.0,423.3333333333333,0.0,,,416.8009423219952,2645.8333333333335,2540.0,105.83333333333333,2645.8333333333335,0.0,87.84166666666665,1.0,-0.0,-0.0,0.16409485918209218,138.9336474408264,0.96,881.9444444444445,846.6666666666666,35.27777777777778,1.0,-0.0,-0.0,0.16409485918171207,138.933647440384,0.96,881.9444444444445,846.6666666666666,35.27777777777778,1.0,-0.0,-0.0,0.16409485918204086,138.9336474407848,0.96,881.9444444444445,846.6666666666666,35.27777777777778,,,,941.2147024356262,2540.0,2349.5,190.5,2540.0,0.0,1.0,-0.0,-0.0,0.4006021291490216,235.30367560890656,0.925,635.0,587.375,47.625,1.0,0.0,0.0,0.4006021291490216,235.30367560890656,0.925,635.0,587.375,47.625,1.0,-0.0,-0.0,0.4006021291490216,235.30367560890656,0.925,635.0,587.375,47.625,1.0,-0.0,-0.0,0.4006021291490216,235.30367560890656,0.925,635.0,587.375,47.625,1.0,,,0.101,237.29950000000002,2349.5,2349.5,0.0,72.8345,-0.0,,,296.3333333333333,0.0,127.42333333334396,,,,46.08313124,0.0,4.0,1549.2320135176215,0.0,-0.0,0.0,171.99573814071314
55,1,56,0.10411,0.0,0.0,1547.2800597169637,,,,0,0.0,1,2645.8333333333335,2645.8333333333335,0.0,423.3333333333333,0.0,,,416.8009423219595,2645.8333333333335,2540.0,105.83333333333333,2645.8333333333335,0.0,87.84166666666665,1.0,-0.0,-0.0,0.16409485918209124,138.93364744082396,0.96,881.9444444444445,846.6666666666666,35.27777777777778,1.0,-0.0,-0.0,0.16409485918170197,138.93364744037376,0.96,881.9444444444445,846.6666666666666,35.27777777777778,1.0,-0.0,-0.0,0.1640948591820181,138.9336474407618,0.96,881.9444444444445,846.6666666666666,35.27777777777778,,,,941.2147024356262,2540.0,2349.5,190.5,2540.0,0.0,1.0,-0.0,-0.0,0.4006021291490216,235.30367560890656,0.925,635.0,587.375,47.625,1.0,0.0,0.0,0.4006021291490216,235.30367560890656,0.925,635.0,587.375,47.625,1.0,-0.0,-0.0,0.4006021291490216,235.30367560890656,0.925,635.0,587.375,47.625,1.0,-0.0,-0.0,0.4006021291490216,235.30367560890656,0.925,635.0,587.375,47.625,1.0,,,0.101,237.29950000000002,2349.5,2349.5,0.0,72.8345,-0.0,,,296.3333333333333,0.0,127.42333333326005,,,,48.03508504,0.0,4.0,1547.2800597175858,0.0,-0.0,0.0,161.08732701713308
56,1,57,0.0968,0.0,0.0,1548.7233516967701,,,,0,0.0,1,2645.8333333333335,2645.8333333333335,0.0,423.3333333333333,0.0,,,416.8009423219173,2645.8333333333335,2540.0,105.83333333333333,2645.8333333333335,0.0,87.84166666666665,1.0,-0.0,-0.0,0.16409485918208977,138.93364744082007,0.96,881.9444444444445,846.6666666666666,35.27777777777778,1.0,-0.0,-0.0,0.1640948591816909,138.93364744036168,0.96,881.9444444444445,846.6666666666666,35.27777777777778,1.0,-0.0,-0.0,0.16409485918199443,138.9336474407356,0.96,881.9444444444445,846.6666666666666,35.27777777777778,,,,941.214702435633,2540.0,2349.5,190.5,2540.0,0.0,1.0,-0.0,-0.0,0.4006021291490216,235.30367560890656,0.925,635.0,587.375,47.625,1.0,0.0,0.0,0.40060212914902593,235.30367560890912,0.925,635.0,587.375,47.625,1.0,-0.0,-0.0,0.4006021291490287,235.30367560891074,0.925,635.0,587.375,47.625,1.0,-0.0,-0.0,0.4006021291490216,235.30367560890656,0.925,635.0,587.375,47.625,1.0,,,0.101,237.29950000000002,2349.5,2349.5,0.0,72.8345,-0.0,,,296.3333333333333,0.0,127.42333333329937,,,,46.59179306,0.0,4.0,1548.7233516975502,0.0,-0.0,0.0,149.91642044424734
57,1,58,0.08604,0.0,0.0,1547.6838343269533,,,,0,0.0,1,2645.8333333333335,2645.8333333333335,0.0,423.3333333333333,0.0,,,416.80094232186525,2645.8333333333335,2540.0,105.83333333333333,2645.8333333333335,0.0,87.84166666666665,1.0,-0.0,-0.0,0.1640948591820875,138.93364744081404,0.96,881.9444444444445,846.6666666666666,35.27777777777778,1.0,-0.0,-0.0,0.1640948591816673,138.9336474403375,0.96,881.9444444444445,846.6666666666666,35.27777777777778,1.0,-0.0,-0.0,0.1640948591819726,138.93364744071366,0.96,881.9444444444445,846.6666666666666,35.27777777777778,,,,941.2147024355384,2540.0,2349.5,190.5,2540.0,0.0,1.0,-0.0,-0.0,0.4006021291488718,235.30367560881857,0.925,635.0,587.375,47.625,1.0,0.0,0.0,0.4006021291490216,235.30367560890656,0.925,635.0,587.375,47.625,1.0,-0.0,-0.0,0.4006021291490216,235.3036756089066,0.925,635.0,587.375,47.625,1.0,-0.0,-0.0,0.4006021291490216,235.30367560890656,0.925,635.0,587.375,47.625,1.0,,,0.101,237.29950000000002,2349.5,2349.5,0.0,72.8345,-0.0,,,296.3333333333333,0.0,127.42333333327859,,,,47.63131043,0.0,4.0,1547.6838343274037,0.0,-0.0,0.0,133.16271710549105
58,1,59,0.08438,0.0,0.0,1548.8270380069353,,,,0,0.0,1,2645.8333333333335,2645.8333333333335,0.0,423.3333333333333,0.0,,,416.80094232180227,2645.8333333333335,2540.0,105.83333333333333,2645.8333333333335,0.0,87.84166666666665,1.0,-0.0,-0.0,0.16409485918208594,138.9336474408101,0.96,881.9444444444445,846.6666666666666,35.27777777777778,1.0,-0.0,-0.0,0.16409485918163905,138.93364744030748,0.96,881.9444444444445,846.6666666666666,35.27777777777778,1.0,-0.0,-0.0,0.16409485918194536,138.9336474406847,0.96,881.9444444444445,846.6666666666666,35.27777777777778,,,,941.2147024355371,2540.0,2349.5,190.5,2540.0,0.0,1.0,-0.0,-0.0,0.4006021291488698,235.3036756088174,0.925,635.0,587.375,47.625,1.0,0.0,0.0,0.4006021291490216,235.30367560890656,0.925,635.0,587.375,47.625,1.0,-0.0,-0.0,0.4006021291490216,235.30367560890656,0.925,635.0,587.375,47.625,1.0,-0.0,-0.0,0.4006021291490216,235.30367560890656,0.925,635.0,587.375,47.625,1.0,,,0.101,237.29950000000002,2349.5,2349.5,0.0,72.8345,-0.0,,,296.3333333333333,0.0,127.42333333327146,,,,46.48810675,0.0,4.0,1548.8270380073395,0.0,-0.0,0.0,130.69002546702518
59,1,60,0.08311,0.0,0.0,1546.845390076869,,,,0,0.0,1,2645.8333333333335,2645.8333333333335,0.0,423.3333333333333,0.0,,,416.8009423217428,2645.8333333333335,2540.0,105.83333333333333,2645.8333333333335,0.0,87.84166666666665,1.0,-0.0,-0.0,0.1640948591820841,138.93364744080537,0.96,881.9444444444445,846.6666666666666,35.27777777777778,1.0,-0.0,-0.0,0.16409485918161462,138.93364744028105,0.96,881.9444444444445,846.6666666666666,35.27777777777778,1.0,-0.0,-0.0,0.16409485918191877,138.93364744065642,0.96,881.9444444444445,846.6666666666666,35.27777777777778,,,,941.2147024355415,2540.0,2349.5,190.5,2540.0,0.0,1.0,-0.0,-0.0,0.4006021291490216,235.30367560890656,0.925,635.0,587.375,47.625,1.0,0.0,0.0,0.4006021291488759,235.30367560882098,0.925,635.0,587.375,47.625,1.0,-0.0,-0.0,0.4006021291490216,235.30367560890656,0.925,635.0,587.375,47.625,1.0,-0.0,-0.0,0.4006021291490231,235.30367560890744,0.925,635.0,587.375,47.625,1.0,,,0.101,237.29950000000002,2349.5,2349.5,0.0,72.8345,-0.0,,,296.3333333333333,0.0,127.4233333332629,,,,48.46975468,0.0,4.0,1546.8453900772845,0.0,-0.0,0.0,128.5583203692886
60,1,61,0.08861,0.0,0.0,1546.8853874166027,,,,0,0.0,1,2645.8333333333335,2645.8333333333335,0.0,423.3333333333333,0.0,,,416.8009423216977,2645.8333333333335,2540.0,105.83333333333333,2645.8333333333335,0.0,87.84166666666665,1.0,-0.0,-0.0,0.16409485918208283,138.93364744080202,0.96,881.9444444444445,846.6666666666666,35.27777777777778,1.0,-0.0,-0.0,0.16409485918160366,138.93364744026985,0.96,881.9444444444445,846.6666666666666,35.27777777777778,1.0,-0.0,-0.0,0.16409485918188896,138.93364744062583,0.96,881.9444444444445,846.6666666666666,35.27777777777778,,,,941.2147024355409,2540.0,2349.5,190.5,2540.0,0.0,1.0,-0.0,-0.0,0.4006021291488762,235.30367560882118,0.925,635.0,587.375,47.625,1.0,0.0,0.0,0.4006021291490216,235.30367560890656,0.925,635.0,587.375,47.625,1.0,-0.0,-0.0,0.4006021291490216,235.30367560890656,0.925,635.0,587.375,47.625,1.0,-0.0,-0.0,0.4006021291490216,235.30367560890656,0.925,635.0,587.375,47.625,1.0,,,0.101,237.29950000000002,2349.5,2349.5,0.0,72.8345,-0.0,,,296.3333333333333,0.0,127.4233333332566,,,,48.42975734,0.0,4.0,1546.8853874172387,0.0,-0.0,0.0,137.06951417898514
61,1,62,0.094,0.0,0.0,1544.0743006369562,,,,0,0.0,1,2645.8333333333335,2645.8333333333335,0.0,423.3333333333333,0.0,,,416.80094232165163,2645.8333333333335,2540.0,105.83333333333333,2645.8333333333335,0.0,87.84166666666665,1.0,-0.0,-0.0,0.16409485918207858,138.93364744079093,0.96,881.9444444444445,846.6666666666666,35.27777777777778,1.0,-0.0,-0.0,0.16409485918159344,138.93364744025843,0.96,881.9444444444445,846.6666666666666,35.27777777777778,1.0,-0.0,-0.0,0.16409485918186859,138.9336474406023,0.96,881.9444444444445,846.6666666666666,35.27777777777778,,,,941.2147024356262,2540.0,2349.5,190.5,2540.0,0.0,1.0,-0.0,-0.0,0.4006021291490216,235.30367560890656,0.925,635.0,587.375,47.625,1.0,0.0,0.0,0.4006021291490216,235.30367560890656,0.925,635.0,587.375,47.625,1.0,-0.0,-0.0,0.4006021291490216,235.30367560890656,0.925,635.0,587.375,47.625,1.0,-0.0,-0.0,0.4006021291490216,235.30367560890656,0.925,635.0,587.375,47.625,1.0,,,0.101,237.29950000000002,2349.5,2349.5,0.0,72.8345,-0.0,,,296.3333333333333,0.0,127.42333333323622,,,,51.24084412,0.0,4.0,1544.074300637278,0.0,-0.0,0.0,145.14298425987388
62,1,63,0.10181,0.0,0.0,1544.5084338466345,,,,0,0.0,1,2645.8333333333335,2645.8333333333335,0.0,423.3333333333333,0.0,,,416.8009423216271,2645.8333333333335,2540.0,105.83333333333333,2645.8333333333335,0.0,87.84166666666665,1.0,-0.0,-0.0,0.1640948591820772,138.93364744078724,0.96,881.9444444444445,846.6666666666666,35.27777777777778,1.0,-0.0,-0.0,0.1640948591815813,138.93364744024555,0.96,881.9444444444445,846.6666666666666,35.27777777777778,1.0,-0.0,-0.0,0.16409485918186115,138.93364744059429,0.96,881.9444444444445,846.6666666666666,35.27777777777778,,,,941.2147024356271,2540.0,2349.5,190.5,2540.0,0.0,1.0,-0.0,-0.0,0.4006021291490216,235.30367560890656,0.925,635.0,587.375,47.625,1.0,0.0,0.0,0.4006021291490231,235.30367560890744,0.925,635.0,587.375,47.625,1.0,-0.0,-0.0,0.4006021291490216,235.30367560890656,0.925,635.0,587.375,47.625,1.0,-0.0,-0.0,0.4006021291490216,235.30367560890656,0.925,635.0,587.375,47.625,1.0,,,0.101,237.29950000000002,2349.5,2349.5,0.0,72.8345,-0.0,,,296.3333333333333,0.0,127.42333333322908,,,,50.80671091,0.0,4.0,1544.5084338472543,0.0,-0.0,0.0,157.24640364992587
63,1,64,0.10382,0.0,0.0,1545.356961946398,,,,0,0.0,1,2645.8333333333335,2645.8333333333335,0.0,423.3333333333333,0.0,,,416.80094232160394,2645.8333333333335,2540.0,105.83333333333333,2645.8333333333335,0.0,87.84166666666665,1.0,-0.0,-0.0,0.16409485918207575,138.93364744078357,0.96,881.9444444444445,846.6666666666666,35.27777777777778,1.0,-0.0,-0.0,0.16409485918156919,138.93364744023276,0.96,881.9444444444445,846.6666666666666,35.27777777777778,1.0,-0.0,-0.0,0.16409485918185487,138.9336474405876,0.96,881.9444444444445,846.6666666666666,35.27777777777778,,,,941.2147024355345,2540.0,2349.5,190.5,2540.0,0.0,1.0,-0.0,-0.0,0.4006021291490216,235.30367560890656,0.925,635.0,587.375,47.625,1.0,0.0,0.0,0.4006021291490216,235.30367560890656,0.925,635.0,587.375,47.625,1.0,-0.0,-0.0,0.4006021291490216,235.30367560890656,0.925,635.0,587.375,47.625,1.0,-0.0,-0.0,0.4006021291488655,235.30367560881487,0.925,635.0,587.375,47.625,1.0,,,0.101,237.29950000000002,2349.5,2349.5,0.0,72.8345,-0.0,,,296.3333333333333,0.0,127.42333333322277,,,,49.95818281,0.0,4.0,1545.3569619471386,0.0,-0.0,0.0,160.43895978927503
64,1,65,0.12198,0.0,0.0,756.3794178656286,,,,0,0.0,1,1322.9166666666667,1322.9166666666667,0.0,211.66666666666666,0.0,,,211.3542654079552,1322.9166666666667,1270.0,52.916666666666664,1322.9166666666667,0.0,43.92083333333333,1.0,-0.0,-0.0,0.16409485918207573,138.93364744078363,0.96,881.9444444444445,846.6666666666666,35.27777777777778,1.0,-0.0,-0.0,0.1710723259066046,72.42061796717157,0.96,440.97222222222223,423.3333333333333,17.63888888888889,-0.0,-0.0,1.0,0.271,0.0,0.96,0.0,0.0,0.0,,,,470.6073512178141,1270.0,1174.75,95.25,1270.0,0.0,1.0,-0.0,-0.0,0.40060212914902327,235.30367560890755,0.925,635.0,587.375,47.625,1.0,0.0,0.0,0.4006021291490216,235.30367560890656,0.925,635.0,587.375,47.625,-0.0,-0.0,1.0,0.19716472159924608,0.0,0.88,0.0,0.0,0.0,-0.0,-0.0,1.0,0.19716472159924608,0.0,0.88,0.0,0.0,0.0,1.0,,,0.101,118.64975000000001,1174.75,1174.75,0.0,36.41725,-0.0,,,148.16666666666666,0.0,63.71166666666669,,,,44.23194876,0.0,2.0,756.3794178657693,0.0,0.0,0.0,92.26316139124938
65,1,66,3.78877,0.0,40.61210682,0.0,,,,0,0.0,1,0.0,0.0,0.0,0.0,0.0,,,0.0,0.0,0.0,0.0,0.0,0.0,0.0,-0.0,-0.0,1.0,0.271,0.0,0.96,0.0,0.0,0.0,-0.0,-0.0,1.0,0.271,0.0,0.96,0.0,0.0,0.0,-0.0,-0.0,-0.0,0.271,0.0,0.96,0.0,0.0,0.0,,,,0.0,0.0,0.0,0.0,0.0,0.0,-0.0,-0.0,1.0,0.19716472159924608,0.0,0.88,0.0,0.0,0.0,-0.0,0.0,1.0,0.19716472159924608,0.0,0.88,0.0,0.0,0.0,-0.0,-0.0,-0.0,0.19716472159924728,0.0,0.88,0.0,0.0,0.0,-0.0,-0.0,-0.0,0.19716472159924728,0.0,0.88,0.0,0.0,0.0,1.0,,,0.101,0.0,0.0,0.0,0.0,0.0,-0.0,,,0.0,0.0,0.0,,,,40.61210682,0.0,-0.0,0.0,0.0,0.0,0.0,0.0
66,1,67,5.01894,0.0,30.05652419,0.0,,,,0,0.0,1,0.0,0.0,0.0,0.0,0.0,,,0.0,0.0,0.0,0.0,0.0,0.0,0.0,-0.0,-0.0,-0.0,0.271,0.0,0.96,0.0,0.0,0.0,-0.0,-0.0,-0.0,0.271,0.0,0.96,0.0,0.0,0.0,-0.0,-0.0,-0.0,0.271,0.0,0.96,0.0,0.0,0.0,,,,0.0,0.0,0.0,0.0,0.0,0.0,-0.0,-0.0,-0.0,0.19716472159924603,0.0,0.88,0.0,0.0,0.0,-0.0,0.0,0.0,0.19716472159924603,0.0,0.88,0.0,0.0,0.0,-0.0,-0.0,-0.0,0.19716472159924603,0.0,0.88,0.0,0.0,0.0,-0.0,-0.0,-0.0,0.19716472159924728,0.0,0.88,0.0,0.0,0.0,1.0,,,0.101,0.0,0.0,0.0,0.0,0.0,-0.0,,,0.0,0.0,0.0,,,,30.05652419,0.0,-0.0,0.0,0.0,0.0,0.0,0.0
67,1,68,2.52611,0.0,25.47338594,0.0,,,,0,0.0,1,0.0,0.0,0.0,0.0,0.0,,,0.0,0.0,0.0,0.0,0.0,0.0,0.0,-0.0,-0.0,-0.0,0.271,0.0,0.96,0.0,0.0,0.0,-0.0,-0.0,-0.0,0.271,0.0,0.96,0.0,0.0,0.0,-0.0,-0.0,-0.0,0.271,0.0,0.96,0.0,0.0,0.0,,,,0.0,0.0,0.0,0.0,0.0,0.0,-0.0,-0.0,-0.0,0.19716472159924608,0.0,0.88,0.0,0.0,0.0,-0.0,0.0,0.0,0.19716472159924608,0.0,0.88,0.0,0.0,0.0,-0.0,-0.0,-0.0,0.19716472159924608,0.0,0.88,0.0,0.0,0.0,-0.0,-0.0,-0.0,0.19716472159924603,0.0,0.88,0.0,0.0,0.0,1.0,,,0.101,0.0,0.0,0.0,0.0,0.0,-0.0,,,0.0,0.0,0.0,,,,25.47338594,0.0,-0.0,0.0,0.0,0.0,0.0,0.0
68,1,69,0.75581,0.0,0.0,546.0440409024754,,,,0,0.0,1,1083.3333333333333,1083.3333333333333,0.0,173.33333333333334,0.0,,,169.09525238444428,1083.3333333333333,1040.0,43.333333333333336,1083.3333333333333,0.0,35.96666666666667,1.0,1.0,-0.0,0.15610587775000004,97.9345834652399,0.96,653.5,627.36,26.140000000000022,1.0,1.0,-0.0,0.1724521833055556,71.1606689192044,0.96,429.8333333333333,412.64,17.19333333333335,-0.0,-0.0,-0.0,0.271,0.0,0.96,0.0,0.0,0.0,,,,310.24511210803144,1040.0,915.2,124.8,1040.0,0.0,1.0,1.0,-0.0,0.33899159976839094,155.1225560540157,0.88,520.0,457.6,62.4,1.0,1.0,0.0,0.3389915997683911,155.12255605401577,0.88,520.0,457.6,62.4,-0.0,-0.0,-0.0,0.19716472159924603,0.0,0.88,0.0,0.0,0.0,-0.0,-0.0,-0.0,0.19716472159924608,0.0,0.88,0.0,0.0,0.0,0.0,,,0.101,92.43520000000001,915.2,0.0,915.2,28.3712,1.0,,,1083.3333333333333,0.0,465.8333333333333,,,,25.73152359,0.0,2.0,546.0440409024757,0.0,0.0,0.0,412.70554655449996
69,1,70,0.154,0.0,0.0,544.219424711856,,,,0,0.0,1,1083.3333333333333,1083.3333333333333,0.0,173.33333333333334,0.0,,,169.09525238444428,1083.3333333333333,1040.0,43.333333333333336,1083.3333333333333,0.0,35.96666666666667,1.0,-0.0,-0.0,0.15610587775000004,97.9345834652399,0.96,653.5,627.36,26.140000000000022,1.0,-0.0,-0.0,0.1724521833055556,71.1606689192044,0.96,429.8333333333333,412.64,17.19333333333335,-0.0,-0.0,-0.0,0.271,0.0,0.96,0.0,0.0,0.0,,,,310.24493879741215,1040.0,915.2,124.8,1040.0,0.0,1.0,-0.0,-0.0,0.3389914103992703,155.12246939870607,0.88,520.0,457.6,62.4,1.0,0.0,0.0,0.3389914103992703,155.12246939870607,0.88,520.0,457.6,62.4,-0.0,-0.0,-0.0,0.19716472159924603,0.0,0.88,0.0,0.0,0.0,-0.0,-0.0,-0.0,0.19716472159924603,0.0,0.88,0.0,0.0,0.0,0.0,,,0.101,92.43520000000001,915.2,0.0,915.2,28.3712,1.0,,,1083.3333333333333,0.0,465.8333333333333,,,,27.55596647,0.0,2.0,544.2194247118564,0.0,0.0,0.0,83.80979140562583
70,1,71,0.12052,0.0,0.0,1568.151814307869,,,,0,0.0,1,2645.8333333333335,2645.8333333333335,0.0,423.3333333333333,0.0,,,416.8009423225053,2645.8333333333335,2540.0,105.83333333333333,2645.8333333333335,0.0,87.84166666666665,1.0,-0.0,-0.0,0.1640948591820939,138.93364744083092,0.96,881.9444444444445,846.6666666666666,35.27777777777778,1.0,-0.0,-0.0,0.16409485918209618,138.93364744083684,0.96,881.9444444444445,846.6666666666666,35.27777777777778,1.0,1.0,-0.0,0.16409485918209646,138.93364744083752,0.96,881.9444444444445,846.6666666666666,35.27777777777778,,,,941.2147024356265,2540.0,2349.5,190.5,2540.0,0.0,1.0,-0.0,-0.0,0.4006021291490216,235.30367560890656,0.925,635.0,587.375,47.625,1.0,0.0,0.0,0.4006021291490218,235.3036756089067,0.925,635.0,587.375,47.625,1.0,1.0,-0.0,0.4006021291490216,235.30367560890656,0.925,635.0,587.375,47.625,1.0,1.0,-0.0,0.4006021291490216,235.30367560890656,0.925,635.0,587.375,47.625,1.0,,,0.101,237.29950000000002,2349.5,2349.5,0.0,72.8345,-0.0,,,296.3333333333333,0.0,127.42333333328632,,,,27.16333045,0.0,4.0,1568.1518143081316,0.0,-0.0,0.0,188.99365666038437
71,1,72,0.11633,0.0,0.0,1568.5788094680183,,,,0,0.0,1,2645.8333333333335,2645.8333333333335,0.0,423.3333333333333,0.0,,,416.8009423225048,2645.8333333333335,2540.0,105.83333333333333,2645.8333333333335,0.0,87.84166666666665,1.0,-0.0,-0.0,0.16409485918209435,138.93364744083198,0.96,881.9444444444445,846.6666666666666,35.27777777777778,1.0,-0.0,-0.0,0.1640948591820959,138.93364744083593,0.96,881.9444444444445,846.6666666666666,35.27777777777778,1.0,-0.0,-0.0,0.16409485918209624,138.93364744083686,0.96,881.9444444444445,846.6666666666666,35.27777777777778,,,,941.2147024356258,2540.0,2349.5,190.5,2540.0,0.0,1.0,-0.0,-0.0,0.40060212914902044,235.30367560890588,0.925,635.0,587.375,47.625,1.0,0.0,0.0,0.4006021291490218,235.3036756089067,0.925,635.0,587.375,47.625,1.0,-0.0,-0.0,0.4006021291490216,235.30367560890656,0.925,635.0,587.375,47.625,1.0,-0.0,-0.0,0.4006021291490216,235.30367560890656,0.925,635.0,587.375,47.625,1.0,,,0.101,237.29950000000002,2349.5,2349.5,0.0,72.8345,-0.0,,,296.3333333333333,0.0,127.4233333332849,,,,26.73633529,0.0,4.0,1568.5788094681307,0.0,-0.0,0.0,182.4727729054146
72,1,73,0.1121,0.0,0.0,1566.8022963680562,,,,0,0.0,1,2645.8333333333335,2645.8333333333335,0.0,423.3333333333333,0.0,,,416.8009423225049,2645.8333333333335,2540.0,105.83333333333333,2645.8333333333335,0.0,87.84166666666665,1.0,-0.0,-0.0,0.16409485918209402,138.93364744083107,0.96,881.9444444444445,846.6666666666666,35.27777777777778,1.0,-0.0,-0.0,0.16409485918209546,138.93364744083487,0.96,881.9444444444445,846.6666666666666,35.27777777777778,1.0,-0.0,-0.0,0.164094859182097,138.93364744083897,0.96,881.9444444444445,846.6666666666666,35.27777777777778,,,,941.2147024356261,2540.0,2349.5,190.5,2540.0,0.0,1.0,-0.0,-0.0,0.4006021291490228,235.30367560890727,0.925,635.0,587.375,47.625,1.0,0.0,0.0,0.4006021291490202,235.30367560890573,0.925,635.0,587.375,47.625,1.0,-0.0,-0.0,0.4006021291490216,235.30367560890656,0.925,635.0,587.375,47.625,1.0,-0.0,-0.0,0.4006021291490216,235.30367560890656,0.925,635.0,587.375,47.625,1.0,,,0.101,237.29950000000002,2349.5,2349.5,0.0,72.8345,-0.0,,,296.3333333333333,0.0,127.4233333332851,,,,28.51284839,0.0,4.0,1566.802296368131,0.0,-0.0,0.0,175.63853742285912
73,1,74,0.1119,0.0,0.0,1567.2160189979531,,,,0,0.0,1,2645.8333333333335,2645.8333333333335,0.0,423.3333333333333,0.0,,,416.80094232252594,2645.8333333333335,2540.0,105.83333333333333,2645.8333333333335,0.0,87.84166666666665,1.0,-0.0,-0.0,0.16409485918209735,138.93364744083968,0.96,881.9444444444445,846.6666666666666,35.27777777777778,1.0,-0.0,-0.0,0.16409485918209804,138.9336474408417,0.96,881.9444444444445,846.6666666666666,35.27777777777778,1.0,-0.0,-0.0,0.16409485918209915,138.9336474408446,0.96,881.9444444444445,846.6666666666666,35.27777777777778,,,,941.2147024356262,2540.0,2349.5,190.5,2540.0,0.0,1.0,-0.0,-0.0,0.4006021291490216,235.30367560890656,0.925,635.0,587.375,47.625,1.0,0.0,0.0,0.4006021291490216,235.30367560890656,0.925,635.0,587.375,47.625,1.0,-0.0,-0.0,0.4006021291490216,235.30367560890656,0.925,635.0,587.375,47.625,1.0,-0.0,-0.0,0.4006021291490216,235.30367560890656,0.925,635.0,587.375,47.625,1.0,,,0.101,237.29950000000002,2349.5,2349.5,0.0,72.8345,-0.0,,,296.3333333333333,0.0,127.42333333332401,,,,28.09912576,0.0,4.0,1567.216018998152,0.0,-0.0,0.0,175.37147252587096
74,1,75,0.11243,0.0,0.0,1568.4363914458097,,,,0,0.0,1,2645.8333333333335,2645.8333333333335,0.0,423.3333333333333,0.0,,,416.8009423217669,2645.8333333333335,2540.0,105.83333333333333,2645.8333333333335,0.0,87.84166666666665,1.0,-0.0,-0.0,0.1640948591820975,138.93364744084028,0.96,881.9444444444445,846.6666666666666,35.27777777777778,1.0,-0.0,-0.0,0.16409485918178723,138.93364744046193,0.96,881.9444444444445,846.6666666666666,35.27777777777778,1.0,-0.0,-0.0,0.16409485918178932,138.9336474404647,0.96,881.9444444444445,846.6666666666666,35.27777777777778,,,,941.1982539033515,2540.0,2349.478282680111,190.49943910563945,2539.9777217857504,0.022278214235484484,1.0,-0.0,-0.0,0.4005988311710217,235.29956347583806,0.9249995629994316,634.994430446438,587.3695706700281,47.624859776409835,1.0,0.0,0.0,0.4005988311710217,235.29956347583789,0.9249995629994316,634.9944304464375,587.3695706700277,47.624859776409835,1.0,-0.0,-0.0,0.4005988311710217,235.29956347583789,0.9249995629994316,634.9944304464375,587.3695706700277,47.624859776409835,1.0,-0.0,-0.0,0.40059883117102146,235.29956347583772,0.9249995629994314,634.9944304464375,587.3695706700275,47.62485977640995,1.0,,,0.101,237.29730655069125,2349.478282680111,2349.478282680111,0.0,72.83382676308344,-0.0,,,296.35505065320774,0.0,127.43267178087933,,,,26.86011133,0.0,4.0,1568.4363914458095,0.0,-0.0,0.0,176.33930349025238
75,1,76,0.11364,0.0,0.0,1568.0716459978707,,,,0,0.0,1,2645.8333333333335,2645.8333333333335,0.0,423.3333333333333,0.0,,,416.8009423227151,2645.8333333333335,2540.0,105.83333333333333,2645.8333333333335,0.0,87.84166666666665,1.0,-0.0,-0.0,0.16409485918209885,138.93364744084369,0.96,881.9444444444445,846.6666666666666,35.27777777777778,1.0,-0.0,-0.0,0.1640948591823446,138.9336474409363,0.96,881.9444444444445,846.6666666666666,35.27777777777778,1.0,-0.0,-0.0,0.16409485918234198,138.9336474409351,0.96,881.9444444444445,846.6666666666666,35.27777777777778,,,,941.2147024356264,2540.0,2349.5,190.5,2540.0,0.0,1.0,-0.0,-0.0,0.4006021291490216,235.30367560890656,0.925,635.0,587.375,47.625,1.0,0.0,0.0,0.4006021291490216,235.3036756089066,0.925,635.0,587.375,47.625,1.0,-0.0,-0.0,0.4006021291490216,235.30367560890656,0.925,635.0,587.375,47.625,1.0,-0.0,-0.0,0.4006021291490216,235.30367560890656,0.925,635.0,587.375,47.625,1.0,,,0.101,237.29950000000002,2349.5,2349.5,0.0,72.8345,-0.0,,,296.3333333333333,0.0,127.42333333333785,,,,27.24349876,0.0,4.0,1568.0716459983416,0.0,-0.0,0.0,178.19566185119803
76,1,77,0.11658,0.0,0.0,1563.8781138373788,,,,0,0.0,1,2645.8333333333335,2645.8333333333335,0.0,423.3333333333333,0.0,,,416.8009423222451,2645.8333333333335,2540.0,105.83333333333333,2645.8333333333335,0.0,87.84166666666665,1.0,-0.0,-0.0,0.1640948591820975,138.93364744084028,0.96,881.9444444444445,846.6666666666666,35.27777777777778,1.0,-0.0,-0.0,0.16409485918179625,138.9336474404734,0.96,881.9444444444445,846.6666666666666,35.27777777777778,1.0,-0.0,-0.0,0.1640948591823361,138.9336474409314,0.96,881.9444444444445,846.6666666666666,35.27777777777778,,,,941.2147024356264,2540.0,2349.5,190.5,2540.0,0.0,1.0,-0.0,-0.0,0.4006021291490216,235.3036756089066,0.925,635.0,587.375,47.625,1.0,0.0,0.0,0.4006021291490216,235.3036756089066,0.925,635.0,587.375,47.625,1.0,-0.0,-0.0,0.4006021291490216,235.30367560890656,0.925,635.0,587.375,47.625,1.0,-0.0,-0.0,0.4006021291490216,235.30367560890656,0.925,635.0,587.375,47.625,1.0,,,0.101,237.29950000000002,2349.5,2349.5,0.0,72.8345,-0.0,,,296.3333333333333,0.0,127.42333333332215,,,,31.437030920000005,0.0,4.0,1563.8781138378715,0.0,-0.0,0.0,182.31691051116164
77,1,78,0.12222,0.0,0.0,1549.1630215979003,,,,0,0.0,1,2645.8333333333335,2645.8333333333335,0.0,423.3333333333333,0.0,,,416.80094232272387,2645.8333333333335,2540.0,105.83333333333333,2645.8333333333335,0.0,87.84166666666665,1.0,-0.0,-0.0,0.1640948591820969,138.93364744083868,0.96,881.9444444444445,846.6666666666666,35.27777777777778,1.0,-0.0,-0.0,0.16409485918235298,138.93364744094146,0.96,881.9444444444445,846.6666666666666,35.27777777777778,1.0,-0.0,-0.0,0.16409485918235225,138.93364744094373,0.96,881.9444444444445,846.6666666666666,35.27777777777778,,,,941.2147024356296,2540.0,2349.5,190.5,2540.0,0.0,1.0,-0.0,-0.0,0.4006021291490216,235.3036756089066,0.925,635.0,587.375,47.625,1.0,0.0,0.0,0.4006021291490216,235.3036756089066,0.925,635.0,587.375,47.625,1.0,-0.0,-0.0,0.4006021291490214,235.30367560890645,0.925,635.0,587.375,47.625,1.0,-0.0,-0.0,0.4006021291490275,235.30367560891003,0.925,635.0,587.375,47.625,1.0,,,0.101,237.29950000000002,2349.5,2349.5,0.0,72.8345,-0.0,,,296.3333333333333,0.0,127.42333333334336,,,,46.15212316,0.0,4.0,1549.1630215983537,0.0,-0.0,0.0,189.33870449969535
78,1,79,0.11102,0.0,0.0,1548.8979646276264,,,,0,0.0,1,2645.8333333333335,2645.8333333333335,0.0,423.3333333333333,0.0,,,416.8009423227423,2645.8333333333335,2540.0,105.83333333333333,2645.8333333333335,0.0,87.84166666666665,1.0,-0.0,-0.0,0.16409485918209624,138.93364744083698,0.96,881.9444444444445,846.6666666666666,35.27777777777778,1.0,-0.0,-0.0,0.16409485918236336,138.9336474409483,0.96,881.9444444444445,846.6666666666666,35.27777777777778,1.0,-0.0,-0.0,0.16409485918237568,138.93364744095703,0.96,881.9444444444445,846.6666666666666,35.27777777777778,,,,941.2147024355385,2540.0,2349.5,190.5,2540.0,0.0,1.0,-0.0,-0.0,0.40060212914901766,235.30367560890426,0.925,635.0,587.375,47.625,1.0,0.0,0.0,0.4006021291488761,235.3036756088211,0.925,635.0,587.375,47.625,1.0,-0.0,-0.0,0.4006021291490216,235.30367560890656,0.925,635.0,587.375,47.625,1.0,-0.0,-0.0,0.4006021291490216,235.30367560890656,0.925,635.0,587.375,47.625,1.0,,,0.101,237.29950000000002,2349.5,2349.5,0.0,72.8345,-0.0,,,296.3333333333333,0.0,127.4233333333566,,,,46.41718013,0.0,4.0,1548.897964628281,0.0,-0.0,0.0,171.95865203295907
79,1,80,0.10411,0.0,0.0,1552.6484361678904,,,,0,0.0,1,2645.8333333333335,2645.8333333333335,0.0,423.3333333333333,0.0,,,416.8009423227672,2645.8333333333335,2540.0,105.83333333333333,2645.8333333333335,0.0,87.84166666666665,1.0,-0.0,-0.0,0.16409485918209518,138.93364744083422,0.96,881.9444444444445,846.6666666666666,35.27777777777778,1.0,-0.0,-0.0,0.16409485918239058,138.93364744096766,0.96,881.9444444444445,846.6666666666666,35.27777777777778,1.0,-0.0,-0.0,0.16409485918238756,138.93364744096533,0.96,881.9444444444445,846.6666666666666,35.27777777777778,,,,941.2147024355311,2540.0,2349.5,190.5,2540.0,0.0,1.0,-0.0,-0.0,0.40060212914902615,235.30367560890923,0.925,635.0,587.375,47.625,1.0,0.0,0.0,0.4006021291490228,235.30367560890727,0.925,635.0,587.375,47.625,1.0,-0.0,-0.0,0.4006021291490216,235.30367560890656,0.925,635.0,587.375,47.625,1.0,-0.0,-0.0,0.4006021291488538,235.303675608808,0.925,635.0,587.375,47.625,1.0,,,0.101,237.29950000000002,2349.5,2349.5,0.0,72.8345,-0.0,,,296.3333333333333,0.0,127.42333333337982,,,,42.66670859,0.0,4.0,1552.6484361682983,0.0,-0.0,0.0,161.64622868943906
80,1,81,0.0968,0.0,0.0,1549.6447674577425,,,,0,0.0,1,2645.8333333333335,2645.8333333333335,0.0,423.3333333333333,0.0,,,416.80094232280965,2645.8333333333335,2540.0,105.83333333333333,2645.8333333333335,0.0,87.84166666666665,1.0,-0.0,-0.0,0.16409485918209368,138.93364744083033,0.96,881.9444444444445,846.6666666666666,35.27777777777778,1.0,-0.0,-0.0,0.16409485918242647,138.93364744099082,0.96,881.9444444444445,846.6666666666666,35.27777777777778,1.0,-0.0,-0.0,0.16409485918242342,138.93364744098847,0.96,881.9444444444445,846.6666666666666,35.27777777777778,,,,941.2147024356262,2540.0,2349.5,190.5,2540.0,0.0,1.0,-0.0,-0.0,0.4006021291490216,235.30367560890656,0.925,635.0,587.375,47.625,1.0,0.0,0.0,0.4006021291490216,235.30367560890656,0.925,635.0,587.375,47.625,1.0,-0.0,-0.0,0.4006021291490216,235.30367560890656,0.925,635.0,587.375,47.625,1.0,-0.0,-0.0,0.4006021291490216,235.30367560890656,0.925,635.0,587.375,47.625,1.0,,,0.101,237.29950000000002,2349.5,2349.5,0.0,72.8345,-0.0,,,296.3333333333333,0.0,127.42333333330893,,,,45.6703773,0.0,4.0,1549.644767458436,0.0,-0.0,0.0,150.00561348990948
81,1,82,0.08604,0.0,0.0,1555.9490867277323,,,,0,0.0,1,2645.8333333333335,2645.8333333333335,0.0,423.3333333333333,0.0,,,416.8009423228213,2645.8333333333335,2540.0,105.83333333333333,2645.8333333333335,0.0,87.84166666666665,1.0,-0.0,-0.0,0.16409485918209163,138.9336474408248,0.96,881.9444444444445,846.6666666666666,35.27777777777778,1.0,-0.0,-0.0,0.16409485918244038,138.9336474409994,0.96,881.9444444444445,846.6666666666666,35.27777777777778,1.0,-0.0,-0.0,0.16409485918243735,138.93364744099705,0.96,881.9444444444445,846.6666666666666,35.27777777777778,,,,941.2147024356262,2540.0,2349.5,190.5,2540.0,0.0,1.0,-0.0,-0.0,0.4006021291490216,235.30367560890656,0.925,635.0,587.375,47.625,1.0,0.0,0.0,0.4006021291490216,235.30367560890656,0.925,635.0,587.375,47.625,1.0,-0.0,-0.0,0.4006021291490216,235.30367560890656,0.925,635.0,587.375,47.625,1.0,-0.0,-0.0,0.4006021291490216,235.30367560890656,0.925,635.0,587.375,47.625,1.0,,,0.101,237.29950000000002,2349.5,2349.5,0.0,72.8345,-0.0,,,296.3333333333333,0.0,127.42333333329854,,,,39.36605803,0.0,4.0,1555.9490867284476,0.0,-0.0,0.0,133.8738594220541
82,1,83,0.08438,0.0,0.0,1550.9558058581101,,,,0,0.0,1,2645.8333333333335,2645.8333333333335,0.0,423.3333333333333,0.0,,,416.8009423228566,2645.8333333333335,2540.0,105.83333333333333,2645.8333333333335,0.0,87.84166666666665,1.0,-0.0,-0.0,0.16409485918209057,138.93364744082223,0.96,881.9444444444445,846.6666666666666,35.27777777777778,1.0,-0.0,-0.0,0.16409485918247524,138.9336474410225,0.96,881.9444444444445,846.6666666666666,35.27777777777778,1.0,-0.0,-0.0,0.16409485918246253,138.9336474410119,0.96,881.9444444444445,846.6666666666666,35.27777777777778,,,,941.2147024356262,2540.0,2349.5,190.5,2540.0,0.0,1.0,-0.0,-0.0,0.4006021291490216,235.30367560890656,0.925,635.0,587.375,47.625,1.0,0.0,0.0,0.4006021291490216,235.30367560890656,0.925,635.0,587.375,47.625,1.0,-0.0,-0.0,0.4006021291490216,235.30367560890656,0.925,635.0,587.375,47.625,1.0,-0.0,-0.0,0.4006021291490216,235.30367560890656,0.925,635.0,587.375,47.625,1.0,,,0.101,237.29950000000002,2349.5,2349.5,0.0,72.8345,-0.0,,,296.3333333333333,0.0,127.42333333329385,,,,44.3593389,0.0,4.0,1550.9558058584828,0.0,-0.0,0.0,130.86965089830733
83,1,84,0.08311,0.0,0.0,1550.50112104766,,,,0,0.0,1,2645.8333333333335,2645.8333333333335,0.0,423.3333333333333,0.0,,,416.80094232284387,2645.8333333333335,2540.0,105.83333333333333,2645.8333333333335,0.0,87.84166666666665,1.0,-0.0,-0.0,0.1640948591820897,138.93364744081987,0.96,881.9444444444445,846.6666666666666,35.27777777777778,1.0,-0.0,-0.0,0.16409485918247319,138.93364744101726,0.96,881.9444444444445,846.6666666666666,35.27777777777778,1.0,-0.0,-0.0,0.16409485918246042,138.93364744100674,0.96,881.9444444444445,846.6666666666666,35.27777777777778,,,,941.2147024356262,2540.0,2349.5,190.5,2540.0,0.0,1.0,-0.0,-0.0,0.4006021291490216,235.30367560890656,0.925,635.0,587.375,47.625,1.0,0.0,0.0,0.4006021291490216,235.30367560890656,0.925,635.0,587.375,47.625,1.0,-0.0,-0.0,0.4006021291490216,235.30367560890656,0.925,635.0,587.375,47.625,1.0,-0.0,-0.0,0.4006021291490216,235.30367560890656,0.925,635.0,587.375,47.625,1.0,,,0.101,237.29950000000002,2349.5,2349.5,0.0,72.8345,-0.0,,,296.3333333333333,0.0,127.42333333328958,,,,44.81402371,0.0,4.0,1550.5011210484702,0.0,-0.0,0.0,128.86214817027104
84,1,85,0.08861,0.0,0.0,1543.1928591176793,,,,0,0.0,1,2645.8333333333335,2645.8333333333335,0.0,423.3333333333333,0.0,,,416.8009423228525,2645.8333333333335,2540.0,105.83333333333333,2645.8333333333335,0.0,87.84166666666665,1.0,-0.0,-0.0,0.16409485918208783,138.93364744081498,0.96,881.9444444444445,846.6666666666666,35.27777777777778,1.0,-0.0,-0.0,0.16409485918248115,138.93364744102237,0.96,881.9444444444445,846.6666666666666,35.27777777777778,1.0,-0.0,-0.0,0.16409485918247083,138.93364744101515,0.96,881.9444444444445,846.6666666666666,35.27777777777778,,,,941.2147024356262,2540.0,2349.5,190.5,2540.0,0.0,1.0,-0.0,-0.0,0.4006021291490216,235.30367560890656,0.925,635.0,587.375,47.625,1.0,0.0,0.0,0.4006021291490216,235.30367560890656,0.925,635.0,587.375,47.625,1.0,-0.0,-0.0,0.4006021291490216,235.30367560890656,0.925,635.0,587.375,47.625,1.0,-0.0,-0.0,0.4006021291490216,235.30367560890656,0.925,635.0,587.375,47.625,1.0,,,0.101,237.29950000000002,2349.5,2349.5,0.0,72.8345,-0.0,,,296.3333333333333,0.0,127.42333333328042,,,,52.12228564,0.0,4.0,1543.1928591184787,0.0,-0.0,0.0,136.74231924641757
85,1,86,0.094,0.0,0.0,1553.2690391779797,,,,0,0.0,1,2645.8333333333335,2645.8333333333335,0.0,423.3333333333333,0.0,,,416.8009423228657,2645.8333333333335,2540.0,105.83333333333333,2645.8333333333335,0.0,87.84166666666665,1.0,-0.0,-0.0,0.16409485918208688,138.93364744081256,0.96,881.9444444444445,846.6666666666666,35.27777777777778,1.0,-0.0,-0.0,0.1640948591824977,138.93364744103292,0.96,881.9444444444445,846.6666666666666,35.27777777777778,1.0,-0.0,-0.0,0.1640948591824787,138.93364744102018,0.96,881.9444444444445,846.6666666666666,35.27777777777778,,,,941.2147024356262,2540.0,2349.5,190.5,2540.0,0.0,1.0,-0.0,-0.0,0.4006021291490216,235.30367560890656,0.925,635.0,587.375,47.625,1.0,0.0,0.0,0.4006021291490216,235.30367560890656,0.925,635.0,587.375,47.625,1.0,-0.0,-0.0,0.4006021291490216,235.30367560890656,0.925,635.0,587.375,47.625,1.0,-0.0,-0.0,0.4006021291490216,235.30367560890656,0.925,635.0,587.375,47.625,1.0,,,0.101,237.29950000000002,2349.5,2349.5,0.0,72.8345,-0.0,,,296.3333333333333,0.0,127.42333333327613,,,,42.04610558,0.0,4.0,1553.269039178492,0.0,-0.0,0.0,146.0072896827301
86,1,87,0.10181,0.0,0.0,1548.6811316977467,,,,0,0.0,1,2645.8333333333335,2645.8333333333335,0.0,423.3333333333333,0.0,,,416.8009423228822,2645.8333333333335,2540.0,105.83333333333333,2645.8333333333335,0.0,87.84166666666665,1.0,-0.0,-0.0,0.16409485918208505,138.9336474408077,0.96,881.9444444444445,846.6666666666666,35.27777777777778,1.0,-0.0,-0.0,0.16409485918250574,138.9336474410381,0.96,881.9444444444445,846.6666666666666,35.27777777777778,1.0,-0.0,-0.0,0.1640948591825018,138.93364744103636,0.96,881.9444444444445,846.6666666666666,35.27777777777778,,,,941.2147024356262,2540.0,2349.5,190.5,2540.0,0.0,1.0,-0.0,-0.0,0.4006021291490216,235.30367560890656,0.925,635.0,587.375,47.625,1.0,0.0,0.0,0.4006021291490216,235.30367560890656,0.925,635.0,587.375,47.625,1.0,-0.0,-0.0,0.4006021291490216,235.30367560890656,0.925,635.0,587.375,47.625,1.0,-0.0,-0.0,0.4006021291490216,235.30367560890656,0.925,635.0,587.375,47.625,1.0,,,0.101,237.29950000000002,2349.5,2349.5,0.0,72.8345,-0.0,,,296.3333333333333,0.0,127.42333333326718,,,,46.63401306,0.0,4.0,1548.6811316985086,0.0,-0.0,0.0,157.6712260181476
87,1,88,0.10382,0.0,0.0,1547.3674725976448,,,,0,0.0,1,2645.8333333333335,2645.8333333333335,0.0,423.3333333333333,0.0,,,416.80094232288656,2645.8333333333335,2540.0,105.83333333333333,2645.8333333333335,0.0,87.84166666666665,1.0,-0.0,-0.0,0.16409485918208305,138.93364744080262,0.96,881.9444444444445,846.6666666666666,35.27777777777778,1.0,-0.0,-0.0,0.16409485918251432,138.93364744104372,0.96,881.9444444444445,846.6666666666666,35.27777777777778,1.0,-0.0,-0.0,0.16409485918250924,138.93364744104025,0.96,881.9444444444445,846.6666666666666,35.27777777777778,,,,941.2147024354522,2540.0,2349.5,190.5,2540.0,0.0,1.0,-0.0,-0.0,0.4006021291488715,235.3036756088184,0.925,635.0,587.375,47.625,1.0,0.0,0.0,0.4006021291488755,235.30367560882075,0.925,635.0,587.375,47.625,1.0,-0.0,-0.0,0.4006021291490214,235.30367560890645,0.925,635.0,587.375,47.625,1.0,-0.0,-0.0,0.4006021291490216,235.30367560890656,0.925,635.0,587.375,47.625,1.0,,,0.101,237.29950000000002,2349.5,2349.5,0.0,72.8345,-0.0,,,296.3333333333333,0.0,127.42333333325782,,,,47.94767216,0.0,4.0,1547.367472598339,0.0,-0.0,0.0,160.64769100508747
88,1,89,0.12198,0.0,0.0,749.3439027755135,,,,0,0.0,1,1322.9166666666667,1322.9166666666667,0.0,211.66666666666666,0.0,,,211.35426540796476,1322.9166666666667,1270.0,52.916666666666664,1322.9166666666667,0.0,43.92083333333333,1.0,-0.0,-0.0,0.1640948591820828,138.93364744080242,0.96,881.9444444444445,846.6666666666666,35.27777777777778,1.0,-0.0,-0.0,0.17107232590661453,72.42061796716233,0.96,440.97222222222223,423.3333333333333,17.63888888888889,0.0,-0.0,1.0,0.2710000000000001,0.0,0.96,0.0,0.0,0.0,,,,470.6073512178131,1270.0,1174.75,95.25,1270.0,0.0,1.0,-0.0,-0.0,0.4006021291490216,235.30367560890656,0.925,635.0,587.375,47.625,1.0,0.0,0.0,0.4006021291490216,235.30367560890656,0.925,635.0,587.375,47.625,0.0,-0.0,1.0,0.19716472159924614,0.0,0.88,0.0,0.0,0.0,0.0,-0.0,1.0,0.20320002216508004,0.0,0.9249999999999999,0.0,0.0,0.0,1.0,,,0.101,118.64975000000001,1174.75,1174.75,0.0,36.41725,-0.0,,,148.16666666666666,0.0,63.71166666666669,,,,51.26746385,0.0,2.0,749.3439027757779,0.0,0.0,0.0,91.40496926055714
89,1,90,3.78877,0.0,42.60116247,0.0,,,,0,0.0,1,0.0,0.0,0.0,0.0,0.0,,,0.0,0.0,0.0,0.0,0.0,0.0,0.0,0.0,-0.0,1.0,0.271,0.0,0.96,0.0,0.0,0.0,0.0,-0.0,1.0,0.271,0.0,0.96,0.0,0.0,0.0,-0.0,-0.0,0.0,0.271,0.0,0.96,0.0,0.0,0.0,,,,0.0,0.0,0.0,0.0,0.0,0.0,-0.0,-0.0,1.0,0.19716472159924636,0.0,0.8800000000000001,0.0,0.0,0.0,-0.0,0.0,1.0,0.19716472159924603,0.0,0.88,0.0,0.0,0.0,-0.0,-0.0,0.0,0.19716472159924722,0.0,0.88,0.0,0.0,0.0,-0.0,-0.0,0.0,0.19716472159924722,0.0,0.88,0.0,0.0,0.0,1.0,,,0.101,0.0,0.0,0.0,0.0,0.0,-0.0,,,0.0,0.0,0.0,,,,42.60116247,0.0,-0.0,0.0,0.0,0.0,0.0,0.0
90,1,91,5.01894,0.0,25.37575695,0.0,,,,0,0.0,1,0.0,0.0,0.0,0.0,0.0,,,0.0,0.0,0.0,0.0,0.0,0.0,0.0,0.0,-0.0,-0.0,0.271,0.0,0.96,0.0,0.0,0.0,0.0,-0.0,-0.0,0.271,0.0,0.96,0.0,0.0,0.0,-0.0,-0.0,-0.0,0.271,0.0,0.96,0.0,0.0,0.0,,,,0.0,0.0,0.0,0.0,0.0,0.0,0.0,-0.0,-0.0,0.19716472159924614,0.0,0.8800000000000001,0.0,0.0,0.0,0.0,0.0,0.0,0.19716472159924614,0.0,0.8800000000000001,0.0,0.0,0.0,-0.0,-0.0,-0.0,0.19716472159924608,0.0,0.88,0.0,0.0,0.0,-0.0,-0.0,-0.0,0.19716472159924603,0.0,0.88,0.0,0.0,0.0,1.0,,,0.101,0.0,0.0,0.0,0.0,0.0,-0.0,,,0.0,0.0,0.0,,,,25.37575695,0.0,0.0,0.0,0.0,0.0,0.0,0.0
91,1,92,2.52611,0.0,23.87948332,0.0,,,,0,0.0,1,0.0,0.0,0.0,0.0,0.0,,,0.0,0.0,0.0,0.0,0.0,0.0,0.0,0.0,0.0,-0.0,0.271,0.0,0.96,0.0,0.0,0.0,0.0,-0.0,-0.0,0.271,0.0,0.96,0.0,0.0,0.0,-0.0,-0.0,-0.0,0.271,0.0,0.96,0.0,0.0,0.0,,,,0.0,0.0,0.0,0.0,0.0,0.0,0.0,-0.0,-0.0,0.19716472159924636,0.0,0.8800000000000001,0.0,0.0,0.0,0.0,0.0,0.0,0.19716472159924614,0.0,0.8800000000000001,0.0,0.0,0.0,-0.0,-0.0,-0.0,0.19716472159924603,0.0,0.88,0.0,0.0,0.0,-0.0,-0.0,-0.0,0.19716472159924722,0.0,0.88,0.0,0.0,0.0,1.0,,,0.101,0.0,0.0,0.0,0.0,0.0,-0.0,,,0.0,0.0,0.0,,,,23.87948332,0.0,0.0,0.0,0.0,0.0,0.0,0.0
92,1,93,0.75581,0.0,0.0,541.7815402758191,,,,0,0.0,1,1083.3333333333333,1083.3333333333333,0.0,173.33333333333334,0.0,,,167.7415277777778,1083.3333333333333,1040.0,43.333333333333336,1083.3333333333333,0.0,35.96666666666667,1.0,1.0,-0.0,0.16128993055555552,83.87076388888889,0.96,541.6666666666666,520.0,21.666666666666668,1.0,1.0,-0.0,0.16128993055555557,83.87076388888892,0.96,541.6666666666666,520.0,21.666666666666668,-0.0,-0.0,-0.0,0.271,0.0,0.96,0.0,0.0,0.0,,,,310.2451121080422,1040.0,915.2,124.8,1040.0,0.0,1.0,1.0,-0.0,0.33899159976839255,155.12255605401646,0.88,520.0,457.6,62.4,1.0,1.0,0.0,0.3389915997684128,155.12255605402572,0.8799999999999903,520.0,457.6,62.4,0.0,0.0,-0.0,0.19716472159924636,0.0,0.8799999999999998,0.0,0.0,0.0,-0.0,-0.0,-0.0,0.19716472159924603,0.0,0.88,0.0,0.0,0.0,0.0,,,0.101,92.43520000000001,915.2,0.0,915.2,28.3712,1.0,,,1083.3333333333333,0.0,465.8333333333333,,,,28.64029961,0.0,2.0,541.7815402758199,0.0,0.0,0.0,409.4839059558668
93,1,94,0.154,0.0,0.0,545.1031473558038,,,,0,0.0,1,1083.3333333333333,1083.3333333333333,0.0,173.33333333333334,0.0,,,167.74152777777215,1083.3333333333333,1040.0,43.333333333333336,1083.3333333333333,0.0,35.96666666666667,1.0,-0.0,-0.0,0.16128993055555552,83.87076388888889,0.96,541.6666666666666,520.0,21.666666666666668,1.0,-0.0,-0.0,0.1612899305555557,83.87076388888327,0.96,541.6666666666666,520.0,21.666666666666668,-0.0,-0.0,-0.0,0.271,0.0,0.96,0.0,0.0,0.0,,,,310.2451121080326,1040.0,915.2,124.8,1040.0,0.0,1.0,0.0,-0.0,0.3389915997683924,155.1225560540163,0.88,520.0,457.6,62.4,1.0,0.0,0.0,0.33899159976839244,155.12255605401631,0.88,520.0,457.6,62.4,0.0,-0.0,-0.0,0.19716472159924625,0.0,0.88,0.0,0.0,0.0,-0.0,-0.0,-0.0,0.19716472159924603,0.0,0.88,0.0,0.0,0.0,0.0,,,0.101,92.43520000000001,915.2,0.0,915.2,28.3712,1.0,,,1083.3333333333333,0.0,465.8333333333333,,,,25.31869253,0.0,2.0,545.1031473558047,0.0,0.0,0.0,83.94588469279378
94,1,95,0.12052,0.0,0.0,1568.9159877281554,,,,0,0.0,1,2645.8333333333335,2645.8333333333335,0.0,423.3333333333333,0.0,,,416.80094232255306,2645.8333333333335,2540.0,105.83333333333333,2645.8333333333335,0.0,87.84166666666665,1.0,-0.0,-0.0,0.16409485918210145,138.93364744085054,0.96,881.9444444444445,846.6666666666666,35.27777777777778,1.0,0.0,-0.0,0.16409485918210168,138.9336474408511,0.96,881.9444444444445,846.6666666666666,35.27777777777778,1.0,1.0,-0.0,0.16409485918210176,138.9336474408514,0.96,881.9444444444445,846.6666666666666,35.27777777777778,,,,941.2147024356262,2540.0,2349.5,190.5,2540.0,0.0,1.0,0.0,-0.0,0.4006021291490216,235.30367560890656,0.925,635.0,587.375,47.625,1.0,0.0,0.0,0.4006021291490216,235.30367560890656,0.925,635.0,587.375,47.625,1.0,1.0,-0.0,0.4006021291490216,235.30367560890656,0.925,635.0,587.375,47.625,1.0,1.0,-0.0,0.40060212914902166,235.30367560890656,0.9249999999999999,635.0,587.3749999999999,47.625000000000114,1.0,,,0.101,237.29950000000002,2349.5,2349.5,0.0,72.8345,0.0,,,296.3333333333333,0.0,127.42333333333342,,,,26.39915703,0.0,4.0,1568.9159877281795,0.0,-0.0,0.0,189.08575484099728
95,1,96,0.11633,0.0,0.0,1566.1737072380793,,,,0,0.0,1,2645.8333333333335,2645.8333333333335,0.0,423.3333333333333,0.0,,,416.800942322553,2645.8333333333335,2540.0,105.83333333333333,2645.8333333333335,0.0,87.84166666666665,1.0,-0.0,-0.0,0.16409485918210145,138.93364744085054,0.96,881.9444444444445,846.6666666666666,35.27777777777778,1.0,-0.0,-0.0,0.16409485918210168,138.9336474408511,0.96,881.9444444444445,846.6666666666666,35.27777777777778,1.0,-0.0,-0.0,0.16409485918210173,138.93364744085136,0.96,881.9444444444445,846.6666666666666,35.27777777777778,,,,941.2147024356265,2540.0,2349.5,190.5,2540.0,0.0,1.0,-0.0,-0.0,0.4006021291490216,235.30367560890656,0.925,635.0,587.375,47.625,1.0,0.0,0.0,0.4006021291490216,235.30367560890656,0.925,635.0,587.375,47.625,1.0,-0.0,-0.0,0.4006021291490216,235.30367560890656,0.925,635.0,587.375,47.625,1.0,0.0,-0.0,0.4006021291490218,235.3036756089068,0.9250000000000006,635.0,587.3750000000001,47.624999999999886,1.0,,,0.101,237.29950000000002,2349.5,2349.5,0.0,72.8345,0.0,,,296.3333333333333,0.0,127.42333333333332,,,,29.14143752,0.0,4.0,1566.1737072381795,0.0,-0.0,0.0,182.19298736300576
96,1,97,0.1121,0.0,0.0,1563.7429688081393,,,,0,0.0,1,2645.8333333333335,2645.8333333333335,0.0,423.3333333333333,0.0,,,416.8009423225141,2645.8333333333335,2540.0,105.83333333333333,2645.8333333333335,0.0,87.84166666666665,1.0,-0.0,-0.0,0.16409485918210145,138.93364744085054,0.96,881.9444444444445,846.6666666666666,35.27777777777778,1.0,-0.0,-0.0,0.1640948591820877,138.93364744081217,0.96,881.9444444444445,846.6666666666666,35.27777777777778,1.0,-0.0,-0.0,0.1640948591821018,138.93364744085142,0.96,881.9444444444445,846.6666666666666,35.27777777777778,,,,941.2147024356253,2540.0,2349.5,190.5,2540.0,0.0,1.0,-0.0,-0.0,0.4006021291490216,235.30367560890656,0.925,635.0,587.375,47.625,1.0,0.0,0.0,0.4006021291490216,235.30367560890656,0.925,635.0,587.375,47.625,1.0,-0.0,-0.0,0.4006021291490216,235.30367560890656,0.925,635.0,587.375,47.625,1.0,0.0,-0.0,0.4006021291490215,235.30367560890568,0.925,635.0,587.3749999999981,47.62500000000193,1.0,,,0.101,237.29950000000002,2349.5,2349.5,0.0,72.8345,-0.0,,,296.3333333333333,0.0,127.4233333333342,,,,31.572175949999995,0.0,4.0,1563.7429688081395,0.0,-0.0,0.0,175.2955868033924
97,1,98,0.1119,0.0,0.0,1569.4535074582768,,,,0,0.0,1,2645.8333333333335,2645.8333333333335,0.0,423.3333333333333,0.0,,,416.8009423227385,2645.8333333333335,2540.0,105.83333333333333,2645.8333333333335,0.0,87.84166666666665,1.0,-0.0,-0.0,0.1640948591820913,138.93364744082407,0.96,881.9444444444445,846.6666666666666,35.27777777777778,1.0,-0.0,-0.0,0.16409485918238753,138.9336474409572,0.96,881.9444444444445,846.6666666666666,35.27777777777778,1.0,-0.0,-0.0,0.1640948591823861,138.9336474409572,0.96,881.9444444444445,846.6666666666666,35.27777777777778,,,,941.2147024356262,2540.0,2349.5,190.5,2540.0,0.0,1.0,-0.0,-0.0,0.4006021291490216,235.30367560890656,0.925,635.0,587.375,47.625,1.0,0.0,0.0,0.4006021291490216,235.30367560890656,0.925,635.0,587.375,47.625,1.0,-0.0,-0.0,0.4006021291490216,235.30367560890656,0.925,635.0,587.375,47.625,1.0,0.0,-0.0,0.4006021291490216,235.30367560890656,0.925,635.0,587.375,47.625,1.0,,,0.101,237.29950000000002,2349.5,2349.5,0.0,72.8345,-0.0,,,296.3333333333333,0.0,127.42333333332459,,,,25.8616373,0.0,4.0,1569.4535074583648,0.0,-0.0,0.0,175.62184748458117
98,1,99,0.11243,0.0,0.0,1567.4440826780435,,,,0,0.0,1,2645.8333333333335,2645.8333333333335,0.0,423.3333333333333,0.0,,,416.80094232273257,2645.8333333333335,2540.0,105.83333333333333,2645.8333333333335,0.0,87.84166666666665,1.0,-0.0,-0.0,0.164094859182092,138.93364744082592,0.96,881.9444444444445,846.6666666666666,35.27777777777778,1.0,-0.0,-0.0,0.16409485918238118,138.9336474409531,0.96,881.9444444444445,846.6666666666666,35.27777777777778,1.0,-0.0,-0.0,0.164094859182381,138.9336474409536,0.96,881.9444444444445,846.6666666666666,35.27777777777778,,,,941.2147024356262,2540.0,2349.5,190.5,2540.0,0.0,1.0,-0.0,-0.0,0.4006021291490216,235.30367560890656,0.925,635.0,587.375,47.625,1.0,0.0,0.0,0.4006021291490216,235.30367560890656,0.925,635.0,587.375,47.625,1.0,-0.0,-0.0,0.4006021291490216,235.30367560890656,0.925,635.0,587.375,47.625,1.0,-0.0,-0.0,0.4006021291490216,235.30367560890656,0.925,635.0,587.375,47.625,1.0,,,0.101,237.29950000000002,2349.5,2349.5,0.0,72.8345,-0.0,,,296.3333333333333,0.0,127.42333333332074,,,,27.87106208,0.0,4.0,1567.4440826783589,0.0,-0.0,0.0,176.22773821549242
99,1,100,0.11364,0.0,0.0,1566.5236519777375,,,,0,0.0,1,2645.8333333333335,2645.8333333333335,0.0,423.3333333333333,0.0,,,416.80094232272774,2645.8333333333335,2540.0,105.83333333333333,2645.8333333333335,0.0,87.84166666666665,1.0,-0.0,-0.0,0.16409485918209332,138.93364744082936,0.96,881.9444444444445,846.6666666666666,35.27777777777778,1.0,-0.0,-0.0,0.16409485918237504,138.93364744094922,0.96,881.9444444444445,846.6666666666666,35.27777777777778,1.0,-0.0,-0.0,0.16409485918237193,138.9336474409492,0.96,881.9444444444445,846.6666666666666,35.27777777777778,,,,941.2147024356262,2540.0,2349.5,190.5,2540.0,0.0,1.0,-0.0,-0.0,0.4006021291490216,235.30367560890656,0.925,635.0,587.375,47.625,1.0,0.0,0.0,0.4006021291490216,235.30367560890656,0.925,635.0,587.375,47.625,1.0,-0.0,-0.0,0.4006021291490216,235.30367560890656,0.925,635.0,587.375,47.625,1.0,-0.0,-0.0,0.4006021291490216,235.30367560890656,0.925,635.0,587.375,47.625,1.0,,,0.101,237.29950000000002,2349.5,2349.5,0.0,72.8345,-0.0,,,296.3333333333333,0.0,127.42333333332137,,,,28.79149278,0.0,4.0,1566.523651978354,0.0,-0.0,0.0,178.0197478107501
100,1,101,0.11658,0.0,0.0,1560.8445456377833,,,,0,0.0,1,2645.8333333333335,2645.8333333333335,0.0,423.3333333333333,0.0,,,416.80094232271904,2645.8333333333335,2540.0,105.83333333333333,2645.8333333333335,0.0,87.84166666666665,1.0,-0.0,-0.0,0.16409485918209485,138.9336474408334,0.96,881.9444444444445,846.6666666666666,35.27777777777778,1.0,-0.0,-0.0,0.16409485918236283,138.93364744094163,0.96,881.9444444444445,846.6666666666666,35.27777777777778,1.0,-0.0,-0.0,0.16409485918236388,138.93364744094404,0.96,881.9444444444445,846.6666666666666,35.27777777777778,,,,941.2147024356262,2540.0,2349.5,190.5,2540.0,0.0,1.0,-0.0,-0.0,0.4006021291490216,235.30367560890656,0.925,635.0,587.375,47.625,1.0,0.0,0.0,0.4006021291490216,235.30367560890656,0.925,635.0,587.375,47.625,1.0,-0.0,-0.0,0.4006021291490216,235.30367560890656,0.925,635.0,587.375,47.625,1.0,-0.0,-0.0,0.4006021291490216,235.30367560890656,0.925,635.0,587.375,47.625,1.0,,,0.101,237.29950000000002,2349.5,2349.5,0.0,72.8345,-0.0,,,296.3333333333333,0.0,127.42333333331749,,,,34.47059912,0.0,4.0,1560.8445456383454,0.0,-0.0,0.0,181.96325713045277
101,1,102,0.12222,0.0,0.0,1550.8282252573545,,,,0,0.0,1,2645.8333333333335,2645.8333333333335,0.0,423.3333333333333,0.0,,,416.8009423222198,2645.8333333333335,2540.0,105.83333333333333,2645.8333333333335,0.0,87.84166666666665,1.0,-0.0,-0.0,0.16409485918209696,138.93364744083866,0.96,881.9444444444445,846.6666666666666,35.27777777777778,1.0,-0.0,-0.0,0.1640948591817711,138.93364744044223,0.96,881.9444444444445,846.6666666666666,35.27777777777778,1.0,-0.0,-0.0,0.1640948591823559,138.9336474409389,0.96,881.9444444444445,846.6666666666666,35.27777777777778,,,,941.2147024355403,2540.0,2349.5,190.5,2540.0,0.0,1.0,-0.0,-0.0,0.40060212914887505,235.30367560882047,0.925,635.0,587.375,47.625,1.0,0.0,0.0,0.4006021291490216,235.30367560890656,0.925,635.0,587.375,47.625,1.0,-0.0,-0.0,0.4006021291490216,235.30367560890656,0.925,635.0,587.375,47.625,1.0,-0.0,-0.0,0.4006021291490218,235.3036756089067,0.925,635.0,587.375,47.625,1.0,,,0.101,237.29950000000002,2349.5,2349.5,0.0,72.8345,-0.0,,,296.3333333333333,0.0,127.4233333333177,,,,44.4869195,0.0,4.0,1550.82822525776,0.0,-0.0,0.0,189.54222569095384
102,1,103,0.11102,0.0,0.0,1551.4328351279619,,,,0,0.0,1,2645.8333333333335,2645.8333333333335,0.0,423.3333333333333,0.0,,,416.80094232273376,2645.8333333333335,2540.0,105.83333333333333,2645.8333333333335,0.0,87.84166666666665,1.0,-0.0,-0.0,0.16409485918209882,138.93364744084366,0.96,881.9444444444445,846.6666666666666,35.27777777777778,1.0,-0.0,-0.0,0.16409485918236824,138.93364744094598,0.96,881.9444444444445,846.6666666666666,35.27777777777778,1.0,-0.0,-0.0,0.1640948591823643,138.93364744094413,0.96,881.9444444444445,846.6666666666666,35.27777777777778,,,,941.2147024356262,2540.0,2349.5,190.5,2540.0,0.0,1.0,-0.0,-0.0,0.4006021291490216,235.30367560890656,0.925,635.0,587.375,47.625,1.0,0.0,0.0,0.4006021291490216,235.30367560890656,0.925,635.0,587.375,47.625,1.0,-0.0,-0.0,0.4006021291490216,235.30367560890656,0.925,635.0,587.375,47.625,1.0,-0.0,-0.0,0.4006021291490216,235.30367560890656,0.925,635.0,587.375,47.625,1.0,,,0.101,237.29950000000002,2349.5,2349.5,0.0,72.8345,-0.0,,,296.3333333333333,0.0,127.42333333334132,,,,43.88230963,0.0,4.0,1551.43283512836,0.0,-0.0,0.0,172.2400733559063
103,1,104,0.10411,0.0,0.0,1550.136401178072,,,,0,0.0,1,2645.8333333333335,2645.8333333333335,0.0,423.3333333333333,0.0,,,416.80094232273876,2645.8333333333335,2540.0,105.83333333333333,2645.8333333333335,0.0,87.84166666666665,1.0,-0.0,-0.0,0.16409485918209696,138.93364744083866,0.96,881.9444444444445,846.6666666666666,35.27777777777778,1.0,-0.0,-0.0,0.1640948591823781,138.9336474409508,0.96,881.9444444444445,846.6666666666666,35.27777777777778,1.0,-0.0,-0.0,0.16409485918237446,138.9336474409493,0.96,881.9444444444445,846.6666666666666,35.27777777777778,,,,941.2147024356262,2540.0,2349.5,190.5,2540.0,0.0,1.0,-0.0,-0.0,0.4006021291490216,235.30367560890656,0.925,635.0,587.375,47.625,1.0,0.0,0.0,0.4006021291490216,235.30367560890656,0.925,635.0,587.375,47.625,1.0,-0.0,-0.0,0.4006021291490216,235.30367560890656,0.925,635.0,587.375,47.625,1.0,-0.0,-0.0,0.4006021291490216,235.30367560890656,0.925,635.0,587.375,47.625,1.0,,,0.101,237.29950000000002,2349.5,2349.5,0.0,72.8345,-0.0,,,296.3333333333333,0.0,127.42333333333745,,,,45.17874358,0.0,4.0,1550.136401178365,0.0,-0.0,0.0,161.38470072664907
104,1,105,0.0968,0.0,0.0,1549.7322293381908,,,,0,0.0,1,2645.8333333333335,2645.8333333333335,0.0,423.3333333333333,0.0,,,416.80094232274394,2645.8333333333335,2540.0,105.83333333333333,2645.8333333333335,0.0,87.84166666666665,1.0,-0.0,-0.0,0.16409485918209651,138.93364744083772,0.96,881.9444444444445,846.6666666666666,35.27777777777778,1.0,-0.0,-0.0,0.16409485918238115,138.93364744095285,0.96,881.9444444444445,846.6666666666666,35.27777777777778,1.0,-0.0,-0.0,0.16409485918237995,138.93364744095337,0.96,881.9444444444445,846.6666666666666,35.27777777777778,,,,941.2147024356262,2540.0,2349.5,190.5,2540.0,0.0,1.0,-0.0,-0.0,0.4006021291490216,235.30367560890656,0.925,635.0,587.375,47.625,1.0,0.0,0.0,0.4006021291490216,235.30367560890656,0.925,635.0,587.375,47.625,1.0,-0.0,-0.0,0.4006021291490216,235.30367560890656,0.925,635.0,587.375,47.625,1.0,-0.0,-0.0,0.4006021291490216,235.30367560890656,0.925,635.0,587.375,47.625,1.0,,,0.101,237.29950000000002,2349.5,2349.5,0.0,72.8345,-0.0,,,296.3333333333333,0.0,127.42333333334214,,,,45.58291542,0.0,4.0,1549.7322293383702,0.0,-0.0,0.0,150.01407979993687
105,1,106,0.08604,0.0,0.0,1548.8525003281302,,,,0,0.0,1,2645.8333333333335,2645.8333333333335,0.0,423.3333333333333,0.0,,,416.8009423227453,2645.8333333333335,2540.0,105.83333333333333,2645.8333333333335,0.0,87.84166666666665,1.0,-0.0,-0.0,0.16409485918209613,138.9336474408365,0.96,881.9444444444445,846.6666666666666,35.27777777777778,1.0,-0.0,-0.0,0.16409485918238653,138.9336474409564,0.96,881.9444444444445,846.6666666666666,35.27777777777778,1.0,-0.0,-0.0,0.16409485918237948,138.9336474409524,0.96,881.9444444444445,846.6666666666666,35.27777777777778,,,,941.2147024356262,2540.0,2349.5,190.5,2540.0,0.0,1.0,-0.0,-0.0,0.4006021291490216,235.30367560890656,0.925,635.0,587.375,47.625,1.0,0.0,0.0,0.4006021291490216,235.30367560890656,0.925,635.0,587.375,47.625,1.0,-0.0,-0.0,0.4006021291490216,235.30367560890656,0.925,635.0,587.375,47.625,1.0,-0.0,-0.0,0.4006021291490216,235.30367560890656,0.925,635.0,587.375,47.625,1.0,,,0.101,237.29950000000002,2349.5,2349.5,0.0,72.8345,-0.0,,,296.3333333333333,0.0,127.42333333334132,,,,46.46264443,0.0,4.0,1548.8525003283717,0.0,-0.0,0.0,133.26326912823234
106,1,107,0.08438,0.0,0.0,1546.5186251278656,,,,0,0.0,1,2645.8333333333335,2645.8333333333335,0.0,423.3333333333333,0.0,,,416.8009423227481,2645.8333333333335,2540.0,105.83333333333333,2645.8333333333335,0.0,87.84166666666665,1.0,-0.0,-0.0,0.1640948591820954,138.93364744083476,0.96,881.9444444444445,846.6666666666666,35.27777777777778,1.0,-0.0,-0.0,0.16409485918238953,138.93364744095834,0.96,881.9444444444445,846.6666666666666,35.27777777777778,1.0,-0.0,-0.0,0.16409485918238367,138.93364744095499,0.96,881.9444444444445,846.6666666666666,35.27777777777778,,,,941.2147024355396,2540.0,2349.5,190.5,2540.0,0.0,1.0,-0.0,-0.0,0.400602129148874,235.30367560881987,0.925,635.0,587.375,47.625,1.0,0.0,0.0,0.4006021291490216,235.30367560890656,0.925,635.0,587.375,47.625,1.0,-0.0,-0.0,0.4006021291490216,235.30367560890656,0.925,635.0,587.375,47.625,1.0,-0.0,-0.0,0.4006021291490216,235.30367560890656,0.925,635.0,587.375,47.625,1.0,,,0.101,237.29950000000002,2349.5,2349.5,0.0,72.8345,-0.0,,,296.3333333333333,0.0,127.42333333334214,,,,48.79651963,0.0,4.0,1546.5186251282878,0.0,-0.0,0.0,130.4952415882893
107,1,108,0.08311,0.0,0.0,1545.9154504378942,,,,0,0.0,1,2645.8333333333335,2645.8333333333335,0.0,423.3333333333333,0.0,,,416.8009423227502,2645.8333333333335,2540.0,105.83333333333333,2645.8333333333335,0.0,87.84166666666665,1.0,-0.0,-0.0,0.1640948591820948,138.93364744083314,0.96,881.9444444444445,846.6666666666666,35.27777777777778,1.0,-0.0,-0.0,0.16409485918239253,138.93364744096024,0.96,881.9444444444445,846.6666666666666,35.27777777777778,1.0,-0.0,-0.0,0.1640948591823865,138.9336474409568,0.96,881.9444444444445,846.6666666666666,35.27777777777778,,,,941.214702435627,2540.0,2349.5,190.5,2540.0,0.0,1.0,-0.0,-0.0,0.4006021291490216,235.30367560890656,0.925,635.0,587.375,47.625,1.0,0.0,0.0,0.4006021291490216,235.30367560890656,0.925,635.0,587.375,47.625,1.0,-0.0,-0.0,0.4006021291490216,235.30367560890656,0.925,635.0,587.375,47.625,1.0,-0.0,-0.0,0.4006021291490231,235.30367560890744,0.925,635.0,587.375,47.625,1.0,,,0.101,237.29950000000002,2349.5,2349.5,0.0,72.8345,-0.0,,,296.3333333333333,0.0,127.42333333334274,,,,49.39969432,0.0,4.0,1545.9154504383773,0.0,-0.0,0.0,128.4810330858934
108,1,109,0.08861,0.0,0.0,1553.4904530677736,,,,0,0.0,1,2645.8333333333335,2645.8333333333335,0.0,423.3333333333333,0.0,,,416.8009423227546,2645.8333333333335,2540.0,105.83333333333333,2645.8333333333335,0.0,87.84166666666665,1.0,-0.0,-0.0,0.16409485918209443,138.93364744083223,0.96,881.9444444444445,846.6666666666666,35.27777777777778,1.0,-0.0,-0.0,0.1640948591823959,138.93364744096246,0.96,881.9444444444445,846.6666666666666,35.27777777777778,1.0,-0.0,-0.0,0.1640948591823914,138.9336474409599,0.96,881.9444444444445,846.6666666666666,35.27777777777778,,,,941.2147024355388,2540.0,2349.5,190.5,2540.0,0.0,1.0,-0.0,-0.0,0.4006021291490216,235.30367560890656,0.925,635.0,587.375,47.625,1.0,0.0,0.0,0.4006021291488728,235.30367560881913,0.925,635.0,587.375,47.625,1.0,-0.0,-0.0,0.4006021291490216,235.30367560890656,0.925,635.0,587.375,47.625,1.0,-0.0,-0.0,0.4006021291490216,235.30367560890656,0.925,635.0,587.375,47.625,1.0,,,0.101,237.29950000000002,2349.5,2349.5,0.0,72.8345,-0.0,,,296.3333333333333,0.0,127.4233333333458,,,,41.82469169,0.0,4.0,1553.4904530682936,0.0,-0.0,0.0,137.65478904633542
109,1,110,0.094,0.0,0.0,1549.0516731577975,,,,0,0.0,1,2645.8333333333335,2645.8333333333335,0.0,423.3333333333333,0.0,,,416.8009423227569,2645.8333333333335,2540.0,105.83333333333333,2645.8333333333335,0.0,87.84166666666665,1.0,-0.0,-0.0,0.1640948591820941,138.93364744083135,0.96,881.9444444444445,846.6666666666666,35.27777777777778,1.0,-0.0,-0.0,0.16409485918239872,138.9336474409642,0.96,881.9444444444445,846.6666666666666,35.27777777777778,1.0,-0.0,-0.0,0.16409485918239372,138.93364744096135,0.96,881.9444444444445,846.6666666666666,35.27777777777778,,,,941.2147024355365,2540.0,2349.5,190.5,2540.0,0.0,1.0,-0.0,-0.0,0.40060212914886884,235.30367560881683,0.925,635.0,587.375,47.625,1.0,0.0,0.0,0.4006021291490216,235.30367560890656,0.925,635.0,587.375,47.625,1.0,-0.0,-0.0,0.4006021291490216,235.3036756089066,0.925,635.0,587.375,47.625,1.0,-0.0,-0.0,0.4006021291490216,235.30367560890656,0.925,635.0,587.375,47.625,1.0,,,0.101,237.29950000000002,2349.5,2349.5,0.0,72.8345,-0.0,,,296.3333333333333,0.0,127.42333333334682,,,,46.2634716,0.0,4.0,1549.0516731582936,0.0,-0.0,0.0,145.61085727683297
110,1,111,0.10181,0.0,0.0,1546.98152934779,,,,0,0.0,1,2645.8333333333335,2645.8333333333335,0.0,423.3333333333333,0.0,,,416.80094232275997,2645.8333333333335,2540.0,105.83333333333333,2645.8333333333335,0.0,87.84166666666665,1.0,-0.0,-0.0,0.16409485918209357,138.93364744082993,0.96,881.9444444444445,846.6666666666666,35.27777777777778,1.0,-0.0,-0.0,0.16409485918240263,138.9336474409666,0.96,881.9444444444445,846.6666666666666,35.27777777777778,1.0,-0.0,-0.0,0.164094859182397,138.93364744096345,0.96,881.9444444444445,846.6666666666666,35.27777777777778,,,,941.2147024356264,2540.0,2349.5,190.5,2540.0,0.0,1.0,-0.0,-0.0,0.4006021291490216,235.30367560890656,0.925,635.0,587.375,47.625,1.0,0.0,0.0,0.4006021291490216,235.30367560890656,0.925,635.0,587.375,47.625,1.0,-0.0,-0.0,0.4006021291490216,235.3036756089066,0.925,635.0,587.375,47.625,1.0,-0.0,-0.0,0.4006021291490216,235.3036756089066,0.925,635.0,587.375,47.625,1.0,,,0.101,237.29950000000002,2349.5,2349.5,0.0,72.8345,-0.0,,,296.3333333333333,0.0,127.42333333334804,,,,48.33361541,0.0,4.0,1546.9815293483864,0.0,-0.0,0.0,157.4981895028985
111,1,112,0.10382,0.0,0.0,1543.7579694478798,,,,0,0.0,1,2645.8333333333335,2645.8333333333335,0.0,423.3333333333333,0.0,,,416.8009423225259,2645.8333333333335,2540.0,105.83333333333333,2645.8333333333335,0.0,87.84166666666665,1.0,-0.0,-0.0,0.16409485918210126,138.9336474408531,0.96,881.9444444444445,846.6666666666666,35.27777777777778,1.0,-0.0,-0.0,0.16409485918209604,138.93364744083513,0.96,881.9444444444445,846.6666666666666,35.27777777777778,1.0,-0.0,0.0,0.1640948591820977,138.93364744083763,0.96,881.9444444444445,846.6666666666666,35.27777777777778,,,,941.2147024356261,2540.0,2349.5,190.5,2540.0,0.0,1.0,-0.0,-0.0,0.4006021291490216,235.30367560890656,0.925,635.0,587.375,47.625,1.0,0.0,0.0,0.4006021291490216,235.30367560890656,0.925,635.0,587.375,47.625,1.0,-0.0,0.0,0.4006021291490216,235.30367560890656,0.925,635.0,587.375,47.625,1.0,-0.0,0.0,0.40060212914902144,235.3036756089065,0.925,635.0,587.375,47.625,1.0,,,0.101,237.29950000000002,2349.5,2349.5,0.0,72.8345,-0.0,,,296.3333333333333,0.0,127.42333333333337,,,,51.55717531,0.0,4.0,1543.7579694481522,0.0,-0.0,0.0,160.27295238807886
112,1,113,0.12198,0.0,0.0,745.0634078255374,,,,0,0.0,1,1322.9166666666667,1322.9166666666667,0.0,211.66666666666666,0.0,,,211.35426540799784,1322.9166666666667,1270.0,52.916666666666664,1322.9166666666667,0.0,43.92083333333333,1.0,-0.0,-0.0,0.16409485918210126,138.9336474408531,0.96,881.9444444444445,846.6666666666666,35.27777777777778,1.0,-0.0,-0.0,0.17107232590664112,72.42061796714474,0.96,440.97222222222223,423.3333333333333,17.63888888888889,-0.0,-0.0,1.0,0.271,0.0,0.96,0.0,0.0,0.0,,,,470.60735121771324,1270.0,1174.75,95.25,1270.0,0.0,1.0,-0.0,-0.0,0.40060212914885157,235.30367560880669,0.925,635.0,587.375,47.625,1.0,0.0,0.0,0.4006021291490216,235.30367560890656,0.925,635.0,587.375,47.625,-0.0,-0.0,1.0,0.19716472159924608,0.0,0.88,0.0,0.0,0.0,-0.0,-0.0,1.0,0.19716472159924608,0.0,0.88,0.0,0.0,0.0,1.0,,,0.101,118.64975000000001,1174.75,1174.75,0.0,36.41725,-0.0,,,148.16666666666666,0.0,63.71166666666669,,,,55.5479588,0.0,2.0,745.063407825711,0.0,0.0,0.0,90.88283448655906
113,1,114,3.78877,0.0,49.19921436,0.0,,,,0,0.0,1,0.0,0.0,0.0,0.0,0.0,,,0.0,0.0,0.0,0.0,0.0,0.0,0.0,-0.0,-0.0,1.0,0.271,0.0,0.96,0.0,0.0,0.0,-0.0,-0.0,1.0,0.271,0.0,0.96,0.0,0.0,0.0,-0.0,-0.0,-0.0,0.271,0.0,0.96,0.0,0.0,0.0,,,,0.0,0.0,0.0,0.0,0.0,0.0,-0.0,-0.0,1.0,0.19716472159924608,0.0,0.88,0.0,0.0,0.0,-0.0,0.0,1.0,0.19716472159924608,0.0,0.88,0.0,0.0,0.0,-0.0,-0.0,-0.0,0.19716472159924608,0.0,0.88,0.0,0.0,0.0,-0.0,-0.0,-0.0,0.19716472159924608,0.0,0.88,0.0,0.0,0.0,1.0,,,0.101,0.0,0.0,0.0,0.0,0.0,-0.0,,,0.0,0.0,0.0,,,,49.19921436,0.0,-0.0,0.0,0.0,0.0,0.0,0.0
114,1,115,5.01894,0.0,23.61469181,0.0,,,,0,0.0,1,0.0,0.0,0.0,0.0,0.0,,,0.0,0.0,0.0,0.0,0.0,0.0,0.0,-0.0,-0.0,-0.0,0.271,0.0,0.96,0.0,0.0,0.0,-0.0,-0.0,-0.0,0.271,0.0,0.96,0.0,0.0,0.0,-0.0,-0.0,-0.0,0.271,0.0,0.96,0.0,0.0,0.0,,,,0.0,0.0,0.0,0.0,0.0,0.0,-0.0,-0.0,-0.0,0.19716472159924608,0.0,0.88,0.0,0.0,0.0,-0.0,0.0,0.0,0.19716472159924608,0.0,0.88,0.0,0.0,0.0,-0.0,-0.0,-0.0,0.19716472159924736,0.0,0.88,0.0,0.0,0.0,-0.0,-0.0,-0.0,0.19716472159924608,0.0,0.88,0.0,0.0,0.0,1.0,,,0.101,0.0,0.0,0.0,0.0,0.0,-0.0,,,0.0,0.0,0.0,,,,23.61469181,0.0,-0.0,0.0,0.0,0.0,0.0,0.0
115,1,116,2.52611,0.0,23.79812577,0.0,,,,0,0.0,1,0.0,0.0,0.0,0.0,0.0,,,0.0,0.0,0.0,0.0,0.0,0.0,0.0,-0.0,-0.0,-0.0,0.271,0.0,0.96,0.0,0.0,0.0,-0.0,-0.0,-0.0,0.271,0.0,0.96,0.0,0.0,0.0,-0.0,-0.0,-0.0,0.271,0.0,0.96,0.0,0.0,0.0,,,,0.0,0.0,0.0,0.0,0.0,0.0,-0.0,-0.0,-0.0,0.19716472159924614,0.0,0.88,0.0,0.0,0.0,-0.0,0.0,0.0,0.19716472159924608,0.0,0.88,0.0,0.0,0.0,-0.0,-0.0,-0.0,0.19716472159924728,0.0,0.88,0.0,0.0,0.0,-0.0,-0.0,-0.0,0.19716472159924733,0.0,0.88,0.0,0.0,0.0,1.0,,,0.101,0.0,0.0,0.0,0.0,0.0,-0.0,,,0.0,0.0,0.0,,,,23.79812577,0.0,-0.0,0.0,0.0,0.0,0.0,0.0
116,1,117,0.75581,0.0,0.0,544.6050249424752,,,,0,0.0,1,1083.3333333333333,1083.3333333333333,0.0,173.33333333333334,0.0,,,169.09525238444434,1083.3333333333333,1040.0,43.333333333333336,1083.3333333333333,0.0,35.96666666666667,1.0,1.0,-0.0,0.15610587775,97.93458346524008,0.96,653.5,627.36,26.140000000000022,1.0,1.0,-0.0,0.1724521833055558,71.16066891920426,0.96,429.8333333333333,412.64,17.19333333333335,-0.0,-0.0,-0.0,0.271,0.0,0.96,0.0,0.0,0.0,,,,310.2451121080313,1040.0,915.2,124.8,1040.0,0.0,1.0,1.0,-0.0,0.33899159976839077,155.12255605401563,0.88,520.0,457.6,62.4,1.0,1.0,0.0,0.3389915997683908,155.12255605401566,0.88,520.0,457.6,62.4,-0.0,-0.0,-0.0,0.19716472159924725,0.0,0.88,0.0,0.0,0.0,-0.0,-0.0,-0.0,0.19716472159924608,0.0,0.88,0.0,0.0,0.0,0.0,,,0.101,92.43519999999964,915.2,0.0,915.2,28.371199999999888,1.0,,,1083.3333333333333,0.0,465.8333333333333,,,,27.17053955,0.0,2.0,544.6050249424752,0.0,0.0,0.0,411.6179239017722
117,1,118,0.154,0.0,0.0,544.3666817024753,,,,0,0.0,1,1083.3333333333333,1083.3333333333333,0.0,173.33333333333334,0.0,,,169.09525238444434,1083.3333333333333,1040.0,43.333333333333336,1083.3333333333333,0.0,35.96666666666667,1.0,-0.0,-0.0,0.15610587775,97.93458346524008,0.96,653.5,627.36,26.140000000000022,1.0,-0.0,-0.0,0.1724521833055558,71.16066891920426,0.96,429.8333333333333,412.64,17.19333333333335,-0.0,-0.0,-0.0,0.271,0.0,0.96,0.0,0.0,0.0,,,,310.2451121080313,1040.0,915.2,124.8,1040.0,0.0,1.0,-0.0,-0.0,0.3389915997683908,155.12255605401566,0.88,520.0,457.6,62.4,1.0,0.0,0.0,0.3389915997683908,155.12255605401566,0.88,520.0,457.6,62.4,-0.0,-0.0,-0.0,0.19716472159924608,0.0,0.88,0.0,0.0,0.0,-0.0,-0.0,-0.0,0.19716472159924608,0.0,0.88,0.0,0.0,0.0,0.0,,,0.101,92.43519999999964,915.2,0.0,915.2,28.371199999999888,1.0,,,1083.3333333333333,0.0,465.8333333333333,,,,27.40888279,0.0,2.0,544.3666817024753,0.0,0.0,0.0,83.83246898218118
118,1,119,0.12052,0.0,0.0,1564.4600993777958,,,,0,0.0,1,2645.8333333333335,2645.8333333333335,0.0,423.3333333333333,0.0,,,416.8009423223176,2645.8333333333335,2540.0,105.83333333333333,2645.8333333333335,0.0,87.84166666666665,1.0,-0.0,-0.0,0.16409485918209235,138.93364744082683,0.96,881.9444444444445,846.6666666666666,35.27777777777778,1.0,-0.0,-0.0,0.16409485918247899,138.93364744099617,0.96,881.9444444444445,846.6666666666666,35.27777777777778,1.0,1.0,-0.0,0.16409485918180658,138.93364744049464,0.96,881.9444444444445,846.6666666666666,35.27777777777778,,,,941.2147024356262,2540.0,2349.5,190.5,2540.0,0.0,1.0,-0.0,-0.0,0.4006021291490216,235.30367560890656,0.925,635.0,587.375,47.625,1.0,0.0,0.0,0.4006021291490216,235.30367560890656,0.925,635.0,587.375,47.625,1.0,1.0,-0.0,0.4006021291490216,235.30367560890656,0.925,635.0,587.375,47.625,1.0,1.0,-0.0,0.4006021291490216,235.30367560890656,0.925,635.0,587.375,47.625,1.0,,,0.101,237.29950000000002,2349.5,2349.5,0.0,72.8345,-0.0,,,296.3333333333333,0.0,127.42333333335232,,,,30.85504538,0.0,4.0,1564.4600993779438,0.0,-0.0,0.0,188.54873117701194
119,1,120,0.11633,0.0,0.0,1566.390028467647,,,,0,0.0,1,2645.8333333333335,2645.8333333333335,0.0,423.3333333333333,0.0,,,416.8009423223222,2645.8333333333335,2540.0,105.83333333333333,2645.8333333333335,0.0,87.84166666666665,1.0,-0.0,-0.0,0.16409485918209282,138.9336474408281,0.96,881.9444444444445,846.6666666666666,35.27777777777778,1.0,-0.0,-0.0,0.1640948591824785,138.93364744099512,0.96,881.9444444444445,846.6666666666666,35.27777777777778,1.0,-0.0,-0.0,0.16409485918181058,138.933647440499,0.96,881.9444444444445,846.6666666666666,35.27777777777778,,,,941.2147024356262,2540.0,2349.5,190.5,2540.0,0.0,1.0,-0.0,-0.0,0.4006021291490216,235.30367560890656,0.925,635.0,587.375,47.625,1.0,0.0,0.0,0.4006021291490216,235.30367560890656,0.925,635.0,587.375,47.625,1.0,-0.0,-0.0,0.4006021291490216,235.30367560890656,0.925,635.0,587.375,47.625,1.0,-0.0,-0.0,0.4006021291490216,235.30367560890656,0.925,635.0,587.375,47.625,1.0,,,0.101,237.29950000000002,2349.5,2349.5,0.0,72.8345,-0.0,,,296.3333333333333,0.0,127.4233333333509,,,,28.92511629,0.0,4.0,1566.3900284679485,0.0,-0.0,0.0,182.21815201164137
120,1,121,0.11178,0.0,0.0,1567.1698050675645,,,,0,0.0,1,2645.8333333333335,2645.8333333333335,0.0,423.3333333333333,0.0,,,416.800942322324,2645.8333333333335,2540.0,105.83333333333333,2645.8333333333335,0.0,87.84166666666665,1.0,-0.0,-0.0,0.16409485918209327,138.93364744082925,0.96,881.9444444444445,846.6666666666666,35.27777777777778,1.0,-0.0,-0.0,0.16409485918247155,138.9336474409912,0.96,881.9444444444445,846.6666666666666,35.27777777777778,1.0,-0.0,-0.0,0.164094859181815,138.93364744050356,0.96,881.9444444444445,846.6666666666666,35.27777777777778,,,,941.2147024356262,2540.0,2349.5,190.5,2540.0,0.0,1.0,-0.0,-0.0,0.4006021291490216,235.30367560890656,0.925,635.0,587.375,47.625,1.0,0.0,0.0,0.4006021291490216,235.30367560890656,0.925,635.0,587.375,47.625,1.0,-0.0,-0.0,0.4006021291490216,235.30367560890656,0.925,635.0,587.375,47.625,1.0,-0.0,-0.0,0.4006021291490216,235.30367560890656,0.925,635.0,587.375,47.625,1.0,,,0.101,237.29950000000002,2349.5,2349.5,0.0,72.8345,-0.0,,,296.3333333333333,0.0,127.42333333334743,,,,28.14533969,0.0,4.0,1567.1698050679504,0.0,-0.0,0.0,175.17824081045237
121,1,122,0.11143,0.0,0.0,1567.4246496974129,,,,0,0.0,1,2645.8333333333335,2645.8333333333335,0.0,423.3333333333333,0.0,,,416.8009423223252,2645.8333333333335,2540.0,105.83333333333333,2645.8333333333335,0.0,87.84166666666665,1.0,-0.0,-0.0,0.16409485918209366,138.93364744083024,0.96,881.9444444444445,846.6666666666666,35.27777777777778,1.0,-0.0,-0.0,0.16409485918246805,138.9336474409889,0.96,881.9444444444445,846.6666666666666,35.27777777777778,1.0,-0.0,-0.0,0.16409485918181732,138.93364744050606,0.96,881.9444444444445,846.6666666666666,35.27777777777778,,,,941.2147024356262,2540.0,2349.5,190.5,2540.0,0.0,1.0,-0.0,-0.0,0.4006021291490216,235.30367560890656,0.925,635.0,587.375,47.625,1.0,0.0,0.0,0.4006021291490216,235.30367560890656,0.925,635.0,587.375,47.625,1.0,-0.0,-0.0,0.4006021291490216,235.30367560890656,0.925,635.0,587.375,47.625,1.0,-0.0,-0.0,0.4006021291490216,235.30367560890656,0.925,635.0,587.375,47.625,1.0,,,0.101,237.29950000000002,2349.5,2349.5,0.0,72.8345,-0.0,,,296.3333333333333,0.0,127.42333333334581,,,,27.89049506,0.0,4.0,1567.4246496979517,0.0,-0.0,0.0,174.6581287157827
122,1,123,0.11125,0.0,0.0,1566.7707666475449,,,,0,0.0,1,2645.8333333333335,2645.8333333333335,0.0,423.3333333333333,0.0,,,416.8009423223366,2645.8333333333335,2540.0,105.83333333333333,2645.8333333333335,0.0,87.84166666666665,1.0,-0.0,-0.0,0.164094859182094,138.93364744083098,0.96,881.9444444444445,846.6666666666666,35.27777777777778,1.0,-0.0,-0.0,0.1640948591824642,138.9336474409863,0.96,881.9444444444445,846.6666666666666,35.27777777777778,1.0,-0.0,-0.0,0.16409485918182867,138.93364744051928,0.96,881.9444444444445,846.6666666666666,35.27777777777778,,,,941.2147024356262,2540.0,2349.5,190.5,2540.0,0.0,1.0,-0.0,-0.0,0.4006021291490216,235.30367560890656,0.925,635.0,587.375,47.625,1.0,0.0,0.0,0.4006021291490216,235.30367560890656,0.925,635.0,587.375,47.625,1.0,-0.0,-0.0,0.4006021291490216,235.30367560890656,0.925,635.0,587.375,47.625,1.0,-0.0,-0.0,0.4006021291490216,235.30367560890656,0.925,635.0,587.375,47.625,1.0,,,0.101,237.29950000000002,2349.5,2349.5,0.0,72.8345,-0.0,,,296.3333333333333,0.0,127.42333333334254,,,,28.54437811,0.0,4.0,1566.770766647963,0.0,-0.0,0.0,174.30324778953937
123,1,124,0.11124,0.0,0.0,1568.3994488147346,,,,0,0.0,1,2645.8333333333335,2645.8333333333335,0.0,423.3333333333333,0.0,,,416.80094232266765,2645.8333333333335,2540.0,105.83333333333333,2645.8333333333335,0.0,87.84166666666665,1.0,-0.0,-0.0,0.16409485918209427,138.93364744083183,0.96,881.9444444444445,846.6666666666666,35.27777777777778,1.0,-0.0,-0.0,0.16409485918246192,138.93364744098483,0.96,881.9444444444445,846.6666666666666,35.27777777777778,1.0,-0.0,-0.0,0.16409485918210165,138.93364744085105,0.96,881.9444444444445,846.6666666666666,35.27777777777778,,,,940.9950459969299,2540.0,2349.1982439122457,190.48327871404865,2539.6815226262943,0.31847737371663243,1.0,-0.0,-0.0,0.4006021291490216,235.3036756089066,0.925,635.0,587.375,47.625,1.0,0.0,0.0,0.4006021291490216,235.3036756089066,0.925,635.0,587.375,47.625,1.0,-0.0,-0.0,0.4005169589090629,235.1917847686143,0.9249887144658736,634.8407613131449,587.2205396975824,47.620221615562514,1.0,-0.0,-0.0,0.40051909731514573,235.19591001050242,0.925,634.8407613131495,587.2277042146634,47.61305709848614,1.0,,,0.101,237.26902263513685,2349.1982439122457,2349.1982439122457,0.0,72.82514556127961,-0.0,,,296.63508942109917,0.0,127.55308845107264,,,,26.66556214,0.0,4.0,1568.3994488147346,0.0,-0.0,0.0,174.46875468615107
124,1,125,0.11167,0.0,0.0,1565.747842198264,,,,0,0.0,1,2645.8333333333335,2645.8333333333335,0.0,423.3333333333333,0.0,,,416.8009423228217,2645.8333333333335,2540.0,105.83333333333333,2645.8333333333335,0.0,87.84166666666665,1.0,-0.0,-0.0,0.16409485918209468,138.93364744083289,0.96,881.9444444444445,846.6666666666666,35.27777777777778,1.0,-0.0,-0.0,0.16409485918245922,138.93364744098318,0.96,881.9444444444445,846.6666666666666,35.27777777777778,1.0,-0.0,-0.0,0.16409485918248687,138.9336474410056,0.96,881.9444444444445,846.6666666666666,35.27777777777778,,,,941.2147024356262,2540.0,2349.5,190.5,2540.0,0.0,1.0,-0.0,-0.0,0.4006021291490216,235.30367560890656,0.925,635.0,587.375,47.625,1.0,0.0,0.0,0.4006021291490216,235.30367560890656,0.925,635.0,587.375,47.625,1.0,-0.0,-0.0,0.4006021291490216,235.30367560890656,0.925,635.0,587.375,47.625,1.0,-0.0,-0.0,0.4006021291490216,235.30367560890656,0.925,635.0,587.375,47.625,1.0,,,0.101,237.29950000000002,2349.5,2349.5,0.0,72.8345,-0.0,,,296.3333333333333,0.0,127.4233333333625,,,,29.56730256,0.0,4.0,1565.747842198448,0.0,-0.0,0.0,174.84706153828014
125,1,126,0.11198,0.0,0.0,1545.9045974577812,,,,0,0.0,1,2645.8333333333335,2645.8333333333335,0.0,423.3333333333333,0.0,,,416.800942322813,2645.8333333333335,2540.0,105.83333333333333,2645.8333333333335,0.0,87.84166666666665,1.0,-0.0,-0.0,0.16409485918209527,138.9336474408343,0.96,881.9444444444445,846.6666666666666,35.27777777777778,1.0,-0.0,-0.0,0.1640948591824559,138.93364744098128,0.96,881.9444444444445,846.6666666666666,35.27777777777778,1.0,-0.0,-0.0,0.1640948591824734,138.9336474409974,0.96,881.9444444444445,846.6666666666666,35.27777777777778,,,,941.2147024356262,2540.0,2349.5,190.5,2540.0,0.0,1.0,-0.0,-0.0,0.4006021291490216,235.30367560890656,0.925,635.0,587.375,47.625,1.0,0.0,0.0,0.4006021291490216,235.30367560890656,0.925,635.0,587.375,47.625,1.0,-0.0,-0.0,0.4006021291490216,235.30367560890656,0.925,635.0,587.375,47.625,1.0,-0.0,-0.0,0.4006021291490216,235.30367560890656,0.925,635.0,587.375,47.625,1.0,,,0.101,237.29950000000002,2349.5,2349.5,0.0,72.8345,-0.0,,,296.3333333333333,0.0,127.42333333335681,,,,49.4105473,0.0,4.0,1545.9045974584394,0.0,-0.0,0.0,173.11039682332233
126,1,127,0.10432,0.0,0.0,1554.2015261178403,,,,0,0.0,1,2645.8333333333335,2645.8333333333335,0.0,423.3333333333333,0.0,,,416.80094232281044,2645.8333333333335,2540.0,105.83333333333333,2645.8333333333335,0.0,87.84166666666665,1.0,-0.0,-0.0,0.16409485918209757,138.93364744084036,0.96,881.9444444444445,846.6666666666666,35.27777777777778,1.0,-0.0,-0.0,0.1640948591824513,138.93364744097883,0.96,881.9444444444445,846.6666666666666,35.27777777777778,1.0,-0.0,-0.0,0.16409485918246322,138.93364744099128,0.96,881.9444444444445,846.6666666666666,35.27777777777778,,,,941.2147024356262,2540.0,2349.5,190.5,2540.0,0.0,1.0,-0.0,-0.0,0.4006021291490216,235.30367560890656,0.925,635.0,587.375,47.625,1.0,0.0,0.0,0.4006021291490216,235.30367560890656,0.925,635.0,587.375,47.625,1.0,-0.0,-0.0,0.4006021291490216,235.30367560890656,0.925,635.0,587.375,47.625,1.0,-0.0,-0.0,0.4006021291490216,235.30367560890656,0.925,635.0,587.375,47.625,1.0,,,0.101,237.29950000000002,2349.5,2349.5,0.0,72.8345,-0.0,,,296.3333333333333,0.0,127.42333333336168,,,,41.11361864,0.0,4.0,1554.201526118437,0.0,-0.0,0.0,162.1343032046131
127,1,128,0.08887,0.0,0.0,1552.1933946071335,,,,0,0.0,1,2645.8333333333335,2645.8333333333335,0.0,423.3333333333333,0.0,,,416.8009423221421,2645.8333333333335,2540.0,105.83333333333333,2645.8333333333335,0.0,87.84166666666665,1.0,-0.0,-0.0,0.16409485918209882,138.93364744084366,0.96,881.9444444444445,846.6666666666666,35.27777777777778,1.0,-0.0,-0.0,0.1640948591816721,138.93364744032428,0.96,881.9444444444445,846.6666666666666,35.27777777777778,1.0,-0.0,-0.0,0.1640948591824376,138.93364744097417,0.96,881.9444444444445,846.6666666666666,35.27777777777778,,,,941.2147024356298,2540.0,2349.5,190.5,2540.0,0.0,1.0,-0.0,-0.0,0.4006021291490216,235.30367560890656,0.925,635.0,587.375,47.625,1.0,0.0,0.0,0.4006021291490276,235.30367560891008,0.925,635.0,587.375,47.625,1.0,-0.0,-0.0,0.4006021291490216,235.30367560890656,0.925,635.0,587.375,47.625,1.0,-0.0,-0.0,0.4006021291490216,235.30367560890656,0.925,635.0,587.375,47.625,1.0,,,0.101,237.29950000000002,2349.5,2349.5,0.0,72.8345,-0.0,,,296.3333333333333,0.0,127.42333333334723,,,,43.12175015,0.0,4.0,1552.193394607772,0.0,-0.0,0.0,137.94342697873597
128,1,129,0.07151,0.0,0.0,1548.70511143783,,,,0,0.0,1,2645.8333333333335,2645.8333333333335,0.0,423.3333333333333,0.0,,,416.8009423228058,2645.8333333333335,2540.0,105.83333333333333,2645.8333333333335,0.0,87.84166666666665,1.0,-0.0,-0.0,0.16409485918209757,138.93364744084036,0.96,881.9444444444445,846.6666666666666,35.27777777777778,1.0,-0.0,-0.0,0.16409485918245525,138.93364744098548,0.96,881.9444444444445,846.6666666666666,35.27777777777778,1.0,-0.0,-0.0,0.16409485918244665,138.93364744097994,0.96,881.9444444444445,846.6666666666666,35.27777777777778,,,,941.2147024356242,2540.0,2349.5,190.5,2540.0,0.0,1.0,-0.0,-0.0,0.4006021291490216,235.30367560890656,0.925,635.0,587.375,47.625,1.0,0.0,0.0,0.40060212914901633,235.30367560890346,0.925,635.0,587.375,47.625,1.0,-0.0,-0.0,0.4006021291490234,235.3036756089076,0.925,635.0,587.375,47.625,1.0,-0.0,-0.0,0.4006021291490216,235.30367560890656,0.925,635.0,587.375,47.625,1.0,,,0.101,237.29950000000002,2349.5,2349.5,0.0,72.8345,-0.0,,,296.3333333333333,0.0,127.42333333336168,,,,46.61003332,0.0,4.0,1548.70511143843,0.0,-0.0,0.0,110.74790251891923
129,1,130,0.06391,0.0,0.0,1547.4421325676578,,,,0,0.0,1,2645.8333333333335,2645.8333333333335,0.0,423.3333333333333,0.0,,,416.800942322826,2645.8333333333335,2540.0,105.83333333333333,2645.8333333333335,0.0,87.84166666666665,1.0,-0.0,-0.0,0.1640948591820945,138.93364744083237,0.96,881.9444444444445,846.6666666666666,35.27777777777778,1.0,-0.0,-0.0,0.1640948591824671,138.93364744099327,0.96,881.9444444444445,846.6666666666666,35.27777777777778,1.0,-0.0,-0.0,0.16409485918247632,138.9336474410004,0.96,881.9444444444445,846.6666666666666,35.27777777777778,,,,941.2147024354595,2540.0,2349.5,190.5,2540.0,0.0,1.0,-0.0,-0.0,0.4006021291490216,235.30367560890656,0.925,635.0,587.375,47.625,1.0,0.0,0.0,0.4006021291490216,235.30367560890656,0.925,635.0,587.375,47.625,1.0,-0.0,-0.0,0.40060212914873766,235.30367560873978,0.925,635.0,587.375,47.625,1.0,-0.0,-0.0,0.4006021291490216,235.30367560890656,0.925,635.0,587.375,47.625,1.0,,,0.101,237.29950000000002,2349.5,2349.5,0.0,72.8345,-0.0,,,296.3333333333333,0.0,127.42333333337452,,,,47.87301219,0.0,4.0,1547.4421325682854,0.0,-0.0,0.0,98.89702669239901
130,1,131,0.06078,0.0,0.0,1549.3536641688497,,,,0,0.0,1,2645.8333333333335,2645.8333333333335,0.0,423.3333333333333,0.0,,,416.8009423235321,2645.8333333333335,2540.0,105.83333333333333,2645.8333333333335,0.0,87.84166666666665,1.0,-0.0,-0.0,0.1640948591828087,138.93364744143076,0.96,881.9444444444445,846.6666666666666,35.27777777777778,1.0,-0.0,-0.0,0.16409485918249983,138.93364744101464,0.96,881.9444444444445,846.6666666666666,35.27777777777778,1.0,-0.0,-0.0,0.16409485918269756,138.93364744108672,0.96,881.9444444444445,846.6666666666666,35.27777777777778,,,,941.2147024356267,2540.0,2349.5,190.5,2540.0,0.0,1.0,-0.0,-0.0,0.4006021291490276,235.30367560891008,0.925,635.0,587.375,47.625,1.0,0.0,0.0,0.40060212914901633,235.30367560890346,0.925,635.0,587.375,47.625,1.0,-0.0,-0.0,0.4006021291490216,235.30367560890656,0.925,635.0,587.375,47.625,1.0,-0.0,-0.0,0.4006021291490216,235.30367560890656,0.925,635.0,587.375,47.625,1.0,,,0.101,237.29950000000002,2349.5,2349.5,0.0,72.8345,-0.0,,,296.3333333333333,0.0,127.42333333329526,,,,45.96148059,0.0,4.0,1549.353664169159,0.0,-0.0,0.0,94.1697157081827
131,1,132,0.05905,0.0,0.0,1549.5742105986506,,,,0,0.0,1,2645.8333333333335,2645.8333333333335,0.0,423.3333333333333,0.0,,,416.8009423235836,2645.8333333333335,2540.0,105.83333333333333,2645.8333333333335,0.0,87.84166666666665,1.0,-0.0,-0.0,0.16409485918284067,138.93364744145057,0.96,881.9444444444445,846.6666666666666,35.27777777777778,1.0,-0.0,-0.0,0.16409485918251376,138.93364744102334,0.96,881.9444444444445,846.6666666666666,35.27777777777778,1.0,-0.0,-0.0,0.16409485918273337,138.9336474411097,0.96,881.9444444444445,846.6666666666666,35.27777777777778,,,,941.2147024356262,2540.0,2349.5,190.5,2540.0,0.0,1.0,-0.0,-0.0,0.4006021291490216,235.30367560890656,0.925,635.0,587.375,47.625,1.0,0.0,0.0,0.4006021291490216,235.30367560890656,0.925,635.0,587.375,47.625,1.0,-0.0,-0.0,0.4006021291490216,235.30367560890656,0.925,635.0,587.375,47.625,1.0,-0.0,-0.0,0.4006021291490216,235.30367560890656,0.925,635.0,587.375,47.625,1.0,,,0.101,237.29950000000002,2349.5,2349.5,0.0,72.8345,-0.0,,,296.3333333333333,0.0,127.42333333333337,,,,45.74093416,0.0,4.0,1549.57421059921,0.0,-0.0,0.0,91.50235713585032
132,1,133,0.06315,0.0,0.0,1542.1971502891288,,,,0,0.0,1,2645.8333333333335,2645.8333333333335,0.0,423.3333333333333,0.0,,,416.8009423238658,2645.8333333333335,2540.0,105.83333333333333,2645.8333333333335,0.0,87.84166666666665,1.0,-0.0,-0.0,0.16409485918287067,138.93364744146976,0.96,881.9444444444445,846.6666666666666,35.27777777777778,1.0,-0.0,-0.0,0.1640948591825271,138.9336474410319,0.96,881.9444444444445,846.6666666666666,35.27777777777778,1.0,-0.0,-0.0,0.16409485918304287,138.93364744136417,0.96,881.9444444444445,846.6666666666666,35.27777777777778,,,,941.2147024356209,2540.0,2349.5,190.5,2540.0,0.0,1.0,-0.0,-0.0,0.4006021291490216,235.30367560890656,0.925,635.0,587.375,47.625,1.0,0.0,0.0,0.4006021291490165,235.30367560890357,0.925,635.0,587.375,47.625,1.0,-0.0,-0.0,0.40060212914901766,235.30367560890426,0.925,635.0,587.375,47.625,1.0,-0.0,-0.0,0.4006021291490216,235.30367560890656,0.925,635.0,587.375,47.625,1.0,,,0.101,237.29950000000002,2349.5,2349.5,0.0,72.8345,-0.0,,,296.3333333333333,0.0,127.42333333333337,,,,53.11799447,0.0,4.0,1542.197150289487,0.0,-0.0,0.0,97.38975004075849
133,1,134,0.06632,0.0,0.0,1540.7101210293395,,,,0,0.0,1,2645.8333333333335,2645.8333333333335,0.0,423.3333333333333,0.0,,,416.80094232392923,2645.8333333333335,2540.0,105.83333333333333,2645.8333333333335,0.0,87.84166666666665,1.0,-0.0,-0.0,0.16409485918289812,138.9336474414866,0.96,881.9444444444445,846.6666666666666,35.27777777777778,1.0,-0.0,-0.0,0.16409485918255742,138.93364744105114,0.96,881.9444444444445,846.6666666666666,35.27777777777778,1.0,-0.0,-0.0,0.16409485918309477,138.93364744139149,0.96,881.9444444444445,846.6666666666666,35.27777777777778,,,,941.2147024356258,2540.0,2349.5,190.5,2540.0,0.0,1.0,-0.0,-0.0,0.40060212914901655,235.3036756089036,0.925,635.0,587.375,47.625,1.0,0.0,0.0,0.40060212914902116,235.3036756089063,0.925,635.0,587.375,47.625,1.0,-0.0,-0.0,0.40060212914902626,235.30367560890932,0.925,635.0,587.375,47.625,1.0,-0.0,-0.0,0.4006021291490216,235.30367560890656,0.925,635.0,587.375,47.625,1.0,,,0.101,237.29950000000002,2349.5,2349.5,0.0,72.8345,-0.0,,,296.3333333333333,0.0,127.42333333333296,,,,54.60502373,0.0,4.0,1540.710121029555,0.0,-0.0,0.0,102.1798952266658
134,1,135,0.07376,0.0,0.0,1540.9263342593906,,,,0,0.0,1,2645.8333333333335,2645.8333333333335,0.0,423.3333333333333,0.0,,,416.80094232395675,2645.8333333333335,2540.0,105.83333333333333,2645.8333333333335,0.0,87.84166666666665,1.0,-0.0,-0.0,0.1640948591829063,138.9336474414913,0.96,881.9444444444445,846.6666666666666,35.27777777777778,1.0,-0.0,-0.0,0.16409485918257782,138.93364744106228,0.96,881.9444444444445,846.6666666666666,35.27777777777778,1.0,-0.0,-0.0,0.16409485918311595,138.93364744140317,0.96,881.9444444444445,846.6666666666666,35.27777777777778,,,,941.2147024356271,2540.0,2349.5,190.5,2540.0,0.0,1.0,-0.0,-0.0,0.4006021291490216,235.30367560890656,0.925,635.0,587.375,47.625,1.0,0.0,0.0,0.4006021291490216,235.30367560890656,0.925,635.0,587.375,47.625,1.0,-0.0,-0.0,0.4006021291490216,235.30367560890656,0.925,635.0,587.375,47.625,1.0,-0.0,-0.0,0.40060212914902316,235.30367560890747,0.925,635.0,587.375,47.625,1.0,,,0.101,237.29950000000002,2349.5,2349.5,0.0,72.8345,-0.0,,,296.3333333333333,0.0,127.42333333333337,,,,54.3888105,0.0,4.0,1540.9263342595839,0.0,-0.0,0.0,113.65872641497266
135,1,136,0.0834,0.0,0.0,1542.9961529194902,,,,0,0.0,1,2645.8333333333335,2645.8333333333335,0.0,423.3333333333333,0.0,,,416.8009423240019,2645.8333333333335,2540.0,105.83333333333333,2645.8333333333335,0.0,87.84166666666665,1.0,-0.0,-0.0,0.16409485918292527,138.93364744150142,0.96,881.9444444444445,846.6666666666666,35.27777777777778,1.0,-0.0,-0.0,0.16409485918258754,138.93364744106742,0.96,881.9444444444445,846.6666666666666,35.27777777777778,1.0,-0.0,-0.0,0.1640948591831529,138.93364744143304,0.96,881.9444444444445,846.6666666666666,35.27777777777778,,,,941.2147024356264,2540.0,2349.5,190.5,2540.0,0.0,1.0,-0.0,-0.0,0.40060212914902027,235.3036756089058,0.925,635.0,587.375,47.625,1.0,0.0,0.0,0.4006021291490214,235.30367560890645,0.925,635.0,587.375,47.625,1.0,-0.0,-0.0,0.40060212914902327,235.30367560890755,0.925,635.0,587.375,47.625,1.0,-0.0,-0.0,0.4006021291490216,235.30367560890656,0.925,635.0,587.375,47.625,1.0,,,0.101,237.29950000000002,2349.5,2349.5,0.0,72.8345,-0.0,,,296.3333333333333,0.0,127.42333333333296,,,,52.31899184,0.0,4.0,1542.9961529196282,0.0,-0.0,0.0,128.68587915348547
136,1,137,0.10749,0.0,0.0,1539.562986629448,,,,0,0.0,1,2645.8333333333335,2645.8333333333335,0.0,423.3333333333333,0.0,,,416.80094232400995,2645.8333333333335,2540.0,105.83333333333333,2645.8333333333335,0.0,87.84166666666665,1.0,-0.0,-0.0,0.16409485918292663,138.9336474415048,0.96,881.9444444444445,846.6666666666666,35.27777777777778,1.0,-0.0,-0.0,0.16409485918258823,138.93364744106916,0.96,881.9444444444445,846.6666666666666,35.27777777777778,1.0,-0.0,-0.0,0.16409485918315886,138.93364744143602,0.96,881.9444444444445,846.6666666666666,35.27777777777778,,,,941.2147024356252,2540.0,2349.5,190.5,2540.0,0.0,1.0,-0.0,-0.0,0.4006021291490214,235.30367560890645,0.925,635.0,587.375,47.625,1.0,0.0,0.0,0.4006021291490199,235.30367560890556,0.925,635.0,587.375,47.625,1.0,-0.0,-0.0,0.4006021291490216,235.30367560890656,0.925,635.0,587.375,47.625,1.0,-0.0,-0.0,0.4006021291490216,235.30367560890656,0.925,635.0,587.375,47.625,1.0,,,0.101,237.29950000000002,2349.5,2349.5,0.0,72.8345,-0.0,,,296.3333333333333,0.0,127.42333333333337,,,,55.75215813,0.0,4.0,1539.5629866296351,0.0,-0.0,0.0,165.48762543279938
137,1,138,0.72792,0.0,0.0,1176.661283088364,,,,0,0.0,1,2205.796271676349,2205.796271676349,0.0,352.92740346821586,0.0,,,351.471146369571,2205.796271676349,2117.564420809295,88.23185086705404,2205.796271676349,0.0,73.23243621965479,1.0,-0.0,-0.0,0.1648987583927415,141.00258591362282,0.96,890.7143697844182,855.0857949930414,35.62857479137676,1.0,-0.0,-0.0,0.1640948591820989,138.93364744084363,0.96,881.9444444444445,846.6666666666666,35.27777777777778,1.0,-0.0,0.0,0.1720366897611311,71.53491301510454,0.96,433.1374574474863,415.81195914958687,17.32549829789947,,,,673.2341454470541,2117.564420809295,1937.5644208092951,180.0,2117.564420809295,0.0,1.0,-0.0,-0.0,0.3474641349820989,168.30853636214832,0.9149966828724844,529.3911052023238,484.3911052023239,45.0,1.0,0.0,0.0,0.3474641349820991,168.3085363621484,0.9149966828724851,529.3911052023238,484.3911052023238,45.0,1.0,-0.0,0.0,0.3474641349805096,168.30853636137846,0.9149966828724847,529.3911052023237,484.39110520232373,45.0,1.0,-0.0,0.0,0.34746413498051054,168.30853636137888,0.9149966828724854,529.3911052023237,484.3911052023237,45.0,1.0,,,0.101,195.6940065017388,1937.5644208092951,1937.5644208092951,0.0,60.064497045088146,-0.0,,,268.2318508670541,0.0,115.33969587283326,,,,43.73801523,0.0,4.0,1176.661283088364,0.0,-0.0,0.0,856.5152811856818
138,1,139,1.91079,0.0,0.0,1188.7478003580818,,,,0,0.0,1,2205.796271676349,2205.796271676349,0.0,352.92740346821586,0.0,,,351.47114636957076,2205.796271676349,2117.564420809296,88.23185086705409,2205.79627167635,0.0,73.23243621965479,1.0,-0.0,-0.0,0.1648987583927416,141.0025859136231,0.96,890.7143697844193,855.0857949930426,35.628574791376806,1.0,-0.0,-0.0,0.16409485918209837,138.9336474408431,0.96,881.9444444444445,846.6666666666666,35.27777777777778,1.0,-0.0,-0.0,0.1720366897611311,71.53491301510454,0.96,433.1374574474863,415.81195914958687,17.32549829789947,,,,670.0428881252519,2117.564420809296,1930.9487880520687,186.6156327572266,2117.564420809295,0.0,1.0,-0.0,-0.0,0.3474641349820991,168.30853636214843,0.9149966828724839,529.3911052023238,484.39110520232384,45.0,1.0,0.0,0.0,0.3455959725084459,165.1172790403456,0.9025000000000001,529.3911052023238,477.7754724450973,51.615632757226535,1.0,-0.0,-0.0,0.3474641349805104,168.30853636137883,0.9149966828724848,529.3911052023237,484.39110520232373,45.0,1.0,-0.0,-0.0,0.34746413498051104,168.30853636137914,0.914996682872485,529.3911052023237,484.3911052023237,45.0,1.0,,,0.101,195.02582759325895,1930.9487880520687,1930.9487880520687,0.0,59.85941242961413,-0.0,,,274.8474836242816,0.0,118.18441795844109,,,,27.79206173,0.0,4.0,1188.7478003580818,0.0,-0.0,0.0,2271.447409446219
139,1,140,0.20267,0.0,0.0,1567.1000167041325,,,,0,0.0,1,2645.8333333333335,2645.8333333333335,0.0,423.3333333333333,0.0,,,416.8452956985064,2645.8333333333335,2540.0,105.83333333333333,2645.8333333333335,0.0,87.84166666666665,1.0,-0.0,-0.0,0.16489875839274165,141.0025859136232,0.96,890.7143697844197,855.0857949930429,35.62857479137682,1.0,-0.0,-0.0,0.16409485918209835,138.93364744084235,0.96,881.9444444444445,846.6666666666666,35.27777777777778,1.0,0.0,-0.0,0.1633277237118003,136.90906234404082,0.96,873.1745191038386,838.2475383396851,34.926980764153576,,,,941.2147024356261,2540.0,2349.5,190.5,2540.0,0.0,1.0,-0.0,-0.0,0.4006021291490216,235.30367560890656,0.925,635.0,587.375,47.625,1.0,0.0,0.0,0.4006021291490216,235.30367560890656,0.925,635.0,587.375,47.625,1.0,0.0,-0.0,0.4006021291490216,235.30367560890656,0.925,635.0,587.375,47.625,1.0,0.0,-0.0,0.4006021291490216,235.30367560890653,0.925,635.0,587.375,47.625,1.0,,,0.101,237.29950000000002,2349.5,2349.5,0.0,72.8345,-0.0,,,296.3333333333333,0.0,127.42333333305962,,,,28.25948143,0.0,4.0,1567.1000167041325,0.0,-0.0,0.0,317.6041603854265
140,1,141,0.13268,0.0,0.0,1563.810308784131,,,,0,0.0,1,2645.8333333333335,2645.8333333333335,0.0,423.3333333333333,0.0,,,416.8452956985045,2645.8333333333335,2540.0,105.83333333333333,2645.8333333333335,0.0,87.84166666666665,1.0,-0.0,-0.0,0.16489875839274165,141.0025859136232,0.96,890.7143697844197,855.0857949930429,35.62857479137682,1.0,-0.0,-0.0,0.1640948591820988,138.93364744084366,0.96,881.9444444444445,846.6666666666666,35.27777777777778,1.0,-0.0,-0.0,0.16332772371179555,136.9090623440377,0.96,873.1745191038442,838.2475383396904,34.9269807641538,,,,941.2147024356262,2540.0,2349.5,190.5,2540.0,0.0,1.0,-0.0,-0.0,0.4006021291490216,235.30367560890656,0.925,635.0,587.375,47.625,1.0,0.0,0.0,0.4006021291490216,235.30367560890656,0.925,635.0,587.375,47.625,1.0,-0.0,-0.0,0.4006021291490216,235.30367560890656,0.925,635.0,587.375,47.625,1.0,-0.0,-0.0,0.4006021291490216,235.30367560890656,0.925,635.0,587.375,47.625,1.0,,,0.101,237.29950000000002,2349.5,2349.5,0.0,72.8345,-0.0,,,296.3333333333333,0.0,127.4233333330645,,,,31.54918935,0.0,4.0,1563.8103087841307,0.0,-0.0,0.0,207.4863517694785
141,1,142,0.12244,0.0,0.0,1569.932743489648,,,,0,0.0,1,2645.8333333333335,2645.8333333333335,0.0,423.3333333333333,0.0,,,416.8452956984995,2645.8333333333335,2540.0,105.83333333333333,2645.8333333333335,0.0,87.84166666666665,1.0,-0.0,-0.0,0.16489875839274165,141.0025859136232,0.96,890.7143697844197,855.0857949930429,35.62857479137682,1.0,-0.0,-0.0,0.1640948591820983,138.93364744084215,0.96,881.9444444444445,846.6666666666666,35.27777777777778,1.0,-0.0,-0.0,0.16332772371178994,136.90906234403414,0.96,873.1745191038515,838.2475383396974,34.92698076415409,,,,941.0530543892193,2540.0,2349.2790983359346,190.48208905426497,2539.7611873901997,0.23881260920097702,1.0,-0.0,-0.0,0.4006021291490216,235.30367560890656,0.925,635.0,587.375,47.625,1.0,0.0,0.0,0.4006021291490216,235.30367560890656,0.925,635.0,587.375,47.625,1.0,-0.0,-0.0,0.4006021291490216,235.3036756089066,0.925,635.0,587.375,47.625,1.0,-0.0,-0.0,0.4004775377178159,235.14202756249946,0.925,634.7611873901997,587.1540983359347,47.607089054264975,1.0,,,0.101,237.2771889319294,2349.2790983359346,2349.2790983359346,0.0,72.82765204841397,-0.0,,,296.5542349967744,0.0,127.518321048613,,,,25.24279553,0.0,4.0,1569.9327434896484,0.0,-0.0,0.0,192.22256511287247
142,1,143,0.11797,0.0,0.0,1569.683466710535,,,,0,0.0,1,2645.8333333333335,2645.8333333333335,0.0,423.3333333333333,0.0,,,416.84529569849457,2645.8333333333335,2540.0,105.83333333333333,2645.8333333333335,0.0,87.84166666666665,1.0,-0.0,-0.0,0.16489875839274165,141.0025859136232,0.96,890.7143697844197,855.0857949930429,35.62857479137682,1.0,-0.0,-0.0,0.1640948591820977,138.93364744084064,0.96,881.9444444444445,846.6666666666666,35.27777777777778,1.0,-0.0,-0.0,0.1633277237117848,136.9090623440307,0.96,873.174519103857,838.2475383397027,34.926980764154315,,,,941.0115898209069,2540.0,2349.2074002092395,190.55378718096028,2539.7611873901997,0.23881260920006753,1.0,-0.0,-0.0,0.4005967810015309,235.2933530559046,0.9249717697368354,635.0,587.3570737828904,47.64292621710956,1.0,0.0,0.0,0.4005967810015309,235.2933530559046,0.9249717697368354,635.0,587.3570737828904,47.64292621710956,1.0,-0.0,-0.0,0.4005967810015309,235.2933530559046,0.9249717697368354,635.0,587.3570737828904,47.64292621710956,1.0,-0.0,-0.0,0.40047188219520674,235.1315306531932,0.9249717697368354,634.7611873901996,587.136178860568,47.6250085296316,1.0,,,0.101,237.2699474211332,2349.2074002092395,2349.2074002092395,0.0,72.82542940648642,-0.0,,,296.62593312346877,0.0,127.54915124309157,,,,25.44336623,0.0,4.0,1569.6834667105345,0.0,-0.0,0.0,185.17555856784182
143,1,144,0.11496,0.0,0.0,1567.7378795738496,,,,0,0.0,1,2645.8333333333335,2645.8333333333335,0.0,423.3333333333333,0.0,,,416.8452956986331,2645.8333333333335,2540.0,105.83333333333333,2645.8333333333335,0.0,87.84166666666665,1.0,-0.0,-0.0,0.16489875839274165,141.0025859136232,0.96,890.7143697844197,855.0857949930429,35.62857479137682,1.0,-0.0,-0.0,0.16409485918234204,138.9336474409857,0.96,881.9444444444445,846.6666666666666,35.27777777777778,1.0,-0.0,-0.0,0.16332772371177015,136.90906234402414,0.96,873.1745191038935,838.2475383397377,34.92698076415577,,,,941.2147024356262,2540.0,2349.5,190.5,2540.0,0.0,1.0,-0.0,-0.0,0.4006021291490216,235.30367560890656,0.925,635.0,587.375,47.625,1.0,0.0,0.0,0.4006021291490216,235.30367560890656,0.925,635.0,587.375,47.625,1.0,-0.0,-0.0,0.4006021291490216,235.30367560890656,0.925,635.0,587.375,47.625,1.0,-0.0,-0.0,0.4006021291490216,235.30367560890656,0.925,635.0,587.375,47.625,1.0,,,0.101,237.29950000000002,2349.5,2349.5,0.0,72.8345,-0.0,,,296.3333333333333,0.0,127.42333333308589,,,,27.62161856,0.0,4.0,1567.7378795742593,0.0,-0.0,0.0,180.22714663580976
144,1,145,0.11178,0.0,0.0,1565.8160120638145,,,,0,0.0,1,2645.8333333333335,2645.8333333333335,0.0,423.3333333333333,0.0,,,416.84529569860206,2645.8333333333335,2540.0,105.83333333333333,2645.8333333333335,0.0,87.84166666666665,1.0,-0.0,-0.0,0.16489875839274165,141.0025859136232,0.96,890.7143697844197,855.0857949930429,35.62857479137682,1.0,-0.0,-0.0,0.16409485918231942,138.93364744097013,0.96,881.9444444444445,846.6666666666666,35.27777777777778,1.0,-0.0,-0.0,0.16332772371174736,136.9090623440087,0.96,873.1745191039167,838.24753833976,34.9269807641567,,,,941.2147024356262,2540.0,2349.5,190.5,2540.0,0.0,1.0,-0.0,-0.0,0.4006021291490216,235.30367560890656,0.925,635.0,587.375,47.625,1.0,0.0,0.0,0.4006021291490216,235.30367560890656,0.925,635.0,587.375,47.625,1.0,-0.0,-0.0,0.4006021291490216,235.30367560890656,0.925,635.0,587.375,47.625,1.0,-0.0,-0.0,0.4006021291490216,235.30367560890656,0.925,635.0,587.375,47.625,1.0,,,0.101,237.29950000000002,2349.5,2349.5,0.0,72.8345,-0.0,,,296.3333333333333,0.0,127.42333333309587,,,,29.54348607,0.0,4.0,1565.8160120642285,0.0,-0.0,0.0,175.02691382849318
145,1,146,0.11143,0.0,0.0,1569.7954343740694,,,,0,0.0,1,2645.8333333333335,2645.8333333333335,0.0,423.3333333333333,0.0,,,416.8452956985805,2645.8333333333335,2540.0,105.83333333333333,2645.8333333333335,0.0,87.84166666666665,1.0,-0.0,-0.0,0.16489875839274165,141.0025859136232,0.96,890.7143697844197,855.0857949930429,35.62857479137682,1.0,-0.0,-0.0,0.1640948591823023,138.93364744095916,0.96,881.9444444444445,846.6666666666666,35.27777777777778,1.0,-0.0,-0.0,0.1633277237117308,136.9090623439982,0.96,873.1745191039383,838.2475383397808,34.92698076415756,,,,941.2147024356262,2540.0,2349.5,190.5,2540.0,0.0,1.0,-0.0,-0.0,0.4006021291490216,235.30367560890656,0.925,635.0,587.375,47.625,1.0,0.0,0.0,0.4006021291490216,235.30367560890656,0.925,635.0,587.375,47.625,1.0,-0.0,-0.0,0.4006021291490216,235.30367560890656,0.925,635.0,587.375,47.625,1.0,-0.0,-0.0,0.4006021291490216,235.30367560890656,0.925,635.0,587.375,47.625,1.0,,,0.101,237.29950000000002,2349.5,2349.5,0.0,72.8345,-0.0,,,296.3333333333333,0.0,127.42333333310525,,,,25.56406376,0.0,4.0,1569.795434374207,0.0,-0.0,0.0,174.92230525230255
146,1,147,0.11125,0.0,0.0,1567.9440574140426,,,,0,0.0,1,2645.8333333333335,2645.8333333333335,0.0,423.3333333333333,0.0,,,416.8452956985543,2645.8333333333335,2540.0,105.83333333333333,2645.8333333333335,0.0,87.84166666666665,1.0,-0.0,-0.0,0.16489875839274165,141.0025859136232,0.96,890.7143697844197,855.0857949930429,35.62857479137682,1.0,-0.0,-0.0,0.1640948591822792,138.93364744094603,0.96,881.9444444444445,846.6666666666666,35.27777777777778,1.0,-0.0,-0.0,0.16332772371170737,136.90906234398503,0.96,873.1745191039797,838.2475383398205,34.92698076415922,,,,941.2147024356262,2540.0,2349.5,190.5,2540.0,0.0,1.0,-0.0,-0.0,0.4006021291490216,235.30367560890656,0.925,635.0,587.375,47.625,1.0,0.0,0.0,0.4006021291490216,235.30367560890656,0.925,635.0,587.375,47.625,1.0,-0.0,-0.0,0.4006021291490216,235.30367560890656,0.925,635.0,587.375,47.625,1.0,-0.0,-0.0,0.4006021291490216,235.30367560890656,0.925,635.0,587.375,47.625,1.0,,,0.101,237.29950000000002,2349.5,2349.5,0.0,72.8345,-0.0,,,296.3333333333333,0.0,127.42333333312276,,,,27.41544072,0.0,4.0,1567.9440574141806,0.0,-0.0,0.0,174.43377638731224
147,1,148,0.11124,0.0,0.0,1568.6445905639898,,,,0,0.0,1,2645.8333333333335,2645.8333333333335,0.0,423.3333333333333,0.0,,,416.8452956985094,2645.8333333333335,2540.0,105.83333333333333,2645.8333333333335,0.0,87.84166666666665,1.0,-0.0,-0.0,0.16489875839274165,141.0025859136232,0.96,890.7143697844197,855.0857949930429,35.62857479137682,1.0,-0.0,-0.0,0.16409485918224415,138.93364744092503,0.96,881.9444444444445,846.6666666666666,35.27777777777778,1.0,-0.0,-0.0,0.1633277237116647,136.9090623439612,0.96,873.1745191040559,838.2475383398936,34.926980764162266,,,,941.2147024356262,2540.0,2349.5,190.5,2540.0,0.0,1.0,-0.0,-0.0,0.4006021291490216,235.30367560890656,0.925,635.0,587.375,47.625,1.0,0.0,0.0,0.4006021291490216,235.30367560890656,0.925,635.0,587.375,47.625,1.0,-0.0,-0.0,0.4006021291490216,235.30367560890656,0.925,635.0,587.375,47.625,1.0,-0.0,-0.0,0.4006021291490216,235.30367560890656,0.925,635.0,587.375,47.625,1.0,,,0.101,237.29950000000002,2349.5,2349.5,0.0,72.8345,-0.0,,,296.3333333333333,0.0,127.42333333315555,,,,26.71490757,0.0,4.0,1568.6445905641358,0.0,-0.0,0.0,174.49602425433824
148,1,149,0.11167,0.0,0.0,1564.1721834439786,,,,0,0.0,1,2645.8333333333335,2645.8333333333335,0.0,423.3333333333333,0.0,,,416.8452956985068,2645.8333333333335,2540.0,105.83333333333333,2645.8333333333335,0.0,87.84166666666665,1.0,-0.0,-0.0,0.16489875839274165,141.0025859136232,0.96,890.7143697844197,855.0857949930429,35.62857479137682,1.0,-0.0,-0.0,0.16409485918220953,138.93364744090098,0.96,881.9444444444445,846.6666666666666,35.27777777777778,1.0,-0.0,-0.0,0.1633277237117045,136.90906234398264,0.96,873.1745191039797,838.2475383398205,34.92698076415922,,,,941.2147024356234,2540.0,2349.5,190.5,2540.0,0.0,1.0,-0.0,-0.0,0.4006021291490216,235.3036756089066,0.925,635.0,587.375,47.625,1.0,0.0,0.0,0.4006021291490216,235.30367560890656,0.925,635.0,587.375,47.625,1.0,-0.0,-0.0,0.4006021291490165,235.30367560890357,0.925,635.0,587.375,47.625,1.0,-0.0,-0.0,0.4006021291490216,235.30367560890656,0.925,635.0,587.375,47.625,1.0,,,0.101,237.29950000000002,2349.5,2349.5,0.0,72.8345,-0.0,,,296.3333333333333,0.0,127.4233333331576,,,,31.18731469,0.0,4.0,1564.1721834441303,0.0,-0.0,0.0,174.6711077251891
149,1,150,0.11198,0.0,0.0,1546.6097822939769,,,,0,0.0,1,2645.8333333333335,2645.8333333333335,0.0,423.3333333333333,0.0,,,416.8452956985019,2645.8333333333335,2540.0,105.83333333333333,2645.8333333333335,0.0,87.84166666666665,1.0,-0.0,-0.0,0.16489875839274165,141.0025859136232,0.96,890.7143697844197,855.0857949930429,35.62857479137682,1.0,-0.0,-0.0,0.16409485918218353,138.93364744088265,0.96,881.9444444444445,846.6666666666666,35.27777777777778,1.0,-0.0,-0.0,0.16332772371172877,136.9090623439961,0.96,873.1745191039361,838.2475383397785,34.92698076415747,,,,941.2147024356219,2540.0,2349.5,190.5,2540.0,0.0,1.0,-0.0,-0.0,0.400602129149018,235.30367560890446,0.925,635.0,587.375,47.625,1.0,0.0,0.0,0.40060212914901777,235.3036756089043,0.925,635.0,587.375,47.625,1.0,-0.0,-0.0,0.4006021291490216,235.30367560890656,0.925,635.0,587.375,47.625,1.0,-0.0,-0.0,0.4006021291490216,235.30367560890656,0.925,635.0,587.375,47.625,1.0,,,0.101,237.29950000000002,2349.5,2349.5,0.0,72.8345,-0.0,,,296.3333333333333,0.0,127.42333333312011,,,,48.74971584,0.0,4.0,1546.609782294124,0.0,-0.0,0.0,173.18936342127952
150,1,151,0.10432,0.0,0.0,1548.461502893707,,,,0,0.0,1,2645.8333333333335,2645.8333333333335,0.0,423.3333333333333,0.0,,,416.84529569850537,2645.8333333333335,2540.0,105.83333333333333,2645.8333333333335,0.0,87.84166666666665,1.0,-0.0,-0.0,0.16489875839274165,141.0025859136232,0.96,890.7143697844197,855.0857949930429,35.62857479137682,1.0,-0.0,-0.0,0.16409485918217542,138.93364744087722,0.96,881.9444444444445,846.6666666666666,35.27777777777778,1.0,-0.0,-0.0,0.16332772371174367,136.90906234400495,0.96,873.1745191039126,838.2475383397561,34.92698076415654,,,,941.214702435625,2540.0,2349.5,190.5,2540.0,0.0,1.0,-0.0,-0.0,0.4006021291490179,235.30367560890437,0.925,635.0,587.375,47.625,1.0,0.0,0.0,0.4006021291490216,235.30367560890656,0.925,635.0,587.375,47.625,1.0,-0.0,-0.0,0.40060212914902316,235.30367560890747,0.925,635.0,587.375,47.625,1.0,-0.0,-0.0,0.4006021291490216,235.30367560890656,0.925,635.0,587.375,47.625,1.0,,,0.101,237.29950000000002,2349.5,2349.5,0.0,72.8345,-0.0,,,296.3333333333333,0.0,127.42333333310484,,,,46.89799524,0.0,4.0,1548.4615028941305,0.0,-0.0,0.0,161.5355039818715
151,1,152,0.08887,0.0,0.0,1551.3691034935923,,,,0,0.0,1,2645.8333333333335,2645.8333333333335,0.0,423.3333333333333,0.0,,,416.8452956985062,2645.8333333333335,2540.0,105.83333333333333,2645.8333333333335,0.0,87.84166666666665,1.0,-0.0,-0.0,0.16489875839274165,141.0025859136232,0.96,890.7143697844197,855.0857949930429,35.62857479137682,1.0,-0.0,-0.0,0.16409485918216138,138.9336474408685,0.96,881.9444444444445,846.6666666666666,35.27777777777778,1.0,-0.0,-0.0,0.1633277237117582,136.90906234401447,0.96,873.1745191038958,838.24753833974,34.926980764155864,,,,941.2147024355359,2540.0,2349.5,190.5,2540.0,0.0,1.0,-0.0,-0.0,0.4006021291490216,235.30367560890656,0.925,635.0,587.375,47.625,1.0,0.0,0.0,0.4006021291488677,235.30367560881618,0.925,635.0,587.375,47.625,1.0,-0.0,-0.0,0.4006021291490216,235.30367560890656,0.925,635.0,587.375,47.625,1.0,-0.0,-0.0,0.4006021291490216,235.30367560890656,0.925,635.0,587.375,47.625,1.0,,,0.101,237.29950000000002,2349.5,2349.5,0.0,72.8345,-0.0,,,296.3333333333333,0.0,127.42333333309017,,,,43.99039464,0.0,4.0,1551.369103494042,0.0,-0.0,0.0,137.87017222747556
152,1,153,0.07151,0.0,0.0,1547.9962702936973,,,,0,0.0,1,2645.8333333333335,2645.8333333333335,0.0,423.3333333333333,0.0,,,416.845295698505,2645.8333333333335,2540.0,105.83333333333333,2645.8333333333335,0.0,87.84166666666665,1.0,-0.0,-0.0,0.16489875839274165,141.0025859136232,0.96,890.7143697844197,855.0857949930429,35.62857479137682,1.0,-0.0,-0.0,0.16409485918213593,138.93364744085486,0.96,881.9444444444445,846.6666666666666,35.27777777777778,1.0,-0.0,-0.0,0.1633277237117748,136.90906234402695,0.96,873.1745191038865,838.247538339731,34.92698076415549,,,,941.2147024356285,2540.0,2349.5,190.5,2540.0,0.0,1.0,-0.0,-0.0,0.4006021291490214,235.30367560890645,0.925,635.0,587.375,47.625,1.0,0.0,0.0,0.4006021291490216,235.30367560890656,0.925,635.0,587.375,47.625,1.0,-0.0,-0.0,0.4006021291490214,235.30367560890645,0.925,635.0,587.375,47.625,1.0,-0.0,-0.0,0.40060212914902593,235.30367560890912,0.925,635.0,587.375,47.625,1.0,,,0.101,237.29950000000002,2349.5,2349.5,0.0,72.8345,-0.0,,,296.3333333333333,0.0,127.42333333307714,,,,47.36322784,0.0,4.0,1547.9962702941336,0.0,-0.0,0.0,110.6972132887023
153,1,154,0.06391,0.0,0.0,1546.1406595736203,,,,0,0.0,1,2645.8333333333335,2645.8333333333335,0.0,423.3333333333333,0.0,,,416.8452956985079,2645.8333333333335,2540.0,105.83333333333333,2645.8333333333335,0.0,87.84166666666665,1.0,-0.0,-0.0,0.16489875839274165,141.0025859136232,0.96,890.7143697844197,855.0857949930429,35.62857479137682,1.0,-0.0,-0.0,0.16409485918209313,138.93364744082885,0.96,881.9444444444445,846.6666666666666,35.27777777777778,1.0,-0.0,-0.0,0.16332772371181867,136.90906234405585,0.96,873.1745191038362,838.2475383396828,34.926980764153484,,,,941.2147024355392,2540.0,2349.5,190.5,2540.0,0.0,1.0,-0.0,-0.0,0.4006021291490228,235.30367560890727,0.925,635.0,587.375,47.625,1.0,0.0,0.0,0.4006021291488721,235.30367560881876,0.925,635.0,587.375,47.625,1.0,-0.0,-0.0,0.4006021291490216,235.30367560890656,0.925,635.0,587.375,47.625,1.0,-0.0,-0.0,0.4006021291490216,235.30367560890656,0.925,635.0,587.375,47.625,1.0,,,0.101,237.29950000000002,2349.5,2349.5,0.0,72.8345,-0.0,,,296.3333333333333,0.0,127.42333333303375,,,,49.21883856,0.0,4.0,1546.140659574047,0.0,-0.0,0.0,98.81384955335007
154,1,155,0.06078,0.0,0.0,1549.4877331137532,,,,0,0.0,1,2645.8333333333335,2645.8333333333335,0.0,423.3333333333333,0.0,,,416.8452956985453,2645.8333333333335,2540.0,105.83333333333333,2645.8333333333335,0.0,87.84166666666665,1.0,-0.0,-0.0,0.16489875839274165,141.0025859136232,0.96,890.7143697844197,855.0857949930429,35.62857479137682,1.0,-0.0,-0.0,0.1640948591820957,138.93364744083544,0.96,881.9444444444445,846.6666666666666,35.27777777777778,1.0,-0.0,-0.0,0.16332772371186782,136.90906234408672,0.96,873.1745191037705,838.2475383396197,34.926980764150855,,,,941.2147024356262,2540.0,2349.5,190.5,2540.0,0.0,1.0,-0.0,-0.0,0.4006021291490216,235.30367560890656,0.925,635.0,587.375,47.625,1.0,0.0,0.0,0.4006021291490216,235.30367560890656,0.925,635.0,587.375,47.625,1.0,-0.0,-0.0,0.4006021291490216,235.30367560890656,0.925,635.0,587.375,47.625,1.0,-0.0,-0.0,0.4006021291490216,235.30367560890656,0.925,635.0,587.375,47.625,1.0,,,0.101,237.29950000000002,2349.5,2349.5,0.0,72.8345,-0.0,,,296.3333333333333,0.0,127.42333333301765,,,,45.87176502,0.0,4.0,1549.4877331141715,0.0,-0.0,0.0,94.17786441865393
155,1,156,0.05905,0.0,0.0,1547.0028914937743,,,,0,0.0,1,2645.8333333333335,2645.8333333333335,0.0,423.3333333333333,0.0,,,416.84529569866885,2645.8333333333335,2540.0,105.83333333333333,2645.8333333333335,0.0,87.84166666666665,1.0,-0.0,-0.0,0.16489875839274165,141.0025859136232,0.96,890.7143697844197,855.0857949930429,35.62857479137682,1.0,-0.0,-0.0,0.1640948591820969,138.9336474408387,0.96,881.9444444444445,846.6666666666666,35.27777777777778,1.0,-0.0,-0.0,0.16332772371190313,136.90906234420692,0.96,873.1745191043484,838.2475383401744,34.92698076417397,,,,941.2147024356273,2540.0,2349.5,190.5,2540.0,0.0,1.0,-0.0,-0.0,0.4006021291490216,235.30367560890656,0.925,635.0,587.375,47.625,1.0,0.0,0.0,0.4006021291490216,235.30367560890656,0.925,635.0,587.375,47.625,1.0,-0.0,-0.0,0.4006021291490234,235.3036756089076,0.925,635.0,587.375,47.625,1.0,-0.0,-0.0,0.4006021291490216,235.30367560890656,0.925,635.0,587.375,47.625,1.0,,,0.101,237.29950000000002,2349.5,2349.5,0.0,72.8345,-0.0,,,296.3333333333333,0.0,127.42333333327227,,,,48.35660664,0.0,4.0,1547.0028914942961,0.0,-0.0,0.0,91.35052074270737
156,1,157,0.06315,0.0,0.0,1546.3879992541283,,,,0,0.0,1,2645.8333333333335,2645.8333333333335,0.0,423.3333333333333,0.0,,,416.84529569869346,2645.8333333333335,2540.0,105.83333333333333,2645.8333333333335,0.0,87.84166666666665,1.0,-0.0,-0.0,0.16489875839274165,141.0025859136232,0.96,890.7143697844197,855.0857949930429,35.62857479137682,1.0,-0.0,-0.0,0.1640948591820988,138.93364744084366,0.96,881.9444444444445,846.6666666666666,35.27777777777778,1.0,-0.0,-0.0,0.16332772371192267,136.9090623442266,0.96,873.1745191043694,838.2475383401946,34.92698076417481,,,,941.2147024356262,2540.0,2349.5,190.5,2540.0,0.0,1.0,-0.0,-0.0,0.4006021291490216,235.30367560890656,0.925,635.0,587.375,47.625,1.0,0.0,0.0,0.4006021291490216,235.30367560890656,0.925,635.0,587.375,47.625,1.0,-0.0,-0.0,0.4006021291490216,235.30367560890656,0.925,635.0,587.375,47.625,1.0,-0.0,-0.0,0.4006021291490216,235.30367560890656,0.925,635.0,587.375,47.625,1.0,,,0.101,237.29950000000002,2349.5,2349.5,0.0,72.8345,-0.0,,,296.3333333333333,0.0,127.4233333332906,,,,48.97149888,0.0,4.0,1546.38799925432,0.0,-0.0,0.0,97.6544021528982
157,1,158,0.06632,0.0,0.0,1532.7654786941844,,,,0,0.0,1,2645.8333333333335,2645.8333333333335,0.0,423.3333333333333,0.0,,,416.8452956987049,2645.8333333333335,2540.0,105.83333333333333,2645.8333333333335,0.0,87.84166666666665,1.0,-0.0,-0.0,0.16489875839274165,141.0025859136232,0.96,890.7143697844197,855.0857949930429,35.62857479137682,1.0,-0.0,-0.0,0.16409485918209693,138.93364744083874,0.96,881.9444444444445,846.6666666666666,35.27777777777778,1.0,-0.0,-0.0,0.16332772371193832,136.90906234424295,0.96,873.1745191043899,838.2475383402143,34.926980764175624,,,,941.2147024356262,2540.0,2349.5,190.5,2540.0,0.0,1.0,-0.0,-0.0,0.4006021291490216,235.30367560890656,0.925,635.0,587.375,47.625,1.0,0.0,0.0,0.4006021291490216,235.30367560890656,0.925,635.0,587.375,47.625,1.0,-0.0,-0.0,0.4006021291490216,235.30367560890656,0.925,635.0,587.375,47.625,1.0,-0.0,-0.0,0.4006021291490216,235.30367560890656,0.925,635.0,587.375,47.625,1.0,,,0.101,237.29950000000002,2349.5,2349.5,0.0,72.8345,-0.0,,,296.3333333333333,0.0,127.42333333329019,,,,62.59401944,0.0,4.0,1532.7654786943313,0.0,-0.0,0.0,101.65300654699831
158,1,159,0.07376,0.0,0.0,1534.6457802042246,,,,0,0.0,1,2645.8333333333335,2645.8333333333335,0.0,423.3333333333333,0.0,,,416.84529569872035,2645.8333333333335,2540.0,105.83333333333333,2645.8333333333335,0.0,87.84166666666665,1.0,-0.0,-0.0,0.16489875839274165,141.0025859136232,0.96,890.7143697844197,855.0857949930429,35.62857479137682,1.0,-0.0,-0.0,0.16409485918209585,138.93364744083595,0.96,881.9444444444445,846.6666666666666,35.27777777777778,1.0,-0.0,-0.0,0.16332772371195547,136.9090623442612,0.96,873.1745191044147,838.2475383402381,34.92698076417662,,,,941.2147024356271,2540.0,2349.5,190.5,2540.0,0.0,1.0,-0.0,-0.0,0.4006021291490216,235.30367560890656,0.925,635.0,587.375,47.625,1.0,0.0,0.0,0.4006021291490216,235.30367560890656,0.925,635.0,587.375,47.625,1.0,-0.0,-0.0,0.4006021291490216,235.30367560890656,0.925,635.0,587.375,47.625,1.0,-0.0,-0.0,0.40060212914902316,235.30367560890747,0.925,635.0,587.375,47.625,1.0,,,0.101,237.29950000000002,2349.5,2349.5,0.0,72.8345,-0.0,,,296.3333333333333,0.0,127.4233333332957,,,,60.71371793,0.0,4.0,1534.6457802043476,0.0,-0.0,0.0,113.19547274786362
159,1,160,0.0834,0.0,0.0,1537.736372803843,,,,0,0.0,1,2645.8333333333335,2645.8333333333335,0.0,423.3333333333333,0.0,,,416.84529569873666,2645.8333333333335,2540.0,105.83333333333333,2645.8333333333335,0.0,87.84166666666665,1.0,-0.0,-0.0,0.16489875839274165,141.0025859136232,0.96,890.7143697844197,855.0857949930429,35.62857479137682,1.0,-0.0,-0.0,0.16409485918209496,138.93364744083357,0.96,881.9444444444445,846.6666666666666,35.27777777777778,1.0,-0.0,-0.0,0.16332772371197338,136.9090623442799,0.96,873.1745191044382,838.2475383402607,34.92698076417756,,,,941.2147024354434,2540.0,2349.5,190.5,2540.0,0.0,1.0,-0.0,-0.0,0.4006021291490216,235.30367560890656,0.925,635.0,587.375,47.625,1.0,0.0,0.0,0.4006021291490216,235.30367560890656,0.925,635.0,587.375,47.625,1.0,-0.0,-0.0,0.4006021291488778,235.30367560872372,0.925,635.0,587.375,47.625,1.0,-0.0,-0.0,0.4006021291490216,235.30367560890656,0.925,635.0,587.375,47.625,1.0,,,0.101,237.29950000000002,2349.5,2349.5,0.0,72.8345,-0.0,,,296.3333333333333,0.0,127.42333333330137,,,,57.62312533,0.0,4.0,1537.7363728041803,0.0,-0.0,0.0,128.2472134918405
160,1,161,0.10749,0.0,0.0,1537.327475709858,,,,0,0.0,1,2645.8333333333335,2645.8333333333335,0.0,423.3333333333333,0.0,,,416.8452956987427,2645.8333333333335,2540.0,105.83333333333333,2645.8333333333335,0.0,87.84166666666665,1.0,-0.0,-0.0,0.16489875839274165,141.0025859136232,0.96,890.7143697844197,855.0857949930429,35.62857479137682,1.0,-0.0,-0.0,0.16409485918209427,138.93364744083163,0.96,881.9444444444445,846.6666666666666,35.27777777777778,1.0,-0.0,-0.0,0.16332772371198234,136.90906234428786,0.96,873.1745191044411,838.2475383402634,34.92698076417767,,,,941.2145988415397,2540.0,2349.5,190.5,2540.0,0.0,1.0,-0.0,-0.0,0.400602129148871,235.3036756088181,0.925,635.0,587.375,47.625,1.0,0.0,0.0,0.4006021291490216,235.30367560890656,0.925,635.0,587.375,47.625,1.0,-0.0,-0.0,0.40060195278128546,235.30357201490756,0.925,635.0,587.375,47.625,1.0,-0.0,-0.0,0.400602129149023,235.30367560890738,0.925,635.0,587.375,47.625,1.0,,,0.101,237.29950000000002,2349.5,2349.5,0.0,72.8345,-0.0,,,296.3333333333333,0.0,127.42333333329874,,,,58.03191883,0.0,4.0,1537.3274757102824,0.0,-0.0,0.0,165.24733036405263
161,1,162,0.72792,0.0,0.0,1544.592526973136,,,,0,0.0,1,2645.8333333333335,2645.8333333333335,0.0,423.3333333333333,0.0,,,416.8452956980169,2645.8333333333335,2540.0,105.83333333333333,2645.8333333333335,0.0,87.84166666666665,1.0,-0.0,-0.0,0.16489875839274165,141.0025859136232,0.96,890.7143697844197,855.0857949930429,35.62857479137682,1.0,-0.0,-0.0,0.1640948591820914,138.93364744083686,0.96,881.9444444444445,846.6666666666666,35.27777777777778,1.0,-0.0,0.0,0.16332772371134652,136.90906234355683,0.96,873.1745191040125,838.247538339852,34.92698076416053,,,,941.2147024352977,2540.0,2349.5,190.5,2540.0,0.0,1.0,-0.0,-0.0,0.40060212914902316,235.30367560890747,0.925,635.0,587.375,47.625,1.0,0.0,0.0,0.4006021291490218,235.3036756089067,0.9250000000000004,635.0,587.3750000000001,47.624999999999886,1.0,-0.0,-0.0,0.4006021291490216,235.3036756089066,0.925,635.0,587.3750000000001,47.624999999999886,1.0,-0.0,0.0,0.4006021291487727,235.30367560857687,0.9249999999999461,635.0,587.3749999995418,47.62500000045816,1.0,,,0.101,237.29950000000002,2349.5,2349.5,0.0,72.8345,-0.0,,,296.3333333333333,0.0,127.42333333333374,,,,50.76697116,0.0,4.0,1544.5925269733148,0.0,-0.0,0.0,1124.3397922342851
162,1,163,1.91079,0.0,0.0,1532.5028791105992,,,,0,0.0,1,2645.8333333333335,2645.8333333333335,0.0,423.3333333333333,0.0,,,416.84529569861553,2645.8333333333335,2540.0,105.83333333333333,2645.8333333333335,0.0,87.84166666666665,1.0,-0.0,-0.0,0.16489875839274165,141.0025859136232,0.96,890.7143697844197,855.0857949930429,35.62857479137682,1.0,-0.0,-0.0,0.1640948591820914,138.93364744083686,0.96,881.9444444444445,846.6666666666666,35.27777777777778,1.0,-0.0,-0.0,0.16332772371198556,136.90906234415547,0.96,873.1745191040127,838.2475383398521,34.92698076416054,,,,909.9749948319835,2540.0,2292.35,247.65,2540.0,0.0,1.0,-0.0,-0.0,0.39696163100402204,227.4937487080175,0.9025000000000002,635.0,573.0875000000001,61.91249999999991,1.0,0.0,0.0,0.39696163100402226,227.49374870801765,0.9025000000000002,635.0,573.0875000000001,61.91249999999991,1.0,-0.0,-0.0,0.3969616310038706,227.49374870793073,0.9025000000006513,635.0,573.0875000000001,61.91249999999991,1.0,-0.0,-0.0,0.39696163100402226,227.49374870801765,0.9025000000000002,635.0,573.0875000000001,61.91249999999991,1.0,,,0.101,231.52735,2292.35,2292.35,0.0,71.06285,-0.0,,,353.48333333333335,0.0,151.99783333313687,,,,25.84476142,0.0,4.0,1532.5028791105992,0.0,-0.0,0.0,2928.291176375742
163,1,164,0.20267,0.0,0.0,1570.6604732434948,,,,0,0.0,1,2645.8333333333335,2645.8333333333335,0.0,423.3333333333333,0.0,,,416.8452956981853,2645.8333333333335,2540.0,105.83333333333333,2645.8333333333335,0.0,87.84166666666665,1.0,-0.0,-0.0,0.1648987583927864,141.002585913737,0.96,890.7143697848968,855.0857949935009,35.628574791395906,1.0,-0.0,-0.0,0.16409485918209699,138.9336474408389,0.96,881.9444444444445,846.6666666666666,35.27777777777778,1.0,0.0,-0.0,0.1633277237112531,136.90906234360935,0.96,873.1745191040126,838.247538339852,34.92698076416053,,,,941.2147024356262,2540.0,2349.5,190.5,2540.0,0.0,1.0,-0.0,-0.0,0.4006021291490216,235.30367560890656,0.925,635.0,587.375,47.625,1.0,0.0,0.0,0.4006021291490216,235.30367560890656,0.925,635.0,587.375,47.625,1.0,-0.0,-0.0,0.4006021291490216,235.30367560890656,0.925,635.0,587.375,47.625,1.0,0.0,-0.0,0.4006021291490216,235.30367560890656,0.925,635.0,587.375,47.625,1.0,,,0.101,237.29950000000002,2349.5,2349.5,0.0,72.8345,-0.0,,,296.3333333333333,0.0,127.42333333333337,,,,24.69902489,0.0,4.0,1570.6604732438116,0.0,-0.0,0.0,318.3257581122591
164,1,165,0.13268,0.0,0.0,1566.9276104835262,,,,0,0.0,1,2645.8333333333335,2645.8333333333335,0.0,423.3333333333333,0.0,,,416.84529569819006,2645.8333333333335,2540.0,105.83333333333333,2645.8333333333335,0.0,87.84166666666665,1.0,-0.0,-0.0,0.1648987583927864,141.002585913737,0.96,890.7143697848968,855.0857949935009,35.628574791395906,1.0,-0.0,-0.0,0.16409485918209882,138.93364744084369,0.96,881.9444444444445,846.6666666666666,35.27777777777778,1.0,-0.0,-0.0,0.1633277237112531,136.90906234360935,0.96,873.1745191040126,838.247538339852,34.92698076416053,,,,941.2147024356262,2540.0,2349.5,190.5,2540.0,0.0,1.0,-0.0,-0.0,0.4006021291490216,235.30367560890656,0.925,635.0,587.375,47.625,1.0,0.0,0.0,0.4006021291490216,235.30367560890656,0.925,635.0,587.375,47.625,1.0,-0.0,-0.0,0.4006021291490216,235.30367560890656,0.925,635.0,587.375,47.625,1.0,-0.0,-0.0,0.4006021291490216,235.30367560890656,0.925,635.0,587.375,47.625,1.0,,,0.101,237.29950000000002,2349.5,2349.5,0.0,72.8345,-0.0,,,296.3333333333333,0.0,127.42333333334214,,,,28.43188765,0.0,4.0,1566.9276104838166,0.0,-0.0,0.0,207.89995535895426
165,1,166,0.12244,0.0,0.0,1567.7124141038116,,,,0,0.0,1,2645.8333333333335,2645.8333333333335,0.0,423.3333333333333,0.0,,,416.84529569818517,2645.8333333333335,2540.0,105.83333333333333,2645.8333333333335,0.0,87.84166666666665,1.0,-0.0,-0.0,0.1648987583927864,141.002585913737,0.96,890.7143697848968,855.0857949935009,35.628574791395906,1.0,-0.0,-0.0,0.16409485918209696,138.93364744083888,0.96,881.9444444444445,846.6666666666666,35.27777777777778,1.0,-0.0,-0.0,0.1633277237112531,136.90906234360935,0.96,873.1745191040126,838.247538339852,34.92698076416053,,,,941.2147024356262,2540.0,2349.5,190.5,2540.0,0.0,1.0,-0.0,-0.0,0.4006021291490216,235.30367560890656,0.925,635.0,587.375,47.625,1.0,0.0,0.0,0.4006021291490216,235.30367560890656,0.925,635.0,587.375,47.625,1.0,-0.0,-0.0,0.4006021291490216,235.30367560890656,0.925,635.0,587.375,47.625,1.0,-0.0,-0.0,0.4006021291490216,235.30367560890656,0.925,635.0,587.375,47.625,1.0,,,0.101,237.29950000000002,2349.5,2349.5,0.0,72.8345,-0.0,,,296.3333333333333,0.0,127.42333333333337,,,,27.64708403,0.0,4.0,1567.7124141038114,0.0,-0.0,0.0,191.95070798287068
166,1,167,0.11797,0.0,0.0,1568.8378199219019,,,,0,0.0,1,2645.8333333333335,2645.8333333333335,0.0,423.3333333333333,0.0,,,416.8452956981788,2645.8333333333335,2540.0,105.83333333333333,2645.8333333333335,0.0,87.84166666666665,1.0,-0.0,-0.0,0.1648987583927864,141.002585913737,0.96,890.7143697848968,855.0857949935009,35.628574791395906,1.0,-0.0,-0.0,0.16409485918209454,138.9336474408325,0.96,881.9444444444445,846.6666666666666,35.27777777777778,1.0,-0.0,-0.0,0.1633277237112531,136.90906234360935,0.96,873.1745191040126,838.247538339852,34.92698076416053,,,,939.8390364698993,2540.0,2347.5994255824116,190.44103826392688,2538.0404638463388,1.9595361536353266,1.0,-0.0,-0.0,0.4006021291490216,235.30367560890656,0.925,635.0,587.375,47.625,1.0,0.0,0.0,0.4006021291490216,235.30367560890656,0.925,635.0,587.375,47.625,1.0,-0.0,-0.0,0.40007836898506993,234.61584262604367,0.9249305988428915,634.0202319231693,586.4247127912058,47.59551913196344,1.0,-0.0,-0.0,0.40007836898506804,234.61584262604256,0.9249305988428915,634.0202319231691,586.4247127912057,47.59551913196344,1.0,,,0.101,237.10754198382358,2347.5994255824116,2347.5994255824116,0.0,72.77558219305476,-0.0,,,298.23390775089456,0.0,128.24058033288466,,,,24.95405423,0.0,4.0,1568.8378199219014,0.0,-0.0,0.0,185.07579761618678
167,1,168,0.11496,0.0,0.0,1569.59545071905,,,,0,0.0,1,2645.8333333333335,2645.8333333333335,0.0,423.3333333333333,0.0,,,416.8452956981739,2645.8333333333335,2540.0,105.83333333333333,2645.8333333333335,0.0,87.84166666666665,1.0,-0.0,-0.0,0.1648987583927864,141.002585913737,0.96,890.7143697848968,855.0857949935009,35.628574791395906,1.0,-0.0,-0.0,0.16409485918209266,138.93364744082754,0.96,881.9444444444445,846.6666666666666,35.27777777777778,1.0,-0.0,-0.0,0.1633277237112531,136.90906234360935,0.96,873.1745191040126,838.247538339852,34.92698076416053,,,,939.818700236122,2540.0,2347.564873611427,190.47559023491067,2538.040463846338,1.9595361536153177,1.0,-0.0,-0.0,0.4006021291490216,235.30367560890656,0.925,635.0,587.375,47.625,1.0,0.0,0.0,0.4006021291490216,235.30367560890656,0.925,635.0,587.375,47.625,1.0,-0.0,-0.0,0.40007281590271726,234.60567450915664,0.9249033505239543,634.020231923169,586.4074368057137,47.612795117455335,1.0,-0.0,-0.0,0.4000728159027097,234.60567450915218,0.9249033505239543,634.020231923169,586.4074368057137,47.612795117455335,1.0,,,0.101,237.10405223475416,2347.564873611427,2347.564873611427,0.0,72.77451108195424,-0.0,,,298.2684597218575,0.0,128.25543768039873,,,,24.17259745,0.0,4.0,1569.5954507190502,0.0,-0.0,0.0,180.440693014662
