,Day,Time,LMP,bypass_pretreatment_flow,excess_solar_power,power_from_grid,intake.op_mode,intake.startup,intake.shutdown,intake.energy_intensity,intake.power_consumption,intake.recovery,intake.feed_flowrate,intake.product_flowrate,intake.reject_flowrate,intake.feed_cost,pretreatment.op_mode,pretreatment.startup,pretreatment.shutdown,pretreatment.power_consumption,pretreatment.feed_flowrate,pretreatment.product_flowrate,pretreatment.reject_flowrate,pretreatment.inlet_flowrate,pretreatment.leftover_flow,pretreatment.chemical_cost,pretreatment.uf_pumps[1].op_mode,pretreatment.uf_pumps[1].startup,pretreatment.uf_pumps[1].shutdown,pretreatment.uf_pumps[1].energy_intensity,pretreatment.uf_pumps[1].power_consumption,pretreatment.uf_pumps[1].recovery,pretreatment.uf_pumps[1].feed_flowrate,pretreatment.uf_pumps[1].product_flowrate,pretreatment.uf_pumps[1].reject_flowrate,pretreatment.uf_pumps[2].op_mode,pretreatment.uf_pumps[2].startup,pretreatment.uf_pumps[2].shutdown,pretreatment.uf_pumps[2].energy_intensity,pretreatment.uf_pumps[2].power_consumption,pretreatment.uf_pumps[2].recovery,pretreatment.uf_pumps[2].feed_flowrate,pretreatment.uf_pumps[2].product_flowrate,pretreatment.uf_pumps[2].reject_flowrate,pretreatment.uf_pumps[3].op_mode,pretreatment.uf_pumps[3].startup,pretreatment.uf_pumps[3].shutdown,pretreatment.uf_pumps[3].energy_intensity,pretreatment.uf_pumps[3].power_consumption,pretreatment.uf_pumps[3].recovery,pretreatment.uf_pumps[3].feed_flowrate,pretreatment.uf_pumps[3].product_flowrate,pretreatment.uf_pumps[3].reject_flowrate,reverse_osmosis.op_mode,reverse_osmosis.startup,reverse_osmosis.shutdown,reverse_osmosis.power_consumption,reverse_osmosis.feed_flowrate,reverse_osmosis.product_flowrate,reverse_osmosis.reject_flowrate,reverse_osmosis.inlet_flowrate,reverse_osmosis.leftover_flow,reverse_osmosis.ro_skid[1].op_mode,reverse_osmosis.ro_skid[1].startup,reverse_osmosis.ro_skid[1].shutdown,reverse_osmosis.ro_skid[1].energy_intensity,reverse_osmosis.ro_skid[1].power_consumption,reverse_osmosis.ro_skid[1].recovery,reverse_osmosis.ro_skid[1].feed_flowrate,reverse_osmosis.ro_skid[1].product_flowrate,reverse_osmosis.ro_skid[1].reject_flowrate,reverse_osmosis.ro_skid[2].op_mode,reverse_osmosis.ro_skid[2].startup,reverse_osmosis.ro_skid[2].shutdown,reverse_osmosis.ro_skid[2].energy_intensity,reverse_osmosis.ro_skid[2].power_consumption,reverse_osmosis.ro_skid[2].recovery,reverse_osmosis.ro_skid[2].feed_flowrate,reverse_osmosis.ro_skid[2].product_flowrate,reverse_osmosis.ro_skid[2].reject_flowrate,reverse_osmosis.ro_skid[3].op_mode,reverse_osmosis.ro_skid[3].startup,reverse_osmosis.ro_skid[3].shutdown,reverse_osmosis.ro_skid[3].energy_intensity,reverse_osmosis.ro_skid[3].power_consumption,reverse_osmosis.ro_skid[3].recovery,reverse_osmosis.ro_skid[3].feed_flowrate,reverse_osmosis.ro_skid[3].product_flowrate,reverse_osmosis.ro_skid[3].reject_flowrate,reverse_osmosis.ro_skid[4].op_mode,reverse_osmosis.ro_skid[4].startup,reverse_osmosis.ro_skid[4].shutdown,reverse_osmosis.ro_skid[4].energy_intensity,reverse_osmosis.ro_skid[4].power_consumption,reverse_osmosis.ro_skid[4].recovery,reverse_osmosis.ro_skid[4].feed_flowrate,reverse_osmosis.ro_skid[4].product_flowrate,reverse_osmosis.ro_skid[4].reject_flowrate,posttreatment.op_mode,posttreatment.startup,posttreatment.shutdown,posttreatment.energy_intensity,posttreatment.power_consumption,posttreatment.feed_flowrate,posttreatment.product_flowrate,posttreatment.reject_flowrate,posttreatment.chemical_cost,brine_discharge.op_mode,brine_discharge.startup,brine_discharge.shutdown,brine_discharge.feed_flowrate,brine_discharge.power_consumption,brine_discharge.brine_cost,power_generation.op_mode,power_generation.startup,power_generation.shutdown,power_generation.power_utilized,power_generation.power_curtailed,num_skids_online,net_power_consumption,water_revenue,demand_response_revenue,emissions_cost,energy_cost
0,1,1,0.1016,0.0,0.0,1343.461033902144,,,,0,0.0,1,2406.25,2406.25,0.0,385.0,0.0,,,366.0565462171086,2406.25,2310.0,96.25,2406.25,0.0,79.88750000050796,1.0,0.0,0.0,0.1584660373273213,122.01884874475655,0.96,802.0833333333334,770.0,32.083333333333336,1.0,0.0,0.0,0.15846603731996253,122.01884873617594,0.96,802.0833333333334,770.0,32.083333333333336,1.0,0.0,0.0,0.1584660373199625,122.01884873617612,0.96,802.0833333333334,770.0,32.083333333333336,,,,790.6032430619653,2310.0,2130.0,180.0,2310.0,0.0,1.0,-0.0,0.0,0.37117523147917075,197.6508107739939,0.9220779220779197,577.5,532.5,45.0,1.0,0.0,0.0,0.37117523147917364,197.65081076265523,0.9220779220779205,577.5,532.5,45.0,1.0,0.0,0.0,0.37117523147917447,197.65081076265733,0.9220779220779217,577.5,532.5,45.0,1.0,0.0,0.0,0.3711752314791772,197.6508107626588,0.9220779220779218,577.5,532.5,45.0,1.0,,,0.101,215.13000000308193,2130.0,2130.0,0.0,66.03000000094593,-0.0,,,276.25,0.0,118.78749999346374,,,,28.32875538,0.0,4.0,1343.4610339021556,0.0,-0.0,0.0,136.4956410444578
1,1,2,0.1016,0.0,0.0,1344.3539657236927,,,,0,0.0,1,2406.25,2406.25,0.0,385.0,0.0,,,366.05654623015795,2406.25,2310.0,96.25,2406.25,0.0,79.88750000118361,1.0,-0.0,-0.0,0.15846603732731748,122.01884874475593,0.96,802.0833333333334,770.0,32.083333333333336,1.0,-0.0,-0.0,0.15846603732889356,122.01884874596955,0.96,802.0833333333334,770.0,32.083333333333336,1.0,-0.0,-0.0,0.15846603732040365,122.01884873943247,0.96,802.0833333333334,770.0,32.083333333333336,,,,790.6032430704942,2310.0,2130.0,180.0,2310.0,0.0,1.0,-0.0,-0.0,0.3711752314951853,197.65081078252183,0.9220779220779206,577.5,532.5,45.0,1.0,0.0,0.0,0.3711752314791732,197.6508107626563,0.9220779220779207,577.5,532.5,45.0,1.0,-0.0,-0.0,0.37117523147917486,197.6508107626575,0.9220779220779218,577.5,532.5,45.0,1.0,-0.0,-0.0,0.3711752314791768,197.65081076265858,0.9220779220779219,577.5,532.5,45.0,1.0,,,0.101,215.13000000307477,2130.0,2130.0,0.0,66.03000000094373,-0.0,,,276.25,0.0,118.78750000221294,,,,27.43582358,0.0,4.0,1344.353965723727,0.0,-0.0,0.0,136.58636291752717
2,1,3,0.1016,0.0,0.0,1345.2032162362864,,,,0,0.0,1,2406.25,2406.25,0.0,385.0,0.0,,,366.05654623201866,2406.25,2310.0,96.25,2406.25,0.0,79.88750000118317,1.0,-0.0,-0.0,0.1584660373273171,122.01884874475297,0.96,802.0833333333334,770.0,32.083333333333336,1.0,-0.0,-0.0,0.15846603732889322,122.01884874596895,0.96,802.0833333333334,770.0,32.083333333333336,1.0,-0.0,-0.0,0.15846603732638279,122.01884874129671,0.96,802.0833333333334,770.0,32.083333333333336,,,,790.6029381244986,2310.0,2130.0,180.0,2310.0,0.0,1.0,-0.0,-0.0,0.3711752314951855,197.65081078252186,0.9220779220779202,577.5,532.5,45.0,1.0,0.0,0.0,0.3711752314560779,197.65081076265574,0.9220779220823923,577.5,532.5,45.0,1.0,-0.0,-0.0,0.37117523148963216,197.65081078052353,0.9220779221352919,577.5,532.5,45.0,1.0,-0.0,-0.0,0.37117465875579575,197.65050579879747,0.922077922077922,577.5,532.5,45.0,1.0,,,0.101,215.13000000976916,2130.0,2130.0,0.0,66.03000000299845,-0.0,,,276.25,0.0,118.78749996057519,,,,26.58626813,0.0,4.0,1345.2032162362864,0.0,-0.0,0.0,136.6726467696067
3,1,4,0.1016,0.0,0.0,1346.7803410244685,,,,0,0.0,1,2406.25,2406.25,0.0,385.0,0.0,,,366.0565462239532,2406.25,2310.0,96.25,2406.25,0.0,79.88749999821697,1.0,-0.0,-0.0,0.1584660373273111,122.01884874474818,0.96,802.0833333333334,770.0,32.083333333333336,1.0,-0.0,-0.0,0.15846603730673542,122.01884872074226,0.96,802.0833333333334,770.0,32.083333333333336,1.0,-0.0,-0.0,0.15846603734512182,122.01884875846275,0.96,802.0833333333334,770.0,32.083333333333336,,,,790.1982081989657,2310.0,2129.2465121935606,180.75348785790402,2310.0,0.0,1.0,-0.0,-0.0,0.37093948224733486,197.24577588321435,0.9207731811162859,577.5,531.7465121420769,45.75348790942519,1.0,0.0,0.0,0.37117523149543397,197.65081079043526,0.9220779221671193,577.5,532.5,45.0,1.0,-0.0,-0.0,0.37117523147917897,197.6508107626592,0.9220779220779195,577.5,532.5,45.0,1.0,-0.0,-0.0,0.37117523147917475,197.65081076265696,0.9220779220779212,577.5,532.5,45.0,1.0,,,0.101,215.05389773154963,2129.2465121935606,2129.2465121935606,0.0,66.00664187800038,-0.0,,,277.00348780638774,0.0,119.11149975674672,,,,24.52831113,0.0,4.0,1346.7803410244685,0.0,-0.0,0.0,136.83288264808598
4,1,5,0.1016,0.0,0.0,1340.4587381533047,,,,0,0.0,1,2406.25,2406.25,0.0,385.0,0.0,,,366.0565462251624,2406.25,2310.0,96.25,2406.25,0.0,79.8875,1.0,-0.0,-0.0,0.15846603732547335,122.01884873790443,0.96,802.0833333333334,770.0,32.083333333333336,1.0,-0.0,-0.0,0.15846603732888376,122.01884874596097,0.96,802.0833333333334,770.0,32.083333333333336,1.0,-0.0,-0.0,0.15846603732638279,122.01884874129698,0.96,802.0833333333334,770.0,32.083333333333336,,,,790.603243061973,2310.0,2130.0,180.0,2310.0,0.0,1.0,-0.0,-0.0,0.3711752314791731,197.65081077399861,0.9220779220779219,577.5,532.5,45.0,1.0,0.0,0.0,0.37117523147917403,197.65081076265702,0.9220779220779218,577.5,532.5,45.0,1.0,-0.0,-0.0,0.37117523147917564,197.6508107626579,0.9220779220779218,577.5,532.5,45.0,1.0,-0.0,-0.0,0.3711752314791795,197.65081076265952,0.9220779220779212,577.5,532.5,45.0,1.0,,,0.101,215.13000000616907,2130.0,2130.0,0.0,66.03000000189347,-0.0,,,276.25,0.0,118.78749997371136,,,,31.331051139999996,0.0,4.0,1340.4587381533045,0.0,-0.0,0.0,136.19060779637576
5,1,6,0.1016,0.0,0.0,1321.8044888555776,,,,0,0.0,1,2406.25,2406.25,0.0,385.0,0.0,,,366.0565462320038,2406.25,2310.0,96.25,2406.25,0.0,79.88750000118335,1.0,-0.0,-0.0,0.1584660373273062,122.01884874474602,0.96,802.0833333333334,770.0,32.083333333333336,1.0,-0.0,-0.0,0.15846603732888345,122.01884874596055,0.96,802.0833333333334,770.0,32.083333333333336,1.0,-0.0,-0.0,0.15846603732638279,122.01884874129722,0.96,802.0833333333334,770.0,32.083333333333336,,,,790.6032430704922,2310.0,2130.0,180.0,2310.0,0.0,1.0,-0.0,-0.0,0.3711752314951854,197.65081078252197,0.9220779220779212,577.5,532.5,45.0,1.0,0.0,0.0,0.37117523147917275,197.65081076265494,0.9220779220779212,577.5,532.5,45.0,1.0,-0.0,-0.0,0.3711752314791745,197.65081076265727,0.9220779220779214,577.5,532.5,45.0,1.0,-0.0,-0.0,0.3711752314791758,197.65081076265807,0.9220779220779217,577.5,532.5,45.0,1.0,,,0.101,215.13000000308165,2130.0,2130.0,0.0,66.03000000094585,-0.0,,,276.25,0.0,118.78750000220523,,,,49.98530045,0.0,4.0,1321.8044888555776,0.0,-0.0,0.0,134.29533606772668
6,1,7,0.1016,0.0,0.0,1325.9042583741207,,,,0,0.0,1,2406.25,2406.25,0.0,385.0,0.0,,,366.0565462305602,2406.25,2310.0,96.25,2406.25,0.0,79.88750000050788,1.0,-0.0,-0.0,0.1584660373273005,122.01884874474064,0.96,802.0833333333334,770.0,32.083333333333336,1.0,-0.0,-0.0,0.1584660373199613,122.01884873908959,0.96,802.0833333333334,770.0,32.083333333333336,1.0,-0.0,-0.0,0.15846603733366915,122.01884874672992,0.96,802.0833333333334,770.0,32.083333333333336,,,,790.6032430704934,2310.0,2130.0,180.0,2310.0,0.0,1.0,-0.0,-0.0,0.371175231495185,197.65081078252175,0.9220779220779213,577.5,532.5,45.0,1.0,0.0,0.0,0.37117523147917275,197.65081076265494,0.9220779220779212,577.5,532.5,45.0,1.0,-0.0,-0.0,0.37117523147917697,197.65081076265855,0.9220779220779213,577.5,532.5,45.0,1.0,-0.0,-0.0,0.37117523147917675,197.65081076265807,0.9220779220779212,577.5,532.5,45.0,1.0,,,0.101,215.13000000308185,2130.0,2130.0,0.0,66.0300000009459,-0.0,,,276.25,0.0,118.78750000220458,,,,45.88553093,0.0,4.0,1325.9042583741355,0.0,-0.0,0.0,134.71187265081065
7,1,8,0.1016,0.0,0.0,1320.8202428950603,,,,0,0.0,1,2406.25,2406.25,0.0,385.0,0.0,,,366.05654623990887,2406.25,2310.0,96.25,2406.25,0.0,79.8875,1.0,-0.0,-0.0,0.15846603732729714,122.01884874473842,0.96,802.0833333333334,770.0,32.083333333333336,1.0,-0.0,-0.0,0.1584660373391598,122.01884875387277,0.96,802.0833333333334,770.0,32.083333333333336,1.0,-0.0,-0.0,0.15846603732638279,122.01884874129769,0.96,802.0833333333334,770.0,32.083333333333336,,,,790.6032430623404,2310.0,2130.0,180.0,2310.0,0.0,1.0,-0.0,-0.0,0.3711752314791625,197.65081077436838,0.9220779220778731,577.5,532.5,45.0,1.0,0.0,0.0,0.37117523147917253,197.65081076265483,0.9220779220779213,577.5,532.5,45.0,1.0,-0.0,-0.0,0.3711752314791765,197.6508107626583,0.9220779220779215,577.5,532.5,45.0,1.0,-0.0,-0.0,0.3711752314791781,197.65081076265886,0.9220779220779212,577.5,532.5,45.0,1.0,,,0.101,215.13000000000002,2130.0,2130.0,0.0,66.03,-0.0,,,276.25,0.0,118.78750000176885,,,,50.96954639,0.0,4.0,1320.8202429122493,0.0,-0.0,0.0,134.19533667813812
8,1,9,0.1016,0.0,0.0,1309.7781181193013,,,,0,0.0,1,2406.25,2406.25,0.0,385.0,0.0,,,366.0565462365139,2406.25,2310.0,96.25,2406.25,0.0,79.88750000217233,1.0,-0.0,-0.0,0.15846603732729214,122.01884874466765,0.96,802.0833333333334,770.0,32.083333333333336,1.0,-0.0,-0.0,0.15846603732886982,122.01884875054913,0.96,802.0833333333334,770.0,32.083333333333336,1.0,-0.0,-0.0,0.15846603732638279,122.01884874129713,0.96,802.0833333333334,770.0,32.083333333333336,,,,790.6029380969376,2310.0,2130.0,180.0,2310.0,0.0,1.0,-0.0,-0.0,0.3711752314791711,197.6508107841674,0.9220779220779214,577.5,532.5,45.0,1.0,0.0,0.0,0.37117523147917253,197.65081076265483,0.9220779220779214,577.5,532.5,45.0,1.0,-0.0,-0.0,0.3711752314791745,197.65081076265727,0.9220779220779214,577.5,532.5,45.0,1.0,-0.0,-0.0,0.37117465875579375,197.6505057874581,0.9220779220779215,577.5,532.5,45.0,1.0,,,0.101,215.13000000585006,2130.0,2130.0,0.0,66.03000000179556,-0.0,,,276.25,0.0,118.78750000322849,,,,62.01136622,0.0,4.0,1309.7781181193016,0.0,-0.0,0.0,133.073456800921
9,1,10,0.1016,0.0,0.0,1318.5655060115432,,,,0,0.0,1,2406.25,2406.25,0.0,385.0,0.0,,,366.05654623650724,2406.25,2310.0,96.25,2406.25,0.0,79.88750000217219,1.0,-0.0,-0.0,0.15846603732728884,122.01884874466494,0.96,802.0833333333334,770.0,32.083333333333336,1.0,-0.0,-0.0,0.1584660373288654,122.01884875054536,0.96,802.0833333333334,770.0,32.083333333333336,1.0,-0.0,-0.0,0.15846603732638279,122.01884874129695,0.96,802.0833333333334,770.0,32.083333333333336,,,,790.6032430619655,2310.0,2130.0,180.0,2310.0,0.0,1.0,-0.0,-0.0,0.37117523147917564,197.65081077399674,0.9220779220779208,577.5,532.5,45.0,1.0,0.0,0.0,0.3711752314791729,197.65081076265506,0.9220779220779216,577.5,532.5,45.0,1.0,-0.0,-0.0,0.37117523147917425,197.650810762657,0.9220779220779208,577.5,532.5,45.0,1.0,-0.0,-0.0,0.3711752314791741,197.65081076265665,0.9220779220779214,577.5,532.5,45.0,1.0,,,0.101,215.13000000308105,2130.0,2130.0,0.0,66.03000000094566,-0.0,,,276.25,0.0,118.78750001501587,,,,53.22428329,0.0,4.0,1318.565506011554,0.0,-0.0,0.0,133.9662554107728
10,1,11,0.1016,0.0,0.0,1316.468799367501,,,,0,0.0,1,2406.25,2406.25,0.0,385.0,0.0,,,366.0565462659889,2406.25,2310.0,96.25,2406.25,0.0,79.88750000114413,1.0,-0.0,-0.0,0.15846603732728484,122.01884874466158,0.96,802.0833333333334,770.0,32.083333333333336,1.0,-0.0,-0.0,0.15846603732886153,122.01884875054203,0.96,802.0833333333334,770.0,32.083333333333336,1.0,-0.0,-0.0,0.15846603735515133,122.0188487707853,0.96,802.0833333333334,770.0,32.083333333333336,,,,790.6032430704907,2310.0,2130.0,180.0,2310.0,0.0,1.0,-0.0,-0.0,0.3711752314951853,197.6508107825221,0.9220779220779218,577.5,532.5,45.0,1.0,0.0,0.0,0.37117523147917253,197.65081076265488,0.9220779220779217,577.5,532.5,45.0,1.0,-0.0,-0.0,0.3711752314791741,197.65081076265713,0.9220779220779218,577.5,532.5,45.0,1.0,-0.0,-0.0,0.37117523147917414,197.65081076265668,0.9220779220779213,577.5,532.5,45.0,1.0,,,0.101,215.13000000308196,2130.0,2130.0,0.0,66.03000000094595,-0.0,,,276.25,0.0,118.78750003575112,,,,55.32098996,0.0,4.0,1316.4687993795617,0.0,-0.0,0.0,133.7532300157381
11,1,12,0.1016,0.0,0.0,1312.8507395002412,,,,0,0.0,1,2406.25,2406.25,0.0,385.0,0.0,,,366.05654622520996,2406.25,2310.0,96.25,2406.25,0.0,79.8875,1.0,-0.0,-0.0,0.1584660373272808,122.01884874196854,0.96,802.0833333333334,770.0,32.083333333333336,1.0,-0.0,-0.0,0.15846603732053244,122.01884873677254,0.96,802.0833333333334,770.0,32.083333333333336,1.0,-0.0,-0.0,0.15846603733312478,122.01884874646888,0.96,802.0833333333334,770.0,32.083333333333336,,,,790.6032430619681,2310.0,2130.0,180.0,2310.0,0.0,1.0,-0.0,-0.0,0.3711752314791792,197.65081077399884,0.9220779220779217,577.5,532.5,45.0,1.0,0.0,0.0,0.3711752314791721,197.65081076265457,0.9220779220779213,577.5,532.5,45.0,1.0,-0.0,-0.0,0.3711752314791761,197.65081076265798,0.922077922077921,577.5,532.5,45.0,1.0,-0.0,-0.0,0.3711752314791741,197.65081076265662,0.9220779220779212,577.5,532.5,45.0,1.0,,,0.101,215.13000000308188,2130.0,2130.0,0.0,66.03000000094592,-0.0,,,276.25,0.0,118.78749999429235,,,,58.93904979,0.0,4.0,1312.85073950026,0.0,-0.0,0.0,133.3856351332245
12,1,13,0.1016,0.0,0.0,1310.012819051095,,,,0,0.0,1,2406.25,2406.25,0.0,385.0,0.0,,,366.05654624839326,2406.25,2310.0,96.25,2406.25,0.0,79.8875,1.0,-0.0,-0.0,0.15846603732727757,122.01884874463428,0.96,802.0833333333334,770.0,32.083333333333336,1.0,-0.0,-0.0,0.15846603732885448,122.01884874584863,0.96,802.0833333333334,770.0,32.083333333333336,1.0,-0.0,-0.0,0.15846603734451895,122.01884875791038,0.96,802.0833333333334,770.0,32.083333333333336,,,,790.6032430506278,2310.0,2130.0,180.0,2310.0,0.0,1.0,-0.0,-0.0,0.3711752314791713,197.65081076265426,0.9220779220779218,577.5,532.5,45.0,1.0,0.0,0.0,0.3711752314791794,197.65081076265864,0.9220779220779219,577.5,532.5,45.0,1.0,-0.0,-0.0,0.3711752314791745,197.6508107626571,0.9220779220779209,577.5,532.5,45.0,1.0,-0.0,-0.0,0.3711752314791765,197.6508107626579,0.922077922077921,577.5,532.5,45.0,1.0,,,0.101,215.13000000000002,2130.0,2130.0,0.0,66.03,-0.0,,,276.25,0.0,118.78750000918807,,,,61.77697024,0.0,4.0,1310.0128190590212,0.0,-0.0,0.0,133.09730241559126
13,1,14,0.1016,0.0,0.0,1312.3200978314294,,,,0,0.0,1,2406.25,2406.25,0.0,385.0,0.0,,,366.05654623639225,2406.25,2310.0,96.25,2406.25,0.0,79.88750000215217,1.0,-0.0,-0.0,0.1584660373272734,122.01884874461852,0.96,802.0833333333334,770.0,32.083333333333336,1.0,-0.0,-0.0,0.15846603732885048,122.01884875047703,0.96,802.0833333333334,770.0,32.083333333333336,1.0,-0.0,-0.0,0.15846603732638279,122.01884874129671,0.96,802.0833333333334,770.0,32.083333333333336,,,,790.6032430619708,2310.0,2130.0,180.0,2310.0,0.0,1.0,-0.0,-0.0,0.3711752314791794,197.65081077399896,0.922077922130827,577.5,532.5,45.0,1.0,0.0,0.0,0.37117523147917275,197.65081076265506,0.9220779220779219,577.5,532.5,45.0,1.0,-0.0,-0.0,0.3711752314791772,197.6508107626586,0.9220779220779213,577.5,532.5,45.0,1.0,-0.0,-0.0,0.3711752314791766,197.65081076265824,0.9220779220779209,577.5,532.5,45.0,1.0,,,0.101,215.1300000030823,2130.0,2130.0,0.0,66.03000000094605,-0.0,,,276.25,0.0,118.78750001475603,,,,59.46969147,0.0,4.0,1312.3200978314455,0.0,-0.0,0.0,133.33172193967323
14,1,15,0.1016,0.0,0.0,1322.0001565862344,,,,0,0.0,1,2406.25,2406.25,0.0,385.0,0.0,,,366.0565462363862,2406.25,2310.0,96.25,2406.25,0.0,79.88750000215222,1.0,-0.0,-0.0,0.15846603732726972,122.01884874461604,0.96,802.0833333333334,770.0,32.083333333333336,1.0,-0.0,-0.0,0.15846603732884607,122.01884875047345,0.96,802.0833333333334,770.0,32.083333333333336,1.0,-0.0,-0.0,0.15846603732638279,122.01884874129671,0.96,802.0833333333334,770.0,32.083333333333336,,,,790.6029380867667,2310.0,2130.0,180.0,2310.0,0.0,1.0,-0.0,-0.0,0.3711752314791801,197.65081077399932,0.9220779220779219,577.5,532.5,45.0,1.0,0.0,0.0,0.371175231479173,197.65081076265523,0.922077922077922,577.5,532.5,45.0,1.0,-0.0,-0.0,0.3711752314791734,197.65081076265642,0.9220779220779204,577.5,532.5,45.0,1.0,-0.0,-0.0,0.3711746587557917,197.6505057874557,0.9220779220779208,577.5,532.5,45.0,1.0,,,0.101,215.13000000308162,2130.0,2130.0,0.0,66.03000000094583,-0.0,,,276.25,0.0,118.78750001475298,,,,49.78932774,0.0,4.0,1322.0001565862344,0.0,-0.0,0.0,134.31521590916142
15,1,16,0.1016,0.0,0.0,1321.1144151574636,,,,0,0.0,1,2406.25,2406.25,0.0,385.0,0.0,,,366.0565462422373,2406.25,2310.0,96.25,2406.25,0.0,79.88750000316564,1.0,-0.0,-0.0,0.1584660373288423,122.01884875047028,0.96,802.0833333333334,770.0,32.083333333333336,1.0,-0.0,-0.0,0.1584660373288422,122.01884875047027,0.96,802.0833333333334,770.0,32.083333333333336,1.0,-0.0,-0.0,0.15846603732638279,122.01884874129671,0.96,802.0833333333334,770.0,32.083333333333336,,,,790.6032430718839,2310.0,2130.0,180.0,2310.0,0.0,1.0,-0.0,-0.0,0.3711752314960013,197.65081078391486,0.9220779220823924,577.5,532.5,45.0,1.0,0.0,0.0,0.3711752314791726,197.65081076265503,0.922077922077922,577.5,532.5,45.0,1.0,-0.0,-0.0,0.37117523147917403,197.6508107626568,0.9220779220779208,577.5,532.5,45.0,1.0,-0.0,-0.0,0.3711752314791743,197.6508107626572,0.9220779220779218,577.5,532.5,45.0,1.0,,,0.101,215.1300000033424,2130.0,2130.0,0.0,66.03000000102588,-0.0,,,276.25,0.0,118.78750002677089,,,,50.67537416,0.0,4.0,1321.1144151574636,0.0,-0.0,0.0,134.2252245799983
16,1,17,0.1016,0.0,0.0,1320.669060800682,,,,0,0.0,1,2406.25,2406.25,0.0,385.0,0.0,,,366.0565462410258,2406.25,2310.0,96.25,2406.25,0.0,79.887500003166,1.0,-0.0,-0.0,0.15846603732726558,122.01884874925739,0.96,802.0833333333334,770.0,32.083333333333336,1.0,-0.0,-0.0,0.15846603732884254,122.01884875047168,0.96,802.0833333333334,770.0,32.083333333333336,1.0,-0.0,-0.0,0.15846603732638279,122.01884874129671,0.96,802.0833333333334,770.0,32.083333333333336,,,,790.6032430832283,2310.0,2130.0,180.0,2310.0,0.0,1.0,-0.0,-0.0,0.3711752314791783,197.6508107739983,0.9220779220820434,577.5,532.5,45.0,1.0,0.0,0.0,0.3711752314791783,197.65081076265795,0.9220779220779209,577.5,532.5,45.0,1.0,-0.0,-0.0,0.3711752314791734,197.65081076265648,0.9220779220779206,577.5,532.5,45.0,1.0,-0.0,0.0,0.3711752314960022,197.6508107839156,0.9220779220823914,577.5,532.5,45.0,1.0,,,0.101,215.13000000642788,2130.0,2130.0,0.0,66.03000000197291,-0.0,,,276.25,0.0,118.7875000136412,,,,51.12072853,0.0,4.0,1320.6690608006822,0.0,-0.0,0.0,134.1799765773493
17,1,18,0.15246,0.0,0.0,704.0837542885774,,,,0,0.0,1,1604.1666666666667,1604.1666666666667,0.0,256.6666666666667,0.0,,,244.03769749032224,1604.1666666666667,1540.0,64.16666666666667,1604.1666666666667,0.0,53.2583333344489,1.0,-0.0,-0.0,0.15846603732725584,122.01884874455298,0.96,802.0833333333334,770.0,32.083333333333336,1.0,-0.0,-0.0,0.15846603732883524,122.01884874576926,0.96,802.0833333333334,770.0,32.083333333333336,-0.0,-0.0,1.0,0.271,0.0,0.96,0.0,0.0,0.0,,,,395.30162154518166,1540.0,1065.0,90.0,1155.0,385.0,1.0,-0.0,-0.0,0.3711752314951854,197.65081078252217,0.9220779220779222,577.5,532.5,45.0,1.0,0.0,0.0,0.3711752314791809,197.6508107626595,0.922077922077921,577.5,532.5,45.0,-0.0,-0.0,1.0,0.19716472159924608,0.0,0.88,0.0,0.0,0.0,-0.0,-0.0,1.0,0.2032000221650788,0.0,0.925,0.0,0.0,0.0,1.0,,,0.101,107.56500000308297,1065.0,1065.0,0.0,33.01500000094626,-0.0,,,539.1666666666666,0.0,231.8416666679904,,,,42.82056475,0.0,2.0,704.0837542885869,0.0,0.0,0.0,107.34460917883652
18,1,19,0.15246,0.0,0.0,721.1468076578785,,,,0,0.0,1,1604.1666666666667,1604.1666666666667,0.0,256.6666666666667,0.0,,,244.03769749027916,1604.1666666666667,1540.0,64.16666666666667,1604.1666666666667,0.0,53.2583333344447,1.0,-0.0,-0.0,0.15846603732725234,122.01884874453103,0.96,802.0833333333334,770.0,32.083333333333336,1.0,-0.0,-0.0,0.15846603732883274,122.01884874574813,0.96,802.0833333333334,770.0,32.083333333333336,-0.0,-0.0,-0.0,0.271,0.0,0.96,0.0,0.0,0.0,,,,392.20578196715843,1540.0,1059.1575832718058,95.84241676129795,1155.0,385.0,1.0,-0.0,-0.0,0.3708530815451998,197.09615921455983,0.9202891051798129,577.5,531.4669582718234,46.03304176129825,1.0,0.0,0.0,0.3697424466326329,195.1096227525986,0.9137499999475712,577.5,527.6906249999876,49.809374999999704,-0.0,-0.0,-0.0,0.19716472159924608,0.0,0.88,0.0,0.0,0.0,-0.0,-0.0,-0.0,0.19716472159924608,0.0,0.88,0.0,0.0,0.0,1.0,,,0.101,106.9749159104524,1059.1575832718058,1059.1575832718058,0.0,32.83388508142598,-0.0,,,545.0090834283387,0.0,234.35390587418564,,,,22.07158771,0.0,2.0,721.14680765789,0.0,0.0,0.0,109.94604229552017
19,1,20,0.15246,0.0,0.0,667.3574193480606,,,,0,0.0,1,1203.1250000344887,1203.1250000344887,0.0,192.5,0.0,,,189.89188192257194,1203.1250000344887,1155.0,48.12500000137959,1203.1250000344885,0.0,39.94375000114503,1.0,-0.0,-0.0,0.1584660373272494,122.01884874452868,0.96,802.0833333333334,770.0,32.083333333333336,1.0,-0.0,-0.0,0.17629359266244052,67.87303317804324,0.96,401.0416666844146,385.0,16.0416666673766,-0.0,-0.0,-0.0,0.271,0.0,0.96,0.0,0.0,0.0,,,,392.3253025240914,1155.0,1059.3468750633392,95.65312496976958,1155.0,0.0,1.0,-0.0,-0.0,0.3695086769422373,194.67449174356764,0.9122889610389615,577.5,526.8468750302168,50.65312500290486,1.0,0.0,0.0,0.37117523148963283,197.65081078052376,0.9220779221352975,577.5,532.5,45.0,-0.0,-0.0,-0.0,0.20320002216507863,0.0,0.925,0.0,0.0,0.0,-0.0,-0.0,-0.0,0.1971647215992455,0.0,0.88,0.0,0.0,0.0,1.0,,,0.101,106.99403438139727,1059.3468750633392,1059.3468750633392,0.0,32.839753126963515,-0.0,,,143.7781249711494,0.0,61.82459373759424,,,,21.85379948,0.0,2.0,667.3574193480606,0.0,0.0,0.0,101.74531215380533
20,1,21,0.15246,0.0,0.0,719.1431548000007,,,,0,0.0,1,1604.1666666666667,1604.1666666666667,0.0,256.6666666666667,0.0,,,244.03769749027185,1604.1666666666667,1540.0,64.16666666666667,1604.1666666666667,0.0,53.25833333444481,1.0,-0.0,-0.0,0.15846603732724668,122.01884874452664,0.96,802.0833333333334,770.0,32.083333333333336,1.0,-0.0,-0.0,0.15846603732882913,122.0188487457452,0.96,802.0833333333334,770.0,32.083333333333336,-0.0,-0.0,-0.0,0.271,0.0,0.96,0.0,0.0,0.0,,,,395.30162153665725,1540.0,1065.0,90.0,1155.0,385.0,1.0,-0.0,-0.0,0.3711752314791812,197.65081077400083,0.9220779221308313,577.5,532.5,45.0,1.0,0.0,0.0,0.3711752314791735,197.65081076265642,0.9220779220779266,577.5,532.5,45.0,-0.0,-0.0,-0.0,0.19716472159924608,0.0,0.88,0.0,0.0,0.0,-0.0,-0.0,-0.0,0.19716472159924545,0.0,0.88,0.0,0.0,0.0,1.0,,,0.101,107.56500000308327,1065.0,1065.0,0.0,33.01500000094635,-0.0,,,539.1666666666666,0.0,231.84166666793413,,,,27.76116423,0.0,2.0,719.1431548000124,0.0,0.0,0.0,109.64056538080813
21,1,22,0.15246,0.0,0.0,712.3963367000144,,,,0,0.0,1,1604.1666666666667,1604.1666666666667,0.0,256.6666666666667,0.0,,,244.03769749027265,1604.1666666666667,1540.0,64.16666666666667,1604.1666666666667,0.0,53.25833333444504,1.0,-0.0,-0.0,0.15846603732724934,122.01884874452887,0.96,802.0833333333334,770.0,32.083333333333336,1.0,-0.0,-0.0,0.1584660373288268,122.01884874574377,0.96,802.0833333333334,770.0,32.083333333333336,-0.0,-0.0,-0.0,0.271,0.0,0.96,0.0,0.0,0.0,,,,395.3016215366589,1540.0,1065.0,90.0,1155.0,385.0,1.0,-0.0,-0.0,0.3711752314791805,197.65081077399964,0.9220779220820433,577.5,532.5,45.0,1.0,0.0,0.0,0.3711752314791805,197.65081076265926,0.9220779220779222,577.5,532.5,45.0,-0.0,-0.0,-0.0,0.19716472159924603,0.0,0.88,0.0,0.0,0.0,-0.0,-0.0,-0.0,0.1971647215992469,0.0,0.88,0.0,0.0,0.0,1.0,,,0.101,107.56500000308296,1065.0,1065.0,0.0,33.01500000094625,-0.0,,,539.1666666666666,0.0,231.8416666679378,,,,34.50798233,0.0,2.0,712.3963367000144,0.0,0.0,0.0,108.61194549328421
22,1,23,0.1016,0.0,0.0,1091.3210881295256,,,,0,0.0,1,2406.25,2406.25,0.0,385.0,0.0,,,366.05654621862266,2406.25,2310.0,96.25,2406.25,0.0,79.88750000054581,1.0,-0.0,-0.0,0.15846603732723938,122.01884874449183,0.96,802.0833333333334,770.0,32.083333333333336,1.0,-0.0,-0.0,0.15846603732087433,122.01884873706527,0.96,802.0833333333334,770.0,32.083333333333336,1.0,1.0,-0.0,0.15846603732087455,122.01884873706554,0.96,802.0833333333334,770.0,32.083333333333336,,,,592.9524323078335,2310.0,1597.5,135.0,1732.5,577.5,1.0,-0.0,-0.0,0.3711752314951857,197.65081078252206,0.9220779220779205,577.5,532.5,45.0,1.0,0.0,0.0,0.37117523147917275,197.65081076265497,0.9220779220779215,577.5,532.5,45.0,1.0,1.0,-0.0,0.3711752314791755,197.65081076265653,0.9220779220779216,577.5,532.5,45.0,-0.0,-0.0,-0.0,0.2032000221650788,0.0,0.925,0.0,0.0,0.0,1.0,,,0.101,161.3475000030824,1597.5,1597.5,0.0,49.522500000946074,-0.0,,,808.75,0.0,347.762499993972,,,,29.0353904,0.0,3.0,1091.3210881295386,0.0,-0.0,0.0,110.8782225539598
23,1,24,0.1016,0.0,0.0,1342.8105438656273,,,,0,0.0,1,2406.25,2406.25,0.0,385.0,0.0,,,366.056546219702,2406.25,2310.0,96.25,2406.25,0.0,79.8875,1.0,-0.0,-0.0,0.15846603732638642,122.01884874131014,0.96,802.0833333333334,770.0,32.083333333333336,1.0,-0.0,-0.0,0.15846603732089456,122.01884873708148,0.96,802.0833333333334,770.0,32.083333333333336,1.0,-0.0,-0.0,0.15846603732638645,122.01884874131036,0.96,802.0833333333334,770.0,32.083333333333336,,,,790.6032430811283,2310.0,2130.0,180.0,2310.0,0.0,1.0,-0.0,-0.0,0.3711752315033088,197.6508107931467,0.9220779220843338,577.5,532.5,45.0,1.0,0.0,0.0,0.37117523147917875,197.65081076265827,0.922077922077921,577.5,532.5,45.0,1.0,-0.0,-0.0,0.37117523147917875,197.65081076266256,0.9220779220779215,577.5,532.5,45.0,1.0,1.0,-0.0,0.37117523147917747,197.65081076266074,0.9220779220779215,577.5,532.5,45.0,1.0,,,0.101,215.13000000479698,2130.0,2130.0,0.0,66.03000000147233,-0.0,,,276.25,0.0,118.78749997953611,,,,28.97924544,0.0,4.0,1342.810543865627,0.0,-0.0,0.0,136.42955125674774
24,1,25,0.1016,0.0,0.0,1342.2846180399783,,,,0,0.0,1,2406.25,2406.25,0.0,385.0,0.0,,,366.05654622408923,2406.25,2310.0,96.25,2406.25,0.0,79.8875000016428,1.0,-0.0,-0.0,0.15846603732089526,122.01884873708228,0.96,802.0833333333334,770.0,32.083333333333336,1.0,-0.0,-0.0,0.158466037328814,122.01884874569609,0.96,802.0833333333334,770.0,32.083333333333336,1.0,-0.0,-0.0,0.15846603732638687,122.01884874131086,0.96,802.0833333333334,770.0,32.083333333333336,,,,790.6032430811294,2310.0,2130.0,180.0,2310.0,0.0,1.0,-0.0,-0.0,0.37117523150330967,197.65081079314902,0.9220779220843343,577.5,532.5,45.0,1.0,0.0,0.0,0.3711752314460494,197.65081076265812,0.9220779220020349,577.5,532.5,45.0,1.0,-0.0,-0.0,0.3711752314791772,197.65081076266037,0.9220779220779216,577.5,532.5,45.0,1.0,-0.0,-0.0,0.37117523147917764,197.65081076266193,0.9220779220779214,577.5,532.5,45.0,1.0,,,0.101,215.13000000479607,2130.0,2130.0,0.0,66.03000000147206,-0.0,,,276.25,0.0,118.78749998662829,,,,29.50517127,0.0,4.0,1342.284618040015,0.0,-0.0,0.0,136.37611719286178
25,1,26,0.1016,0.0,0.0,1340.625401342304,,,,0,0.0,1,2406.25,2406.25,0.0,385.0,0.0,,,366.0565462224232,2406.25,2310.0,96.25,2406.25,0.0,79.8875,1.0,-0.0,-0.0,0.15846603732723227,122.01884874196138,0.96,802.0833333333334,770.0,32.083333333333336,1.0,-0.0,-0.0,0.15846603732881365,122.01884874568385,0.96,802.0833333333334,770.0,32.083333333333336,1.0,-0.0,-0.0,0.15846603731464992,122.01884873477798,0.96,802.0833333333334,770.0,32.083333333333336,,,,790.6032430017093,2310.0,2130.0,180.0,2310.0,0.0,1.0,-0.0,-0.0,0.37117523136533326,197.65081071372978,0.9220779221324779,577.5,532.5,45.0,1.0,0.0,0.0,0.3711752314791765,197.65081076265693,0.9220779220779212,577.5,532.5,45.0,1.0,-0.0,-0.0,0.3711752314791778,197.65081076266125,0.9220779220779217,577.5,532.5,45.0,1.0,-0.0,-0.0,0.3711752314791774,197.6508107626613,0.9220779220779222,577.5,532.5,45.0,1.0,,,0.101,215.13000000317976,2130.0,2130.0,0.0,66.03000000097596,-0.0,,,276.25,0.0,118.78749999348402,,,,31.16438788,0.0,4.0,1340.6254013473122,0.0,-0.0,0.0,136.2075407763781
26,1,27,0.1016,0.0,0.0,1341.6815449174187,,,,0,0.0,1,2406.25,2406.25,0.0,385.0,0.0,,,366.056546231457,2406.25,2310.0,96.25,2406.25,0.0,79.88750000108855,1.0,-0.0,-0.0,0.15846603732723255,122.01884874446611,0.96,802.0833333333334,770.0,32.083333333333336,1.0,-0.0,-0.0,0.15846603732880798,122.01884874567924,0.96,802.0833333333334,770.0,32.083333333333336,1.0,-0.0,-0.0,0.15846603732638687,122.01884874131166,0.96,802.0833333333334,770.0,32.083333333333336,,,,790.6029380916268,2310.0,2130.0,180.0,2310.0,0.0,1.0,-0.0,-0.0,0.3711752314791763,197.65081077885242,0.9220779220779212,577.5,532.5,45.0,1.0,0.0,0.0,0.3711752314791763,197.6508107626568,0.9220779220779209,577.5,532.5,45.0,1.0,-0.0,-0.0,0.37117523147917897,197.65081076265977,0.9220779220779214,577.5,532.5,45.0,1.0,-0.0,-0.0,0.3711746587557928,197.6505057874578,0.9220779220779215,577.5,532.5,45.0,1.0,,,0.101,215.1300000043996,2130.0,2130.0,0.0,66.03000000135037,-0.0,,,276.25,0.0,118.78749999535276,,,,30.10793941,0.0,4.0,1341.6815449174833,0.0,-0.0,0.0,136.31484496360974
27,1,28,0.1016,0.0,0.0,1341.644763688664,,,,0,0.0,1,2406.25,2406.25,0.0,385.0,0.0,,,366.05654622894133,2406.25,2310.0,96.25,2406.25,0.0,79.8875,1.0,-0.0,-0.0,0.15846603732721967,122.018848741953,0.96,802.0833333333334,770.0,32.083333333333336,1.0,-0.0,-0.0,0.15846603732880396,122.01884874567638,0.96,802.0833333333334,770.0,32.083333333333336,1.0,-0.0,-0.0,0.15846603732638687,122.01884874131198,0.96,802.0833333333334,770.0,32.083333333333336,,,,790.6032430566727,2310.0,2130.0,180.0,2310.0,0.0,1.0,-0.0,-0.0,0.3711752314791712,197.6508107626538,0.92207792207792,577.5,532.5,45.0,1.0,0.0,0.0,0.3711752314791774,197.65081076265747,0.9220779220779209,577.5,532.5,45.0,1.0,-0.0,-0.0,0.37117523147956244,197.65081076870325,0.9220779220800451,577.5,532.5,45.0,1.0,-0.0,-0.0,0.37117523147917586,197.65081076265818,0.9220779220779214,577.5,532.5,45.0,1.0,,,0.101,215.13000000304982,2130.0,2130.0,0.0,66.03000000093608,-0.0,,,276.25,0.0,118.78749999403745,,,,30.1450256,0.0,4.0,1341.6447636886637,0.0,-0.0,0.0,136.31110799076825
28,1,29,0.1016,0.0,0.0,1336.9511346366007,,,,0,0.0,1,2406.25,2406.25,0.0,385.0,0.0,,,366.0565462301188,2406.25,2310.0,96.25,2406.25,0.0,79.8875,1.0,-0.0,-0.0,0.15846603733040082,122.01884874440307,0.96,802.0833333333334,770.0,32.083333333333336,1.0,-0.0,-0.0,0.15846603732721568,122.01884874440321,0.96,802.0833333333334,770.0,32.083333333333336,1.0,-0.0,-0.0,0.15846603732638687,122.01884874131252,0.96,802.0833333333334,770.0,32.083333333333336,,,,790.6032430665094,2310.0,2130.0,180.0,2310.0,0.0,1.0,-0.0,-0.0,0.37117523147917086,197.65081077853387,0.9220779220779199,577.5,532.5,45.0,1.0,0.0,0.0,0.37117523147917963,197.6508107626587,0.9220779220779218,577.5,532.5,45.0,1.0,-0.0,-0.0,0.37117523147917963,197.65081076265764,0.9220779220779218,577.5,532.5,45.0,1.0,-0.0,-0.0,0.37117523147917986,197.65081076265923,0.9220779220779209,577.5,532.5,45.0,1.0,,,0.101,215.13000000000002,2130.0,2130.0,0.0,66.03,-0.0,,,276.25,0.0,118.78749999544364,,,,34.83865466,0.0,4.0,1336.9511346366285,0.0,-0.0,0.0,135.83423527907863
29,1,30,0.1016,0.0,0.0,1319.2189858793072,,,,0,0.0,1,2406.25,2406.25,0.0,385.0,0.0,,,366.05654623316036,2406.25,2310.0,96.25,2406.25,0.0,79.88750000159287,1.0,-0.0,-0.0,0.15846603732721531,122.01884874438886,0.96,802.0833333333334,770.0,32.083333333333336,1.0,-0.0,-0.0,0.15846603732721098,122.01884874438564,0.96,802.0833333333334,770.0,32.083333333333336,1.0,-0.0,-0.0,0.15846603732721104,122.0188487443859,0.96,802.0833333333334,770.0,32.083333333333336,,,,790.6032429929754,2310.0,2130.0,180.0,2310.0,0.0,1.0,-0.0,-0.0,0.3711752315083745,197.65081079888563,0.9220779220779198,577.5,532.5,45.0,1.0,0.0,0.0,0.37117523126076873,197.65081066878375,0.9220779220779216,577.5,532.5,45.0,1.0,-0.0,-0.0,0.37117523147917963,197.65081076265236,0.9220779220779219,577.5,532.5,45.0,1.0,-0.0,-0.0,0.37117523147917986,197.6508107626537,0.922077922077922,577.5,532.5,45.0,1.0,,,0.101,215.13000000561706,2130.0,2130.0,0.0,66.03000000172405,-0.0,,,276.25,0.0,118.78749997072548,,,,52.57080333,0.0,4.0,1319.2189859017528,0.0,-0.0,0.0,134.03264896533761
30,1,31,0.1016,0.0,0.0,1322.7539964484624,,,,0,0.0,1,2406.25,2406.25,0.0,385.0,0.0,,,366.0565462360574,2406.25,2310.0,96.25,2406.25,0.0,79.8875000020875,1.0,-0.0,-0.0,0.15846603732721087,122.01884874444339,0.96,802.0833333333334,770.0,32.083333333333336,1.0,-0.0,-0.0,0.15846603732879636,122.01884875030105,0.96,802.0833333333334,770.0,32.083333333333336,1.0,-0.0,-0.0,0.15846603732638687,122.01884874131295,0.96,802.0833333333334,770.0,32.083333333333336,,,,790.6032430945559,2310.0,2130.0,180.0,2310.0,0.0,1.0,-0.0,-0.0,0.371175231479171,197.65081078336127,0.9220779220779197,577.5,532.5,45.0,1.0,0.0,0.0,0.37117523148064824,197.65081078589836,0.9220779220860854,577.5,532.5,45.0,1.0,-0.0,-0.0,0.37117523143698383,197.65081076264727,0.9220779221827362,577.5,532.5,45.0,1.0,-0.0,-0.0,0.37117523147917897,197.65081076264897,0.9220779220779218,577.5,532.5,45.0,1.0,,,0.101,215.13000001784914,2130.0,2130.0,0.0,66.03000000547844,-0.0,,,276.25,0.0,118.78749995104812,,,,49.0357929,0.0,4.0,1322.7539964484624,0.0,-0.0,0.0,134.39180603916378
31,1,32,0.1016,0.0,0.0,1324.8359067185147,,,,0,0.0,1,2406.25,2406.25,0.0,385.0,0.0,,,366.05654623601595,2406.25,2310.0,96.25,2406.25,0.0,79.88750000208856,1.0,-0.0,-0.0,0.15846603732720765,122.01884874438298,0.96,802.0833333333334,770.0,32.083333333333336,1.0,-0.0,-0.0,0.15846603732880205,122.01884875032026,0.96,802.0833333333334,770.0,32.083333333333336,1.0,-0.0,-0.0,0.15846603732638687,122.01884874131272,0.96,802.0833333333334,770.0,32.083333333333336,,,,790.6032430868813,2310.0,2130.0,180.0,2310.0,0.0,1.0,-0.0,-0.0,0.37117523150842774,197.6508107989518,0.9220779220779198,577.5,532.5,45.0,1.0,0.0,0.0,0.3711752314791781,197.65081076265787,0.9220779220779216,577.5,532.5,45.0,1.0,-0.0,-0.0,0.3711752314791514,197.65081076262854,0.9220779220779218,577.5,532.5,45.0,1.0,-0.0,-0.0,0.37117523147917875,197.6508107626431,0.9220779220779218,577.5,532.5,45.0,1.0,,,0.101,215.13000000562423,2130.0,2130.0,0.0,66.03000000172624,-0.0,,,276.25,0.0,118.78750000310563,,,,46.95388261,0.0,4.0,1324.8359067185215,0.0,-0.0,0.0,134.60332812260108
32,1,33,0.1016,0.0,0.0,1328.7854213000883,,,,0,0.0,1,2406.25,2406.25,0.0,385.0,0.0,,,366.0565462312916,2406.25,2310.0,96.25,2406.25,0.0,79.8875000010607,1.0,-0.0,-0.0,0.15846603732720382,122.01884874438036,0.96,802.0833333333334,770.0,32.083333333333336,1.0,-0.0,-0.0,0.15846603732878586,122.01884874559863,0.96,802.0833333333334,770.0,32.083333333333336,1.0,-0.0,-0.0,0.15846603732638687,122.01884874131261,0.96,802.0833333333334,770.0,32.083333333333336,,,,790.6029380859399,2310.0,2130.0,180.0,2310.0,0.0,1.0,-0.0,-0.0,0.3711752314791733,197.65081077317143,0.9220779220779215,577.5,532.5,45.0,1.0,0.0,0.0,0.37117523147917275,197.65081076265503,0.9220779220779215,577.5,532.5,45.0,1.0,-0.0,-0.0,0.37117523147917436,197.65081076265608,0.9220779220779216,577.5,532.5,45.0,1.0,-0.0,-0.0,0.3711746587557943,197.6505057874573,0.9220779220779216,577.5,532.5,45.0,1.0,,,0.101,215.13000000285706,2130.0,2130.0,0.0,66.03000000087691,-0.0,,,276.25,0.0,118.78750000156946,,,,43.00406302,0.0,4.0,1328.7854213000885,0.0,-0.0,0.0,135.00459880408897
33,1,34,0.1016,0.0,0.0,1325.7376390480931,,,,0,0.0,1,2406.25,2406.25,0.0,385.0,0.0,,,366.0565462360488,2406.25,2310.0,96.25,2406.25,0.0,79.88750000209514,1.0,-0.0,-0.0,0.1584660373272001,122.01884874437783,0.96,802.0833333333334,770.0,32.083333333333336,1.0,-0.0,-0.0,0.15846603732881231,122.01884875035847,0.96,802.0833333333334,770.0,32.083333333333336,1.0,-0.0,-0.0,0.158466037326387,122.01884874131248,0.96,802.0833333333334,770.0,32.083333333333336,,,,790.6032431102788,2310.0,2130.0,180.0,2310.0,0.0,1.0,-0.0,-0.0,0.37117523150847154,197.65081079900625,0.9220779220779214,577.5,532.5,45.0,1.0,0.0,0.0,0.3711752314791774,197.65081076265747,0.9220779220779209,577.5,532.5,45.0,1.0,-0.0,-0.0,0.3711752314806689,197.6508107859553,0.9220779220861023,577.5,532.5,45.0,1.0,-0.0,-0.0,0.37117523147917647,197.65081076265966,0.9220779220779215,577.5,532.5,45.0,1.0,,,0.101,215.13000001176545,2130.0,2130.0,0.0,66.03000000361118,-0.0,,,276.25,0.0,118.78749997704814,,,,46.05215031,0.0,4.0,1325.7376390480931,0.0,-0.0,0.0,134.69494412728625
34,1,35,0.1016,0.0,0.0,1323.0392011054864,,,,0,0.0,1,2406.25,2406.25,0.0,385.0,0.0,,,366.0565462329118,2406.25,2310.0,96.25,2406.25,0.0,79.88750000154276,1.0,-0.0,-0.0,0.15846603732638675,122.0188487413114,0.96,802.0833333333334,770.0,32.083333333333336,1.0,-0.0,-0.0,0.15846603733804462,122.01884875028831,0.96,802.0833333333334,770.0,32.083333333333336,1.0,-0.0,-0.0,0.15846603732638684,122.01884874131206,0.96,802.0833333333334,770.0,32.083333333333336,,,,790.603243086939,2310.0,2130.0,180.0,2310.0,0.0,1.0,-0.0,-0.0,0.37117523150848225,197.65081079901944,0.9220779220779189,577.5,532.5,45.0,1.0,0.0,0.0,0.37117523147917675,197.65081076265704,0.9220779220779213,577.5,532.5,45.0,1.0,-0.0,-0.0,0.3711752314791299,197.6508107626019,0.9220779220779215,577.5,532.5,45.0,1.0,-0.0,-0.0,0.3711752314791774,197.65081076266065,0.9220779220779216,577.5,532.5,45.0,1.0,,,0.101,215.13000000563548,2130.0,2130.0,0.0,66.03000000172969,-0.0,,,276.25,0.0,118.78749999600507,,,,48.75058822,0.0,4.0,1323.0392011054862,0.0,-0.0,0.0,134.42078283231743
35,1,36,0.1016,0.0,0.0,1322.4169304586094,,,,0,0.0,1,2406.25,2406.25,0.0,385.0,0.0,,,366.0565462359719,2406.25,2310.0,96.25,2406.25,0.0,79.88750000207523,1.0,-0.0,-0.0,0.15846603732719383,122.01884874437377,0.96,802.0833333333334,770.0,32.083333333333336,1.0,-0.0,-0.0,0.1584660373287753,122.01884875028635,0.96,802.0833333333334,770.0,32.083333333333336,1.0,-0.0,-0.0,0.15846603732638687,122.01884874131179,0.96,802.0833333333334,770.0,32.083333333333336,,,,790.603243087002,2310.0,2130.0,180.0,2310.0,0.0,1.0,-0.0,-0.0,0.37117523150848736,197.65081079902586,0.9220779220779212,577.5,532.5,45.0,1.0,0.0,0.0,0.37117523147917253,197.65081076265483,0.9220779220779212,577.5,532.5,45.0,1.0,-0.0,-0.0,0.3711752314791801,197.6508107626618,0.9220779220779226,577.5,532.5,45.0,1.0,-0.0,-0.0,0.3711752314791765,197.65081076265963,0.9220779220779213,577.5,532.5,45.0,1.0,,,0.101,215.1300000056463,2130.0,2130.0,0.0,66.03000000173301,-0.0,,,276.25,0.0,118.78750000284307,,,,49.37285887,0.0,4.0,1322.41693045862,0.0,-0.0,0.0,134.3575601345947
36,1,37,0.1016,0.0,0.0,1321.5445270186183,,,,0,0.0,1,2406.25,2406.25,0.0,385.0,0.0,,,366.05654623602857,2406.25,2310.0,96.25,2406.25,0.0,79.88750000209288,1.0,-0.0,-0.0,0.15846603732719106,122.01884874437198,0.96,802.0833333333334,770.0,32.083333333333336,1.0,-0.0,-0.0,0.15846603732721157,122.01884874438788,0.96,802.0833333333334,770.0,32.083333333333336,1.0,-0.0,-0.0,0.15846603732798392,122.01884874726869,0.96,802.0833333333334,770.0,32.083333333333336,,,,790.6032430869676,2310.0,2130.0,180.0,2310.0,0.0,1.0,-0.0,-0.0,0.3711752315084931,197.6508107990329,0.9220779220779209,577.5,532.5,45.0,1.0,0.0,0.0,0.3711752314791721,197.65081076265457,0.9220779220779213,577.5,532.5,45.0,1.0,-0.0,-0.0,0.3711752314791745,197.6508107626213,0.9220779220779213,577.5,532.5,45.0,1.0,-0.0,-0.0,0.37117523147917564,197.65081076265878,0.9220779220779216,577.5,532.5,45.0,1.0,,,0.101,215.13000000563713,2130.0,2130.0,0.0,66.0300000017302,-0.0,,,276.25,0.0,118.78750000311204,,,,50.24526231,0.0,4.0,1321.5445270186333,0.0,-0.0,0.0,134.26892394509161
37,1,38,0.1016,0.0,0.0,1326.18949023574,,,,0,0.0,1,2406.25,2406.25,0.0,385.0,0.0,,,366.05654623596394,2406.25,2310.0,96.25,2406.25,0.0,79.88750000207541,1.0,-0.0,-0.0,0.15846603732718845,122.01884874437032,0.96,802.0833333333334,770.0,32.083333333333336,1.0,-0.0,-0.0,0.15846603732876832,122.01884875028134,0.96,802.0833333333334,770.0,32.083333333333336,1.0,-0.0,-0.0,0.15846603732638687,122.0188487413123,0.96,802.0833333333334,770.0,32.083333333333336,,,,790.6032430737126,2310.0,2130.0,180.0,2310.0,0.0,1.0,-0.0,-0.0,0.37117523148065157,197.65081078574028,0.9220779220860277,577.5,532.5,45.0,1.0,0.0,0.0,0.3711752314791741,197.65081076265545,0.9220779220779205,577.5,532.5,45.0,1.0,-0.0,-0.0,0.37117523147917386,197.6508107626568,0.9220779220779213,577.5,532.5,45.0,1.0,-0.0,-0.0,0.37117523147917825,197.65081076266014,0.9220779220779212,577.5,532.5,45.0,1.0,,,0.101,215.13000000606343,2130.0,2130.0,0.0,66.03000000186105,-0.0,,,276.25,0.0,118.78750000106739,,,,45.60029908,0.0,4.0,1326.18949023574,0.0,-0.0,0.0,134.74085220795118
38,1,39,0.1016,0.0,0.0,1322.5835365417124,,,,0,0.0,1,2406.25,2406.25,0.0,385.0,0.0,,,366.05654623110973,2406.25,2310.0,96.25,2406.25,0.0,79.8875000010277,1.0,-0.0,-0.0,0.15846603732718556,122.01884874429085,0.96,802.0833333333334,770.0,32.083333333333336,1.0,-0.0,-0.0,0.1584660373287653,122.01884874550736,0.96,802.0833333333334,770.0,32.083333333333336,1.0,-0.0,-0.0,0.15846603732638687,122.01884874131152,0.96,802.0833333333334,770.0,32.083333333333336,,,,790.6032430608138,2310.0,2130.0,180.0,2310.0,0.0,1.0,-0.0,-0.0,0.37117523147917114,197.6508107728412,0.9220779220779206,577.5,532.5,45.0,1.0,0.0,0.0,0.3711752314791743,197.65081076265562,0.9220779220779206,577.5,532.5,45.0,1.0,-0.0,-0.0,0.37117523147917586,197.65081076265884,0.9220779220779212,577.5,532.5,45.0,1.0,-0.0,-0.0,0.37117523147917564,197.65081076265818,0.922077922077921,577.5,532.5,45.0,1.0,,,0.101,215.13000000000002,2130.0,2130.0,0.0,66.03,-0.0,,,276.25,0.0,118.78750000152745,,,,49.20625274,0.0,4.0,1322.5835365519235,0.0,-0.0,0.0,134.37448731263797
39,1,40,0.1016,0.0,0.0,1318.6890927575305,,,,0,0.0,1,2406.25,2406.25,0.0,385.0,0.0,,,366.05618179220284,2406.25,2310.0,96.25,2406.25,0.0,79.88750000154404,1.0,-0.0,-0.0,0.15846603732718229,122.01884874428846,0.96,802.0833333333334,770.0,32.083333333333336,1.0,-0.0,-0.0,0.15846603732876208,122.01884874550518,0.96,802.0833333333334,770.0,32.083333333333336,1.0,-0.0,-0.0,0.15846556402603992,122.01848430240919,0.96,802.0833333333334,770.0,32.083333333333336,,,,790.6029381266735,2310.0,2130.0,180.0,2310.0,0.0,1.0,-0.0,-0.0,0.37117523150092024,197.65081078963706,0.9220779220779202,577.5,532.5,45.0,1.0,0.0,0.0,0.37117523149337805,197.6508107869229,0.9220779221558401,577.5,532.5,45.0,1.0,-0.0,-0.0,0.37117523147917464,197.65081076265733,0.9220779220779206,577.5,532.5,45.0,1.0,-0.0,-0.0,0.3711746587557922,197.65050578745627,0.9220779220779209,577.5,532.5,45.0,1.0,,,0.101,215.13000000873248,2130.0,2130.0,0.0,66.03000000268027,-0.0,,,276.25,0.0,118.78749998282257,,,,53.10002717,0.0,4.0,1318.6890927576087,0.0,-0.0,0.0,133.9788118241651
40,1,41,0.1016,0.0,0.0,1317.1770990805915,,,,0,0.0,1,2406.25,2406.25,0.0,385.0,0.0,,,366.0565462416577,2406.25,2310.0,96.25,2406.25,0.0,79.88750000306527,1.0,-0.0,-0.0,0.15846603732876258,122.01884875017298,0.96,802.0833333333334,770.0,32.083333333333336,1.0,-0.0,-0.0,0.1584660373287625,122.01884875017294,0.96,802.0833333333334,770.0,32.083333333333336,1.0,-0.0,-0.0,0.15846603732638687,122.01884874131179,0.96,802.0833333333334,770.0,32.083333333333336,,,,790.603243168795,2310.0,2130.0,180.0,2310.0,0.0,1.0,-0.0,-0.0,0.3711752315293164,197.65081082486853,0.9220779220779203,577.5,532.5,45.0,1.0,0.0,0.0,0.3711752315119272,197.65081081861027,0.9220779222575877,577.5,532.5,45.0,1.0,-0.0,-0.0,0.37117523147917475,197.6508107626574,0.9220779220779209,577.5,532.5,45.0,1.0,-0.0,-0.0,0.37117523147917675,197.65081076265875,0.9220779220779208,577.5,532.5,45.0,1.0,,,0.101,215.1300000201389,2130.0,2130.0,0.0,66.03000000618124,-0.0,,,276.25,0.0,118.78749995396083,,,,54.61269035,0.0,4.0,1317.1770990805915,0.0,-0.0,0.0,133.8251932665881
41,1,42,0.15246,0.0,0.0,699.5800372558333,,,,0,0.0,1,1604.1666666666667,1604.1666666666667,0.0,256.6666666666667,0.0,,,244.03769748968955,1604.1666666666667,1540.0,64.16666666666667,1604.1666666666667,0.0,53.25833333433617,1.0,-0.0,-0.0,0.15846603732717476,122.01884874422252,0.96,802.0833333333334,770.0,32.083333333333336,1.0,-0.0,-0.0,0.15846603732875417,122.01884874546703,0.96,802.0833333333334,770.0,32.083333333333336,-0.0,-0.0,1.0,0.271,0.0,0.96,0.0,0.0,0.0,,,,395.30162158662694,1540.0,1065.0,90.0,1155.0,385.0,1.0,-0.0,-0.0,0.37117523152859316,197.65081082397137,0.9220779220779218,577.5,532.5,45.0,1.0,0.0,0.0,0.37117523147917353,197.65081076265557,0.9220779220779222,577.5,532.5,45.0,-0.0,-0.0,1.0,0.19716472159924608,0.0,0.88,0.0,0.0,0.0,-0.0,-0.0,1.0,0.19716472159924614,0.0,0.88,0.0,0.0,0.0,1.0,,,0.101,107.56500000951931,1065.0,1065.0,0.0,33.01500000292177,-0.0,,,539.1666666666666,0.0,231.84166663912077,,,,47.32428183,0.0,2.0,699.5800372558358,0.0,0.0,0.0,106.65797248002436
42,1,43,0.15246,0.0,0.0,661.2277010120065,,,,0,0.0,1,1203.1250001064948,1203.1250001064948,0.0,192.5,0.0,,,189.89188193075321,1203.1250001064948,1155.0,48.12500000425983,1203.1250001064948,0.0,39.94375000353563,1.0,-0.0,-0.0,0.1584660373271715,122.0188487442388,0.96,802.0833333333334,770.0,32.083333333333336,1.0,-0.0,-0.0,0.1762935926521258,67.87303318651442,0.96,401.0416667579325,385.0,16.041666670317312,-0.0,-0.0,-0.0,0.271,0.0,0.96,0.0,0.0,0.0,,,,395.30162159092686,1155.0,1065.0,90.0,1155.0,0.0,1.0,-0.0,-0.0,0.37117523153110765,197.65081082826796,0.9220779220917198,577.5,532.5,45.0,1.0,0.0,0.0,0.37117523147917986,197.65081076265886,0.92207792191464,577.5,532.5,45.0,-0.0,-0.0,-0.0,0.19716472159924497,0.0,0.88,0.0,0.0,0.0,-0.0,-0.0,-0.0,0.19716472159924497,0.0,0.88,0.0,0.0,0.0,1.0,,,0.101,107.56500001032633,1065.0,1065.0,0.0,33.01500000316947,-0.0,,,138.1250000042553,0.0,59.39375000182978,,,,31.53080252,0.0,2.0,661.2277010120065,0.0,0.0,0.0,100.81077529629052
43,1,44,0.15246,0.0,0.0,720.515502149492,,,,0,0.0,1,1604.1666666666667,1604.1666666666667,0.0,256.6666666666667,0.0,,,244.0376974896505,1604.1666666666667,1540.0,64.16666666666667,1604.1666666666667,0.0,53.25833333433647,1.0,-0.0,-0.0,0.15846603732716538,122.0188487442156,0.96,802.0833333333334,770.0,32.083333333333336,1.0,-0.0,-0.0,0.15846603732874884,122.0188487454349,0.96,802.0833333333334,770.0,32.083333333333336,-0.0,-0.0,-0.0,0.271,0.0,0.96,0.0,0.0,0.0,,,,395.3016215603201,1540.0,1065.0,90.0,1155.0,385.0,1.0,-0.0,-0.0,0.3711752314791803,197.65081079765932,0.9220779220779232,577.5,532.5,45.0,1.0,0.0,0.0,0.3711752314791812,197.6508107626608,0.9220779220779276,577.5,532.5,45.0,-0.0,-0.0,-0.0,0.19716472159924608,0.0,0.88,0.0,0.0,0.0,-0.0,-0.0,-0.0,0.19716472159924603,0.0,0.88,0.0,0.0,0.0,1.0,,,0.101,107.5650000095214,1065.0,1065.0,0.0,33.015000002922406,-0.0,,,539.1666666666666,0.0,231.8416666391209,,,,26.38881691,0.0,2.0,720.515502149492,0.0,0.0,0.0,109.84979345771156
44,1,45,0.15246,0.0,0.0,715.7708526294743,,,,0,0.0,1,1604.1666666666667,1604.1666666666667,0.0,256.6666666666667,0.0,,,244.03769748964788,1604.1666666666667,1540.0,64.16666666666667,1604.1666666666667,0.0,53.258333334336186,1.0,-0.0,-0.0,0.15846603732716533,122.01884874421533,0.96,802.0833333333334,770.0,32.083333333333336,1.0,-0.0,-0.0,0.15846603732874606,122.01884874543254,0.96,802.0833333333334,770.0,32.083333333333336,-0.0,-0.0,-0.0,0.271,0.0,0.96,0.0,0.0,0.0,,,,395.3016215603162,1540.0,1065.0,90.0,1155.0,385.0,1.0,-0.0,-0.0,0.37117523147918163,197.6508107976599,0.9220779220906443,577.5,532.5,45.0,1.0,0.0,0.0,0.3711752314791754,197.65081076265636,0.9220779220779213,577.5,532.5,45.0,-0.0,-0.0,-0.0,0.19716472159924603,0.0,0.88,0.0,0.0,0.0,-0.0,-0.0,-0.0,0.19716472159924728,0.0,0.88,0.0,0.0,0.0,1.0,,,0.101,107.56500000952165,1065.0,1065.0,0.0,33.015000002922484,-0.0,,,539.1666666666666,0.0,231.84166663912146,,,,31.13346643,0.0,2.0,715.7708526294858,0.0,0.0,0.0,109.12642419188967
45,1,46,0.15246,0.0,0.0,715.6521429394834,,,,0,0.0,1,1604.1666666666667,1604.1666666666667,0.0,256.6666666666667,0.0,,,244.0376974896464,1604.1666666666667,1540.0,64.16666666666667,1604.1666666666667,0.0,53.2583333343364,1.0,-0.0,-0.0,0.1584660373271653,122.01884874421526,0.96,802.0833333333334,770.0,32.083333333333336,1.0,-0.0,-0.0,0.15846603732874412,122.01884874543113,0.96,802.0833333333334,770.0,32.083333333333336,-0.0,-0.0,-0.0,0.271,0.0,0.96,0.0,0.0,0.0,,,,395.3016215603159,1540.0,1065.0,90.0,1155.0,385.0,1.0,-0.0,-0.0,0.37117523147918163,197.6508107976599,0.9220779220906443,577.5,532.5,45.0,1.0,0.0,0.0,0.37117523147917325,197.65081076265596,0.9220779220779248,577.5,532.5,45.0,-0.0,-0.0,-0.0,0.19716472159924608,0.0,0.88,0.0,0.0,0.0,-0.0,-0.0,-0.0,0.19716472159924608,0.0,0.88,0.0,0.0,0.0,1.0,,,0.101,107.56500000952117,1065.0,1065.0,0.0,33.015000002922335,-0.0,,,539.1666666666666,0.0,231.8416666391207,,,,31.25217612,0.0,2.0,715.6521429394836,0.0,0.0,0.0,109.10832571255365
46,1,47,0.1016,0.0,0.0,1341.0987484595032,,,,0,0.0,1,2406.25,2406.25,0.0,385.0,0.0,,,366.05654624437307,2406.25,2310.0,96.25,2406.25,0.0,79.88750000325972,1.0,-0.0,-0.0,0.15846603732879802,122.01884874419142,0.96,802.0833333333334,770.0,32.083333333333336,1.0,-0.0,-0.0,0.15846603732874032,122.01884875008997,0.96,802.0833333333334,770.0,32.083333333333336,1.0,1.0,-0.0,0.15846603732874234,122.01884875009169,0.96,802.0833333333334,770.0,32.083333333333336,,,,790.6032430856221,2310.0,2130.0,180.0,2310.0,0.0,1.0,-0.0,-0.0,0.3711752314791692,197.65081079765253,0.922077922090644,577.5,532.5,45.0,1.0,0.0,0.0,0.3711752314791734,197.65081076265486,0.9220779220779068,577.5,532.5,45.0,1.0,1.0,-0.0,0.37117523147917625,197.65081076265915,0.9220779220779197,577.5,532.5,45.0,1.0,1.0,-0.0,0.3711752314791714,197.65081076265557,0.9220779220779198,577.5,532.5,45.0,1.0,,,0.101,215.13000000951894,2130.0,2130.0,0.0,66.03000000292165,-0.0,,,276.25,0.0,118.7875000052593,,,,30.69104088,0.0,4.0,1341.0987484595141,0.0,-0.0,0.0,136.25563284348553
47,1,48,0.1016,0.0,0.0,1346.7568753295575,,,,0,0.0,1,2406.25,2406.25,0.0,385.0,0.0,,,366.0565462349988,2406.25,2310.0,96.25,2406.25,0.0,79.88750000148978,1.0,-0.0,-0.0,0.15846603732716266,122.0188487442052,0.96,802.0833333333334,770.0,32.083333333333336,1.0,-0.0,-0.0,0.1584660373287368,122.01884874539569,0.96,802.0833333333334,770.0,32.083333333333336,1.0,-0.0,-0.0,0.15846603732873946,122.01884874539792,0.96,802.0833333333334,770.0,32.083333333333336,,,,790.6032431118555,2310.0,2130.0,180.0,2310.0,0.0,1.0,-0.0,-0.0,0.371175231479169,197.65081077740268,0.9220779220779194,577.5,532.5,45.0,1.0,0.0,0.0,0.37117523149277876,197.65081078589697,0.9220779221525297,577.5,532.5,45.0,1.0,-0.0,-0.0,0.371175231492779,197.65081078589728,0.9220779221525301,577.5,532.5,45.0,1.0,-0.0,-0.0,0.37117523147917186,197.65081076265855,0.9220779220779199,577.5,532.5,45.0,1.0,,,0.101,215.13000001271604,2130.0,2130.0,0.0,66.03000000390294,-0.0,,,276.25,0.0,118.78749996516113,,,,25.03291403,0.0,4.0,1346.7568753295702,0.0,-0.0,0.0,136.83049853348302
48,1,49,0.1016,0.0,0.0,1342.6614916416056,,,,0,0.0,1,2406.25,2406.25,0.0,385.0,0.0,,,366.0565462332935,2406.25,2310.0,96.25,2406.25,0.0,79.88750000140459,1.0,-0.0,-0.0,0.15846603732711154,122.01884874401497,0.96,802.0833333333334,770.0,32.083333333333336,1.0,-0.0,-0.0,0.1584660373287331,122.01884874526348,0.96,802.0833333333334,770.0,32.083333333333336,1.0,-0.0,-0.0,0.1584660373271115,122.01884874401506,0.96,802.0833333333334,770.0,32.083333333333336,,,,790.6032430645383,2310.0,2130.0,180.0,2310.0,0.0,1.0,-0.0,-0.0,0.37117523147916986,197.65081077656478,0.9220779220779194,577.5,532.5,45.0,1.0,0.0,0.0,0.3711752314791723,197.65081076265432,0.9220779220779195,577.5,532.5,45.0,1.0,-0.0,-0.0,0.37117523147917186,197.65081076265687,0.9220779220779199,577.5,532.5,45.0,1.0,-0.0,-0.0,0.3711752314791788,197.6508107626623,0.92207792207792,577.5,532.5,45.0,1.0,,,0.101,215.13000000378153,2130.0,2130.0,0.0,66.03000000116066,-0.0,,,276.25,0.0,118.78750000203691,,,,29.12829766,0.0,4.0,1342.6614916416133,0.0,-0.0,0.0,136.41440755078713
49,1,50,0.1016,0.0,0.0,1344.981104748153,,,,0,0.0,1,2406.25,2406.25,0.0,385.0,0.0,,,366.05654623204384,2406.25,2310.0,96.25,2406.25,0.0,79.8875000013999,1.0,-0.0,-0.0,0.15846603732711143,122.01884874401435,0.96,802.0833333333334,770.0,32.083333333333336,1.0,-0.0,-0.0,0.15846603732711148,122.01884874401456,0.96,802.0833333333334,770.0,32.083333333333336,1.0,-0.0,-0.0,0.1584660373271116,122.0188487440149,0.96,802.0833333333334,770.0,32.083333333333336,,,,790.6032430727585,2310.0,2130.0,180.0,2310.0,0.0,1.0,-0.0,-0.0,0.37117523149750486,197.6508107847891,0.9220779220707593,577.5,532.5,45.0,1.0,0.0,0.0,0.3711752314791723,197.6508107626544,0.9220779220779199,577.5,532.5,45.0,1.0,-0.0,-0.0,0.37117523147917153,197.65081076265673,0.9220779220779198,577.5,532.5,45.0,1.0,-0.0,-0.0,0.3711752314791715,197.6508107626583,0.9220779220779197,577.5,532.5,45.0,1.0,,,0.101,215.1300000033628,2130.0,2130.0,0.0,66.03000000103214,-0.0,,,276.25,0.0,118.78750000381709,,,,26.80868456,0.0,4.0,1344.981104748165,0.0,-0.0,0.0,136.65008024241234
50,1,51,0.1016,0.0,0.0,1345.5438096133385,,,,0,0.0,1,2406.25,2406.25,0.0,385.0,0.0,,,366.05654623455587,2406.25,2310.0,96.25,2406.25,0.0,79.88750000140459,1.0,-0.0,-0.0,0.15846603732711814,122.0188487440394,0.96,802.0833333333334,770.0,32.083333333333336,1.0,-0.0,-0.0,0.1584660373287253,122.0188487452572,0.96,802.0833333333334,770.0,32.083333333333336,1.0,-0.0,-0.0,0.15846603732872772,122.01884874525926,0.96,802.0833333333334,770.0,32.083333333333336,,,,790.6032430750007,2310.0,2130.0,180.0,2310.0,0.0,1.0,-0.0,-0.0,0.3711752314988156,197.65081078702616,0.9220779220779203,577.5,532.5,45.0,1.0,0.0,0.0,0.3711752314791732,197.65081076265494,0.9220779220779203,577.5,532.5,45.0,1.0,-0.0,-0.0,0.37117523147917253,197.6508107626573,0.92207792207792,577.5,532.5,45.0,1.0,-0.0,-0.0,0.37117523147917875,197.6508107626623,0.9220779220779203,577.5,532.5,45.0,1.0,,,0.101,215.1300000037818,2130.0,2130.0,0.0,66.03000000116074,-0.0,,,276.25,0.0,118.78750000208947,,,,26.2459797,0.0,4.0,1345.5438096133385,0.0,-0.0,0.0,136.7072510567152
51,1,52,0.1016,0.0,0.0,1344.7642297308123,,,,0,0.0,1,2406.25,2406.25,0.0,385.0,0.0,,,366.056546232044,2406.25,2310.0,96.25,2406.25,0.0,79.88750000139996,1.0,-0.0,-0.0,0.15846603732711143,122.01884874401436,0.96,802.0833333333334,770.0,32.083333333333336,1.0,-0.0,-0.0,0.15846603732711148,122.01884874401462,0.96,802.0833333333334,770.0,32.083333333333336,1.0,-0.0,-0.0,0.1584660373271116,122.01884874401503,0.96,802.0833333333334,770.0,32.083333333333336,,,,790.6032430749968,2310.0,2130.0,180.0,2310.0,0.0,1.0,-0.0,-0.0,0.371175231498815,197.6508107870251,0.9220779220779205,577.5,532.5,45.0,1.0,0.0,0.0,0.37117523147917275,197.65081076265471,0.9220779220779205,577.5,532.5,45.0,1.0,-0.0,-0.0,0.3711752314791732,197.65081076265764,0.9220779220779202,577.5,532.5,45.0,1.0,-0.0,-0.0,0.3711752314791732,197.65081076265935,0.9220779220779225,577.5,532.5,45.0,1.0,,,0.101,215.13000000378148,2130.0,2130.0,0.0,66.03000000116064,-0.0,,,276.25,0.0,118.78750000203505,,,,27.02555958,0.0,4.0,1344.7642297308225,0.0,-0.0,0.0,136.62804574065052
52,1,53,0.1016,0.0,0.0,1340.7941185751206,,,,0,0.0,1,2406.25,2406.25,0.0,385.0,0.0,,,366.0565462345166,2406.25,2310.0,96.25,2406.25,0.0,79.8875,1.0,-0.0,-0.0,0.1584660373271114,122.01884874401416,0.96,802.0833333333334,770.0,32.083333333333336,1.0,-0.0,-0.0,0.1584660373287175,122.01884874525096,0.96,802.0833333333334,770.0,32.083333333333336,1.0,-0.0,-0.0,0.15846603732871795,122.01884874525145,0.96,802.0833333333334,770.0,32.083333333333336,,,,790.6032430644925,2310.0,2130.0,180.0,2310.0,0.0,1.0,-0.0,-0.0,0.3711752314791729,197.6508107765308,0.9220779220779208,577.5,532.5,45.0,1.0,0.0,0.0,0.37117523147917497,197.65081076265704,0.9220779220779213,577.5,532.5,45.0,1.0,-0.0,-0.0,0.3711752314791647,197.65081076264482,0.9220779220779203,577.5,532.5,45.0,1.0,-0.0,-0.0,0.3711752314791741,197.65081076265983,0.9220779220779223,577.5,532.5,45.0,1.0,,,0.101,215.13000000000002,2130.0,2130.0,0.0,66.03,-0.0,,,276.25,0.0,118.787500002081,,,,30.99567071,0.0,4.0,1340.7941185890093,0.0,-0.0,0.0,136.22468244723225
53,1,54,0.1016,0.0,0.0,1319.8879799639967,,,,0,0.0,1,2406.25,2406.25,0.0,385.0,0.0,,,366.05654623329224,2406.25,2310.0,96.25,2406.25,0.0,79.8875000013999,1.0,-0.0,-0.0,0.15846603732713266,122.01884874403036,0.96,802.0833333333334,770.0,32.083333333333336,1.0,-0.0,-0.0,0.15846603732711131,122.01884874401414,0.96,802.0833333333334,770.0,32.083333333333336,1.0,-0.0,-0.0,0.15846603732871326,122.01884874524774,0.96,802.0833333333334,770.0,32.083333333333336,,,,790.6032430766246,2310.0,2130.0,180.0,2310.0,0.0,1.0,-0.0,-0.0,0.3711752314997636,197.6508107886691,0.9220779220833921,577.5,532.5,45.0,1.0,0.0,0.0,0.3711752314791742,197.65081076265687,0.9220779220779209,577.5,532.5,45.0,1.0,-0.0,-0.0,0.37117523147915915,197.65081076263803,0.9220779220779206,577.5,532.5,45.0,1.0,-0.0,-0.0,0.3711752314791754,197.65081076266063,0.9220779220779224,577.5,532.5,45.0,1.0,,,0.101,215.1300000040893,2130.0,2130.0,0.0,66.03000000125513,-0.0,,,276.25,0.0,118.78750000072438,,,,51.90180935,0.0,4.0,1319.8879799640063,0.0,-0.0,0.0,134.10061876434207
54,1,55,0.1016,0.0,0.0,1325.7066580462078,,,,0,0.0,1,2406.25,2406.25,0.0,385.0,0.0,,,366.05654621299846,2406.25,2310.0,96.25,2406.25,0.0,79.8875,1.0,-0.0,-0.0,0.15846603732713227,122.0188487440923,0.96,802.0833333333334,770.0,32.083333333333336,1.0,-0.0,-0.0,0.1584660373271113,122.01884874401381,0.96,802.0833333333334,770.0,32.083333333333336,1.0,-0.0,-0.0,0.15846603731072298,122.01884872489231,0.96,802.0833333333334,770.0,32.083333333333336,,,,790.6032430698656,2310.0,2130.0,180.0,2310.0,0.0,1.0,-0.0,-0.0,0.37117523149210413,197.65081078193032,0.9220779221489727,577.5,532.5,45.0,1.0,0.0,0.0,0.3711752314791752,197.65081076264198,0.9220779220779208,577.5,532.5,45.0,1.0,-0.0,-0.0,0.37117523147915477,197.65081076263257,0.9220779220779209,577.5,532.5,45.0,1.0,-0.0,-0.0,0.37117523147917564,197.65081076266068,0.9220779220779209,577.5,532.5,45.0,1.0,,,0.101,215.13000000335933,2130.0,2130.0,0.0,66.03000000103108,-0.0,,,276.25,0.0,118.787499985445,,,,46.08313124,0.0,4.0,1325.7066580462233,0.0,-0.0,0.0,134.69179645749472
55,1,56,0.1016,0.0,0.0,1323.7547042444107,,,,0,0.0,1,2406.25,2406.25,0.0,385.0,0.0,,,366.05654623642783,2406.25,2310.0,96.25,2406.25,0.0,79.8875,1.0,-0.0,-0.0,0.15846603732712505,122.01884874402398,0.96,802.0833333333334,770.0,32.083333333333336,1.0,-0.0,-0.0,0.15846603732711115,122.01884874401338,0.96,802.0833333333334,770.0,32.083333333333336,1.0,-0.0,-0.0,0.15846603734114945,122.01884874839048,0.96,802.0833333333334,770.0,32.083333333333336,,,,790.6032430623139,2310.0,2130.0,180.0,2310.0,0.0,1.0,-0.0,-0.0,0.371175231477881,197.6508107743517,0.9220779220709471,577.5,532.5,45.0,1.0,0.0,0.0,0.37117523147917697,197.65081076264394,0.9220779220779213,577.5,532.5,45.0,1.0,-0.0,-0.0,0.3711752314791746,197.6508107626571,0.9220779220779209,577.5,532.5,45.0,1.0,-0.0,-0.0,0.3711752314791765,197.6508107626612,0.922077922077921,577.5,532.5,45.0,1.0,,,0.101,215.12999999958137,2130.0,2130.0,0.0,66.0299999998715,-0.0,,,276.25,0.0,118.787500003811,,,,48.03508504,0.0,4.0,1323.754704258323,0.0,-0.0,0.0,134.49347795123214
56,1,57,0.1016,0.0,0.0,1325.1979962224789,,,,0,0.0,1,2406.25,2406.25,0.0,385.0,0.0,,,366.0565462344938,2406.25,2310.0,96.25,2406.25,0.0,79.8875,1.0,-0.0,-0.0,0.15846603732712006,122.0188487440198,0.96,802.0833333333334,770.0,32.083333333333336,1.0,-0.0,-0.0,0.15846603732870257,122.01884874523847,0.96,802.0833333333334,770.0,32.083333333333336,1.0,-0.0,-0.0,0.1584660373286984,122.0188487452355,0.96,802.0833333333334,770.0,32.083333333333336,,,,790.6032430623134,2310.0,2130.0,180.0,2310.0,0.0,1.0,-0.0,-0.0,0.37117523147789055,197.65081077435167,0.9220779220709622,577.5,532.5,45.0,1.0,0.0,0.0,0.3711752314791603,197.65081076263962,0.9220779220779214,577.5,532.5,45.0,1.0,-0.0,-0.0,0.3711752314791766,197.65081076266077,0.9220779220779208,577.5,532.5,45.0,1.0,-0.0,-0.0,0.37117523147917675,197.65081076266137,0.9220779220779225,577.5,532.5,45.0,1.0,,,0.101,215.12999999958487,2130.0,2130.0,0.0,66.02999999987257,-0.0,,,276.25,0.0,118.78750000380602,,,,46.59179306,0.0,4.0,1325.1979962363919,0.0,-0.0,0.0,134.64011641620385
57,1,58,0.1016,0.0,0.0,1324.1584787762058,,,,0,0.0,1,2406.25,2406.25,0.0,385.0,0.0,,,366.056546220808,2406.25,2310.0,96.25,2406.25,0.0,79.8875,1.0,-0.0,-0.0,0.15846603732711098,122.01884874401243,0.96,802.0833333333334,770.0,32.083333333333336,1.0,-0.0,-0.0,0.15846603732869874,122.01884874523542,0.96,802.0833333333334,770.0,32.083333333333336,1.0,-0.0,-0.0,0.1584660373109385,122.01884873156015,0.96,802.0833333333334,770.0,32.083333333333336,,,,790.6032430783547,2310.0,2130.0,180.0,2310.0,0.0,1.0,-0.0,-0.0,0.3711752315115303,197.65081077651348,0.9220779221480437,577.5,532.5,45.0,1.0,0.0,0.0,0.3711752314791747,197.65081077651809,0.9220779220779214,577.5,532.5,45.0,1.0,-0.0,-0.0,0.3711752314791792,197.6508107626612,0.9220779220779224,577.5,532.5,45.0,1.0,-0.0,-0.0,0.37117523147917786,197.650810762662,0.9220779220779224,577.5,532.5,45.0,1.0,,,0.101,215.1300000040868,2130.0,2130.0,0.0,66.03000000125436,-0.0,,,276.25,0.0,118.78749998466259,,,,47.63131043,0.0,4.0,1324.1584788732496,0.0,-0.0,0.0,134.5345014436625
58,1,59,0.1016,0.0,0.0,1325.301682537112,,,,0,0.0,1,2406.25,2406.25,0.0,385.0,0.0,,,366.0565462363721,2406.25,2310.0,96.25,2406.25,0.0,79.8875,1.0,-0.0,-0.0,0.1584660373271108,122.01884874401193,0.96,802.0833333333334,770.0,32.083333333333336,1.0,-0.0,-0.0,0.15846603732711087,122.01884874401244,0.96,802.0833333333334,770.0,32.083333333333336,1.0,-0.0,-0.0,0.15846603734101497,122.01884874834772,0.96,802.0833333333334,770.0,32.083333333333336,,,,790.6032430644957,2310.0,2130.0,180.0,2310.0,0.0,1.0,-0.0,-0.0,0.3711752314791754,197.6508107764194,0.9220779220779208,577.5,532.5,45.0,1.0,0.0,0.0,0.37117523147917786,197.65081076266077,0.9220779220779215,577.5,532.5,45.0,1.0,-0.0,-0.0,0.37117523147917786,197.6508107627533,0.9220779220779214,577.5,532.5,45.0,1.0,-0.0,-0.0,0.3711752314791781,197.65081076266216,0.9220779220779216,577.5,532.5,45.0,1.0,,,0.101,215.13000000000002,2130.0,2130.0,0.0,66.03,-0.0,,,276.25,0.0,118.78750000207826,,,,46.48810675,0.0,4.0,1325.301682550868,0.0,-0.0,0.0,134.65065094577056
59,1,60,0.1016,0.0,0.0,1323.3200346127264,,,,0,0.0,1,2406.25,2406.25,0.0,385.0,0.0,,,366.0565462240069,2406.25,2310.0,96.25,2406.25,0.0,79.8874999986184,1.0,-0.0,-0.0,0.1584660373271072,122.01884874400942,0.96,802.0833333333334,770.0,32.083333333333336,1.0,-0.0,-0.0,0.15846603731105624,122.01884872527998,0.96,802.0833333333334,770.0,32.083333333333336,1.0,-0.0,-0.0,0.15846603734101344,122.01884875471752,0.96,802.0833333333334,770.0,32.083333333333336,,,,790.6032430713326,2310.0,2130.0,180.0,2310.0,0.0,1.0,-0.0,-0.0,0.371175231491867,197.65081078317488,0.9220779221475335,577.5,532.5,45.0,1.0,0.0,0.0,0.3711752314791783,197.6508107626614,0.9220779220779216,577.5,532.5,45.0,1.0,-0.0,-0.0,0.37117523147931436,197.65081076283386,0.922077922077958,577.5,532.5,45.0,1.0,-0.0,-0.0,0.3711752314791785,197.65081076266245,0.9220779220779224,577.5,532.5,45.0,1.0,,,0.101,215.13000000376894,2130.0,2130.0,0.0,66.0300000011568,-0.0,,,276.25,0.0,118.78750000207246,,,,48.46975468,0.0,4.0,1323.3200346191086,0.0,-0.0,0.0,134.449315516653
60,1,61,0.1016,0.0,0.0,1323.3600319355983,,,,0,0.0,1,2406.25,2406.25,0.0,385.0,0.0,,,366.0565462263765,2406.25,2310.0,96.25,2406.25,0.0,79.8875,1.0,-0.0,-0.0,0.15846603732494388,122.01884873592964,0.96,802.0833333333334,770.0,32.083333333333336,1.0,-0.0,-0.0,0.15846603732868464,122.01884874522446,0.96,802.0833333333334,770.0,32.083333333333336,1.0,-0.0,-0.0,0.15846603732868178,122.01884874522239,0.96,802.0833333333334,770.0,32.083333333333336,,,,790.6032430496228,2310.0,2130.0,180.0,2310.0,0.0,1.0,-0.0,-0.0,0.37117523147917636,197.6508107626606,0.9220779220779217,577.5,532.5,45.0,1.0,0.0,0.0,0.37117523147917786,197.65081076266145,0.9220779220779217,577.5,532.5,45.0,1.0,-0.0,-0.0,0.37117523147917963,197.6508107626629,0.9220779220779229,577.5,532.5,45.0,1.0,-0.0,-0.0,0.3711752314800206,197.65081076163787,0.92207792207105,577.5,532.5,45.0,1.0,,,0.101,215.12999999959868,2130.0,2130.0,0.0,66.02999999987682,-0.0,,,276.25,0.0,118.7875000017014,,,,48.42975734,0.0,4.0,1323.3600319355983,0.0,-0.0,0.0,134.4533792446568
61,1,62,0.1016,0.0,0.0,1320.5489451560022,,,,0,0.0,1,2406.25,2406.25,0.0,385.0,0.0,,,366.0565462246293,2406.25,2310.0,96.25,2406.25,0.0,79.8875,1.0,-0.0,-0.0,0.15846603732611775,122.018848740308,0.96,802.0833333333334,770.0,32.083333333333336,1.0,-0.0,-0.0,0.15846603732711106,122.01884874401291,0.96,802.0833333333334,770.0,32.083333333333336,1.0,-0.0,-0.0,0.15846603732611791,122.01884874030839,0.96,802.0833333333334,770.0,32.083333333333336,,,,790.603243051373,2310.0,2130.0,180.0,2310.0,0.0,1.0,-0.0,-0.0,0.3711752314791765,197.65081076266108,0.9220779220779212,577.5,532.5,45.0,1.0,0.0,0.0,0.3711752314791801,197.65081076266338,0.9220779220779234,577.5,532.5,45.0,1.0,-0.0,-0.0,0.37117523147917875,197.65081076266242,0.922077922077922,577.5,532.5,45.0,1.0,-0.0,-0.0,0.37117523148053755,197.65081076338623,0.9220779220779229,577.5,532.5,45.0,1.0,,,0.101,215.13000000000002,2130.0,2130.0,0.0,66.03,-0.0,,,276.25,0.0,118.78750000150548,,,,51.24084412,0.0,4.0,1320.5489451560024,0.0,-0.0,0.0,134.16777282784983
62,1,63,0.1016,0.0,0.0,1320.983078347429,,,,0,0.0,1,2406.25,2406.25,0.0,385.0,0.0,,,366.0565462212553,2406.25,2310.0,96.25,2406.25,0.0,79.88749999932502,1.0,-0.0,-0.0,0.1584660373270919,122.01884874399869,0.96,802.0833333333334,770.0,32.083333333333336,1.0,-0.0,-0.0,0.15846603732868036,122.01884874522158,0.96,802.0833333333334,770.0,32.083333333333336,1.0,-0.0,-0.0,0.15846603732389974,122.01884873203502,0.96,802.0833333333334,770.0,32.083333333333336,,,,790.603243038142,2310.0,2130.0,180.0,2310.0,0.0,1.0,-0.0,-0.0,0.37117523147912695,197.65081076259926,0.922077922077922,577.5,532.5,45.0,1.0,0.0,0.0,0.3711752314791794,197.6508107626272,0.9220779220779219,577.5,532.5,45.0,1.0,-0.0,-0.0,0.3711752314791339,197.65081076260674,0.922077922077922,577.5,532.5,45.0,1.0,-0.0,-0.0,0.3711752314694199,197.65081075030884,0.9220779220753077,577.5,532.5,45.0,1.0,,,0.101,215.12999999803156,2130.0,2130.0,0.0,66.02999999939583,-0.0,,,276.25,0.0,118.78749999959885,,,,50.80671091,0.0,4.0,1320.9830783474288,0.0,-0.0,0.0,134.21188076009878
63,1,64,0.1016,0.0,0.0,1321.831606452611,,,,0,0.0,1,2406.25,2406.25,0.0,385.0,0.0,,,366.0565462119699,2406.25,2310.0,96.25,2406.25,0.0,79.88749999792378,1.0,-0.0,-0.0,0.1584660373249422,122.01884873592329,0.96,802.0833333333334,770.0,32.083333333333336,1.0,-0.0,-0.0,0.15846603732711106,122.01884874401333,0.96,802.0833333333334,770.0,32.083333333333336,1.0,-0.0,-0.0,0.15846603731155237,122.01884873203325,0.96,802.0833333333334,770.0,32.083333333333336,,,,790.6032430506409,2310.0,2130.0,180.0,2310.0,0.0,1.0,-0.0,-0.0,0.37117523147918025,197.6508107626643,0.9220779220779224,577.5,532.5,45.0,1.0,0.0,0.0,0.37117523147918163,197.65081076266418,0.9220779220779229,577.5,532.5,45.0,1.0,-0.0,-0.0,0.37117523147917963,197.65081076266313,0.9220779220779218,577.5,532.5,45.0,1.0,-0.0,-0.0,0.37117523147917986,197.65081076264943,0.9220779220779219,577.5,532.5,45.0,1.0,,,0.101,215.13000000000002,2130.0,2130.0,0.0,66.03,-0.0,,,276.25,0.0,118.78749997312453,,,,49.95818281,0.0,4.0,1321.831606452611,0.0,-0.0,0.0,134.29809121558526
64,1,65,0.1016,0.0,0.0,1327.5578405164333,,,,0,0.0,1,2406.25,2406.25,0.0,385.0,0.0,,,366.0565462258082,2406.25,2310.0,96.25,2406.25,0.0,79.88750000135079,1.0,-0.0,-0.0,0.15846603732095121,122.01884874391224,0.96,802.0833333333334,770.0,32.083333333333336,1.0,-0.0,-0.0,0.15846603732867956,122.01884874986332,0.96,802.0833333333334,770.0,32.083333333333336,1.0,-0.0,-0.0,0.158466037323899,122.01884873203262,0.96,802.0833333333334,770.0,32.083333333333336,,,,790.6032430506405,2310.0,2130.0,180.0,2310.0,0.0,1.0,-0.0,-0.0,0.37117523147917386,197.65081076265628,0.9220779220779225,577.5,532.5,45.0,1.0,0.0,0.0,0.3711752314791741,197.6508107626567,0.9220779220779215,577.5,532.5,45.0,1.0,-0.0,-0.0,0.3711752314791823,197.65081076266483,0.9220779220779235,577.5,532.5,45.0,1.0,-0.0,-0.0,0.3711752314791788,197.6508107626627,0.922077922077922,577.5,532.5,45.0,1.0,,,0.101,215.13000000000002,2130.0,2130.0,0.0,66.03,-0.0,,,276.25,0.0,118.7875000175055,,,,44.23194876,0.0,4.0,1327.5578405164488,0.0,-0.0,0.0,134.87987659646961
65,1,66,0.15246,0.0,0.0,673.5779264990144,,,,0,0.0,1,1389.1213389738452,1389.1213389738452,0.0,222.25941423581523,0.0,,,211.32341179373293,1389.1213389738452,1333.5564854148947,55.564853558954,1389.1213389738487,0.0,46.11882845393166,1.0,-0.0,-0.0,0.15846603732707926,122.01884874386673,0.96,802.0833333333334,770.0,32.083333333333336,1.0,-0.0,-0.0,0.15846603732389875,89.30456304986622,0.96,587.0380056272653,563.5564854021746,23.481520225090634,-0.0,-0.0,1.0,0.271,0.0,0.96,0.0,0.0,0.0,,,,395.3016215252875,1333.5564854148947,1065.0,90.0,1155.0,178.5564854149261,1.0,-0.0,-0.0,0.37117523147916415,197.65081076264423,0.9220779220779224,577.5,532.5,45.0,1.0,0.0,0.0,0.3711752314791641,197.6508107626433,0.9220779220779178,577.5,532.5,45.0,-0.0,-0.0,1.0,0.19716472159924608,0.0,0.88,0.0,0.0,0.0,-0.0,-0.0,1.0,0.19716472159924608,0.0,0.88,0.0,0.0,0.0,1.0,,,0.101,107.56500000000001,1065.0,1065.0,0.0,33.015,-0.0,,,324.12133897387747,0.0,139.3721757587673,,,,40.61210682,0.0,2.0,673.5779264990205,0.0,0.0,0.0,102.69369067403974
66,1,67,0.15246,0.0,0.0,684.1332041536912,,,,0,0.0,1,1389.1213389738489,1389.1213389738489,0.0,222.25941423581583,0.0,,,211.32341179374959,1389.1213389738489,1333.5564854148981,55.56485355895414,1389.1213389738523,0.0,46.11882845393178,1.0,-0.0,-0.0,0.15846603732707637,122.01884874388357,0.96,802.0833333333334,770.0,32.083333333333336,1.0,-0.0,-0.0,0.15846603732389838,89.30456304986602,0.96,587.0380056272654,563.5564854021748,23.481520225090637,-0.0,-0.0,-0.0,0.271,0.0,0.96,0.0,0.0,0.0,,,,395.3013165500762,1333.5564854148981,1065.0,90.0,1155.0,178.55648541502387,1.0,-0.0,-0.0,0.3711752314791691,197.65081076263556,0.9220779220779224,577.5,532.5,45.0,1.0,0.0,0.0,0.37117465875579636,197.6505057874406,0.9220779220779222,577.5,532.5,45.0,-0.0,-0.0,-0.0,0.19716472159924608,0.0,0.88,0.0,0.0,0.0,-0.0,-0.0,-0.0,0.19716472159924603,0.0,0.88,0.0,0.0,0.0,1.0,,,0.101,107.56499999998857,1065.0,1065.0,0.0,33.01499999999649,-0.0,,,324.121338973968,0.0,139.37217575880624,,,,30.05652419,0.0,2.0,684.1332041538144,0.0,0.0,0.0,104.30294830527177
67,1,68,0.15246,0.0,0.0,688.4141312015729,,,,0,0.0,1,1389.121338973846,1389.121338973846,0.0,222.25941423581534,0.0,,,211.3234117937294,1389.121338973846,1333.5564854148972,55.5648535589541,1389.1213389738514,0.0,46.118828453931684,1.0,-0.0,-0.0,0.15846603732707454,122.0188487438641,0.96,802.0833333333334,770.0,32.083333333333336,1.0,-0.0,-0.0,0.15846603732389825,89.30456304986532,0.96,587.0380056272613,563.5564854021709,23.481520225090474,-0.0,-0.0,-0.0,0.271,0.0,0.96,0.0,0.0,0.0,,,,395.04690711026456,1333.5564854148972,1064.5267152235538,90.47328477632107,1155.0,178.55648541501773,1.0,-0.0,-0.0,0.3711752314791465,197.65081076262234,0.9220779220779209,577.5,532.5,45.0,1.0,0.0,0.0,0.37102666219434655,197.39609634764219,0.9212583813396886,577.5,532.0267152236208,45.47328477632561,-0.0,-0.0,-0.0,0.19716472159924608,0.0,0.88,0.0,0.0,0.0,-0.0,-0.0,-0.0,0.19716472159924608,0.0,0.88,0.0,0.0,0.0,1.0,,,0.101,107.51719823757894,1064.5267152235538,1064.5267152235538,0.0,33.000328171930164,-0.0,,,324.5946237502929,0.0,139.57568821262595,,,,25.47338594,0.0,2.0,688.4141312015729,0.0,0.0,0.0,104.9556184429918
68,1,69,0.15246,0.0,0.0,688.4022955904538,,,,0,0.0,1,1389.1213389738414,1389.1213389738414,0.0,222.2594142358146,0.0,,,211.32341179372753,1389.1213389738414,1333.5564854148988,55.56485355895417,1389.121338973853,0.0,46.118828453931535,1.0,-0.0,-0.0,0.15846603732707193,122.01884874386192,0.96,802.0833333333334,770.0,32.083333333333336,1.0,-0.0,-0.0,0.15846603732389802,89.3045630498656,0.96,587.038005627264,563.5564854021735,23.481520225090584,-0.0,-0.0,-0.0,0.271,0.0,0.96,0.0,0.0,0.0,,,,395.25427781657606,1333.5564854148988,1064.912173961883,90.08782603798716,1155.0,178.5564854150241,1.0,-0.0,-0.0,0.371175231479145,197.6508107626206,0.9220779220779208,577.5,532.5,45.0,1.0,0.0,0.0,0.37114753703598957,197.60346705395548,0.9219258423584481,577.5,532.4121739619525,45.08782603799193,-0.0,-0.0,-0.0,0.19716472159924608,0.0,0.88,0.0,0.0,0.0,-0.0,-0.0,-0.0,0.19716472159924608,0.0,0.88,0.0,0.0,0.0,1.0,,,0.101,107.55612957015018,1064.912173961883,1064.912173961883,0.0,33.01227739281837,-0.0,,,324.2091650119654,0.0,139.40994095514512,,,,25.73152359,0.0,2.0,688.4022955904538,0.0,0.0,0.0,104.9538139857206
69,1,70,0.15246,0.0,0.0,686.6340668489873,,,,0,0.0,1,1389.1213389738477,1389.1213389738477,0.0,222.25941423581565,0.0,,,211.32341179372582,1389.1213389738477,1333.556485414898,55.56485355895413,1389.121338973852,0.0,46.11882845393175,1.0,-0.0,-0.0,0.1584660373270701,122.01884874386016,0.96,802.0833333333334,770.0,32.083333333333336,1.0,-0.0,-0.0,0.15846603732389775,89.30456304986566,0.96,587.0380056272654,563.5564854021748,23.481520225090637,-0.0,-0.0,-0.0,0.271,0.0,0.96,0.0,0.0,0.0,,,,395.3016215252723,1333.556485414898,1065.0,90.0,1155.0,178.5564854149559,1.0,-0.0,-0.0,0.3711752314791518,197.65081076262814,0.9220779220779207,577.5,532.5,45.0,1.0,0.0,0.0,0.37117523147918074,197.65081076264417,0.9220779220779233,577.5,532.5,45.0,-0.0,-0.0,-0.0,0.19716472159924608,0.0,0.88,0.0,0.0,0.0,-0.0,-0.0,-0.0,0.19716472159924608,0.0,0.88,0.0,0.0,0.0,1.0,,,0.101,107.56500000000001,1065.0,1065.0,0.0,33.015,-0.0,,,324.1213389739048,0.0,139.37217575877906,,,,27.55596647,0.0,2.0,686.6340668489981,0.0,0.0,0.0,104.68422983179661
70,1,71,0.1016,0.0,0.0,1344.6264588244892,,,,0,0.0,1,2406.25,2406.25,0.0,385.0,0.0,,,366.0565462239273,2406.25,2310.0,96.25,2406.25,0.0,79.8875,1.0,-0.0,-0.0,0.15846603732707007,122.01884874386016,0.96,802.0833333333334,770.0,32.083333333333336,1.0,-0.0,-0.0,0.1584660373238969,122.01884873202458,0.96,802.0833333333334,770.0,32.083333333333336,1.0,1.0,-0.0,0.15846603732819137,122.01884874804253,0.96,802.0833333333334,770.0,32.083333333333336,,,,790.6032430505765,2310.0,2130.0,180.0,2310.0,0.0,1.0,-0.0,-0.0,0.3711752314791743,197.65081076263402,0.9220779220779206,577.5,532.5,45.0,1.0,0.0,0.0,0.3711752314791492,197.65081076262553,0.9220779220779146,577.5,532.5,45.0,1.0,1.0,-0.0,0.3711752314791758,197.65081076265733,0.9220779220779218,577.5,532.5,45.0,1.0,1.0,-0.0,0.37117523147917986,197.65081076265957,0.9220779220779219,577.5,532.5,45.0,1.0,,,0.101,215.1299999999855,2130.0,2130.0,0.0,66.02999999999554,-0.0,,,276.25,0.0,118.78749999999432,,,,27.16333045,0.0,4.0,1344.6264588244892,0.0,-0.0,0.0,136.6140482165681
71,1,72,0.1016,0.0,0.0,1345.0534539864254,,,,0,0.0,1,2406.25,2406.25,0.0,385.0,0.0,,,366.05654622585564,2406.25,2310.0,96.25,2406.25,0.0,79.8875,1.0,-0.0,-0.0,0.15846603733136605,122.01884875988372,0.96,802.0833333333334,770.0,32.083333333333336,1.0,-0.0,-0.0,0.15846603732389705,122.01884873202428,0.96,802.0833333333334,770.0,32.083333333333336,1.0,-0.0,-0.0,0.15846603732639467,122.0188487339476,0.96,802.0833333333334,770.0,32.083333333333336,,,,790.6032430505825,2310.0,2130.0,180.0,2310.0,0.0,1.0,-0.0,-0.0,0.37117523147915144,197.65081076262675,0.9220779220779208,577.5,532.5,45.0,1.0,0.0,0.0,0.3711752314791732,197.6508107626395,0.9220779220779203,577.5,532.5,45.0,1.0,-0.0,-0.0,0.37117523147917586,197.6508107626584,0.9220779220779222,577.5,532.5,45.0,1.0,-0.0,-0.0,0.37117523147917475,197.6508107626578,0.9220779220779215,577.5,532.5,45.0,1.0,,,0.101,215.13000000000002,2130.0,2130.0,0.0,66.03,-0.0,,,276.25,0.0,118.78749999996757,,,,26.73633529,0.0,4.0,1345.0534539864382,0.0,-0.0,0.0,136.65743092502083
72,1,73,0.1016,0.0,0.0,1343.2769408780346,,,,0,0.0,1,2406.25,2406.25,0.0,385.0,0.0,,,366.05654621745066,2406.25,2310.0,96.25,2406.25,0.0,79.88749999869263,1.0,-0.0,-0.0,0.15846603732705808,122.01884874381575,0.96,802.0833333333334,770.0,32.083333333333336,1.0,-0.0,-0.0,0.1584660373250423,122.01884873629668,0.96,802.0833333333334,770.0,32.083333333333336,1.0,-0.0,-0.0,0.15846603732639467,122.0188487373382,0.96,802.0833333333334,770.0,32.083333333333336,,,,790.6032430505933,2310.0,2130.0,180.0,2310.0,0.0,1.0,-0.0,-0.0,0.37117523147914233,197.650810762617,0.9220779220779207,577.5,532.5,45.0,1.0,0.0,0.0,0.37117523147917564,197.65081076265798,0.922077922077922,577.5,532.5,45.0,1.0,-0.0,-0.0,0.37117523147917497,197.65081076265767,0.922077922077922,577.5,532.5,45.0,1.0,-0.0,-0.0,0.37117523147917864,197.65081076266063,0.9220779220779219,577.5,532.5,45.0,1.0,,,0.101,215.13000000000002,2130.0,2130.0,0.0,66.03,-0.0,,,276.25,0.0,118.78749998310356,,,,28.51284839,0.0,4.0,1343.276940878044,0.0,-0.0,0.0,136.4769371932083
73,1,74,0.1016,0.0,0.0,1343.6906635164396,,,,0,0.0,1,2406.25,2406.25,0.0,385.0,0.0,,,366.056546225858,2406.25,2310.0,96.25,2406.25,0.0,79.8875,1.0,-0.0,-0.0,0.1584660373313669,122.01884875988688,0.96,802.0833333333334,770.0,32.083333333333336,1.0,-0.0,-0.0,0.1584660373238965,122.01884873202374,0.96,802.0833333333334,770.0,32.083333333333336,1.0,-0.0,-0.0,0.15846603732639467,122.0188487339474,0.96,802.0833333333334,770.0,32.083333333333336,,,,790.603243050593,2310.0,2130.0,180.0,2310.0,0.0,1.0,-0.0,-0.0,0.37117523147915166,197.65081076262805,0.9220779220779158,577.5,532.5,45.0,1.0,0.0,0.0,0.3711752314791752,197.65081076264062,0.9220779220779153,577.5,532.5,45.0,1.0,-0.0,-0.0,0.3711752314791794,197.65081076266156,0.9220779220779219,577.5,532.5,45.0,1.0,-0.0,-0.0,0.37117523147917897,197.65081076266276,0.9220779220779219,577.5,532.5,45.0,1.0,,,0.101,215.13000000000002,2130.0,2130.0,0.0,66.03,-0.0,,,276.25,0.0,118.78749999997245,,,,28.09912576,0.0,4.0,1343.6906635164512,0.0,-0.0,0.0,136.51897141327026
74,1,75,0.1016,0.0,0.0,1344.9296779495894,,,,0,0.0,1,2406.25,2406.25,0.0,385.0,0.0,,,366.0565462289563,2406.25,2310.0,96.25,2406.25,0.0,79.8875,1.0,-0.0,-0.0,0.15846603732705358,122.01884874379898,0.96,802.0833333333334,770.0,32.083333333333336,1.0,-0.0,-0.0,0.15846603732705836,122.01884874381642,0.96,802.0833333333334,770.0,32.083333333333336,1.0,-0.0,-0.0,0.15846603732639467,122.0188487413409,0.96,802.0833333333334,770.0,32.083333333333336,,,,790.603243050636,2310.0,2130.0,180.0,2310.0,0.0,1.0,-0.0,-0.0,0.3711752314791759,197.65081076265886,0.9220779220779212,577.5,532.5,45.0,1.0,0.0,0.0,0.37117523147917514,197.6508107626579,0.922077922077921,577.5,532.5,45.0,1.0,-0.0,-0.0,0.3711752314791792,197.65081076266034,0.922077922077922,577.5,532.5,45.0,1.0,-0.0,0.0,0.37117523147917675,197.65081076265892,0.922077922077921,577.5,532.5,45.0,1.0,,,0.101,215.13000000000002,2130.0,2130.0,0.0,66.03,-0.0,,,276.25,0.0,118.78750001117196,,,,26.86011133,0.0,4.0,1344.9296779495924,0.0,-0.0,0.0,136.64485527967827
75,1,76,0.1016,0.0,0.0,1344.5462905209133,,,,0,0.0,1,2406.25,2406.25,0.0,385.0,0.0,,,366.05654623226553,2406.25,2310.0,96.25,2406.25,0.0,79.88750000043969,1.0,-0.0,-0.0,0.15846603732704592,122.01884874380676,0.96,802.0833333333334,770.0,32.083333333333336,1.0,-0.0,-0.0,0.15846603733134598,122.01884874711791,0.96,802.0833333333334,770.0,32.083333333333336,1.0,-0.0,-0.0,0.15846603732639467,122.01884874134088,0.96,802.0833333333334,770.0,32.083333333333336,,,,790.6032430506186,2310.0,2130.0,180.0,2310.0,0.0,1.0,-0.0,-0.0,0.37117523147917586,197.65081076265827,0.9220779220779234,577.5,532.5,45.0,1.0,0.0,0.0,0.3711752314791745,197.65081076265707,0.9220779220779209,577.5,532.5,45.0,1.0,-0.0,-0.0,0.37117523147917786,197.65081076265386,0.9220779220779215,577.5,532.5,45.0,1.0,-0.0,0.0,0.3711752314791693,197.65081076264943,0.9220779220779217,577.5,532.5,45.0,1.0,,,0.101,215.13000000000002,2130.0,2130.0,0.0,66.03,-0.0,,,276.25,0.0,118.78750001126643,,,,27.24349876,0.0,4.0,1344.5462905228842,0.0,-0.0,0.0,136.6059031169248
76,1,77,0.1016,0.0,0.0,1340.352758353788,,,,0,0.0,1,2406.25,2406.25,0.0,385.0,0.0,,,366.0565462231827,2406.25,2310.0,96.25,2406.25,0.0,79.88750000043947,1.0,-0.0,-0.0,0.15846603732704143,122.01884874380347,0.96,802.0833333333334,770.0,32.083333333333336,1.0,-0.0,-0.0,0.1584660373221061,122.01884873803836,0.96,802.0833333333334,770.0,32.083333333333336,1.0,-0.0,-0.0,0.15846603732639467,122.01884874134086,0.96,802.0833333333334,770.0,32.083333333333336,,,,790.6032430506128,2310.0,2130.0,180.0,2310.0,0.0,1.0,-0.0,-0.0,0.37117523147917647,197.65081076265966,0.9220779220779215,577.5,532.5,45.0,1.0,0.0,0.0,0.3711752314791781,197.6508107626605,0.9220779220779214,577.5,532.5,45.0,1.0,-0.0,-0.0,0.3711752314791781,197.65081076265025,0.9220779220779217,577.5,532.5,45.0,1.0,0.0,-0.0,0.3711752314791633,197.65081076264244,0.9220779220779216,577.5,532.5,45.0,1.0,,,0.101,215.13000000000002,2130.0,2130.0,0.0,66.03,-0.0,,,276.25,0.0,118.78750000566723,,,,31.437030920000005,0.0,4.0,1340.3527583537955,0.0,-0.0,0.0,136.17984024874485
77,1,78,0.1016,0.0,0.0,1325.637666098381,,,,0,0.0,1,2406.25,2406.25,0.0,385.0,0.0,,,366.0565462077783,2406.25,2310.0,96.25,2406.25,0.0,79.88749999719778,1.0,-0.0,-0.0,0.15846603732703787,122.01884874374002,0.96,802.0833333333334,770.0,32.083333333333336,1.0,-0.0,-0.0,0.1584660373238949,122.01884873201882,0.96,802.0833333333334,770.0,32.083333333333336,1.0,-0.0,-0.0,0.15846603732389553,122.01884873201946,0.96,802.0833333333334,770.0,32.083333333333336,,,,790.6032430506186,2310.0,2130.0,180.0,2310.0,0.0,1.0,-0.0,-0.0,0.37117523147917764,197.65081076266029,0.9220779220779215,577.5,532.5,45.0,1.0,0.0,0.0,0.3711752314791776,197.65081076266074,0.9220779220779216,577.5,532.5,45.0,1.0,-0.0,-0.0,0.37117523147917786,197.65081076264534,0.9220779220779216,577.5,532.5,45.0,1.0,0.0,-0.0,0.3711752314791706,197.6508107626523,0.9220779220779215,577.5,532.5,45.0,1.0,,,0.101,215.12999999999252,2130.0,2130.0,0.0,66.0299999999977,-0.0,,,276.25,0.0,118.78749996373847,,,,46.15212316,0.0,4.0,1325.6376660983894,0.0,-0.0,0.0,134.6847868755955
78,1,79,0.1016,0.0,0.0,1325.372609144525,,,,0,0.0,1,2406.25,2406.25,0.0,385.0,0.0,,,366.05654622392075,2406.25,2310.0,96.25,2406.25,0.0,79.8875,1.0,-0.0,-0.0,0.15846603732703346,122.01884874379773,0.96,802.0833333333334,770.0,32.083333333333336,1.0,-0.0,-0.0,0.15846603732389447,122.01884873201833,0.96,802.0833333333334,770.0,32.083333333333336,1.0,-0.0,-0.0,0.15846603732820805,122.01884874810469,0.96,802.0833333333334,770.0,32.083333333333336,,,,790.6032430506195,2310.0,2130.0,180.0,2310.0,0.0,1.0,-0.0,-0.0,0.3711752314791776,197.6508107626613,0.9220779220779217,577.5,532.5,45.0,1.0,0.0,0.0,0.3711752314791774,197.65081076266017,0.9220779220779215,577.5,532.5,45.0,1.0,-0.0,-0.0,0.37117523147917963,197.65081076264306,0.9220779220779218,577.5,532.5,45.0,1.0,-0.0,-0.0,0.37117523147917786,197.65081076265503,0.9220779220779214,577.5,532.5,45.0,1.0,,,0.101,215.12999999999153,2130.0,2130.0,0.0,66.02999999999739,-0.0,,,276.25,0.0,118.78749999999503,,,,46.41718013,0.0,4.0,1325.372609144532,0.0,-0.0,0.0,134.65785708908373
79,1,80,0.1016,0.0,0.0,1329.1230806826509,,,,0,0.0,1,2406.25,2406.25,0.0,385.0,0.0,,,366.0565462220968,2406.25,2310.0,96.25,2406.25,0.0,79.8875,1.0,-0.0,-0.0,0.15846603732639458,122.01884874134058,0.96,802.0833333333334,770.0,32.083333333333336,1.0,-0.0,-0.0,0.15846603732389405,122.01884873941535,0.96,802.0833333333334,770.0,32.083333333333336,1.0,-0.0,-0.0,0.15846603732639467,122.01884874134086,0.96,802.0833333333334,770.0,32.083333333333336,,,,790.6032430505704,2310.0,2130.0,180.0,2310.0,0.0,1.0,-0.0,-0.0,0.37117523147917875,197.65081076266242,0.922077922077922,577.5,532.5,45.0,1.0,0.0,0.0,0.37117523147914455,197.65081076261882,0.9220779220779141,577.5,532.5,45.0,1.0,-0.0,-0.0,0.3711752314791787,197.650810762637,0.9220779220779133,577.5,532.5,45.0,1.0,-0.0,-0.0,0.371175231479176,197.65081076265216,0.9220779220779192,577.5,532.5,45.0,1.0,,,0.101,215.13000000000002,2130.0,2130.0,0.0,66.03,-0.0,,,276.25,0.0,118.78750000013625,,,,42.66670859,0.0,4.0,1329.1230806826673,0.0,-0.0,0.0,135.03890499735732
80,1,81,0.1016,0.0,0.0,1326.1194119466386,,,,0,0.0,1,2406.25,2406.25,0.0,385.0,0.0,,,366.0565461960367,2406.25,2310.0,96.25,2406.25,0.0,79.8875,1.0,-0.0,-0.0,0.15846603732389358,122.01884873201205,0.96,802.0833333333334,770.0,32.083333333333336,1.0,-0.0,-0.0,0.15846603732389372,122.01884873201232,0.96,802.0833333333334,770.0,32.083333333333336,1.0,-0.0,-0.0,0.15846603732389358,122.0188487320124,0.96,802.0833333333334,770.0,32.083333333333336,,,,790.6032430506133,2310.0,2130.0,180.0,2310.0,0.0,1.0,-0.0,-0.0,0.3711752314791785,197.6508107626623,0.9220779220779219,577.5,532.5,45.0,1.0,0.0,0.0,0.37117523147917986,197.650810762663,0.922077922077922,577.5,532.5,45.0,1.0,-0.0,-0.0,0.37117523147917986,197.65081076263556,0.9220779220779124,577.5,532.5,45.0,1.0,-0.0,-0.0,0.3711752314791765,197.65081076265244,0.9220779220779212,577.5,532.5,45.0,1.0,,,0.101,215.13000000000002,2130.0,2130.0,0.0,66.03,-0.0,,,276.25,0.0,118.78749993741322,,,,45.6703773,0.0,4.0,1326.1194119466502,0.0,-0.0,0.0,134.73373225377847
81,1,82,0.1016,0.0,0.0,1332.423731250455,,,,0,0.0,1,2406.25,2406.25,0.0,385.0,0.0,,,366.05654622992256,2406.25,2310.0,96.25,2406.25,0.0,79.88750000041324,1.0,-0.0,-0.0,0.1584660373270174,122.01884874366361,0.96,802.0833333333334,770.0,32.083333333333336,1.0,-0.0,-0.0,0.1584660373310405,122.01884874491813,0.96,802.0833333333334,770.0,32.083333333333336,1.0,-0.0,-0.0,0.15846603732639467,122.01884874134086,0.96,802.0833333333334,770.0,32.083333333333336,,,,790.6032430505602,2310.0,2130.0,180.0,2310.0,0.0,1.0,-0.0,-0.0,0.3711752314791785,197.65081076266256,0.9220779220779234,577.5,532.5,45.0,1.0,0.0,0.0,0.37117523147917963,197.6508107626629,0.9220779220779219,577.5,532.5,45.0,1.0,-0.0,-0.0,0.3711752314791427,197.65081076261785,0.9220779220779219,577.5,532.5,45.0,1.0,-0.0,-0.0,0.37117523147914455,197.6508107626169,0.922077922077913,577.5,532.5,45.0,1.0,,,0.101,215.12999999998587,2130.0,2130.0,0.0,66.02999999999565,-0.0,,,276.25,0.0,118.78750000541584,,,,39.36605803,0.0,4.0,1332.4237312504686,0.0,-0.0,0.0,135.37425109504622
82,1,83,0.1016,0.0,0.0,1327.4304503872227,,,,0,0.0,1,2406.25,2406.25,0.0,385.0,0.0,,,366.05654623673576,2406.25,2310.0,96.25,2406.25,0.0,79.88749999717737,1.0,-0.0,-0.0,0.15846603732701176,122.01884874364282,0.96,802.0833333333334,770.0,32.083333333333336,1.0,-0.0,-0.0,0.15846603734716044,122.01884875915742,0.96,802.0833333333334,770.0,32.083333333333336,1.0,-0.0,-0.0,0.15846603732639467,122.0188487339355,0.96,802.0833333333334,770.0,32.083333333333336,,,,790.603243050514,2310.0,2130.0,180.0,2310.0,0.0,1.0,-0.0,-0.0,0.37117523147917897,197.65081076263667,0.9220779220779132,577.5,532.5,45.0,1.0,0.0,0.0,0.37117523147917897,197.65081076264272,0.9220779220779153,577.5,532.5,45.0,1.0,-0.0,-0.0,0.37117523147914233,197.6508107626157,0.9220779220779124,577.5,532.5,45.0,1.0,-0.0,-0.0,0.3711752314791449,197.6508107626189,0.9220779220779209,577.5,532.5,45.0,1.0,,,0.101,215.13000000000002,2130.0,2130.0,0.0,66.03,-0.0,,,276.25,0.0,118.78749998962313,,,,44.3593389,0.0,4.0,1327.43045038725,0.0,-0.0,0.0,134.8669337593418
83,1,84,0.1016,0.0,0.0,1326.9757655669102,,,,0,0.0,1,2406.25,2406.25,0.0,385.0,0.0,,,366.05654622627253,2406.25,2310.0,96.25,2406.25,0.0,79.8875,1.0,-0.0,-0.0,0.15846603732699788,122.01884874359081,0.96,802.0833333333334,770.0,32.083333333333336,1.0,-0.0,-0.0,0.15846603732639467,122.01884874134083,0.96,802.0833333333334,770.0,32.083333333333336,1.0,-0.0,-0.0,0.15846603732639467,122.01884874134086,0.96,802.0833333333334,770.0,32.083333333333336,,,,790.6032430506401,2310.0,2130.0,180.0,2310.0,0.0,1.0,-0.0,-0.0,0.37117523147917786,197.6508107626604,0.9220779220779214,577.5,532.5,45.0,1.0,0.0,0.0,0.3711752314791792,197.65081076266236,0.9220779220779228,577.5,532.5,45.0,1.0,-0.0,-0.0,0.37117523147917897,197.65081076265955,0.9220779220779217,577.5,532.5,45.0,1.0,-0.0,-0.0,0.3711752314791762,197.6508107626579,0.9220779220779208,577.5,532.5,45.0,1.0,,,0.101,215.13000000000002,2130.0,2130.0,0.0,66.03,-0.0,,,276.25,0.0,118.78750000520047,,,,44.81402371,0.0,4.0,1326.975765566913,0.0,-0.0,0.0,134.82073778159807
84,1,85,0.1016,0.0,0.0,1319.667503627572,,,,0,0.0,1,2406.25,2406.25,0.0,385.0,0.0,,,366.05654621693736,2406.25,2310.0,96.25,2406.25,0.0,79.88749999878347,1.0,-0.0,-0.0,0.1584660373270009,122.01884874359277,0.96,802.0833333333334,770.0,32.083333333333336,1.0,-0.0,-0.0,0.15846603732389164,122.01884873200369,0.96,802.0833333333334,770.0,32.083333333333336,1.0,-0.0,-0.0,0.15846603732639467,122.01884874134086,0.96,802.0833333333334,770.0,32.083333333333336,,,,790.603243050637,2310.0,2130.0,180.0,2310.0,0.0,1.0,-0.0,-0.0,0.37117523147917564,197.65081076265866,0.922077922077921,577.5,532.5,45.0,1.0,0.0,0.0,0.37117523147917786,197.65081076266085,0.9220779220779222,577.5,532.5,45.0,1.0,-0.0,-0.0,0.37117523147917564,197.65081076265855,0.9220779220779217,577.5,532.5,45.0,1.0,-0.0,-0.0,0.3711752314791765,197.65081076265892,0.9220779220779212,577.5,532.5,45.0,1.0,,,0.101,215.13000000000002,2130.0,2130.0,0.0,66.03,-0.0,,,276.25,0.0,118.78749998425252,,,,52.12228564,0.0,4.0,1319.6675036275747,0.0,-0.0,0.0,134.0782183685613
85,1,86,0.1016,0.0,0.0,1329.7436836867332,,,,0,0.0,1,2406.25,2406.25,0.0,385.0,0.0,,,366.0565462161621,2406.25,2310.0,96.25,2406.25,0.0,79.8875,1.0,-0.0,-0.0,0.1584660373269978,122.01884874359055,0.96,802.0833333333334,770.0,32.083333333333336,1.0,-0.0,-0.0,0.15846603732867912,122.0188487448852,0.96,802.0833333333334,770.0,32.083333333333336,1.0,-0.0,-0.0,0.15846603731336692,122.01884872768632,0.96,802.0833333333334,770.0,32.083333333333336,,,,790.6032430506448,2310.0,2130.0,180.0,2310.0,0.0,1.0,-0.0,-0.0,0.37117523147917875,197.65081076266193,0.9220779220779217,577.5,532.5,45.0,1.0,0.0,0.0,0.3711752314791772,197.6508107626611,0.9220779220779218,577.5,532.5,45.0,1.0,-0.0,-0.0,0.3711752314791781,197.65081076266188,0.9220779220779228,577.5,532.5,45.0,1.0,-0.0,-0.0,0.37117523147917414,197.65081076265986,0.9220779220779228,577.5,532.5,45.0,1.0,,,0.101,215.13000000000002,2130.0,2130.0,0.0,66.03,-0.0,,,276.25,0.0,118.78749999999799,,,,42.04610558,0.0,4.0,1329.7436836868071,0.0,-0.0,0.0,135.10195826257208
86,1,87,0.1016,0.0,0.0,1325.155776209168,,,,0,0.0,1,2406.25,2406.25,0.0,385.0,0.0,,,366.05654622286204,2406.25,2310.0,96.25,2406.25,0.0,79.88749999881871,1.0,-0.0,-0.0,0.158466037326993,122.01884874358669,0.96,802.0833333333334,770.0,32.083333333333336,1.0,-0.0,-0.0,0.15846603731336523,122.01884873200392,0.96,802.0833333333334,770.0,32.083333333333336,1.0,-0.0,-0.0,0.15846603733880296,122.01884874727142,0.96,802.0833333333334,770.0,32.083333333333336,,,,790.6032430506406,2310.0,2130.0,180.0,2310.0,0.0,1.0,-0.0,-0.0,0.3711752314791745,197.65081076265707,0.9220779220779209,577.5,532.5,45.0,1.0,0.0,0.0,0.3711752314791754,197.65081076265986,0.9220779220779208,577.5,532.5,45.0,1.0,-0.0,-0.0,0.3711752314791777,197.65081076266122,0.9220779220779215,577.5,532.5,45.0,1.0,-0.0,-0.0,0.37117523147917897,197.65081076266247,0.9220779220779205,577.5,532.5,45.0,1.0,,,0.101,215.12999999999795,2130.0,2130.0,0.0,66.02999999999936,-0.0,,,276.25,0.0,118.78749999495265,,,,46.63401306,0.0,4.0,1325.1557762135005,0.0,-0.0,0.0,134.63582686285145
87,1,88,0.1016,0.0,0.0,1323.8421171251077,,,,0,0.0,1,2406.25,2406.25,0.0,385.0,0.0,,,366.05654623446196,2406.25,2310.0,96.25,2406.25,0.0,79.8875,1.0,-0.0,-0.0,0.1584660373269892,122.01884874355838,0.96,802.0833333333334,770.0,32.083333333333336,1.0,-0.0,-0.0,0.15846603733478684,122.0188487495627,0.96,802.0833333333334,770.0,32.083333333333336,1.0,-0.0,-0.0,0.15846603732639467,122.01884874134086,0.96,802.0833333333334,770.0,32.083333333333336,,,,790.6032430506465,2310.0,2130.0,180.0,2310.0,0.0,1.0,-0.0,-0.0,0.37117523147917636,197.6508107626606,0.9220779220779217,577.5,532.5,45.0,1.0,0.0,0.0,0.37117523147917797,197.6508107626615,0.9220779220779217,577.5,532.5,45.0,1.0,-0.0,-0.0,0.37117523147917963,197.65081076266287,0.922077922077923,577.5,532.5,45.0,1.0,-0.0,-0.0,0.37117523147917825,197.65081076266156,0.9220779220779204,577.5,532.5,45.0,1.0,,,0.101,215.13000000000002,2130.0,2130.0,0.0,66.03,-0.0,,,276.25,0.0,118.78750001009492,,,,47.94767216,0.0,4.0,1323.8421171251086,0.0,-0.0,0.0,134.50235909991093
88,1,89,0.1016,0.0,0.0,1313.5694893533782,,,,0,0.0,1,2406.25,2406.25,0.0,385.0,0.0,,,366.05654620758673,2406.25,2310.0,96.25,2406.25,0.0,79.88749999716632,1.0,-0.0,-0.0,0.1584660373269852,122.01884874358136,0.96,802.0833333333334,770.0,32.083333333333336,1.0,-0.0,-0.0,0.15846603732389067,122.01884873200244,0.96,802.0833333333334,770.0,32.083333333333336,1.0,-0.0,-0.0,0.15846603732389108,122.01884873200292,0.96,802.0833333333334,770.0,32.083333333333336,,,,784.792338245803,2310.0,2118.693749999958,191.30624999999816,2310.0,0.0,1.0,-0.0,-0.0,0.3711752314791733,197.65081076265537,0.9220779220779205,577.5,532.5,45.0,1.0,0.0,0.0,0.37117523147917786,197.65081076266145,0.9220779220779217,577.5,532.5,45.0,1.0,-0.0,-0.0,0.37117523147917675,197.65081076265903,0.922077922077921,577.5,532.5,45.0,1.0,-0.0,-0.0,0.36807790952564773,191.8399059578271,0.9025000000000001,577.5,521.1937499999839,56.30624999999816,1.0,,,0.101,213.9880687499958,2118.693749999958,2118.693749999958,0.0,65.6795062499987,-0.0,,,287.55624991468886,0.0,123.64918746331621,,,,51.26746385,0.0,4.0,1313.5694893533855,0.0,-0.0,0.0,133.45866011830321
89,1,90,0.15246,0.0,0.0,650.1573409727421,,,,0,0.0,1,1203.125,1203.125,0.0,192.5,0.0,,,189.89188191741317,1203.125,1155.0,48.12500000000003,1203.1249999999998,0.0,39.94375,1.0,-0.0,-0.0,0.1584660373264531,122.01884874155881,0.96,802.0833333333334,770.0,32.083333333333336,1.0,-0.0,-0.0,0.1762935926651058,67.87303317585437,0.96,401.04166666541784,385.0,16.041666666616727,-0.0,-0.0,1.0,0.271,0.0,0.96,0.0,0.0,0.0,,,,395.3016215253282,1155.0,1065.0,90.0,1155.0,0.0,1.0,-0.0,-0.0,0.3711752314791783,197.65081076266242,0.9220779220779229,577.5,532.5,45.0,1.0,0.0,0.0,0.3711752314791821,197.65081076266577,0.9220779220779226,577.5,532.5,45.0,-0.0,-0.0,1.0,0.19716472159924608,0.0,0.88,0.0,0.0,0.0,-0.0,-0.0,1.0,0.19716472159924608,0.0,0.88,0.0,0.0,0.0,1.0,,,0.101,107.56500000000062,1065.0,1065.0,0.0,33.01500000000019,-0.0,,,138.1249999999965,0.0,59.3937499999985,,,,42.60116247,0.0,2.0,650.157340972742,0.0,0.0,0.0,99.12298820470427
90,1,91,0.15246,0.0,0.0,721.1330694296635,,,,0,0.0,1,1604.1666666666667,1604.1666666666667,0.0,256.6666666666667,0.0,,,244.03769748835967,1604.1666666666667,1540.0,64.16666666666667,1604.1666666666667,0.0,53.25833333409797,1.0,-0.0,-0.0,0.1584660373269808,122.01884874352741,0.96,802.0833333333334,770.0,32.083333333333336,1.0,-0.0,-0.0,0.15846603732867534,122.01884874483225,0.96,802.0833333333334,770.0,32.083333333333336,-0.0,-0.0,-0.0,0.271,0.0,0.96,0.0,0.0,0.0,,,,394.9686546844079,1540.0,1064.380932741655,90.61906725832625,1155.0,385.0,1.0,-0.0,-0.0,0.3709812324059767,197.31784392173213,0.9210059441414208,577.5,531.880932741635,45.61906725832648,1.0,0.0,0.0,0.37117523147919096,197.65081076267577,0.9220779220779248,577.5,532.5,45.0,-0.0,-0.0,-0.0,0.19716472159924608,0.0,0.88,0.0,0.0,0.0,-0.0,-0.0,-0.0,0.19716472159924603,0.0,0.88,0.0,0.0,0.0,1.0,,,0.101,107.50247420690717,1064.380932741655,1064.380932741655,0.0,32.99580891499131,-0.0,,,539.7857339480502,0.0,232.10786559766157,,,,25.37575695,0.0,2.0,721.1330694296748,0.0,0.0,0.0,109.9439477652465
91,1,92,0.15246,0.0,0.0,667.0706065217513,,,,0,0.0,1,1203.125,1203.125,0.0,192.5,0.0,,,189.89188191819505,1203.125,1155.0,48.12499999999839,1203.1249999999586,0.0,39.94375,1.0,-0.0,-0.0,0.15846603732698092,122.01884874352751,0.96,802.0833333333334,770.0,32.083333333333336,1.0,-0.0,-0.0,0.17629359266655237,67.87303317466754,0.96,401.0416666551073,385.0,16.041666666204307,-0.0,-0.0,-0.0,0.271,0.0,0.96,0.0,0.0,0.0,,,,393.7813959798169,1155.0,1062.1466529083104,92.85334709165079,1155.0,0.0,1.0,-0.0,-0.0,0.37030458729454657,196.1305852171428,0.9171370613131496,577.5,529.6466529082913,47.85334709165136,1.0,0.0,0.0,0.37117523147918763,197.65081076267413,0.9220779220779254,577.5,532.5,45.0,-0.0,-0.0,-0.0,0.19716472159924608,0.0,0.88,0.0,0.0,0.0,-0.0,-0.0,-0.0,0.1971647215992469,0.0,0.88,0.0,0.0,0.0,1.0,,,0.101,107.27681194373936,1062.1466529083104,1062.1466529083104,0.0,32.92654624015762,-0.0,,,140.97834709164917,0.0,60.62068924940914,,,,23.87948332,0.0,2.0,667.0706065217514,0.0,0.0,0.0,101.70158467030622
92,1,93,0.15246,0.0,0.0,664.1182038335418,,,,0,0.0,1,1203.125,1203.125,0.0,192.5,0.0,,,189.89188191820097,1203.125,1155.0,48.125000000000725,1203.125000000017,0.0,39.94375,1.0,-0.0,-0.0,0.15846603732698147,122.01884874352987,0.96,802.0833333333334,770.0,32.083333333333336,1.0,-0.0,-0.0,0.17629359266654598,67.8730331746711,0.96,401.041666655153,385.0,16.041666666206133,0.0,0.0,-0.0,0.271,0.0,0.96,0.0,0.0,0.0,,,,395.30162152533927,1155.0,1065.0,90.0,1155.0,0.0,1.0,-0.0,-0.0,0.37117523147918496,197.65081076267043,0.9220779220779236,577.5,532.5,45.0,1.0,0.0,0.0,0.3711752314791839,197.65081076266884,0.9220779220779223,577.5,532.5,45.0,-0.0,-0.0,-0.0,0.19716472159924608,0.0,0.88,0.0,0.0,0.0,-0.0,-0.0,-0.0,0.19716472159924608,0.0,0.88,0.0,0.0,0.0,1.0,,,0.101,107.56500000000001,1065.0,1065.0,0.0,33.015,-0.0,,,138.12499999999585,0.0,59.393749999998214,,,,28.64029961,0.0,2.0,664.1182038335403,0.0,0.0,0.0,101.25146135646179
93,1,94,0.15246,0.0,0.0,666.9900180264683,,,,0,0.0,1,1203.125,1203.125,0.0,192.5,0.0,,,189.8918819182016,1203.125,1155.0,48.125000000000725,1203.125000000017,0.0,39.94375,1.0,-0.0,-0.0,0.15846603732698156,122.01884874352993,0.96,802.0833333333334,770.0,32.083333333333336,1.0,-0.0,-0.0,0.17629359266654596,67.87303317467168,0.96,401.041666655153,385.0,16.041666666206133,0.0,-0.0,-0.0,0.271,0.0,0.96,0.0,0.0,0.0,,,,394.92296066881636,1155.0,1064.2957224698052,90.70427753020238,1155.0,0.0,1.0,-0.0,-0.0,0.37095475117769433,197.27214990614854,0.9208583938870949,577.5,531.7957224698046,45.704277530203285,1.0,0.0,0.0,0.37117523147918186,197.65081076266785,0.9220779220779248,577.5,532.5,45.0,-0.0,-0.0,-0.0,0.19716472159924608,0.0,0.88,0.0,0.0,0.0,-0.0,-0.0,-0.0,0.19716472159924608,0.0,0.88,0.0,0.0,0.0,1.0,,,0.101,107.49386796945033,1064.2957224698052,1064.2957224698052,0.0,32.99316739656396,-0.0,,,138.82927753020311,0.0,59.69658933798734,,,,25.31869253,0.0,2.0,666.9900180264682,0.0,0.0,0.0,101.68929814831536
94,1,95,0.1016,0.0,0.0,1327.297340785532,,,,0,0.0,1,2386.025776183633,2386.025776183633,0.0,381.7641241893813,0.0,,,362.2730731470546,2386.025776183633,2290.5847451362874,95.4410310473454,2386.025776183633,0.0,79.21605576929662,1.0,-0.0,-0.0,0.1584660373269822,122.01884874353235,0.96,802.0833333333334,770.0,32.083333333333336,1.0,-0.0,-0.0,0.15846603732868547,122.01884874484395,0.96,802.0833333333334,770.0,32.083333333333336,1.0,1.0,-0.0,0.15752435208458843,118.23537565867831,0.96,781.859109493879,750.5847451141238,31.274364379755188,,,,778.2776196684451,2290.5847451362874,2110.3545049508143,180.23024016327315,2290.5847451140908,0.0,1.0,-0.0,-0.0,0.37117523147917875,197.65081076266193,0.9220779220779217,577.5,532.5,45.0,1.0,0.0,0.0,0.371175231479176,197.65081076265878,0.9220779220779194,577.5,532.5,45.0,1.0,1.0,-0.0,0.3711752314791788,197.65081076266267,0.9220779220779218,577.5,532.5,45.0,1.0,1.0,-0.0,0.36136016275850236,185.3251873804618,0.9189545305453122,558.0847451140984,512.8545049508265,45.2302401632719,1.0,,,0.101,213.14580500003225,2110.3545049508143,2110.3545049508143,0.0,65.42098965347525,-0.0,,,275.67127123281523,0.0,118.53864663011055,,,,26.39915703,0.0,4.0,1327.297340785532,0.0,-0.0,0.0,134.85340982381004
95,1,96,0.1016,0.0,0.0,1324.698284616892,,,,0,0.0,1,2386.0257762503716,2386.0257762503716,0.0,381.7641242000594,0.0,,,362.2730731585377,2386.0257762503716,2290.58474520036,95.4410310500151,2386.025776250375,0.0,79.21605577151233,1.0,-0.0,-0.0,0.15846603732869716,122.018848749929,0.96,802.0833333333334,770.0,32.083333333333336,1.0,-0.0,-0.0,0.1584660373286975,122.01884874993044,0.96,802.0833333333334,770.0,32.083333333333336,1.0,-0.0,-0.0,0.1575243520845884,118.23537565867828,0.96,781.859109493879,750.5847451141238,31.274364379755188,,,,778.3975897218277,2290.58474520036,2110.584745114123,180.0,2290.5847451141103,0.0,1.0,-0.0,-0.0,0.3711752314791792,197.65081076266216,0.9220779220779218,577.5,532.5,45.0,1.0,0.0,0.0,0.37117523147917897,197.65081076266304,0.922077922077923,577.5,532.5,45.0,1.0,-0.0,-0.0,0.3711752314791802,197.65081076266392,0.9220779220779219,577.5,532.5,45.0,1.0,-0.0,-0.0,0.36143182817215563,185.44515743383846,0.9193670846695561,558.0847451141118,513.0847451141133,45.0,1.0,,,0.101,213.16905925652645,2110.584745114123,2110.584745114123,0.0,65.42812709853781,-0.0,,,275.4410311362619,0.0,118.43964338859263,,,,29.14143752,0.0,4.0,1324.698284616892,0.0,-0.0,0.0,134.5893457170762
96,1,97,0.1016,0.0,0.0,1322.1243218770217,,,,0,0.0,1,2386.025776250382,2386.025776250382,0.0,381.76412420006113,0.0,,,362.27307315853574,2386.025776250382,2290.5847452003673,95.44103105001537,2386.0257762503825,0.0,79.21605577151269,1.0,-0.0,-0.0,0.15846603732869746,122.01884874993014,0.96,802.0833333333334,770.0,32.083333333333336,1.0,-0.0,-0.0,0.15846603732869333,122.01884874992705,0.96,802.0833333333334,770.0,32.083333333333336,1.0,-0.0,-0.0,0.1575243520845884,118.23537565867856,0.96,781.8591094938809,750.5847451141256,31.274364379755262,,,,778.2776196684524,2290.5847452003673,2110.354504950826,180.2302401632743,2290.5847451141044,0.0,1.0,-0.0,-0.0,0.371175231479171,197.65081076265466,0.9220779220779212,577.5,532.5,45.0,1.0,0.0,0.0,0.3711752314791743,197.65081076265685,0.9220779220779197,577.5,532.5,45.0,1.0,-0.0,-0.0,0.37117523147917963,197.65081076266313,0.922077922077922,577.5,532.5,45.0,1.0,-0.0,-0.0,0.361360162758517,185.3251873804778,0.9189545305453122,558.0847451141238,512.8545049508499,45.23024016327395,1.0,,,0.101,213.14580500003345,2110.354504950826,2110.354504950826,0.0,65.42098965347562,-0.0,,,275.6712712995525,0.0,118.53864665880756,,,,31.572175949999995,0.0,4.0,1322.1243218770217,0.0,-0.0,0.0,134.3278311027054
97,1,98,0.1016,0.0,0.0,1327.9783817245338,,,,0,0.0,1,2386.0257762503716,2386.0257762503716,0.0,381.7641242000594,0.0,,,362.27307315853756,2386.0257762503716,2290.58474520036,95.44103105001507,2386.025776250375,0.0,79.21605577151233,1.0,-0.0,-0.0,0.15846603732869732,122.0188487499295,0.96,802.0833333333334,770.0,32.083333333333336,1.0,-0.0,-0.0,0.15846603732869727,122.01884874992979,0.96,802.0833333333334,770.0,32.083333333333336,1.0,-0.0,-0.0,0.1575243520845884,118.23537565867828,0.96,781.859109493879,750.5847451141238,31.274364379755188,,,,778.3978866014625,2290.58474520036,2110.584745193404,180.0,2290.5847452003654,0.0,1.0,-0.0,-0.0,0.37117523147917186,197.65081076265437,0.92207792207792,577.5,532.5,45.0,1.0,0.0,0.0,0.3711752314791771,197.65081076266125,0.9220779220779199,577.5,532.5,45.0,1.0,-0.0,-0.0,0.371175231479179,197.6508107626628,0.9220779220779219,577.5,532.5,45.0,1.0,-0.0,-0.0,0.36143240673346566,185.4454543134841,0.9193670846695611,558.0847452003692,513.0847451934183,45.0,1.0,,,0.101,213.16905926453384,2110.584745193404,2110.584745193404,0.0,65.42812710099552,-0.0,,,275.44103105697087,0.0,118.43964335449748,,,,25.8616373,0.0,4.0,1327.9783817245338,0.0,-0.0,0.0,134.92260358321263
98,1,99,0.1016,0.0,0.0,1325.9689568974852,,,,0,0.0,1,2386.0257761605717,2386.0257761605717,0.0,381.76412418569146,0.0,,,362.273073151663,2386.0257761605717,2290.584745136344,95.44103104734774,2386.0257761836915,0.0,79.21605576853098,1.0,-0.0,-0.0,0.1584660373269833,122.01884874353748,0.96,802.0833333333334,770.0,32.083333333333336,1.0,-0.0,-0.0,0.15846603733465778,122.01884874944693,0.96,802.0833333333334,770.0,32.083333333333336,1.0,-0.0,-0.0,0.1575243520845884,118.2353756586786,0.96,781.8591094938811,750.5847451141258,31.27436437975527,,,,778.3978865728216,2290.584745136344,2110.5847451141626,180.0,2290.5847451141553,0.0,1.0,-0.0,-0.0,0.3711752314791723,197.65081076265423,0.9220779220779202,577.5,532.5,45.0,1.0,0.0,0.0,0.37117523147917875,197.65081076266284,0.9220779220779234,577.5,532.5,45.0,1.0,-0.0,-0.0,0.3711752314791792,197.65081076266284,0.9220779220779218,577.5,532.5,45.0,1.0,-0.0,-0.0,0.3614324067334673,185.44545428484165,0.919367084669561,558.0847451141692,513.0847451141688,45.0,1.0,,,0.101,213.16905925653043,2110.5847451141626,2110.5847451141626,0.0,65.42812709853904,-0.0,,,275.441031069536,0.0,118.43964335990047,,,,27.87106208,0.0,4.0,1325.968956901015,0.0,-0.0,0.0,134.71844602078448
99,1,100,0.1016,0.0,0.0,1324.9050048314834,,,,0,0.0,1,2386.0257762171095,2386.0257762171095,0.0,381.7641241947375,0.0,,,362.27307315216353,2386.0257762171095,2290.5847451684285,95.4410310486846,2386.025776217113,0.0,79.21605577040803,1.0,-0.0,-0.0,0.15846603732698353,122.01884874353729,0.96,802.0833333333334,770.0,32.083333333333336,1.0,-0.0,-0.0,0.1584660373287046,122.01884874994798,0.96,802.0833333333334,770.0,32.083333333333336,1.0,-0.0,-0.0,0.1575243520845884,118.23537565867828,0.96,781.859109493879,750.5847451141238,31.274364379755188,,,,778.277619660058,2290.5847451684285,2110.3545049508534,180.23024016328077,2290.584745114141,0.0,1.0,-0.0,-0.0,0.37117523146337184,197.65081075424055,0.9220779219912398,577.5,532.5,45.0,1.0,0.0,0.0,0.37117523147917286,197.6508107626543,0.92207792207792,577.5,532.5,45.0,1.0,-0.0,-0.0,0.37117523147917897,197.65081076266273,0.9220779220779218,577.5,532.5,45.0,1.0,-0.0,-0.0,0.36136016275853455,185.32518738050044,0.9189545305453051,558.0847451141692,512.8545049508876,45.230240163281564,1.0,,,0.101,213.1458050000362,2110.3545049508534,2110.3545049508534,0.0,65.42098965347645,-0.0,,,275.6712712662531,0.0,118.53864664448882,,,,28.79149278,0.0,4.0,1324.9050050322578,0.0,-0.0,0.0,134.61034849087872
100,1,101,0.1016,0.0,0.0,1319.225898696501,,,,0,0.0,1,2386.0257761942084,2386.0257761942084,0.0,381.76412419107334,0.0,,,362.27307314798213,2386.0257761942084,2290.58474514644,95.4410310477684,2386.0257761942084,0.0,79.21605576964772,1.0,-0.0,-0.0,0.15846603732698367,122.01884874353759,0.96,802.0833333333334,770.0,32.083333333333336,1.0,-0.0,-0.0,0.15846603732871245,122.018848749986,0.96,802.0833333333334,770.0,32.083333333333336,1.0,-0.0,-0.0,0.15752435208362378,118.23537565445855,0.96,781.8591094707629,750.5847450919323,31.27436437883054,,,,778.2776196684808,2290.58474514644,2110.354504950871,180.2302401632769,2290.5847451141517,0.0,1.0,-0.0,-0.0,0.37117523147917875,197.65081076266193,0.9220779220779224,577.5,532.5,45.0,1.0,0.0,0.0,0.3711752314791722,197.65081076265392,0.92207792207792,577.5,532.5,45.0,1.0,-0.0,-0.0,0.37117523147917875,197.6508107626626,0.9220779220779226,577.5,532.5,45.0,1.0,-0.0,-0.0,0.3613601627585355,185.32518738050234,0.9189545305453122,558.0847451141692,512.8545049508916,45.230240163277585,1.0,,,0.101,213.145805000038,2110.354504950871,2110.354504950871,0.0,65.42098965347701,-0.0,,,275.67127124333376,0.0,118.53864663463352,,,,34.47059912,0.0,4.0,1319.225898696501,0.0,-0.0,0.0,134.0333513075645
101,1,102,0.1016,0.0,0.0,1309.353099487997,,,,0,0.0,1,2386.025776250955,2386.025776250955,0.0,381.7641242001528,0.0,,,362.27307315865033,2386.025776250955,2290.5847452009243,95.4410310500386,2386.0257762509627,0.0,79.21605577153171,1.0,-0.0,-0.0,0.15846603732871237,122.01884874998572,0.96,802.0833333333334,770.0,32.083333333333336,1.0,-0.0,-0.0,0.15846603732871245,122.018848749986,0.96,802.0833333333334,770.0,32.083333333333336,1.0,-0.0,-0.0,0.1575243520845884,118.2353756586786,0.96,781.8591094938811,750.5847451141258,31.27436437975527,,,,778.3978865728176,2290.5847452009243,2110.58474511415,180.0,2290.584745114149,0.0,1.0,-0.0,-0.0,0.3711752314791745,197.65081076265818,0.9220779220779207,577.5,532.5,45.0,1.0,0.0,0.0,0.371175231479172,197.6508107626539,0.9220779220779206,577.5,532.5,45.0,1.0,-0.0,-0.0,0.37117523147917986,197.65081076266344,0.922077922077923,577.5,532.5,45.0,1.0,-0.0,-0.0,0.36143240673346777,185.44545428484204,0.9193670846695617,558.0847451141692,513.0847451141692,45.0,1.0,,,0.101,213.16905925652915,2110.58474511415,2110.58474511415,0.0,65.42812709853865,-0.0,,,275.4410311368138,0.0,118.43964338882994,,,,44.4869195,0.0,4.0,1309.353099487997,0.0,-0.0,0.0,133.0302749079805
102,1,103,0.1016,0.0,0.0,1309.8141881798488,,,,0,0.0,1,2386.0257761605703,2386.0257761605703,0.0,381.76412418569123,0.0,,,362.2730731413322,2386.0257761605703,2290.584745114147,95.44103104642289,2386.02577616057,0.0,79.21605576853094,1.0,-0.0,-0.0,0.15846603732407724,122.01884873269714,0.96,802.0833333333334,770.0,32.083333333333336,1.0,-0.0,-0.0,0.15846603732871528,122.0188487499568,0.96,802.0833333333334,770.0,32.083333333333336,1.0,-0.0,-0.0,0.1575243520845884,118.23537565867828,0.96,781.859109493879,750.5847451141238,31.274364379755188,,,,778.2776196684781,2290.584745114147,2110.3545049508753,180.23024016327884,2290.584745114149,0.0,1.0,-0.0,-0.0,0.37117523147917786,197.65081076266011,0.9220779220779215,577.5,532.5,45.0,1.0,0.0,0.0,0.37117523147917164,197.6508107626539,0.9220779220779212,577.5,532.5,45.0,1.0,-0.0,-0.0,0.37117523147917897,197.65081076266264,0.9220779220779215,577.5,532.5,45.0,1.0,-0.0,-0.0,0.361360162758535,185.32518738050152,0.9189545305453095,558.0847451141692,512.85450495089,45.23024016327918,1.0,,,0.101,213.14580500003842,2110.3545049508753,2110.3545049508753,0.0,65.42098965347714,-0.0,,,275.6712712096999,0.0,118.53864662017097,,,,43.88230963,0.0,4.0,1309.8141881798485,0.0,-0.0,0.0,133.07712151907262
103,1,104,0.1016,0.0,0.0,1308.6609785736348,,,,0,0.0,1,2386.0257762171213,2386.0257762171213,0.0,381.7641241947394,0.0,,,362.27307315217786,2386.0257762171213,2290.58474516844,95.44103104868509,2386.025776217125,0.0,79.21605577040843,1.0,-0.0,-0.0,0.15846603732698433,122.01884874353871,0.96,802.0833333333334,770.0,32.083333333333336,1.0,-0.0,-0.0,0.15846603732872,122.0188487499606,0.96,802.0833333333334,770.0,32.083333333333336,1.0,-0.0,-0.0,0.1575243520845884,118.23537565867856,0.96,781.8591094938809,750.5847451141256,31.274364379755262,,,,778.3975897398864,2290.58474516844,2110.5847451640675,180.0,2290.584745114149,0.0,1.0,-0.0,-0.0,0.3711752314791772,197.65081076265977,0.9220779220779214,577.5,532.5,45.0,1.0,0.0,0.0,0.3711752314791732,197.65081076265463,0.9220779220779212,577.5,532.5,45.0,1.0,-0.0,-0.0,0.3711752314791774,197.65081076266176,0.9220779220779213,577.5,532.5,45.0,1.0,-0.0,-0.0,0.3614318281721738,185.44515745191012,0.9193670846695617,558.0847451141692,513.0847451640877,45.0,1.0,,,0.101,213.16905926157082,2110.5847451640675,2110.5847451640675,0.0,65.42812710008609,-0.0,,,275.4410310530435,0.0,118.4396433528087,,,,45.17874358,0.0,4.0,1308.660978573635,0.0,-0.0,0.0,132.95995542308128
104,1,105,0.1016,0.0,0.0,1308.2567985914188,,,,0,0.0,1,2386.0257762505485,2386.0257762505485,0.0,381.76412420008774,0.0,,,362.27307315726665,2386.0257762505485,2290.584745200532,95.44103105002225,2386.025776250554,0.0,79.21605577151821,1.0,-0.0,-0.0,0.15846603732698467,122.01884874862452,0.96,802.0833333333334,770.0,32.083333333333336,1.0,-0.0,-0.0,0.15846603732872397,122.01884874996384,0.96,802.0833333333334,770.0,32.083333333333336,1.0,-0.0,-0.0,0.1575243520845884,118.23537565867828,0.96,781.859109493879,750.5847451141238,31.274364379755188,,,,778.3975815976223,2290.584745200532,2110.5847451141576,180.0,2290.5847451141635,0.0,1.0,-0.0,-0.0,0.3711752314791774,197.65081076265992,0.9220779220779214,577.5,532.5,45.0,1.0,0.0,0.0,0.37117465875579303,197.65050578745823,0.9220779220779213,577.5,532.5,45.0,1.0,-0.0,-0.0,0.3711752314791792,197.6508107626622,0.9220779220779218,577.5,532.5,45.0,1.0,-0.0,-0.0,0.36143240673346755,185.4454542848419,0.9193670846695616,558.0847451141692,513.0847451141691,45.0,1.0,,,0.101,213.16905925652992,2110.5847451141576,2110.5847451141576,0.0,65.42812709853888,-0.0,,,275.44103113639073,0.0,118.43964338864801,,,,45.58291542,0.0,4.0,1308.2567985914188,0.0,-0.0,0.0,132.91889073688816
105,1,106,0.1016,0.0,0.0,1307.2338533866964,,,,0,0.0,1,2386.0257761605867,2386.0257761605867,0.0,381.7641241856939,0.0,,,362.273073151709,2386.0257761605867,2290.5847451364534,95.44103104735231,2386.0257761838056,0.0,79.21605576853148,1.0,-0.0,-0.0,0.15846603732698641,122.01884874354806,0.96,802.0833333333334,770.0,32.083333333333336,1.0,-0.0,-0.0,0.15846603733469186,122.0188487494815,0.96,802.0833333333334,770.0,32.083333333333336,1.0,-0.0,-0.0,0.1575243520845884,118.23537565867947,0.96,781.8591094938869,750.5847451141314,31.274364379755504,,,,778.2776196684948,2290.5847451364534,2110.3545049509025,180.23024016327656,2290.584745114175,0.0,1.0,-0.0,-0.0,0.3711752314791763,197.65081076265926,0.9220779220779213,577.5,532.5,45.0,1.0,0.0,0.0,0.3711752314791721,197.65081076265406,0.9220779220779213,577.5,532.5,45.0,1.0,-0.0,-0.0,0.3711752314791916,197.65081076267938,0.9220779220779266,577.5,532.5,45.0,1.0,-0.0,-0.0,0.3613601627585353,185.32518738050214,0.9189545305453121,558.0847451141691,512.8545049508914,45.2302401632777,1.0,,,0.101,213.14580500004118,2110.3545049509025,2110.3545049509025,0.0,65.42098965347797,-0.0,,,275.67127123290743,0.0,118.5386466301502,,,,46.46264443,0.0,4.0,1307.2338533902453,0.0,-0.0,0.0,132.81495950408836
106,1,107,0.1016,0.0,0.0,1305.0434993516665,,,,0,0.0,1,2386.0257761605985,2386.0257761605985,0.0,381.7641241856958,0.0,,,362.2730731523135,2386.0257761605985,2290.5847451691907,95.44103104871637,2386.025776217907,0.0,79.21605576853187,1.0,-0.0,-0.0,0.15846603732698636,122.01884874354784,0.96,802.0833333333334,770.0,32.083333333333336,1.0,-0.0,-0.0,0.15846603732873923,122.01884875008624,0.96,802.0833333333334,770.0,32.083333333333336,1.0,-0.0,-0.0,0.1575243520845887,118.23537565867937,0.96,781.8591094938847,750.5847451141293,31.274364379755415,,,,778.3978865728304,2290.5847451691907,2110.5847451141767,180.0,2290.5847451141826,0.0,1.0,-0.0,-0.0,0.37117523147917675,197.6508107626598,0.9220779220779215,577.5,532.5,45.0,1.0,0.0,0.0,0.3711752314791763,197.65081076265957,0.9220779220779215,577.5,532.5,45.0,1.0,-0.0,-0.0,0.3711752314791761,197.65081076266904,0.922077922077921,577.5,532.5,45.0,1.0,-0.0,-0.0,0.36143240673346777,185.44545428484204,0.919367084669562,558.0847451141691,513.0847451141692,45.0,1.0,,,0.101,213.16905925653185,2110.5847451141767,2110.5847451141767,0.0,65.42812709853948,-0.0,,,275.4410311037267,0.0,118.43964337460247,,,,48.79651963,0.0,4.0,1305.0434993516758,0.0,-0.0,0.0,132.5924195341293
107,1,108,0.1016,0.0,0.0,1304.2968034904018,,,,0,0.0,1,2386.0257761606226,2386.0257761606226,0.0,381.7641241856996,0.0,,,362.2730731418563,2386.0257761606226,2290.5847451141976,95.44103104642498,2386.0257761606226,0.0,79.21605576853267,1.0,-0.0,-0.0,0.15846603732698603,122.01884874354735,0.96,802.0833333333334,770.0,32.083333333333336,1.0,-0.0,-0.0,0.15846603732873923,122.0188487500859,0.96,802.0833333333334,770.0,32.083333333333336,1.0,-0.0,-0.0,0.1575243520821984,118.23537564822304,0.96,781.8591094366038,750.5847450591397,31.27436437746418,,,,778.2776196685036,2290.5847451141976,2110.354504950911,180.23024016328168,2290.584745114203,0.0,1.0,-0.0,-0.0,0.37117523147917586,197.65081076265923,0.922077922077921,577.5,532.5,45.0,1.0,0.0,0.0,0.37117523147918685,197.65081076267344,0.922077922077921,577.5,532.5,45.0,1.0,-0.0,-0.0,0.37117523147917564,197.65081076266748,0.9220779220779209,577.5,532.5,45.0,1.0,-0.0,-0.0,0.3613601627585372,185.3251873805034,0.9189545305453133,558.0847451141691,512.8545049508921,45.23024016327702,1.0,,,0.101,213.14580500004203,2110.354504950911,2110.354504950911,0.0,65.42098965347824,-0.0,,,275.6712712097012,0.0,118.53864662017152,,,,49.39969432,0.0,4.0,1304.2968034904018,0.0,-0.0,0.0,132.5165552346248
108,1,109,0.1016,0.0,0.0,1311.8718061242994,,,,0,0.0,1,2386.025776183783,2386.025776183783,0.0,381.76412418940527,0.0,,,362.273073145773,2386.025776183783,2290.5847451364375,95.44103104735166,2386.0257761837893,0.0,79.21605576930159,1.0,-0.0,-0.0,0.15846603732698622,122.01884874354732,0.96,802.0833333333334,770.0,32.083333333333336,1.0,-0.0,-0.0,0.15846603732698625,122.01884874354744,0.96,802.0833333333334,770.0,32.083333333333336,1.0,-0.0,-0.0,0.1575243520845884,118.23537565867828,0.96,781.859109493879,750.5847451141238,31.274364379755188,,,,778.2776196684985,2290.5847451364375,2110.3545049508944,180.2302401632793,2290.58474511418,0.0,1.0,-0.0,-0.0,0.3711752314791754,197.65081076265898,0.9220779220779208,577.5,532.5,45.0,1.0,0.0,0.0,0.37117523147917897,197.6508107626623,0.9220779220779224,577.5,532.5,45.0,1.0,-0.0,-0.0,0.3711752314791873,197.65081076267302,0.9220779220779208,577.5,532.5,45.0,1.0,-0.0,-0.0,0.36136016275853877,185.32518738050416,0.9189545305453128,558.0847451141692,512.854504950892,45.230240163277244,1.0,,,0.101,213.14580500004035,2110.3545049508944,2110.3545049508944,0.0,65.42098965347772,-0.0,,,275.67127123288856,0.0,118.53864663014208,,,,41.82469169,0.0,4.0,1311.871806124312,0.0,-0.0,0.0,133.28617550222882
109,1,110,0.1016,0.0,0.0,1307.5765473816484,,,,0,0.0,1,2386.025776217893,2386.025776217893,0.0,381.7641241948629,0.0,,,362.2730731523142,2386.025776217893,2290.5847451691816,95.44103104871598,2386.0257762178976,0.0,79.21605577043405,1.0,-0.0,-0.0,0.1584660373269866,122.018848743548,0.96,802.0833333333334,770.0,32.083333333333336,1.0,-0.0,-0.0,0.1584660373287422,122.01884875008797,0.96,802.0833333333334,770.0,32.083333333333336,1.0,-0.0,-0.0,0.1575243520845884,118.23537565867828,0.96,781.859109493879,750.5847451141238,31.274364379755188,,,,778.3978865728325,2290.5847451691816,2110.584745114173,180.0,2290.584745114167,0.0,1.0,-0.0,-0.0,0.3711752314791794,197.6508107626628,0.9220779220779219,577.5,532.5,45.0,1.0,0.0,0.0,0.3711752314791789,197.65081076266253,0.9220779220779219,577.5,532.5,45.0,1.0,-0.0,-0.0,0.37117523147918424,197.65081076266566,0.922077922077923,577.5,532.5,45.0,1.0,-0.0,-0.0,0.36143240673346644,185.44545428484147,0.9193670846695624,558.0847451141692,513.0847451141696,45.0,1.0,,,0.101,213.16905925653148,2110.584745114173,2110.584745114173,0.0,65.42812709853936,-0.0,,,275.44103110372953,0.0,118.43964337460369,,,,46.2634716,0.0,4.0,1307.5765473816782,0.0,-0.0,0.0,132.84977721397547
110,1,111,0.1016,0.0,0.0,1305.362882410777,,,,0,0.0,1,2386.025776217901,2386.025776217901,0.0,381.7641241948641,0.0,,,362.2730731523177,2386.025776217901,2290.5847451691875,95.44103104871621,2386.0257762179035,0.0,79.21605577043431,1.0,-0.0,-0.0,0.15846603732698694,122.0188487435486,0.96,802.0833333333334,770.0,32.083333333333336,1.0,-0.0,-0.0,0.1584660373287452,122.01884875009065,0.96,802.0833333333334,770.0,32.083333333333336,1.0,-0.0,-0.0,0.1575243520845884,118.23537565867846,0.96,781.8591094938802,750.584745114125,31.274364379755234,,,,778.2776196684852,2290.5847451691875,2110.3545049508875,180.23024016327645,2290.584745114159,0.0,1.0,-0.0,-0.0,0.3711752314791747,197.65081076265707,0.9220779220779205,577.5,532.5,45.0,1.0,0.0,0.0,0.3711752314791794,197.6508107626628,0.9220779220779219,577.5,532.5,45.0,1.0,-0.0,-0.0,0.3711752314791784,197.65081076266273,0.9220779220779205,577.5,532.5,45.0,1.0,-0.0,-0.0,0.3613601627585353,185.32518738050243,0.9189545305453133,558.0847451141692,512.8545049508922,45.23024016327702,1.0,,,0.101,213.14580500003964,2110.3545049508875,2110.3545049508875,0.0,65.42098965347752,-0.0,,,275.6712712670212,0.0,118.53864664481912,,,,48.33361541,0.0,4.0,1305.3628824108425,0.0,-0.0,0.0,132.62486885293495
111,1,112,0.1016,0.0,0.0,1302.1393225209472,,,,0,0.0,1,2386.0257761606154,2386.0257761606154,0.0,381.76412418569845,0.0,,,362.27307315170316,2386.0257761606154,2290.5847451364525,95.44103104735228,2386.0257761838047,0.0,79.21605576853243,1.0,-0.0,-0.0,0.15846603732698733,122.01884874354909,0.96,802.0833333333334,770.0,32.083333333333336,1.0,-0.0,-0.0,0.15846603733468353,122.01884874947531,0.96,802.0833333333334,770.0,32.083333333333336,1.0,-0.0,-0.0,0.1575243520845884,118.23537565867879,0.96,781.8591094938823,750.584745114127,31.274364379755323,,,,778.2776196881241,2290.5847451364525,2110.354504973178,180.23024014275768,2290.5847451364607,0.0,1.0,-0.0,-0.0,0.3711752314791829,197.65081077028577,0.9220779220779205,577.5,532.5,45.0,1.0,0.0,0.0,0.3711752314862098,197.6508107746724,0.9220779221164643,577.5,532.5,45.0,1.0,-0.0,-0.0,0.3711752314791732,197.65081076266344,0.9220779220779204,577.5,532.5,45.0,1.0,-0.0,-0.0,0.36136016275853533,185.3251873805025,0.9189545305453133,558.0847451141693,512.8545049508923,45.23024016327702,1.0,,,0.101,213.14580500229098,2110.354504973178,2110.354504973178,0.0,65.42098965416851,-0.0,,,275.6712711901018,0.0,118.53864661174376,,,,51.55717531,0.0,4.0,1302.139322532118,0.0,-0.0,0.0,132.29735516812823
112,1,113,0.1016,0.0,0.0,1298.2920601773856,,,,0,0.0,1,2386.0257761838493,2386.0257761838493,0.0,381.7641241894159,0.0,,,362.27307314578536,2386.0257761838493,2290.5847451365,95.44103104735424,2386.025776183854,0.0,79.2160557693038,1.0,-0.0,-0.0,0.15846603732698775,122.01884874355343,0.96,802.0833333333334,770.0,32.083333333333336,1.0,-0.0,-0.0,0.1584660373269879,122.01884874355368,0.96,802.0833333333334,770.0,32.083333333333336,1.0,-0.0,-0.0,0.1575243520845884,118.23537565867828,0.96,781.859109493879,750.5847451141238,31.274364379755188,,,,778.3978865728313,2290.5847451365,2110.5847451365057,180.0,2290.584745136503,0.0,1.0,-0.0,-0.0,0.37117523147917786,197.65081076266188,0.9220779220779216,577.5,532.5,45.0,1.0,0.0,0.0,0.3711752314791781,197.65081076266284,0.9220779220779228,577.5,532.5,45.0,1.0,-0.0,-0.0,0.37117523147917875,197.6508107626623,0.9220779220779203,577.5,532.5,45.0,1.0,-0.0,-0.0,0.36143240671773946,185.4454542848443,0.9193670846727897,558.0847451365024,513.0847451365031,45.0,1.0,,,0.101,213.1690592587871,2110.5847451365057,2110.5847451365057,0.0,65.42812709923167,-0.0,,,275.4410310473513,0.0,118.43964335036107,,,,55.5479588,0.0,4.0,1298.2920601774038,0.0,-0.0,0.0,131.90647331402238
113,1,114,0.15246,0.0,0.0,664.9908189470965,,,,0,0.0,1,1389.1213388776443,1389.1213388776443,0.0,222.25941422042308,0.0,,,211.32341178176483,1389.1213388776443,1333.5564853225414,55.564853555105934,1389.1213388776473,0.0,46.118828450737794,1.0,-0.0,-0.0,0.15846603732698802,122.01884874355834,0.96,802.0833333333334,770.0,32.083333333333336,1.0,-0.0,-0.0,0.15846603732875555,89.30456303820651,0.96,587.0380055326292,563.556485311324,23.48152022130519,-0.0,-0.0,1.0,0.271,0.0,0.96,0.0,0.0,0.0,,,,395.3016215253309,1333.5564853225414,1065.0,90.0,1155.0,178.5564853225378,1.0,-0.0,-0.0,0.37117523147918186,197.65081076266563,0.9220779220779225,577.5,532.5,45.0,1.0,0.0,0.0,0.3711752314791812,197.6508107626653,0.9220779220779225,577.5,532.5,45.0,-0.0,-0.0,1.0,0.19716472159924608,0.0,0.88,0.0,0.0,0.0,-0.0,-0.0,1.0,0.19716472159924614,0.0,0.88,0.0,0.0,0.0,1.0,,,0.101,107.56500000000001,1065.0,1065.0,0.0,33.015,-0.0,,,324.1213388776438,0.0,139.37217571738682,,,,49.19921436,0.0,2.0,664.9908189470957,0.0,0.0,0.0,101.38450025667434
114,1,115,0.15246,0.0,0.0,667.0588749610864,,,,0,0.0,1,1203.125,1203.125,0.0,192.5,0.0,,,189.89188191819886,1203.125,1155.0,48.124999999996106,1203.1249999999015,0.0,39.94375,1.0,-0.0,-0.0,0.1584660373269883,122.01884874355807,0.96,802.0833333333334,770.0,32.083333333333336,1.0,-0.0,-0.0,0.17629359266658334,67.8730331746408,0.96,401.0416666548867,385.0,16.041666666195482,-0.0,-0.0,-0.0,0.271,0.0,0.96,0.0,0.0,0.0,,,,393.5481294949486,1155.0,1061.7183698805839,93.28163011936897,1155.0,0.0,1.0,-0.0,-0.0,0.37038772946531445,196.27878372553366,0.9176240321634954,577.5,529.9278785743751,47.572121425624914,1.0,0.0,0.0,0.3709531272078084,197.26934576941494,0.920849335595242,577.5,531.7904913062087,45.709508693744056,-0.0,-0.0,-0.0,0.19716472159924608,0.0,0.88,0.0,0.0,0.0,-0.0,-0.0,-0.0,0.19716472159924608,0.0,0.88,0.0,0.0,0.0,1.0,,,0.101,107.23355535793898,1061.7183698805839,1061.7183698805839,0.0,32.9132694662981,-0.0,,,141.40663011931778,0.0,60.80485095130665,,,,23.61469181,0.0,2.0,667.0588749610864,0.0,0.0,0.0,101.69979607656724
115,1,116,0.15246,0.0,0.0,667.0757844221409,,,,0,0.0,1,1203.125,1203.125,0.0,192.5,0.0,,,189.89188191820801,1203.125,1155.0,48.124999999998515,1203.1249999999618,0.0,39.94375,1.0,-0.0,-0.0,0.1584660373269897,122.01884874356713,0.96,802.0833333333334,770.0,32.083333333333336,1.0,-0.0,-0.0,0.17629359266658243,67.87303317464087,0.96,401.0416666548931,385.0,16.041666666195738,-0.0,-0.0,-0.0,0.271,0.0,0.96,0.0,0.0,0.0,,,,393.71748636455817,1155.0,1062.0251674195517,92.97483258040825,1155.0,0.0,1.0,-0.0,-0.0,0.3711752314791812,197.65081076266372,0.9220779220779219,577.5,532.5,45.0,1.0,0.0,0.0,0.37026885153986644,196.06667560189445,0.9169266968304567,577.5,529.5251674195558,47.97483258040825,-0.0,-0.0,-0.0,0.19716472159924608,0.0,0.88,0.0,0.0,0.0,-0.0,-0.0,-0.0,0.19716472159924603,0.0,0.88,0.0,0.0,0.0,1.0,,,0.101,107.26454190937473,1062.0251674195517,1062.0251674195517,0.0,32.9227801900061,-0.0,,,141.09983258040677,0.0,60.67292800957491,,,,23.79812577,0.0,2.0,667.0757844221409,0.0,0.0,0.0,101.70237409299962
116,1,117,0.15246,0.0,0.0,687.0194937570732,,,,0,0.0,1,1389.121338877637,1389.121338877637,0.0,222.25941422042192,0.0,,,211.32341178176796,1389.121338877637,1333.5564853225344,55.56485355510566,1389.12133887764,0.0,46.11882845073755,1.0,-0.0,-0.0,0.15846603732698875,122.01884874355781,0.96,802.0833333333334,770.0,32.083333333333336,1.0,-0.0,-0.0,0.15846603732876194,89.30456303821015,0.96,587.0380055326292,563.556485311324,23.48152022130519,-0.0,-0.0,-0.0,0.271,0.0,0.96,0.0,0.0,0.0,,,,395.30162152531574,1333.5564853225344,1065.0,90.0,1155.0,178.55648532255714,1.0,-0.0,-0.0,0.3711752314791741,197.65081076265704,0.9220779220779218,577.5,532.5,45.0,1.0,0.0,0.0,0.3711752314791805,197.6508107626587,0.9220779220779206,577.5,532.5,45.0,-0.0,-0.0,-0.0,0.19716472159924608,0.0,0.88,0.0,0.0,0.0,-0.0,-0.0,-0.0,0.19716472159924608,0.0,0.88,0.0,0.0,0.0,1.0,,,0.101,107.56500000000001,1065.0,1065.0,0.0,33.015,-0.0,,,324.12133887766197,0.0,139.37217571739464,,,,27.17053955,0.0,2.0,687.0194937570836,0.0,0.0,0.0,104.74299201820338
117,1,118,0.15246,0.0,0.0,686.7811505170574,,,,0,0.0,1,1389.121338877633,1389.121338877633,0.0,222.2594142204213,0.0,,,211.32341178176887,1389.121338877633,1333.5564853225326,55.56485355510557,1389.1213388776382,0.0,46.11882845073742,1.0,-0.0,-0.0,0.15846603732698902,122.01884874355773,0.96,802.0833333333334,770.0,32.083333333333336,1.0,-0.0,-0.0,0.1584660373287637,89.30456303821113,0.96,587.0380055326292,563.556485311324,23.48152022130519,0.0,0.0,-0.0,0.271,0.0,0.96,0.0,0.0,0.0,,,,395.30162152529346,1333.5564853225326,1065.0,90.0,1155.0,178.55648532258192,1.0,-0.0,-0.0,0.3711752314791654,197.6508107626462,0.9220779220779202,577.5,532.5,45.0,1.0,0.0,0.0,0.37117523147916587,197.65081076264727,0.9220779220779189,577.5,532.5,45.0,0.0,0.0,-0.0,0.19716472159924625,0.0,0.88,0.0,0.0,0.0,-0.0,-0.0,-0.0,0.19716472159924608,0.0,0.88,0.0,0.0,0.0,1.0,,,0.101,107.56500000000001,1065.0,1065.0,0.0,33.015,-0.0,,,324.1213388776866,0.0,139.37217571740524,,,,27.40888279,0.0,2.0,686.7811505170623,0.0,0.0,0.0,104.70665420783058
118,1,119,0.1016,0.0,0.0,1340.9347438703549,,,,0,0.0,1,2406.25,2406.25,0.0,385.0,0.0,,,366.05654619927407,2406.25,2310.0,96.25,2406.25,0.0,79.8875,1.0,-0.0,-0.0,0.15846603732698958,122.0188487435598,0.96,802.0833333333334,770.0,32.083333333333336,1.0,-0.0,-0.0,0.15846603731353123,122.01884872785695,0.96,802.0833333333334,770.0,32.083333333333336,1.0,1.0,-0.0,0.15846603731353132,122.01884872785729,0.96,802.0833333333334,770.0,32.083333333333336,,,,790.6032430509952,2310.0,2130.0,180.0,2310.0,0.0,1.0,-0.0,-0.0,0.3711752314791623,197.65081076264124,0.9220779220779175,577.5,532.5,45.0,1.0,0.0,0.0,0.37117523147916187,197.65081076265264,0.9220779220779172,577.5,532.5,45.0,1.0,1.0,-0.0,0.37117523147917814,197.65081076285014,0.9220779220779189,577.5,532.5,45.0,1.0,1.0,-0.0,0.37117523147918097,197.65081076285114,0.9220779220779223,577.5,532.5,45.0,1.0,,,0.101,215.13000000009788,2130.0,2130.0,0.0,66.03000000003004,-0.0,,,276.25,0.0,118.78749998447034,,,,30.85504538,0.0,4.0,1340.934743870367,0.0,-0.0,0.0,136.23896997722804
119,1,120,0.1016,0.0,0.0,1342.864672960125,,,,0,0.0,1,2406.25,2406.25,0.0,385.0,0.0,,,366.05654619928004,2406.25,2310.0,96.25,2406.25,0.0,79.88749999883333,1.0,-0.0,-0.0,0.15846603732698944,122.01884874355936,0.96,802.0833333333334,770.0,32.083333333333336,1.0,-0.0,-0.0,0.15846603731353429,122.01884872786017,0.96,802.0833333333334,770.0,32.083333333333336,1.0,-0.0,-0.0,0.15846603731353434,122.01884872786049,0.96,802.0833333333334,770.0,32.083333333333336,,,,790.6032430508106,2310.0,2130.0,180.0,2310.0,0.0,1.0,-0.0,-0.0,0.3711752314791623,197.65081076264124,0.9220779220779174,577.5,532.5,45.0,1.0,0.0,0.0,0.3711752314791783,197.65081076266148,0.9220779220779174,577.5,532.5,45.0,1.0,-0.0,-0.0,0.37117523147917875,197.65081076266276,0.9220779220779225,577.5,532.5,45.0,1.0,-0.0,-0.0,0.3711752314791805,197.65081076284517,0.9220779220779222,577.5,532.5,45.0,1.0,,,0.101,215.13000000004604,2130.0,2130.0,0.0,66.03000000001413,-0.0,,,276.25,0.0,118.78749998469827,,,,28.92511629,0.0,4.0,1342.8646729601367,0.0,-0.0,0.0,136.4350507727487
120,1,121,0.1016,0.0,0.0,1343.6444495881774,,,,0,0.0,1,2406.25,2406.25,0.0,385.0,0.0,,,366.05654622440295,2406.25,2310.0,96.25,2406.25,0.0,79.8875000003157,1.0,-0.0,-0.0,0.15846603732698972,122.0188487488491,0.96,802.0833333333334,770.0,32.083333333333336,1.0,-0.0,-0.0,0.15846603732877293,122.0188487502222,0.96,802.0833333333334,770.0,32.083333333333336,1.0,-0.0,-0.0,0.1584660373221021,122.01884872533168,0.96,802.0833333333334,770.0,32.083333333333336,,,,790.6032430537791,2310.0,2130.0,180.0,2310.0,0.0,1.0,-0.0,-0.0,0.3711752314791753,197.65081076579526,0.9220779220779173,577.5,532.5,45.0,1.0,0.0,0.0,0.371175231479163,197.65081076265332,0.9220779220632893,577.5,532.5,45.0,1.0,-0.0,-0.0,0.3711752314791821,197.65081076266455,0.9220779220779225,577.5,532.5,45.0,1.0,-0.0,-0.0,0.3711752314791829,197.65081076266594,0.922077922077922,577.5,532.5,45.0,1.0,,,0.101,215.13000000000002,2130.0,2130.0,0.0,66.03,-0.0,,,276.25,0.0,118.78750000045908,,,,28.14533969,0.0,4.0,1343.6444495881822,0.0,-0.0,0.0,136.51427607815882
121,1,122,0.1016,0.0,0.0,1343.8992941768092,,,,0,0.0,1,2406.25,2406.25,0.0,385.0,0.0,,,366.05654618594986,2406.25,2310.0,96.25,2406.25,0.0,79.8875,1.0,-0.0,-0.0,0.158466037326997,122.01884874358747,0.96,802.0833333333334,770.0,32.083333333333336,1.0,-0.0,-0.0,0.15846603732877626,122.01884875022444,0.96,802.0833333333334,770.0,32.083333333333336,1.0,-0.0,-0.0,0.15846603727899303,122.01884869213798,0.96,802.0833333333334,770.0,32.083333333333336,,,,790.6032430508133,2310.0,2130.0,180.0,2310.0,0.0,1.0,-0.0,-0.0,0.3711752314791641,197.6508107626437,0.922077922077918,577.5,532.5,45.0,1.0,0.0,0.0,0.37117523147917986,197.65081076266335,0.9220779220779232,577.5,532.5,45.0,1.0,-0.0,-0.0,0.3711752314791785,197.65081076266281,0.9220779220779235,577.5,532.5,45.0,1.0,-0.0,-0.0,0.37117523147917897,197.65081076284346,0.9220779220779222,577.5,532.5,45.0,1.0,,,0.101,215.13000000000002,2130.0,2130.0,0.0,66.03,-0.0,,,276.25,0.0,118.78749998895425,,,,27.89049506,0.0,4.0,1343.8992941767633,0.0,-0.0,0.0,136.54016828836382
122,1,123,0.1016,0.0,0.0,1343.2454111107143,,,,0,0.0,1,2406.25,2406.25,0.0,385.0,0.0,,,366.0565462293025,2406.25,2310.0,96.25,2406.25,0.0,79.88749999883309,1.0,-0.0,-0.0,0.15846603732699027,122.0188487435639,0.96,802.0833333333334,770.0,32.083333333333336,1.0,-0.0,-0.0,0.1584660373135197,122.01884873319167,0.96,802.0833333333334,770.0,32.083333333333336,1.0,-0.0,-0.0,0.15846603733865613,122.01884875254693,0.96,802.0833333333334,770.0,32.083333333333336,,,,790.6032429986121,2310.0,2130.0,180.0,2310.0,0.0,1.0,-0.0,-0.0,0.3711752313572904,197.65081071027737,0.922077922136332,577.5,532.5,45.0,1.0,0.0,0.0,0.37117523147916476,197.65081076265434,0.922077922077918,577.5,532.5,45.0,1.0,-0.0,-0.0,0.37117523147917836,197.6508107628366,0.9220779220779194,577.5,532.5,45.0,1.0,-0.0,-0.0,0.37117523147918097,197.65081076284383,0.9220779220779223,577.5,532.5,45.0,1.0,,,0.101,215.1300000035032,2130.0,2130.0,0.0,66.03000000107524,-0.0,,,276.25,0.0,118.78750000019329,,,,28.54437811,0.0,4.0,1343.2454111214179,0.0,-0.0,0.0,136.47373376884858
123,1,124,0.1016,0.0,0.0,1345.1242269278866,,,,0,0.0,1,2406.25,2406.25,0.0,385.0,0.0,,,366.0565462191565,2406.25,2310.0,96.25,2406.25,0.0,79.88749998316848,1.0,-0.0,-0.0,0.15846603734766573,122.01884874356398,0.96,802.0833333333334,770.0,32.083333333333336,1.0,-0.0,-0.0,0.15846603732878722,122.01884875026491,0.96,802.0833333333334,770.0,32.083333333333336,1.0,-0.0,-0.0,0.1584660373220971,122.01884872532759,0.96,802.0833333333334,770.0,32.083333333333336,,,,790.6032430506307,2310.0,2130.0,180.0,2310.0,0.0,1.0,-0.0,-0.0,0.3711752314791647,197.65081076264457,0.9220779220779182,577.5,532.5,45.0,1.0,0.0,0.0,0.37117523147917875,197.65081076266185,0.9220779220779182,577.5,532.5,45.0,1.0,-0.0,-0.0,0.3711752314791771,197.6508107626612,0.9220779220779195,577.5,532.5,45.0,1.0,-0.0,-0.0,0.371175231479179,197.65081076266304,0.922077922077923,577.5,532.5,45.0,1.0,,,0.101,215.13000000000002,2130.0,2130.0,0.0,66.03,-0.0,,,276.25,0.0,118.78749998915956,,,,26.66556214,0.0,4.0,1345.1242271297872,0.0,-0.0,0.0,136.6646214558733
124,1,125,0.1016,0.0,0.0,1342.222486690357,,,,0,0.0,1,2406.25,2406.25,0.0,385.0,0.0,,,366.0565461992959,2406.25,2310.0,96.25,2406.25,0.0,79.88749999572158,1.0,-0.0,-0.0,0.15846603732166492,122.01884872369929,0.96,802.0833333333334,770.0,32.083333333333336,1.0,-0.0,-0.0,0.15846603732878678,122.0188487502648,0.96,802.0833333333334,770.0,32.083333333333336,1.0,-0.0,-0.0,0.15846603732210257,122.01884872533178,0.96,802.0833333333334,770.0,32.083333333333336,,,,790.6032430509703,2310.0,2130.0,180.0,2310.0,0.0,1.0,-0.0,-0.0,0.371175231479165,197.6508107626447,0.9220779220779183,577.5,532.5,45.0,1.0,0.0,0.0,0.37117523147916764,197.65081076265602,0.9220779220779224,577.5,532.5,45.0,1.0,-0.0,-0.0,0.37117523147917075,197.65081076283144,0.9220779220779856,577.5,532.5,45.0,1.0,-0.0,-0.0,0.37117523147918163,197.65081076283806,0.9220779220779226,577.5,532.5,45.0,1.0,,,0.101,215.13000000009094,2130.0,2130.0,0.0,66.03000000002791,-0.0,,,276.25,0.0,118.78749994419806,,,,29.56730256,0.0,4.0,1342.222486690357,0.0,-0.0,0.0,136.36980464774027
125,1,126,0.1016,0.0,0.0,1322.3792419478852,,,,0,0.0,1,2406.25,2406.25,0.0,385.0,0.0,,,366.05654619725095,2406.25,2310.0,96.25,2406.25,0.0,79.8875,1.0,-0.0,-0.0,0.15846603732699102,122.0188487435649,0.96,802.0833333333334,770.0,32.083333333333336,1.0,-0.0,-0.0,0.15846603732878956,122.01884875026738,0.96,802.0833333333334,770.0,32.083333333333336,1.0,-0.0,-0.0,0.15846603728866232,122.01884870341867,0.96,802.0833333333334,770.0,32.083333333333336,,,,790.6032430506366,2310.0,2130.0,180.0,2310.0,0.0,1.0,-0.0,-0.0,0.3711752314791672,197.65081076264747,0.9220779220779187,577.5,532.5,45.0,1.0,0.0,0.0,0.37117523147917986,197.6508107626635,0.922077922077923,577.5,532.5,45.0,1.0,-0.0,-0.0,0.3711752314791785,197.65081076266281,0.9220779220779235,577.5,532.5,45.0,1.0,-0.0,-0.0,0.37117523147917875,197.65081076266276,0.9220779220779225,577.5,532.5,45.0,1.0,,,0.101,215.13000000000002,2130.0,2130.0,0.0,66.03,-0.0,,,276.25,0.0,118.78749999999795,,,,49.4105473,0.0,4.0,1322.3792419478877,0.0,-0.0,0.0,134.35373098190513
126,1,127,0.1016,0.0,0.0,1330.676170616552,,,,0,0.0,1,2406.25,2406.25,0.0,385.0,0.0,,,366.05654620535176,2406.25,2310.0,96.25,2406.25,0.0,79.88749999890032,1.0,-0.0,-0.0,0.15846603732699127,122.01884874356529,0.96,802.0833333333334,770.0,32.083333333333336,1.0,-0.0,-0.0,0.15846603731390524,122.01884873348916,0.96,802.0833333333334,770.0,32.083333333333336,1.0,-0.0,-0.0,0.15846603731390543,122.01884872829731,0.96,802.0833333333334,770.0,32.083333333333336,,,,790.6032430511092,2310.0,2130.0,180.0,2310.0,0.0,1.0,-0.0,-0.0,0.3711752314791672,197.65081076264713,0.9220779220779196,577.5,532.5,45.0,1.0,0.0,0.0,0.37117523147916676,197.65081076265554,0.9220779220779185,577.5,532.5,45.0,1.0,-0.0,-0.0,0.3711752314794214,197.65081076296423,0.92207792207792,577.5,532.5,45.0,1.0,-0.0,-0.0,0.3711752314791903,197.65081076284227,0.9220779220779248,577.5,532.5,45.0,1.0,,,0.101,215.13000000000002,2130.0,2130.0,0.0,66.03,-0.0,,,276.25,0.0,118.78750000003635,,,,41.11361864,0.0,4.0,1330.6761706164611,0.0,-0.0,0.0,135.1966989346417
127,1,128,0.1016,0.0,0.0,1016.3348177801548,,,,0,0.0,1,1948.1666666666667,1948.1666666666667,0.0,311.70666667041917,0.0,,,305.1566356414857,1948.1666666666667,1870.2400000225148,77.92666666760485,1948.1666666666667,0.0,64.67913333411198,1.0,-0.0,-0.0,0.15846603732699163,122.01884874356745,0.96,802.0833333333334,770.0,32.083333333333336,1.0,-0.0,-0.0,0.15846603732879783,122.01884874495826,0.96,802.0833333333334,770.0,32.083333333333336,1.0,-0.0,-0.0,0.18507430400000002,61.11893815296001,0.96,344.0,330.24,13.760000000000012,,,,592.9524322885786,1870.2400000225148,1597.5,135.0,1732.5,137.74000002152798,1.0,-0.0,-0.0,0.3711752314791741,197.65081076265577,0.9220779220779205,577.5,532.5,45.0,1.0,0.0,0.0,0.3711752314794187,197.65081076296104,0.9220779220779206,577.5,532.5,45.0,1.0,-0.0,-0.0,0.3711752314794201,197.6508107629618,0.9220779220779204,577.5,532.5,45.0,-0.0,-0.0,1.0,0.19716472159924608,0.0,0.88,0.0,0.0,0.0,1.0,,,0.101,161.34750000009052,1597.5,1597.5,0.0,49.522500000027776,-0.0,,,350.6666666666667,0.0,150.78666667636134,,,,43.12175015,0.0,3.0,1016.3348177801549,0.0,0.0,0.0,103.25961748646372
128,1,129,0.1016,0.0,0.0,1073.7464451821338,,,,0,0.0,1,2406.25,2406.25,0.0,385.0,0.0,,,366.05654621387646,2406.25,2310.0,96.25,2406.25,0.0,79.88749999801271,1.0,-0.0,-0.0,0.15846603732699202,122.01884874356936,0.96,802.0833333333334,770.0,32.083333333333336,1.0,-0.0,-0.0,0.15846603732880105,122.01884874496238,0.96,802.0833333333334,770.0,32.083333333333336,1.0,-0.0,-0.0,0.1584660373221053,122.0188487253447,0.96,802.0833333333334,770.0,32.083333333333336,,,,592.9524322882293,2310.0,1597.5,135.0,1732.5,577.5,1.0,-0.0,-0.0,0.3711752314791694,197.6508107626533,0.922077922077921,577.5,532.5,45.0,1.0,0.0,0.0,0.37117523147917386,197.65081076265565,0.9220779220779205,577.5,532.5,45.0,1.0,-0.0,-0.0,0.3711752314793868,197.6508107629203,0.9220779220779205,577.5,532.5,45.0,-0.0,-0.0,-0.0,0.19716472159924608,0.0,0.88,0.0,0.0,0.0,1.0,,,0.101,161.34750000003714,1597.5,1597.5,0.0,49.5225000000114,-0.0,,,808.75,0.0,347.7624999741035,,,,46.61003332,0.0,3.0,1073.746445182143,0.0,-0.0,0.0,109.0926388305048
129,1,130,0.1016,0.0,0.0,1323.9167770802105,,,,0,0.0,1,2406.25,2406.25,0.0,385.0,0.0,,,366.05654621926556,2406.25,2310.0,96.25,2406.25,0.0,79.88750000162528,1.0,-0.0,-0.0,0.15846603732699244,122.01884874358144,0.96,802.0833333333334,770.0,32.083333333333336,1.0,-0.0,-0.0,0.1584660373288046,122.01884875033788,0.96,802.0833333333334,770.0,32.083333333333336,1.0,-0.0,-0.0,0.15846603732210585,122.01884872534623,0.96,802.0833333333334,770.0,32.083333333333336,,,,790.6032430508901,2310.0,2130.0,180.0,2310.0,0.0,1.0,-0.0,-0.0,0.3711752314791741,197.65081076265577,0.9220779220779204,577.5,532.5,45.0,1.0,0.0,0.0,0.37117523147917986,197.6508107626635,0.922077922077923,577.5,532.5,45.0,1.0,-0.0,-0.0,0.37117523147917897,197.6508107627856,0.9220779220779205,577.5,532.5,45.0,1.0,1.0,-0.0,0.3711752314792527,197.6508107627852,0.9220779220783097,577.5,532.5,45.0,1.0,,,0.101,215.13000000000002,2130.0,2130.0,0.0,66.03,-0.0,,,276.25,0.0,118.78750002081848,,,,47.87301219,0.0,4.0,1323.9167770801557,0.0,-0.0,0.0,134.50994455134938
130,1,131,0.1016,0.0,0.0,1325.8283086799663,,,,0,0.0,1,2406.25,2406.25,0.0,385.0,0.0,,,366.0565462192682,2406.25,2310.0,96.25,2406.25,0.0,79.88749999918808,1.0,-0.0,-0.0,0.15846603732699277,122.01884874358143,0.96,802.0833333333334,770.0,32.083333333333336,1.0,-0.0,-0.0,0.1584660373288073,122.01884875033977,0.96,802.0833333333334,770.0,32.083333333333336,1.0,-0.0,-0.0,0.15846603732210626,122.01884872534701,0.96,802.0833333333334,770.0,32.083333333333336,,,,790.6032430506841,2310.0,2130.0,180.0,2310.0,0.0,1.0,-0.0,-0.0,0.3711752314791723,197.65081076263266,0.922077922077913,577.5,532.5,45.0,1.0,0.0,0.0,0.37117523147915055,197.6508107626272,0.9220779220779196,577.5,532.5,45.0,1.0,-0.0,-0.0,0.37117523147917897,197.65081076276104,0.9220779220779206,577.5,532.5,45.0,1.0,-0.0,-0.0,0.37117523147917963,197.65081076266318,0.922077922077922,577.5,532.5,45.0,1.0,,,0.101,215.13000000000002,2130.0,2130.0,0.0,66.03,-0.0,,,276.25,0.0,118.78749998942688,,,,45.96148059,0.0,4.0,1325.8283086799524,0.0,-0.0,0.0,134.70415616188458
131,1,132,0.1016,0.0,0.0,1326.0488551146645,,,,0,0.0,1,2406.25,2406.25,0.0,385.0,0.0,,,366.0565462239336,2406.25,2310.0,96.25,2406.25,0.0,79.8875,1.0,-0.0,-0.0,0.1584660373282454,122.01884874824377,0.96,802.0833333333334,770.0,32.083333333333336,1.0,-0.0,-0.0,0.15846603732881062,122.01884875034268,0.96,802.0833333333334,770.0,32.083333333333336,1.0,-0.0,-0.0,0.1584660373221066,122.01884872534714,0.96,802.0833333333334,770.0,32.083333333333336,,,,790.6032430507153,2310.0,2130.0,180.0,2310.0,0.0,1.0,-0.0,-0.0,0.3711752314791419,197.65081076261643,0.9220779220779196,577.5,532.5,45.0,1.0,0.0,0.0,0.37117523147915066,197.65081076262734,0.9220779220779199,577.5,532.5,45.0,1.0,-0.0,-0.0,0.37117523147917897,197.6508107627547,0.9220779220779207,577.5,532.5,45.0,1.0,-0.0,-0.0,0.37117523147917497,197.65081076271676,0.9220779220779207,577.5,532.5,45.0,1.0,,,0.101,215.13000000002683,2130.0,2130.0,0.0,66.03000000000823,-0.0,,,276.25,0.0,118.78749999982196,,,,45.74093416,0.0,4.0,1326.0488551146755,0.0,-0.0,0.0,134.7265636796499
132,1,133,0.1016,0.0,0.0,1318.6717944416714,,,,0,0.0,1,2406.25,2406.25,0.0,385.0,0.0,,,366.0565462554395,2406.25,2310.0,96.25,2406.25,0.0,79.8875,1.0,-0.0,-0.0,0.1584660373269935,122.01884874358124,0.96,802.0833333333334,770.0,32.083333333333336,1.0,-0.0,-0.0,0.15846603732881373,122.01884875041713,0.96,802.0833333333334,770.0,32.083333333333336,1.0,-0.0,-0.0,0.158466037364222,122.01884876144112,0.96,802.0833333333334,770.0,32.083333333333336,,,,790.6032430506382,2310.0,2130.0,180.0,2310.0,0.0,1.0,-0.0,-0.0,0.37117523147917253,197.65081076265392,0.9220779219144953,577.5,532.5,45.0,1.0,0.0,0.0,0.37117523147917697,197.6508107626611,0.9220779220779199,577.5,532.5,45.0,1.0,-0.0,-0.0,0.37117523147917564,197.65081076266074,0.9220779219144956,577.5,532.5,45.0,1.0,-0.0,-0.0,0.37117523147917875,197.65081076266242,0.9220779220779208,577.5,532.5,45.0,1.0,,,0.101,215.13000000000002,2130.0,2130.0,0.0,66.03,-0.0,,,276.25,0.0,118.7874999999965,,,,53.11799447,0.0,4.0,1318.6717948360779,0.0,-0.0,0.0,133.97705431527382
133,1,134,0.1016,0.0,0.0,1317.1847655399486,,,,0,0.0,1,2406.25,2406.25,0.0,385.0,0.0,,,366.05654621932905,2406.25,2310.0,96.25,2406.25,0.0,79.88749999919956,1.0,-0.0,-0.0,0.15846603732699371,122.01884874358115,0.96,802.0833333333334,770.0,32.083333333333336,1.0,-0.0,-0.0,0.15846603732881617,122.01884875039848,0.96,802.0833333333334,770.0,32.083333333333336,1.0,-0.0,-0.0,0.1584660373221072,122.0188487253494,0.96,802.0833333333334,770.0,32.083333333333336,,,,790.6032430506241,2310.0,2130.0,180.0,2310.0,0.0,1.0,-0.0,-0.0,0.3711752314791734,197.6508107626551,0.9220779220779213,577.5,532.5,45.0,1.0,0.0,0.0,0.3711752314791734,197.6508107626549,0.9220779220779203,577.5,532.5,45.0,1.0,-0.0,-0.0,0.3711752314791741,197.65081076265707,0.9220779220779222,577.5,532.5,45.0,1.0,-0.0,-0.0,0.3711752314791743,197.65081076265693,0.9220779220779208,577.5,532.5,45.0,1.0,,,0.101,215.13000000000002,2130.0,2130.0,0.0,66.03,-0.0,,,276.25,0.0,118.78749998964801,,,,54.60502373,0.0,4.0,1317.184765539953,0.0,-0.0,0.0,133.82597217885876
134,1,135,0.1016,0.0,0.0,1317.4009788060653,,,,0,0.0,1,2406.25,2406.25,0.0,385.0,0.0,,,366.05654625544486,2406.25,2310.0,96.25,2406.25,0.0,79.8875,1.0,-0.0,-0.0,0.1584660373269941,122.0188487435811,0.96,802.0833333333334,770.0,32.083333333333336,1.0,-0.0,-0.0,0.1584660373288189,122.01884875042045,0.96,802.0833333333334,770.0,32.083333333333336,1.0,-0.0,-0.0,0.15846603736422643,122.0188487614433,0.96,802.0833333333334,770.0,32.083333333333336,,,,790.603243050631,2310.0,2130.0,180.0,2310.0,0.0,1.0,-0.0,-0.0,0.3711752314791735,197.65081076265545,0.9220779220779205,577.5,532.5,45.0,1.0,0.0,0.0,0.3711752314791741,197.65081076265707,0.9220779220779222,577.5,532.5,45.0,1.0,-0.0,-0.0,0.37117523147917564,197.65081076265764,0.9220779220779209,577.5,532.5,45.0,1.0,-0.0,-0.0,0.37117523147917586,197.65081076266088,0.9220779220779209,577.5,532.5,45.0,1.0,,,0.101,215.13000000000002,2130.0,2130.0,0.0,66.03,-0.0,,,276.25,0.0,118.78749999999863,,,,54.3888105,0.0,4.0,1317.400978806076,0.0,-0.0,0.0,133.84793944669622
135,1,136,0.1016,0.0,0.0,1319.4707974368048,,,,0,0.0,1,2406.25,2406.25,0.0,385.0,0.0,,,366.0565462261789,2406.25,2310.0,96.25,2406.25,0.0,79.88750000038159,1.0,-0.0,-0.0,0.15846603732882497,122.01884875040572,0.96,802.0833333333334,770.0,32.083333333333336,1.0,-0.0,-0.0,0.1584660373288216,122.01884875042239,0.96,802.0833333333334,770.0,32.083333333333336,1.0,-0.0,-0.0,0.15846603732210815,122.01884872535078,0.96,802.0833333333334,770.0,32.083333333333336,,,,790.6032430506295,2310.0,2130.0,180.0,2310.0,0.0,1.0,-0.0,-0.0,0.37117523147917364,197.65081076265608,0.9220779220779206,577.5,532.5,45.0,1.0,0.0,0.0,0.37117523147917486,197.65081076265707,0.9220779220779206,577.5,532.5,45.0,1.0,-0.0,-0.0,0.37117523147917364,197.6508107626566,0.9220779220779219,577.5,532.5,45.0,1.0,-0.0,-0.0,0.3711752314791794,197.6508107626598,0.9220779220779219,577.5,532.5,45.0,1.0,,,0.101,215.13000000000002,2130.0,2130.0,0.0,66.03,-0.0,,,276.25,0.0,118.78750000495492,,,,52.31899184,0.0,4.0,1319.4707974368084,0.0,-0.0,0.0,134.05823301957935
136,1,137,0.1016,0.0,0.0,1316.037631139991,,,,0,0.0,1,2406.25,2406.25,0.0,385.0,0.0,,,366.0565462193561,2406.25,2310.0,96.25,2406.25,0.0,79.8874999991998,1.0,-0.0,-0.0,0.15846603732699457,122.01884874358095,0.96,802.0833333333334,770.0,32.083333333333336,1.0,-0.0,-0.0,0.15846603732882505,122.01884875042487,0.96,802.0833333333334,770.0,32.083333333333336,1.0,-0.0,-0.0,0.15846603732210754,122.01884872535031,0.96,802.0833333333334,770.0,32.083333333333336,,,,790.6032430506368,2310.0,2130.0,180.0,2310.0,0.0,1.0,-0.0,-0.0,0.37117523147917386,197.6508107626562,0.9220779220779207,577.5,532.5,45.0,1.0,0.0,0.0,0.37117523147917386,197.6508107626562,0.9220779220779207,577.5,532.5,45.0,1.0,-0.0,-0.0,0.3711752314791765,197.65081076266134,0.9220779220779212,577.5,532.5,45.0,1.0,-0.0,-0.0,0.37117523147917963,197.65081076266318,0.922077922077922,577.5,532.5,45.0,1.0,,,0.101,215.13000000000002,2130.0,2130.0,0.0,66.03,-0.0,,,276.25,0.0,118.78749998964513,,,,55.75215813,0.0,4.0,1316.037631139993,0.0,-0.0,0.0,133.70942332382307
137,1,138,0.13994,0.0,0.0,1328.0517740445935,,,,0,0.0,1,2406.25,2406.25,0.0,385.0,0.0,,,366.0565462239548,2406.25,2310.0,96.25,2406.25,0.0,79.8875,1.0,-0.0,-0.0,0.1584660373288246,122.01884875040442,0.96,802.0833333333334,770.0,32.083333333333336,1.0,-0.0,-0.0,0.15846603732882475,122.01884875040469,0.96,802.0833333333334,770.0,32.083333333333336,1.0,-0.0,-0.0,0.15846603732151648,122.0188487231457,0.96,802.0833333333334,770.0,32.083333333333336,,,,790.6032430506406,2310.0,2130.0,180.0,2310.0,0.0,1.0,-0.0,-0.0,0.3711752314791742,197.65081076265687,0.9220779220779208,577.5,532.5,45.0,1.0,0.0,0.0,0.3711752314791748,197.65081076265741,0.9220779220779218,577.5,532.5,45.0,1.0,-0.0,-0.0,0.37117523147917986,197.65081076266353,0.9220779220779235,577.5,532.5,45.0,1.0,-0.0,-0.0,0.37117523147917897,197.65081076266264,0.9220779220779213,577.5,532.5,45.0,1.0,,,0.101,215.13000000000002,2130.0,2130.0,0.0,66.03,-0.0,,,276.25,0.0,118.78749999999941,,,,43.73801523,0.0,4.0,1328.0517740445955,0.0,-0.0,0.0,185.84756525980043
138,1,139,0.13994,0.0,0.0,1343.9977275459064,,,,0,0.0,1,2406.25,2406.25,0.0,385.0,0.0,,,366.0565462271282,2406.25,2310.0,96.25,2406.25,0.0,79.8875,1.0,-0.0,-0.0,0.15846603732699513,122.01884874358099,0.96,802.0833333333334,770.0,32.083333333333336,1.0,-0.0,-0.0,0.15846603733146575,122.0188487470235,0.96,802.0833333333334,770.0,32.083333333333336,1.0,-0.0,-0.0,0.15846603732210912,122.0188487365237,0.96,802.0833333333334,770.0,32.083333333333336,,,,790.603243050813,2310.0,2130.0,180.0,2310.0,0.0,1.0,-0.0,-0.0,0.3711752314791744,197.650810762657,0.9220779220779209,577.5,532.5,45.0,1.0,0.0,0.0,0.37117523147924353,197.65081076274382,0.9220779220779209,577.5,532.5,45.0,1.0,-0.0,-0.0,0.37117523147917786,197.650810762709,0.9220779220779214,577.5,532.5,45.0,1.0,-0.0,-0.0,0.37117523147917786,197.65081076270332,0.9220779220781138,577.5,532.5,45.0,1.0,,,0.101,215.13000000003478,2130.0,2130.0,0.0,66.03000000001067,-0.0,,,276.25,0.0,118.7875000057538,,,,27.79206173,0.0,4.0,1343.997727547976,0.0,-0.0,0.0,188.07904199277417
139,1,140,0.13994,0.0,0.0,1343.5303078345564,,,,0,0.0,1,2406.25,2406.25,0.0,385.0,0.0,,,366.05654621394274,2406.25,2310.0,96.25,2406.25,0.0,79.88749999802022,1.0,-0.0,-0.0,0.1584660373269954,122.01884874358299,0.96,802.0833333333334,770.0,32.083333333333336,1.0,-0.0,-0.0,0.15846603732883524,122.01884874499972,0.96,802.0833333333334,770.0,32.083333333333336,1.0,-0.0,-0.0,0.1584660373221094,122.01884872536002,0.96,802.0833333333334,770.0,32.083333333333336,,,,790.6032430506375,2310.0,2130.0,180.0,2310.0,0.0,1.0,-0.0,-0.0,0.37117523147917364,197.65081076265704,0.922077922077921,577.5,532.5,45.0,1.0,0.0,0.0,0.37117523147917497,197.6508107626578,0.922077922077921,577.5,532.5,45.0,1.0,-0.0,-0.0,0.3711752314791772,197.65081076266003,0.9220779220779219,577.5,532.5,45.0,1.0,-0.0,-0.0,0.37117523147917875,197.65081076266256,0.9220779220779215,577.5,532.5,45.0,1.0,,,0.101,215.12999999999693,2130.0,2130.0,0.0,66.02999999999905,-0.0,,,276.25,0.0,118.78749997436887,,,,28.25948143,0.0,4.0,1343.5303078345771,0.0,-0.0,0.0,188.01363127836782
140,1,141,0.13994,0.0,0.0,1340.2405999245825,,,,0,0.0,1,2406.25,2406.25,0.0,385.0,0.0,,,366.056546223953,2406.25,2310.0,96.25,2406.25,0.0,79.8875,1.0,-0.0,-0.0,0.15846603732699563,122.01884874358299,0.96,802.0833333333334,770.0,32.083333333333336,1.0,-0.0,-0.0,0.15846603733005918,122.01884875500913,0.96,802.0833333333334,770.0,32.083333333333336,1.0,-0.0,-0.0,0.1584660373221097,122.01884872536084,0.96,802.0833333333334,770.0,32.083333333333336,,,,790.60324305064,2310.0,2130.0,180.0,2310.0,0.0,1.0,-0.0,-0.0,0.37117523147917586,197.65081076265884,0.9220779220779212,577.5,532.5,45.0,1.0,0.0,0.0,0.3711752314791765,197.65081076265918,0.9220779220779218,577.5,532.5,45.0,1.0,-0.0,-0.0,0.3711752314791781,197.65081076266102,0.9220779220779219,577.5,532.5,45.0,1.0,-0.0,-0.0,0.3711752314791781,197.65081076266102,0.9220779220779216,577.5,532.5,45.0,1.0,,,0.101,215.1299999999974,2130.0,2130.0,0.0,66.02999999999919,-0.0,,,276.25,0.0,118.78749999999799,,,,31.54918935,0.0,4.0,1340.2405999245905,0.0,-0.0,0.0,187.55326955344609
141,1,142,0.13994,0.0,0.0,1346.5469937574644,,,,0,0.0,1,2406.25,2406.25,0.0,385.0,0.0,,,366.0565462368254,2406.25,2310.0,96.25,2406.25,0.0,79.88749999486467,1.0,-0.0,-0.0,0.15846603732699588,122.01884874358285,0.96,802.0833333333334,770.0,32.083333333333336,1.0,-0.0,-0.0,0.15846603735855158,122.0188487678809,0.96,802.0833333333334,770.0,32.083333333333336,1.0,-0.0,-0.0,0.15846603732211006,122.01884872536162,0.96,802.0833333333334,770.0,32.083333333333336,,,,790.6032430506411,2310.0,2130.0,180.0,2310.0,0.0,1.0,-0.0,-0.0,0.37117523147917697,197.6508107626595,0.9220779220779216,577.5,532.5,45.0,1.0,0.0,0.0,0.37117523147917697,197.6508107626594,0.9220779220779213,577.5,532.5,45.0,1.0,-0.0,-0.0,0.3711752314791783,197.65081076266043,0.9220779220779216,577.5,532.5,45.0,1.0,-0.0,-0.0,0.3711752314791809,197.65081076266193,0.9220779220779223,577.5,532.5,45.0,1.0,,,0.101,215.13000000000002,2130.0,2130.0,0.0,66.03,-0.0,,,276.25,0.0,118.78749997436788,,,,25.24279553,0.0,4.0,1346.5469937574667,0.0,-0.0,0.0,188.43578630641957
142,1,143,0.1016,0.0,0.0,1346.3464230564564,,,,0,0.0,1,2406.25,2406.25,0.0,385.0,0.0,,,366.05654624123133,2406.25,2310.0,96.25,2406.25,0.0,79.8875,1.0,-0.0,-0.0,0.15846603732699555,122.01884874358225,0.96,802.0833333333334,770.0,32.083333333333336,1.0,-0.0,-0.0,0.15846603732884554,122.01884874500695,0.96,802.0833333333334,770.0,32.083333333333336,1.0,-0.0,-0.0,0.15846603733876122,122.01884875264214,0.96,802.0833333333334,770.0,32.083333333333336,,,,790.6032430506415,2310.0,2130.0,180.0,2310.0,0.0,1.0,-0.0,-0.0,0.3711752314791772,197.65081076265955,0.9220779220779213,577.5,532.5,45.0,1.0,0.0,0.0,0.3711752314791765,197.6508107626597,0.9220779220779214,577.5,532.5,45.0,1.0,-0.0,-0.0,0.37117523147917636,197.6508107626606,0.9220779220779217,577.5,532.5,45.0,1.0,-0.0,-0.0,0.3711752314791782,197.65081076266162,0.9220779220779218,577.5,532.5,45.0,1.0,,,0.101,215.1299999999972,2130.0,2130.0,0.0,66.02999999999913,-0.0,,,276.25,0.0,118.78750001523507,,,,25.44336623,0.0,4.0,1346.34642306187,0.0,-0.0,0.0,136.78879658253595
143,1,144,0.1016,0.0,0.0,1344.1681707458022,,,,0,0.0,1,2406.25,2406.25,0.0,385.0,0.0,,,366.0565462186132,2406.25,2310.0,96.25,2406.25,0.0,79.88749999883217,1.0,-0.0,-0.0,0.15846603732699546,122.01884874358201,0.96,802.0833333333334,770.0,32.083333333333336,1.0,-0.0,-0.0,0.15846603731346579,122.01884872779581,0.96,802.0833333333334,770.0,32.083333333333336,1.0,-0.0,-0.0,0.15846603733871176,122.01884874723538,0.96,802.0833333333334,770.0,32.083333333333336,,,,790.6032430805998,2310.0,2130.0,180.0,2310.0,0.0,1.0,-0.0,-0.0,0.3711752314898713,197.65081079254634,0.9220779221365858,577.5,532.5,45.0,1.0,0.0,0.0,0.3711752314791772,197.65081076266003,0.9220779220779214,577.5,532.5,45.0,1.0,-0.0,-0.0,0.3711752314792136,197.65081076270576,0.9220779220779323,577.5,532.5,45.0,1.0,-0.0,-0.0,0.37117523147917986,197.6508107626877,0.9220779220779314,577.5,532.5,45.0,1.0,,,0.101,215.13000000658914,2130.0,2130.0,0.0,66.0300000020224,-0.0,,,276.25,0.0,118.78749995685335,,,,27.62161856,0.0,4.0,1344.1681707458024,0.0,-0.0,0.0,136.5674861477735
144,1,145,0.1016,0.0,0.0,1342.2463030856784,,,,0,0.0,1,2406.25,2406.25,0.0,385.0,0.0,,,366.0565462412164,2406.25,2310.0,96.25,2406.25,0.0,79.8875,1.0,-0.0,-0.0,0.15846603732699535,122.01884874358176,0.96,802.0833333333334,770.0,32.083333333333336,1.0,-0.0,-0.0,0.15846603732885303,122.01884874501214,0.96,802.0833333333334,770.0,32.083333333333336,1.0,-0.0,-0.0,0.15846603733873646,122.01884875262249,0.96,802.0833333333334,770.0,32.083333333333336,,,,790.6032430506657,2310.0,2130.0,180.0,2310.0,0.0,1.0,-0.0,-0.0,0.3711752314791781,197.6508107626605,0.9220779220779219,577.5,532.5,45.0,1.0,0.0,0.0,0.37117523147917786,197.65081076266338,0.9220779220237146,577.5,532.5,45.0,1.0,-0.0,-0.0,0.37117523147918086,197.65081076266506,0.922077922077922,577.5,532.5,45.0,1.0,-0.0,-0.0,0.37117523147917963,197.6508107626768,0.922077922077922,577.5,532.5,45.0,1.0,,,0.101,215.13000000000002,2130.0,2130.0,0.0,66.03,-0.0,,,276.25,0.0,118.7875000152076,,,,29.54348607,0.0,4.0,1342.2463032218823,0.0,-0.0,0.0,136.37222439350492
145,1,146,0.1016,0.0,0.0,1346.2254205408326,,,,0,0.0,1,2406.25,2406.25,0.0,385.0,0.0,,,366.0565462253841,2406.25,2310.0,96.25,2406.25,0.0,79.8875,1.0,-0.0,-0.0,0.15846603732699532,122.01884874358134,0.96,802.0833333333334,770.0,32.083333333333336,1.0,-0.0,-0.0,0.15846603732885675,122.01884874501476,0.96,802.0833333333334,770.0,32.083333333333336,1.0,-0.0,-0.0,0.15846603732517403,122.018848736788,0.96,802.0833333333334,770.0,32.083333333333336,,,,790.6029380754485,2310.0,2130.0,180.0,2310.0,0.0,1.0,-0.0,-0.0,0.3711752314791783,197.65081076266114,0.9220779220779216,577.5,532.5,45.0,1.0,0.0,0.0,0.3711752314791792,197.65081076266284,0.9220779220779216,577.5,532.5,45.0,1.0,-0.0,-0.0,0.37117523147917897,197.65081076266273,0.9220779220779217,577.5,532.5,45.0,1.0,-0.0,-0.0,0.37117465875579614,197.6505057874617,0.9220779220779219,577.5,532.5,45.0,1.0,,,0.101,215.13000000000002,2130.0,2130.0,0.0,66.03,-0.0,,,276.25,0.0,118.78749999998455,,,,25.56406376,0.0,4.0,1346.2254205408328,0.0,-0.0,0.0,136.7765027269486
146,1,147,0.1016,0.0,0.0,1344.3743485446048,,,,0,0.0,1,2406.25,2406.25,0.0,385.0,0.0,,,366.05654621395024,2406.25,2310.0,96.25,2406.25,0.0,79.8875,1.0,-0.0,-0.0,0.15846603732699513,122.01884874358086,0.96,802.0833333333334,770.0,32.083333333333336,1.0,-0.0,-0.0,0.15846603733155537,122.01884874500284,0.96,802.0833333333334,770.0,32.083333333333336,1.0,-0.0,-0.0,0.15846603732211192,122.01884872536654,0.96,802.0833333333334,770.0,32.083333333333336,,,,790.6032430506627,2310.0,2130.0,180.0,2310.0,0.0,1.0,-0.0,-0.0,0.37117523147917647,197.65081076265986,0.9220779220779215,577.5,532.5,45.0,1.0,0.0,0.0,0.37117523147917786,197.6508107626633,0.9220779220779215,577.5,532.5,45.0,1.0,-0.0,-0.0,0.3711752314791781,197.65081076266347,0.9220779220778929,577.5,532.5,45.0,1.0,-0.0,-0.0,0.37117523147918974,197.6508107626761,0.9220779220779218,577.5,532.5,45.0,1.0,,,0.101,215.13000000000002,2130.0,2130.0,0.0,66.03,-0.0,,,276.25,0.0,118.78750000591525,,,,27.41544072,0.0,4.0,1344.374348544613,0.0,-0.0,0.0,136.58843381213185
147,1,148,0.1016,0.0,0.0,1345.0748817165122,,,,0,0.0,1,2406.25,2406.25,0.0,385.0,0.0,,,366.05654623583473,2406.25,2310.0,96.25,2406.25,0.0,79.8875,1.0,-0.0,-0.0,0.15846603732699516,122.0188487435807,0.96,802.0833333333334,770.0,32.083333333333336,1.0,-0.0,-0.0,0.15846603732886072,122.01884874501701,0.96,802.0833333333334,770.0,32.083333333333336,1.0,-0.0,-0.0,0.15846603733872225,122.01884874723703,0.96,802.0833333333334,770.0,32.083333333333336,,,,790.603243050681,2310.0,2130.0,180.0,2310.0,0.0,1.0,-0.0,-0.0,0.37117523147917586,197.65081076265884,0.9220779220779213,577.5,532.5,45.0,1.0,0.0,0.0,0.37117523147917764,197.65081076267168,0.9220779220779214,577.5,532.5,45.0,1.0,-0.0,-0.0,0.37117523147918874,197.65081076267572,0.9220779220779262,577.5,532.5,45.0,1.0,-0.0,-0.0,0.37117523147918857,197.65081076267484,0.9220779220779217,577.5,532.5,45.0,1.0,,,0.101,215.13000000000636,2130.0,2130.0,0.0,66.03000000000195,-0.0,,,276.25,0.0,118.78750001078826,,,,26.71490757,0.0,4.0,1345.0748817165222,0.0,-0.0,0.0,136.65960798239763
148,1,149,0.1016,0.0,0.0,1340.602474584614,,,,0,0.0,1,2406.25,2406.25,0.0,385.0,0.0,,,366.05654622396366,2406.25,2310.0,96.25,2406.25,0.0,79.8875,1.0,-0.0,-0.0,0.15846603732699502,122.01884874358025,0.96,802.0833333333334,770.0,32.083333333333336,1.0,-0.0,-0.0,0.1584660373300608,122.01884875501499,0.96,802.0833333333334,770.0,32.083333333333336,1.0,-0.0,-0.0,0.15846603732211242,122.01884872536844,0.96,802.0833333333334,770.0,32.083333333333336,,,,790.6032430506689,2310.0,2130.0,180.0,2310.0,0.0,1.0,-0.0,-0.0,0.37117523147917675,197.6508107626593,0.9220779220779212,577.5,532.5,45.0,1.0,0.0,0.0,0.3711752314791838,197.65081076266966,0.9220779220779212,577.5,532.5,45.0,1.0,-0.0,-0.0,0.37117523147918563,197.6508107626717,0.9220779220779253,577.5,532.5,45.0,1.0,-0.0,-0.0,0.3711752314791785,197.6508107626683,0.9220779220779247,577.5,532.5,45.0,1.0,,,0.101,215.1300000000041,2130.0,2130.0,0.0,66.03000000000125,-0.0,,,276.25,0.0,118.7874999999966,,,,31.18731469,0.0,4.0,1340.6024745846369,0.0,-0.0,0.0,136.20521141779676
149,1,150,0.1016,0.0,0.0,1323.0400734346217,,,,0,0.0,1,2406.25,2406.25,0.0,385.0,0.0,,,366.0565462239633,2406.25,2310.0,96.25,2406.25,0.0,79.8875,1.0,-0.0,-0.0,0.15846603732699494,122.01884874357984,0.96,802.0833333333334,770.0,32.083333333333336,1.0,-0.0,-0.0,0.15846603733005996,122.01884875501207,0.96,802.0833333333334,770.0,32.083333333333336,1.0,-0.0,-0.0,0.15846603732211267,122.01884872537138,0.96,802.0833333333334,770.0,32.083333333333336,,,,790.603243050699,2310.0,2130.0,180.0,2310.0,0.0,1.0,-0.0,-0.0,0.37117523147917564,197.65081076265892,0.9220779220779223,577.5,532.5,45.0,1.0,0.0,0.0,0.3711752314791885,197.65081076267253,0.9220779220779248,577.5,532.5,45.0,1.0,-0.0,-0.0,0.37117523147923487,197.65081076269735,0.9220779220779249,577.5,532.5,45.0,1.0,-0.0,-0.0,0.3711752314791852,197.6508107626702,0.9220779220779216,577.5,532.5,45.0,1.0,,,0.101,215.13000000000386,2130.0,2130.0,0.0,66.03000000000118,-0.0,,,276.25,0.0,118.78749999999887,,,,48.74971584,0.0,4.0,1323.040073434666,0.0,-0.0,0.0,134.42087146095756
150,1,151,0.1016,0.0,0.0,1324.8917940464657,,,,0,0.0,1,2406.25,2406.25,0.0,385.0,0.0,,,366.0565462358453,2406.25,2310.0,96.25,2406.25,0.0,79.8875,1.0,-0.0,-0.0,0.15846603732699502,122.01884874358025,0.96,802.0833333333334,770.0,32.083333333333336,1.0,-0.0,-0.0,0.15846603732886752,122.0188487450221,0.96,802.0833333333334,770.0,32.083333333333336,1.0,-0.0,-0.0,0.15846603733874173,122.01884874724291,0.96,802.0833333333334,770.0,32.083333333333336,,,,790.6032430506573,2310.0,2130.0,180.0,2310.0,0.0,1.0,-0.0,-0.0,0.37117523147917564,197.6508107626587,0.9220779220779212,577.5,532.5,45.0,1.0,0.0,0.0,0.37117523147917963,197.65081076266455,0.9220779220779212,577.5,532.5,45.0,1.0,-0.0,-0.0,0.37117523147918113,197.65081076266654,0.9220779220779214,577.5,532.5,45.0,1.0,-0.0,-0.0,0.37117523147918297,197.6508107626676,0.9220779220779215,577.5,532.5,45.0,1.0,,,0.101,215.12999999999937,2130.0,2130.0,0.0,66.0299999999998,-0.0,,,276.25,0.0,118.787499999995,,,,46.89799524,0.0,4.0,1324.891794046502,0.0,-0.0,0.0,134.60900627512092
151,1,152,0.1016,0.0,0.0,1327.799394586756,,,,0,0.0,1,2406.25,2406.25,0.0,385.0,0.0,,,366.05654617611714,2406.25,2310.0,96.25,2406.25,0.0,79.8874999917146,1.0,-0.0,-0.0,0.1584660373221134,122.01884872537207,0.96,802.0833333333334,770.0,32.083333333333336,1.0,-0.0,-0.0,0.1584660373221135,122.01884872537245,0.96,802.0833333333334,770.0,32.083333333333336,1.0,-0.0,-0.0,0.15846603732211342,122.0188487253726,0.96,802.0833333333334,770.0,32.083333333333336,,,,790.6032430506407,2310.0,2130.0,180.0,2310.0,0.0,1.0,-0.0,-0.0,0.3711752314791745,197.65081076265707,0.9220779220779209,577.5,532.5,45.0,1.0,0.0,0.0,0.37117523147917514,197.6508107626579,0.922077922077921,577.5,532.5,45.0,1.0,-0.0,-0.0,0.37117523147917675,197.65081076266256,0.9220779220779213,577.5,532.5,45.0,1.0,-0.0,-0.0,0.37117523147917786,197.65081076266318,0.9220779220779214,577.5,532.5,45.0,1.0,,,0.101,215.1299999999984,2130.0,2130.0,0.0,66.0299999999995,-0.0,,,276.25,0.0,118.78749989269426,,,,43.99039464,0.0,4.0,1327.799394586756,0.0,-0.0,0.0,134.90441849001442
152,1,153,0.1016,0.0,0.0,1324.4265614246256,,,,0,0.0,1,2406.25,2406.25,0.0,385.0,0.0,,,366.05654621398236,2406.25,2310.0,96.25,2406.25,0.0,79.88749999802161,1.0,-0.0,-0.0,0.15846603732699516,122.0188487435807,0.96,802.0833333333334,770.0,32.083333333333336,1.0,-0.0,-0.0,0.15846603732887451,122.01884874502804,0.96,802.0833333333334,770.0,32.083333333333336,1.0,-0.0,-0.0,0.1584660373221137,122.01884872537363,0.96,802.0833333333334,770.0,32.083333333333336,,,,790.6032430506442,2310.0,2130.0,180.0,2310.0,0.0,1.0,-0.0,-0.0,0.3711752314791754,197.65081076265753,0.9220779220779214,577.5,532.5,45.0,1.0,0.0,0.0,0.3711752314791801,197.6508107626637,0.9220779220779236,577.5,532.5,45.0,1.0,-0.0,-0.0,0.37117523147917675,197.65081076266145,0.9220779220779213,577.5,532.5,45.0,1.0,-0.0,-0.0,0.37117523147917697,197.65081076266156,0.9220779220779224,577.5,532.5,45.0,1.0,,,0.101,215.13000000000002,2130.0,2130.0,0.0,66.03,-0.0,,,276.25,0.0,118.7874999743818,,,,47.36322784,0.0,4.0,1324.4265614246267,0.0,-0.0,0.0,134.56173864074196
153,1,154,0.1016,0.0,0.0,1322.5709507616255,,,,0,0.0,1,2406.25,2406.25,0.0,385.0,0.0,,,366.056546261706,2406.25,2310.0,96.25,2406.25,0.0,79.8875,1.0,-0.0,-0.0,0.15846603732699527,122.01884874358113,0.96,802.0833333333334,770.0,32.083333333333336,1.0,-0.0,-0.0,0.158466037359589,122.01884876867844,0.96,802.0833333333334,770.0,32.083333333333336,1.0,-0.0,-0.0,0.15846603732211384,122.01884874944642,0.96,802.0833333333334,770.0,32.083333333333336,,,,790.6032430510959,2310.0,2130.0,180.0,2310.0,0.0,1.0,-0.0,-0.0,0.3711752314794883,197.65081076282388,0.9220779220779213,577.5,532.5,45.0,1.0,0.0,0.0,0.37117523147928017,197.65081076278932,0.9220779220779208,577.5,532.5,45.0,1.0,-0.0,-0.0,0.3711752314792882,197.65081076280026,0.9220779220779518,577.5,532.5,45.0,1.0,-0.0,-0.0,0.3711752314791758,197.6508107626824,0.9220779220779302,577.5,532.5,45.0,1.0,,,0.101,215.1300000088234,2130.0,2130.0,0.0,66.03000000270816,-0.0,,,276.25,0.0,118.78750000494973,,,,49.21883856,0.0,4.0,1322.5709507616252,0.0,-0.0,0.0,134.37320859738114
154,1,155,0.1016,0.0,0.0,1325.9180242561238,,,,0,0.0,1,2406.25,2406.25,0.0,385.0,0.0,,,366.05654622543,2406.25,2310.0,96.25,2406.25,0.0,79.8875,1.0,-0.0,-0.0,0.15846603732192957,122.01884872468648,0.96,802.0833333333334,770.0,32.083333333333336,1.0,-0.0,-0.0,0.15846603732888304,122.01884874503509,0.96,802.0833333333334,770.0,32.083333333333336,1.0,-0.0,-0.0,0.15846603733024653,122.01884875570842,0.96,802.0833333333334,770.0,32.083333333333336,,,,790.6032430506937,2310.0,2130.0,180.0,2310.0,0.0,1.0,-0.0,-0.0,0.3711752314791741,197.65081076265645,0.9220779220779206,577.5,532.5,45.0,1.0,0.0,0.0,0.3711752314791744,197.65081076265676,0.9220779220779207,577.5,532.5,45.0,1.0,-0.0,-0.0,0.3711752314792059,197.65081076269706,0.922077922077921,577.5,532.5,45.0,1.0,-0.0,-0.0,0.3711752314791763,197.65081076268345,0.9220779220779305,577.5,532.5,45.0,1.0,,,0.101,215.13000000000002,2130.0,2130.0,0.0,66.03,-0.0,,,276.25,0.0,118.78750000000073,,,,45.87176502,0.0,4.0,1325.9180242561238,0.0,-0.0,0.0,134.71327126442216
155,1,156,0.1016,0.0,0.0,1323.4331824699964,,,,0,0.0,1,2406.25,2406.25,0.0,385.0,0.0,,,366.0565462409703,2406.25,2310.0,96.25,2406.25,0.0,79.88750000327552,1.0,-0.0,-0.0,0.15846603732699546,122.01884874358173,0.96,802.0833333333334,770.0,32.083333333333336,1.0,-0.0,-0.0,0.1584660373288858,122.01884874503747,0.96,802.0833333333334,770.0,32.083333333333336,1.0,-0.0,-0.0,0.1584660373258862,122.01884875235115,0.96,802.0833333333334,770.0,32.083333333333336,,,,790.6032430507371,2310.0,2130.0,180.0,2310.0,0.0,1.0,-0.0,-0.0,0.3711752314791751,197.6508107626569,0.9220779220779205,577.5,532.5,45.0,1.0,0.0,0.0,0.3711752314791742,197.6508107626565,0.9220779220779206,577.5,532.5,45.0,1.0,-0.0,-0.0,0.3711752314791745,197.65081076275914,0.9220779220779209,577.5,532.5,45.0,1.0,-0.0,-0.0,0.3711752314791821,197.65081076266455,0.9220779220779225,577.5,532.5,45.0,1.0,,,0.101,215.13000000000002,2130.0,2130.0,0.0,66.03,-0.0,,,276.25,0.0,118.78750004231955,,,,48.35660664,0.0,4.0,1323.4331826517075,0.0,-0.0,0.0,134.46081133895163
156,1,157,0.1016,0.0,0.0,1322.8182904118994,,,,0,0.0,1,2406.25,2406.25,0.0,385.0,0.0,,,366.05654624126237,2406.25,2310.0,96.25,2406.25,0.0,79.8875,1.0,-0.0,-0.0,0.1584660373269954,122.01884874358187,0.96,802.0833333333334,770.0,32.083333333333336,1.0,-0.0,-0.0,0.15846603732888878,122.01884874503995,0.96,802.0833333333334,770.0,32.083333333333336,1.0,-0.0,-0.0,0.15846603733875955,122.01884875264055,0.96,802.0833333333334,770.0,32.083333333333336,,,,790.6032430506391,2310.0,2130.0,180.0,2310.0,0.0,1.0,-0.0,-0.0,0.3711752314791734,197.65081076265616,0.9220779220779216,577.5,532.5,45.0,1.0,0.0,0.0,0.3711752314791732,197.65081076265585,0.9220779220779216,577.5,532.5,45.0,1.0,-0.0,-0.0,0.37117523147917986,197.65081076266353,0.9220779220779235,577.5,532.5,45.0,1.0,-0.0,-0.0,0.3711752314791801,197.65081076266347,0.9220779220779225,577.5,532.5,45.0,1.0,,,0.101,215.13000000000002,2130.0,2130.0,0.0,66.03,-0.0,,,276.25,0.0,118.78750001523443,,,,48.97149888,0.0,4.0,1322.8182904119017,0.0,-0.0,0.0,134.39833830584897
157,1,158,0.1016,0.0,0.0,1309.1957698437814,,,,0,0.0,1,2406.25,2406.25,0.0,385.0,0.0,,,366.05654623324926,2406.25,2310.0,96.25,2406.25,0.0,79.88750000117548,1.0,-0.0,-0.0,0.15846603732699557,122.01884874358217,0.96,802.0833333333334,770.0,32.083333333333336,1.0,-0.0,-0.0,0.15846603732699568,122.01884874358242,0.96,802.0833333333334,770.0,32.083333333333336,1.0,-0.0,-0.0,0.15846603733024528,122.01884874608464,0.96,802.0833333333334,770.0,32.083333333333336,,,,790.603243062281,2310.0,2130.0,180.0,2310.0,0.0,1.0,-0.0,-0.0,0.37117523147917203,197.65081077431097,0.9220779220779203,577.5,532.5,45.0,1.0,0.0,0.0,0.37117523147917386,197.65081076265577,0.9220779220779204,577.5,532.5,45.0,1.0,-0.0,-0.0,0.3711752314791732,197.6508107626558,0.9220779220779216,577.5,532.5,45.0,1.0,-0.0,-0.0,0.37117523147917775,197.65081076265835,0.9220779220779216,577.5,532.5,45.0,1.0,,,0.101,215.13000000000002,2130.0,2130.0,0.0,66.03,-0.0,,,276.25,0.0,118.78750000174257,,,,62.59401944,0.0,4.0,1309.1957698555302,0.0,-0.0,0.0,133.0142902161282
158,1,159,0.1016,0.0,0.0,1311.076071339432,,,,0,0.0,1,2406.25,2406.25,0.0,385.0,0.0,,,366.0565462240135,2406.25,2310.0,96.25,2406.25,0.0,79.88749999884301,1.0,-0.0,-0.0,0.1584660373269956,122.01884874358235,0.96,802.0833333333334,770.0,32.083333333333336,1.0,-0.0,-0.0,0.15846603731352765,122.01884872786822,0.96,802.0833333333334,770.0,32.083333333333336,1.0,-0.0,-0.0,0.1584660373386583,122.01884875256295,0.96,802.0833333333334,770.0,32.083333333333336,,,,790.6032430507457,2310.0,2130.0,180.0,2310.0,0.0,1.0,-0.0,-0.0,0.3711752314791732,197.65081076265474,0.9220779220779208,577.5,532.5,45.0,1.0,0.0,0.0,0.3711752314791727,197.65081076265528,0.9220779220779215,577.5,532.5,45.0,1.0,-0.0,-0.0,0.3711752314791732,197.65081076277332,0.9220779220779639,577.5,532.5,45.0,1.0,-0.0,-0.0,0.37117523147917897,197.6508107626625,0.9220779220779206,577.5,532.5,45.0,1.0,,,0.101,215.13000000002882,2130.0,2130.0,0.0,66.03000000000884,-0.0,,,276.25,0.0,118.78750000000308,,,,60.71371793,0.0,4.0,1311.076071344788,0.0,-0.0,0.0,133.20532884808628
159,1,160,0.1016,0.0,0.0,1314.1666639765735,,,,0,0.0,1,2406.25,2406.25,0.0,385.0,0.0,,,366.056546246116,2406.25,2310.0,96.25,2406.25,0.0,79.8875000036528,1.0,-0.0,-0.0,0.15846603732699574,122.01884874358281,0.96,802.0833333333334,770.0,32.083333333333336,1.0,-0.0,-0.0,0.15846603732889825,122.01884875074606,0.96,802.0833333333334,770.0,32.083333333333336,1.0,-0.0,-0.0,0.15846603733025055,122.01884875178713,0.96,802.0833333333334,770.0,32.083333333333336,,,,790.6032430506204,2310.0,2130.0,180.0,2310.0,0.0,1.0,-0.0,-0.0,0.3711752314791721,197.65081076265432,0.92207792207792,577.5,532.5,45.0,1.0,0.0,0.0,0.3711752314791725,197.65081076265474,0.9220779220779207,577.5,532.5,45.0,1.0,-0.0,-0.0,0.37117523147917386,197.65081076265568,0.9220779220779214,577.5,532.5,45.0,1.0,-0.0,-0.0,0.37117523147917386,197.65081076265577,0.9220779220779214,577.5,532.5,45.0,1.0,,,0.101,215.130000009837,2130.0,2130.0,0.0,66.03000000301927,-0.0,,,276.25,0.0,118.7875000054218,,,,57.62312533,0.0,4.0,1314.1666639765735,0.0,-0.0,0.0,133.51933306001987
160,1,161,0.1016,0.0,0.0,1313.7578704671587,,,,0,0.0,1,2406.25,2406.25,0.0,385.0,0.0,,,366.0565462461357,2406.25,2310.0,96.25,2406.25,0.0,79.88750000366286,1.0,-0.0,-0.0,0.15846603732699574,122.01884874358298,0.96,802.0833333333334,770.0,32.083333333333336,1.0,-0.0,-0.0,0.15846603732892078,122.0188487507631,0.96,802.0833333333334,770.0,32.083333333333336,1.0,-0.0,-0.0,0.15846603733025394,122.01884875178966,0.96,802.0833333333334,770.0,32.083333333333336,,,,790.6032430509706,2310.0,2130.0,180.0,2310.0,0.0,1.0,-0.0,-0.0,0.37117523147917203,197.65081076265378,0.92207792207792,577.5,532.5,45.0,1.0,0.0,0.0,0.3711752314791732,197.65081076265466,0.92207792207792,577.5,532.5,45.0,1.0,-0.0,-0.0,0.37117523147917164,197.65081076278204,0.9220779220779204,577.5,532.5,45.0,1.0,-0.0,-0.0,0.37117523147935566,197.6508107628801,0.9220779220779205,577.5,532.5,45.0,1.0,,,0.101,215.1300000000646,2130.0,2130.0,0.0,66.03000000001983,-0.0,,,276.25,0.0,118.78750004716912,,,,58.03191883,0.0,4.0,1313.757870467171,0.0,-0.0,0.0,133.4777996394633
161,1,162,0.13994,0.0,0.0,1321.0225131621544,,,,0,0.0,1,2406.25,2406.25,0.0,385.0,0.0,,,366.05654624613874,2406.25,2310.0,96.25,2406.25,0.0,79.88750000366282,1.0,-0.0,-0.0,0.15846603732699577,122.01884874358318,0.96,802.0833333333334,770.0,32.083333333333336,1.0,-0.0,-0.0,0.15846603732892076,122.01884875076294,0.96,802.0833333333334,770.0,32.083333333333336,1.0,-0.0,-0.0,0.15846603733025796,122.01884875179263,0.96,802.0833333333334,770.0,32.083333333333336,,,,790.6029380760156,2310.0,2130.0,180.0,2310.0,0.0,1.0,-0.0,-0.0,0.37117523147950193,197.65081076282914,0.9220779220779199,577.5,532.5,45.0,1.0,0.0,0.0,0.371175231479501,197.65081076282905,0.92207792207792,577.5,532.5,45.0,1.0,-0.0,-0.0,0.3711752314791654,197.65081076278278,0.9220779220779687,577.5,532.5,45.0,1.0,-0.0,-0.0,0.3711746587557889,197.65050578757453,0.9220779220779204,577.5,532.5,45.0,1.0,,,0.101,215.13000000000002,2130.0,2130.0,0.0,66.03,-0.0,,,276.25,0.0,118.78750004730766,,,,50.76697116,0.0,4.0,1321.0225131621544,0.0,-0.0,0.0,184.8638904919119
162,1,163,0.13994,0.0,0.0,1345.9450279271864,,,,0,0.0,1,2406.25,2406.25,0.0,385.0,0.0,,,366.05654624510214,2406.25,2310.0,96.25,2406.25,0.0,79.88750000365287,1.0,-0.0,-0.0,0.15846603732699593,122.01884874358365,0.96,802.0833333333334,770.0,32.083333333333336,1.0,-0.0,-0.0,0.1584660373289103,122.01884875075515,0.96,802.0833333333334,770.0,32.083333333333336,1.0,-0.0,-0.0,0.15846603732892084,122.01884875076331,0.96,802.0833333333334,770.0,32.083333333333336,,,,790.6032430914183,2310.0,2130.0,180.0,2310.0,0.0,1.0,-0.0,-0.0,0.37117523148175247,197.65081080296312,0.9220779220920753,577.5,532.5,45.0,1.0,0.0,0.0,0.3711752314791715,197.6508107626532,0.9220779220779199,577.5,532.5,45.0,1.0,-0.0,-0.0,0.3711752314793759,197.65081076290946,0.922077922077974,577.5,532.5,45.0,1.0,-0.0,-0.0,0.3711752314793658,197.6508107628926,0.9220779220779202,577.5,532.5,45.0,1.0,,,0.101,215.13000001066573,2130.0,2130.0,0.0,66.03000000327363,-0.0,,,276.25,0.0,118.78750000190442,,,,25.84476142,0.0,4.0,1345.9450279271864,0.0,-0.0,0.0,188.35154720813048
163,1,164,0.13994,0.0,0.0,1346.7984335353635,,,,0,0.0,1,2406.25,2406.25,0.0,385.0,0.0,,,366.0565462532558,2406.25,2310.0,96.25,2406.25,0.0,79.88750000488605,1.0,-0.0,-0.0,0.15846603732890507,122.01884875070459,0.96,802.0833333333334,770.0,32.083333333333336,1.0,-0.0,-0.0,0.1584660373289105,122.01884875075424,0.96,802.0833333333334,770.0,32.083333333333336,1.0,-0.0,-0.0,0.15846603733026463,122.018848751797,0.96,802.0833333333334,770.0,32.083333333333336,,,,790.3570589353681,2310.0,2129.5431013538578,180.4568986630361,2310.0,0.0,1.0,-0.0,-0.0,0.37117523148132403,197.65081076537265,0.9220779220784919,577.5,532.5,45.0,1.0,0.0,0.0,0.371175231479276,197.65081076428208,0.9220779220784919,577.5,532.5,45.0,1.0,-0.0,-0.0,0.37106516989943783,197.46229038664137,0.921471675850678,577.5,532.1498928076584,45.35010719656509,1.0,-0.0,-0.0,0.3711413741767526,197.59314701907195,0.9218930017902319,577.5,532.3932085377527,45.10679146647101,1.0,,,0.101,215.08385323673966,2129.5431013538578,2129.5431013538578,0.0,66.01583614196959,-0.0,,,276.7068987933128,0.0,118.9839664811245,,,,24.69902489,0.0,4.0,1346.7984335353638,0.0,-0.0,0.0,188.47097278893878
164,1,165,0.13994,0.0,0.0,1343.357901607526,,,,0,0.0,1,2406.25,2406.25,0.0,385.0,0.0,,,366.0565462002383,2406.25,2310.0,96.25,2406.25,0.0,79.8875000003174,1.0,-0.0,-0.0,0.15846603732699618,122.01884874358454,0.96,802.0833333333334,770.0,32.083333333333336,1.0,-0.0,-0.0,0.1584660373289136,122.01884875075649,0.96,802.0833333333334,770.0,32.083333333333336,1.0,-0.0,-0.0,0.15846603729050288,122.01884870589726,0.96,802.0833333333334,770.0,32.083333333333336,,,,790.6032430564936,2310.0,2130.0,180.0,2310.0,0.0,1.0,-0.0,-0.0,0.37117523148121795,197.65081076519337,0.9220779220779195,577.5,532.5,45.0,1.0,0.0,0.0,0.37117523148121956,197.6508107651943,0.9220779220779197,577.5,532.5,45.0,1.0,-0.0,-0.0,0.37117523148011067,197.65081076329628,0.9220779220718196,577.5,532.5,45.0,1.0,-0.0,-0.0,0.37117523147917186,197.65081076280967,0.9220779220718812,577.5,532.5,45.0,1.0,,,0.101,215.13000000086106,2130.0,2130.0,0.0,66.03000000026428,-0.0,,,276.25,0.0,118.78750000043141,,,,28.43188765,0.0,4.0,1343.357901607593,0.0,-0.0,0.0,187.9895047509572
165,1,166,0.13994,0.0,0.0,1344.142705279281,,,,0,0.0,1,2406.25,2406.25,0.0,385.0,0.0,,,366.0565462532642,2406.25,2310.0,96.25,2406.25,0.0,79.88750000488577,1.0,-0.0,-0.0,0.15846603732890485,122.01884875070371,0.96,802.0833333333334,770.0,32.083333333333336,1.0,-0.0,-0.0,0.15846603732891607,122.01884875075787,0.96,802.0833333333334,770.0,32.083333333333336,1.0,-0.0,-0.0,0.15846603733027168,122.0188487518026,0.96,802.0833333333334,770.0,32.083333333333336,,,,790.6032430551454,2310.0,2130.0,180.0,2310.0,0.0,1.0,-0.0,-0.0,0.37117523147916986,197.65081076413438,0.9220779220779194,577.5,532.5,45.0,1.0,0.0,0.0,0.3711752314812194,197.65081076519425,0.9220779220779197,577.5,532.5,45.0,1.0,-0.0,-0.0,0.37117523147937637,197.65081076290758,0.9220779220779192,577.5,532.5,45.0,1.0,-0.0,-0.0,0.37117523147937914,197.6508107629093,0.9220779220779198,577.5,532.5,45.0,1.0,,,0.101,215.13000000087138,2130.0,2130.0,0.0,66.03000000026745,-0.0,,,276.25,0.0,118.78750005957139,,,,27.64708403,0.0,4.0,1344.1427052792808,0.0,-0.0,0.0,188.0993301767826
166,1,167,0.1016,0.0,0.0,1346.7603981644643,,,,0,0.0,1,2406.25,2406.25,0.0,385.0,0.0,,,366.0565462295834,2406.25,2310.0,96.25,2406.25,0.0,79.88749999921018,1.0,-0.0,-0.0,0.15846603732699632,122.018848743585,0.96,802.0833333333334,770.0,32.083333333333336,1.0,-0.0,-0.0,0.15846603731564063,122.01884873484123,0.96,802.0833333333334,770.0,32.083333333333336,1.0,-0.0,-0.0,0.15846603733682987,122.01884875115714,0.96,802.0833333333334,770.0,32.083333333333336,,,,790.5397953757806,2310.0,2129.8822850537963,180.11771495616904,2310.0,0.0,1.0,-0.0,-0.0,0.3711752314792762,197.65081076431647,0.9220779220785044,577.5,532.5,45.0,1.0,0.0,0.0,0.37113812505526067,197.587363085574,0.9218740866573542,577.5,532.3822850486034,45.11771495571543,1.0,-0.0,-0.0,0.37117523147939635,197.65081076293544,0.92207792207798,577.5,532.5,45.0,1.0,-0.0,-0.0,0.37117523147941056,197.6508107629548,0.9220779220779838,577.5,532.5,45.0,1.0,,,0.101,215.11811079043343,2129.8822850537963,2129.8822850537963,0.0,66.02635083666769,-0.0,,,276.36771498211465,0.0,118.8381174423093,,,,24.95405423,0.0,4.0,1346.7603981657971,0.0,-0.0,0.0,136.83085645350957
167,1,168,0.1016,0.0,0.0,1346.7984335353767,,,,0,0.0,1,2406.25,2406.25,0.0,385.0,0.0,,,366.05654620774544,2406.25,2310.0,96.25,2406.25,0.0,79.88749999946936,1.0,-0.0,-0.0,0.15846603732699635,122.01884874358535,0.96,802.0833333333334,770.0,32.083333333333336,1.0,-0.0,-0.0,0.15846603731713557,122.01884873207997,0.96,802.0833333333334,770.0,32.083333333333336,1.0,-0.0,-0.0,0.15846603731713566,122.0188487320801,0.96,802.0833333333334,770.0,32.083333333333336,,,,789.9142344312372,2310.0,2128.715349964411,181.28465004494456,2310.0,0.0,1.0,-0.0,-0.0,0.3707758108914013,196.96180213914167,0.9198534198363124,577.5,531.2153499593612,46.28465004486861,1.0,0.0,0.0,0.37117523147927667,197.65081076428515,0.9220779220784935,577.5,532.5,45.0,1.0,-0.0,-0.0,0.37117523148122417,197.65081076390032,0.9220779220779125,577.5,532.5,45.0,1.0,-0.0,-0.0,0.3711752314812258,197.65081076391013,0.922077922077921,577.5,532.5,45.0,1.0,,,0.101,215.00025034640552,2128.715349964411,2128.715349964411,0.0,65.99017584889674,-0.0,,,277.5346500453266,0.0,119.33989951949043,,,,24.17259745,0.0,4.0,1346.798433535388,0.0,-0.0,0.0,136.83472084719426
